concepts,c1,c2,c3,0_f,1_f,2_f,3_f,4_f,5_f,6_f,7_f,8_f,9_f,10_f,11_f,12_f,13_f,14_f,15_f,16_f,17_f,18_f,19_f,20_f,21_f,22_f,23_f,24_f,25_f,26_f,27_f,28_f,29_f,30_f,31_f,32_f,33_f,34_f,35_f,36_f,37_f,38_f,39_f,40_f,41_f,42_f,43_f,44_f,45_f,46_f,47_f,48_f,49_f,50_f,51_f,52_f,53_f,54_f,55_f,56_f,57_f,58_f,59_f,60_f,61_f,62_f,63_f,64_f,65_f,66_f,67_f,68_f,69_f,70_f,71_f,72_f,73_f,74_f,75_f,76_f,77_f,78_f,79_f,80_f,81_f,82_f,83_f,84_f,85_f,86_f,87_f,88_f,89_f,90_f,91_f,92_f,93_f,94_f,95_f,96_f,97_f,98_f,99_f,100_f,101_f,102_f,103_f,104_f,105_f,106_f,107_f,108_f,109_f,110_f,111_f,112_f,113_f,114_f,115_f,116_f,117_f,118_f,119_f,120_f,121_f,122_f,123_f,124_f,125_f,126_f,127_f,128_f,129_f,130_f,131_f,132_f,133_f,134_f,135_f,136_f,137_f,138_f,139_f,140_f,141_f,142_f,143_f,144_f,145_f,146_f,147_f,148_f,149_f,150_f,151_f,152_f,153_f,154_f,155_f,156_f,157_f,158_f,159_f,160_f,161_f,162_f,163_f,164_f,165_f,166_f,167_f,168_f,169_f,170_f,171_f,172_f,173_f,174_f,175_f,176_f,177_f,178_f,179_f,180_f,181_f,182_f,183_f,184_f,185_f,186_f,187_f,188_f,189_f,190_f,191_f,192_f,193_f,194_f,195_f,196_f,197_f,198_f,199_f,200_f,201_f,202_f,203_f,204_f,205_f,206_f,207_f,208_f,209_f,210_f,211_f,212_f,213_f,214_f,215_f,216_f,217_f,218_f,219_f,220_f,221_f,222_f,223_f,224_f,225_f,226_f,227_f,228_f,229_f,230_f,231_f,232_f,233_f,234_f,235_f,236_f,237_f,238_f,239_f,240_f,241_f,242_f,243_f,244_f,245_f,246_f,247_f,248_f,249_f,250_f,251_f,252_f,253_f,254_f,255_f,256_f,257_f,258_f,259_f,260_f,261_f,262_f,263_f,264_f,265_f,266_f,267_f,268_f,269_f,270_f,271_f,272_f,273_f,274_f,275_f,276_f,277_f,278_f,279_f,280_f,281_f,282_f,283_f,284_f,285_f,286_f,287_f,288_f,289_f,290_f,291_f,292_f,293_f,294_f,295_f,296_f,297_f,298_f,299_f
dress,0.044005197,-0.25545222,0.14644319,-0.1352051,-0.12901303,-0.1305908,0.034036364,0.17203707,-0.10875966,0.09117761,-0.024867848,0.26359057,0.22942646,0.0017682873,0.25932327,-0.19824195,-0.13500033,0.32914555,0.19568199,-0.033067673,-0.23469003,0.49342263,-0.071135394,0.18287566,0.09212666,0.13063909,-0.017001271,-0.28026187,-0.052632757,0.34146014,-0.052940898,-0.049784943,-0.0343674,0.07234885,-0.08734356,0.21640946,-0.41544044,-0.27643162,0.19667771,-0.3888451,0.3081843,-0.41758168,0.10654434,0.3310046,-0.19756165,0.15531014,-0.23112506,0.37737325,0.071983635,-0.1359324,-0.15912446,0.085428834,-0.2284461,-0.036750875,0.032060668,0.048885256,-0.08317872,0.12049917,-0.15506952,0.22765113,0.04853317,0.06334235,-0.041097526,-0.097678795,0.03256047,-0.22433488,0.081105545,-0.18689618,0.041909125,0.08781509,0.10450076,0.26778507,-0.10812903,0.13759804,0.19583818,-0.12105469,0.13559732,-0.3615448,0.27891052,-0.041399367,0.15262873,-0.5541403,0.34501112,0.081787564,-0.15303248,-0.011799704,-0.22734955,0.056619212,0.19275883,0.22947663,-0.3362539,0.00053125806,0.07434711,-0.15114462,0.0351865,0.032258995,-0.083427735,-0.19759735,-0.38231775,-0.31234464,0.1928077,-0.18335406,-0.2629794,0.018020734,0.3648742,-0.23404483,-0.21221507,0.2417152,0.23660924,0.091918446,-0.016881488,0.25957918,0.12560515,0.022539541,-0.08525635,-0.13066357,0.044380035,-0.037751913,-0.11139171,0.3160022,-0.037494496,-0.09486449,-0.12986253,0.030438595,-0.15583283,0.07422302,0.016218036,0.18390521,-0.21647033,-0.08548259,0.28919494,0.16405071,0.024980187,0.029564299,-0.07060798,0.07138517,-0.14922397,0.019020736,-0.0721334,0.26505598,-0.124686256,0.22628853,0.03491927,0.032567594,0.34489664,-0.12929814,0.12390222,-0.34838474,-0.07443795,-0.098622926,0.100317605,-0.1251176,-0.33341762,-0.18826157,0.3451835,-0.12147681,0.39118317,0.05093437,-0.023199081,0.3133752,0.028959237,0.16698125,0.3004899,-0.024968266,-0.00978265,0.017243857,0.26035497,-0.016646594,0.20215812,0.012342566,-0.10734187,-0.17831111,0.16544199,-0.07893731,0.24703448,0.10197577,0.117786705,0.2908848,0.054958284,0.10426469,0.18878096,-0.35457152,-0.26571772,-0.0978504,-0.21446908,2.7805567e-05,0.1431011,-0.07008635,-0.16550063,0.074333705,0.3117259,-0.23451316,0.049499422,0.09644454,0.33322322,0.5308507,0.011154488,-0.15435132,-0.35776347,0.3756513,0.29555318,0.17057912,0.09016296,-0.020480037,0.029347405,0.15554163,-0.01932086,0.5615698,-0.045396887,0.10531703,0.08319038,-0.44451946,-0.12635717,0.19680619,-0.2728572,-0.093997344,-0.3318489,0.03295469,0.014686424,-0.10763788,0.19564049,-0.12594461,-0.07706638,-0.14950608,-0.09805777,0.084360406,0.26408553,0.085930765,0.08029492,-0.0072097946,-0.30601385,-0.05292371,0.009991705,-0.026888536,0.2820273,0.042189762,-0.4186504,-0.121036746,0.23928612,-0.08877059,-0.17056608,-0.16979247,-0.2249343,-0.01589049,0.13008451,-0.12337386,0.042758703,-0.19241945,-0.067737825,0.034983084,0.011509612,0.052645784,-0.22631529,-0.35674402,-0.20137207,0.17603192,0.1871233,-0.0029964373,0.06476447,0.020689473,-0.0037460923,-0.21506217,-0.12155473,0.12757744,0.011387758,0.08309327,0.122191936,0.21279247,-0.060728684,0.3306287,-0.04397293,0.038995877,-0.053506,-0.14715582,0.18733205,-0.11446123,-0.18462206,-0.13905387,-0.1427602,-0.24112602,-0.16372606,-0.09150241,-0.31554636,0.1559315,-0.10589637,-0.17866288,0.13942663,-0.11974631,-0.09271514,0.077371165,0.067917824,-0.06419644,0.2710058,-0.33301267,-0.08025299,0.08605455,0.23759943,0.20462915,0.20676428,0.36857533,-0.060640536,0.16348323,0.19908696
pants,0.025579358,-0.41069585,0.14942634,-0.028193101,-0.29459503,0.19247922,-0.07008864,0.27963707,-0.30173266,-0.3016234,-0.020290844,0.1986206,0.113326475,0.056880288,0.40015325,-0.07607197,0.10403666,-0.21306446,0.285062,-0.109617665,-0.07992004,0.17830265,-0.08665839,-0.029291332,-0.10456534,0.001251094,-0.011361271,-0.20022488,0.11228724,0.25284013,-0.1402529,-0.50785494,0.011982596,-0.12251915,-0.10654357,0.37344944,-0.07185042,0.0033505254,0.10978773,-0.21842508,0.23780431,-0.3070117,0.08521534,-0.08324542,-0.47532165,-0.45583987,-0.23471504,0.06520024,-0.082753375,-0.17190239,-0.07024446,0.033336833,-0.3721161,-0.14917088,-0.0025613345,-0.21592474,-0.19744873,0.23182917,0.16672848,-0.08173287,0.00839017,-0.08022165,-0.3245415,-0.0104657905,0.21502048,-0.031884886,0.15871555,-0.22145618,-0.21566588,-0.5636059,0.46295074,-0.0065429322,0.51324093,-0.13758197,0.01729118,-0.1552647,0.29015732,-0.43121478,0.020870507,0.19241062,-0.00404327,0.034429684,0.50992113,0.34551457,-0.1774125,0.1848073,0.14693345,0.33327723,0.09311182,0.3732266,-0.0705949,0.17202125,0.017676104,-0.24250463,-0.3438385,0.066356994,0.07532227,0.036192648,-0.043491766,-0.2144546,0.0029577017,-0.32505405,-0.05554838,0.2917607,0.2772542,-0.25668484,-0.03520306,0.5212252,0.20860924,-0.077549554,0.097150505,0.024028165,-0.16267386,0.10690654,0.01038335,-0.17763355,-0.17029697,-0.0019419156,-0.04065171,-0.1529378,0.073515505,0.3928355,-0.049222514,-0.023982406,0.2290012,-0.038396984,-0.30354095,0.04102821,-0.14865032,-0.4513217,0.24805494,0.3491807,0.07278419,-0.11522569,-0.12722799,0.20720416,0.0069850255,-0.13433626,0.2208266,0.062537,-0.18933626,0.17145854,-0.13583773,-0.13035741,-0.27435336,0.115501866,-0.081157774,-0.15446474,-0.067507945,0.20938307,0.2813446,-0.0046595987,-0.08754961,-0.4268416,0.118453495,-0.015276805,-0.019256808,0.10053537,0.04115142,0.2093412,0.11531324,0.10601125,0.4088699,-0.011638269,0.119482346,0.32864287,0.12564495,0.16399041,0.39174813,0.22175057,-0.2518819,-0.19152111,0.136714,0.06331469,0.008640479,0.06186677,0.0762237,-0.00391223,-0.12459171,0.095582694,0.40556097,-0.2923715,-0.19470772,0.3301286,0.0876919,-0.2525622,0.044271104,-0.25524637,0.09407137,-0.059076294,0.09794589,-0.018506166,-0.08479957,-0.123092465,0.29159322,0.40396073,-0.1464255,0.04738267,-0.4210535,0.025349304,0.24416818,-0.03534788,0.12469797,-0.25992203,0.3221354,0.18497962,-0.0065208673,0.17800382,0.2597661,0.17200702,-0.08359362,-0.09539747,0.010744833,0.022561193,-0.3860172,0.13661566,-0.10558888,-0.05713231,-0.046543572,0.2516765,0.3124805,-0.2177346,0.10830562,-0.052616086,-0.12354777,0.1296404,0.27467453,0.16561076,-0.18457507,0.11073221,-0.34788385,0.3078493,-0.032028295,-0.3041365,0.1165663,-0.3690402,-0.2233104,-0.031355746,-0.27231386,-0.022089593,-0.08185608,0.010105524,-0.035171285,0.04449051,-0.11917649,-0.019661054,0.11541872,-0.15292944,0.0067221727,0.24422708,0.1799646,0.13327278,-0.34124228,-0.017414004,-0.06675307,0.1746419,-0.014017709,-0.28788343,0.34949547,-0.14817053,0.05315631,-0.17513217,0.007905066,-0.07921056,-0.16919824,0.42843327,-0.22240809,0.057162482,-0.2439217,0.3339187,0.032661065,0.39993727,0.033106003,0.18152419,0.40890205,0.064364776,-0.08452206,0.0065061226,-0.23263021,0.08940399,-0.23122507,-0.08308242,-0.10125637,-0.1644245,0.07785564,-0.079062864,0.09738664,0.1785737,-0.03788014,-0.30111513,0.39928785,-0.08006844,0.113525815,-0.10355366,-0.10610299,0.09757455,0.17328943,-0.060159832,-0.31327572,0.27513534,-0.55035055,-0.19919676,-0.19051304
shirt,0.033971865,-0.32532325,0.19953297,-0.1440651,-0.31105503,-0.05930078,0.055295363,0.13539708,-0.30189267,-0.22664338,-0.026736848,0.2834006,-0.11426653,-0.027112715,0.14545327,-0.10586197,-0.18657734,-0.08301397,-0.165018,-0.24632768,0.113305956,0.46174264,-0.12148139,0.14050567,-0.07658434,-0.010514911,0.014468715,-0.2520619,-0.17200276,0.037200138,0.0420101,-0.43397492,-0.2051184,-0.03856615,-0.020862564,0.20505947,-0.0050884224,-0.23047161,-0.16643627,-0.26967508,0.2697843,-0.42547172,0.30985433,0.11519058,-0.18055165,-0.39160988,-0.038138043,0.10574324,-0.023729365,0.051336613,0.051146533,0.033231832,-0.031137101,-0.08781088,-0.00017433614,-0.15959474,-0.11536873,0.27735916,0.10248548,0.22110112,0.17716718,0.20406234,-0.15212053,0.20654121,0.07191047,-0.14748488,0.019301547,-0.24546619,-0.20881587,-0.29413593,0.25097075,0.01008207,0.15341097,-0.24731196,-0.03056182,-0.41634467,0.12021733,-0.37599477,0.17267251,-0.046719372,0.19200873,0.04250969,0.4612611,0.47127458,-0.04418649,-0.10749671,0.02958345,0.29203722,0.2841758,0.13713664,-0.3613139,0.09447126,0.1431991,-0.44217464,-0.51607853,-0.13049,-0.11718773,0.16133264,-0.072100766,-0.23493461,-0.1841893,-0.32886404,-0.13788837,0.023210742,0.052875195,-0.38688487,-8.7060034e-05,0.2665952,0.18285923,0.039764147,0.09778851,-0.030230833,0.124635145,-0.03404046,-0.13331634,-0.28679356,0.20864303,-0.04240592,-0.3621717,-0.13128781,0.16154549,0.1612655,-0.089382514,-0.021342404,0.06927819,-0.28388697,-0.26147097,-0.0348458,-0.03670132,-0.2356917,0.18052495,-0.22663929,0.03412219,0.1401729,-0.077547975,-0.01695583,0.004104926,0.008930735,-0.024487399,-0.34969398,-0.32804626,0.23950854,-0.24575773,0.5687936,0.026186638,0.35836187,-0.07208778,-0.29737473,-0.30416796,0.12285307,0.040392607,-0.072467595,-0.2764376,-0.09024458,0.116915494,-0.22201681,0.20700319,0.12967937,-0.2251021,0.79458517,-0.22340076,-0.03137575,0.015509896,0.031971738,0.060132347,-0.07205714,-0.18166505,0.09178041,0.08453113,0.23361057,-0.46750188,-0.031821124,0.243184,0.08363369,0.08430448,0.14332578,-0.08679029,-0.24454524,-0.0023617148,0.06644569,0.28833097,-0.23712154,-0.082867734,0.36256862,-0.0669991,-0.1640562,0.061181106,-0.12075635,0.08268137,-0.36058632,-0.19487411,0.031626835,0.12547943,0.22830454,0.27454323,0.22930072,-0.10010551,0.08297023,-0.51617354,0.026892304,-0.15115082,0.05653812,0.20535496,-0.011164036,0.113690406,-0.07091038,-0.04427086,0.09089282,-0.13084589,0.13478702,-0.11566362,-0.29503947,-0.13796715,0.1034212,-0.18429717,-0.0005773455,-0.14350888,-0.13179831,-0.29453355,-0.22076347,0.19128048,-0.4880446,0.066264614,0.037614617,0.13518223,-0.1828696,0.27820656,0.22707078,-0.12439509,0.06550521,-0.31876385,0.36642927,0.09797171,-0.0064995345,0.2462173,-0.10970025,-0.17406039,0.23581026,0.01964613,-0.1392076,-0.103246085,-0.24763249,0.034410715,0.1707505,0.2779435,-0.059870057,0.1197287,0.03434056,0.06951018,0.16778708,0.05681461,0.2998348,-0.2340913,-0.16489401,0.10473793,0.046316907,0.017512288,0.19298658,0.25507545,-0.024240531,0.006066907,-0.38704216,-0.28497493,-0.06856655,0.19781175,0.05173327,-0.15335108,0.31783247,-0.10850568,0.21598868,0.051573068,0.07337528,-0.083296,0.13613418,0.003799051,0.029524773,0.0043449327,-0.15056388,-0.5892302,0.26228398,-0.25513208,0.03734757,-0.38639638,-0.08904689,-0.03134436,0.061857134,0.16014664,0.022173688,0.13563487,-0.081215136,0.25683784,0.16169256,-0.2111342,-0.06256366,-0.0008329749,0.011764556,0.22073942,0.20743316,-0.19661571,0.21397533,-0.27169052,0.32322323,0.14372697
shoes,0.046007123,-0.36996782,0.118126534,0.099546894,-0.08356704,0.3438192,0.20009136,-0.25366294,-0.15301266,-0.11075339,-0.39181283,0.18213059,0.22216646,0.3212063,0.09437327,-0.056231968,0.025556669,-0.33852446,-0.195178,-0.25916767,-0.059294034,0.26391265,0.12826861,0.10048167,-0.111259334,0.21818908,-0.10183129,-0.17507589,-0.24395277,0.19746014,0.107580096,0.07015506,-0.1669784,-0.28198916,0.46069643,0.15229246,-0.30954042,-0.22074161,0.27033773,-0.1016451,0.1553943,-0.7276017,-0.22112566,0.52785456,-0.28063166,0.13611014,-0.11612505,0.48813325,-0.04540837,-0.1706124,-0.18548447,-0.11638516,-0.1629371,-0.34341088,-0.029137336,-0.06425474,0.16564927,-0.068013825,0.4131505,0.03346213,0.18583718,-0.06002766,-0.42344153,0.020019308,-0.0076115318,0.0077091157,0.20297554,0.13038082,0.037152424,-0.40065593,0.22032076,0.19655508,0.09319997,-0.38629198,0.012799181,0.2511953,0.16699731,-0.43185478,0.2344305,-0.09627037,-0.21795125,-0.2110773,0.1904391,-0.05258044,-0.12736249,0.20445731,0.37629047,0.2987272,-0.03154418,0.21908663,-0.0856629,-0.25597873,0.3922691,-0.11865463,0.021018498,0.25790998,0.086715266,0.11904266,-0.23695776,-0.31126463,-0.0882773,0.04673694,-0.11172638,0.23101074,0.021403197,-0.052724853,-0.25942504,0.14761521,0.030903231,-0.18754956,-0.03528249,0.008350167,-0.16021286,0.12198154,-0.13914634,-0.14105356,0.19291304,0.032705583,-0.0558317,0.25843218,0.035455495,0.5339855,-0.18137254,-0.119772404,-0.10282281,-0.08693698,-0.25792095,-0.19002579,-0.22621033,-0.43125167,-0.03742736,-0.1720593,-0.098654814,0.027604304,-0.372268,-0.31398582,0.15895604,-0.32702625,0.14033961,0.19838598,-0.29350626,0.073940836,-0.06179173,0.1399436,0.063706644,0.15963186,-0.35635775,-0.024624437,0.26105204,-0.08088693,-0.023815393,0.1894324,0.13670239,-0.37818158,0.2051535,-0.057656802,-0.25266683,-0.17018062,-0.18596208,-0.2442648,0.08748124,-0.11854875,0.08003289,0.08506174,0.22652236,-0.080727145,0.14188495,-0.11652359,0.12506013,0.030799564,-0.24625187,-0.3638811,0.083308995,-0.06833731,-0.058012523,0.27660578,-0.2418603,-0.121255234,0.08057828,-0.3710883,0.32867098,-0.2729715,0.0075962692,0.16076863,-0.0519391,0.11032781,0.074721105,-0.18398637,-0.22020483,-0.09711629,0.18226591,0.025656834,0.020019427,-0.18712547,0.22120923,0.36191073,0.023444489,-0.036781326,-0.1014035,-0.042368688,0.13432418,0.25330213,0.11863497,0.051267967,0.18374741,0.3236596,0.12290914,0.20484883,0.013116106,0.074337006,0.042284377,-0.05984947,-0.067882165,-0.0427088,-0.082581185,-0.12495734,-0.071998894,0.1300717,-0.10983358,0.027786523,-0.051699508,-0.37654462,-0.22530438,-0.13793609,-0.07321376,-0.2012696,0.19905494,-0.10038243,0.14666492,-0.068018794,0.07241636,0.0043692887,-0.1635223,-0.18497655,0.1223273,-0.18638022,-0.1441404,-0.18972975,-0.013779871,-0.3839276,-0.2188361,0.023222525,-0.07946429,-0.08836649,0.2114035,0.18718892,-0.30844128,-0.17271943,-0.12668283,0.15649709,-0.2807454,-0.2201052,-0.3509293,0.2398402,0.044050932,0.019573905,0.01926129,-0.11656144,0.06269347,-0.084980525,-0.21185711,-0.109338164,-0.046916932,-0.31267256,-0.24398825,0.47104326,0.052511916,-0.119006515,-0.29980168,-0.11458133,-0.21342692,0.12336227,0.109276004,-0.19784582,0.39184207,0.53801477,-0.16808206,-0.10644388,0.3020398,-0.14241302,-0.5380921,0.06126757,0.020683631,-0.07503709,-0.16861637,-0.06406288,0.06094264,0.31282368,0.06008786,-0.44889516,0.3718278,0.18624257,0.25832582,-0.16700166,0.09146702,0.24220456,0.2903794,-0.10850984,0.0034762826,-0.04091467,-0.32710052,-0.24719775,-0.17827302
socks,0.100415014,-0.4302237,0.20000446,-0.2905851,-0.34161502,0.19649923,-0.35967863,-0.28590292,-0.40442267,-0.18170339,-0.016831845,-0.020089403,-0.049383335,0.31987628,0.24798328,0.121423036,-0.27316332,-0.4554245,-0.02360101,-0.093597665,-0.33759004,0.23474264,0.3865886,-0.0029472327,-0.104282334,0.2112091,-0.12442127,-0.15201189,-0.34123278,0.11260015,0.28315008,-0.49186492,-0.2327584,-0.32434916,0.18350643,0.32503945,-0.39436042,-0.2613816,-0.052167274,-0.2062651,0.2022143,-0.7323517,-0.10759166,0.16204157,-0.45934165,-0.08955987,-0.07987505,0.11344324,-0.022496369,-0.11288239,-0.22390446,-0.17612517,-0.3242161,-0.052360885,0.22334668,0.11046526,0.12250427,0.17618915,0.065600485,0.036468133,0.30726716,0.091272354,-0.34589154,-0.22087878,0.09932047,0.052499115,0.038671546,0.17061383,-0.22101587,-0.41166592,0.17126077,0.08410506,0.061262973,-0.35424197,0.07320718,-0.32977468,-0.05162167,-0.20013277,0.02450151,-0.14238937,-0.12227127,-0.2973103,0.13232411,0.030092565,-0.1397425,0.1191073,0.33938044,0.13505611,0.20733182,0.18441664,0.1437261,-0.31897876,0.14484909,0.06197937,-0.14764851,0.14565,0.026200268,-0.35072735,-0.09960777,-0.47815463,0.2605877,-0.054828063,-0.01813738,0.39037073,-0.0706288,-0.028914846,-0.19961506,0.3385852,0.12010923,0.119866446,0.22427851,-0.41794083,0.06960516,-0.30386147,0.35145363,-0.029710561,-0.20766696,0.0020700842,0.101548284,0.4783622,0.33202547,0.53713554,-0.2853825,-0.1703424,0.3986272,-0.12348698,-0.34642094,-0.3946858,0.08707468,-0.27792168,-0.119602054,-0.23404929,-0.16155481,-0.037265703,-0.39507797,0.03300617,0.107003026,-0.24581628,0.17187661,-0.061404005,-0.59229624,0.11069553,-0.08031273,0.4156636,-0.36514336,-0.25914812,-0.25815478,-0.123684734,0.12021805,0.14819306,-0.2311854,0.1082724,0.2897524,-0.12574957,0.3520835,-0.1146468,-0.35577682,-0.21402062,0.04951992,0.1847882,-0.09918076,0.075926244,0.3168999,0.0031617284,-0.12389665,0.030110061,0.09889495,0.03968041,-0.052861877,0.028924566,-0.116331875,0.16710988,0.319389,0.24048468,0.23035447,0.36251578,-0.2195603,-0.17969523,0.16660629,-0.2028183,0.19594097,-0.18676153,0.17038627,0.33063862,-0.1300691,-0.4192622,-0.010537893,-0.47632638,-0.12625663,-0.2708163,0.15062588,-0.0015571639,0.14611942,0.053514533,0.117293224,0.63722074,-0.18196552,0.32632867,-0.4458935,0.12458631,-0.05587083,0.15860613,-0.03110503,0.09221796,0.2555154,-0.11794038,0.25334913,0.21796983,0.00089611113,-0.15756199,-0.020953625,-0.03141947,-0.16375716,-0.20618881,-0.20316719,0.23611265,-0.4415489,0.014230589,0.27640644,0.06291652,0.1185675,-0.35336462,0.04828262,0.14269091,-0.14792776,-0.1616896,0.23131855,0.10372077,-0.093125075,0.1274282,-0.17669386,0.2625993,-0.1506833,-0.26606652,0.2649373,-0.30327022,-0.23125039,0.06468025,0.040326126,-0.2283476,-0.019566081,-0.28254247,-0.15786429,-0.04119649,0.09526851,-0.084678054,-0.10648129,-0.31217945,0.039775174,0.17386708,-0.03724439,-0.064365216,-0.0893043,0.16069199,0.13735794,0.09816191,0.093317285,-0.19750345,0.03864547,-0.124360524,-0.3111871,-0.29880217,0.03212507,-0.5708526,-0.26269826,0.37394327,-0.33139807,-0.03321752,-0.18268168,0.012088686,-0.024216931,0.32422727,-0.085673,-0.18635581,0.36250207,0.27806476,-0.07507306,0.17860413,-0.14620021,-0.11485202,-0.069404066,-0.07037242,-0.07120636,-0.076310694,-0.027522365,-0.14911287,0.19873664,0.46951368,-0.10775514,-0.5348451,0.29300782,0.13309257,0.18589583,0.21474734,-0.031042978,0.03165455,0.21861944,0.075650156,0.094171286,-0.025414675,-0.22927052,-0.14040676,-0.12887304
above,-0.133402,-0.006942687,-0.13212563,-0.030684102,-0.27241504,0.35932922,-0.027952634,0.04479707,0.08794734,0.24007662,0.052457146,-0.15168561,0.31538644,0.15183629,0.07957327,0.047730036,-0.21179333,0.4997055,-0.04795,0.5001323,-0.04787804,-0.026705354,0.20496862,0.012737267,0.12128667,0.1556491,0.101993725,-0.22638288,-0.100992754,-0.035109863,-0.26358992,0.00347507,0.097205594,0.10515185,-0.27249357,-0.01923754,-0.023846418,-0.042644605,-0.20783028,0.2088049,-0.16847569,0.29444832,0.18666433,-0.2531954,0.33271834,0.011694534,0.11142895,-0.032667764,0.18469663,0.24226761,0.0026065335,-0.08082216,-0.0560411,0.10052462,-0.30392334,0.02383726,0.37354127,0.17523918,-0.20619951,-0.18692887,0.016279172,-0.35852766,-0.30757153,0.41904122,-0.15517953,-0.047304884,0.06315455,0.0034568235,0.14555413,0.1346971,0.20007077,-0.015857931,-0.13406903,-0.27874196,0.10135218,-0.06843469,-0.11788067,0.25203523,0.1772035,-0.16037127,0.18226874,0.41275966,0.12176711,0.087339565,-0.1258865,-0.037175708,-0.33244956,0.0003272146,0.13383882,-0.21186337,-0.1551639,-0.19746874,-0.2499209,-0.03204673,0.1740835,0.113419995,0.0063112676,-0.14280134,0.14218223,0.25968537,-0.037001304,0.056806937,0.22901061,0.24716073,0.016408296,0.05017815,-0.06429806,0.07633521,-0.17548077,0.20466045,0.2864985,0.06553917,0.010895148,0.06168634,0.08175065,-0.112173565,-0.016618969,-0.036474913,0.25378832,-0.5171978,0.2842855,-0.15729448,-0.07928254,0.036759593,-0.21066281,-0.026866972,-0.18506095,0.06895721,0.052341685,-0.00235869,-0.054331858,-0.28465927,-0.13223481,-0.2518757,0.14003801,-0.008088835,0.026601026,0.113065735,0.0759956,0.138666,0.40175378,-0.06635147,0.30110228,0.04461259,-0.12839836,0.24253187,0.19584222,-0.042613737,0.03702505,0.29139307,0.2353946,0.4088624,-0.059474614,-0.045909576,0.061050497,0.011626199,-0.13628682,-0.19627063,0.11125392,-0.39462483,0.51703924,0.03748825,0.3354299,-0.22762828,-0.15510765,0.09790586,0.017723948,-0.14825359,0.029839128,-0.20439944,0.049426228,-0.21216112,-0.210311,0.016362697,-0.041951522,-0.17274423,0.0748227,0.01720497,0.09912829,0.3129317,-0.21517503,-0.11793153,0.60866225,0.010888606,0.035327904,-0.0016921908,-0.09065809,0.06025465,-0.42551863,-0.2708263,-0.118211105,0.021606833,-0.18393257,-0.17834947,-0.01474677,0.20009072,0.27392548,0.47979867,-0.034423493,0.27588132,0.21052828,0.040777124,0.047188967,0.22076795,0.09428841,0.14781462,0.21105914,-0.3242702,-0.12450249,-0.032632977,-0.06863363,-0.07857747,-0.13553716,-0.30132884,0.027693814,-0.3436573,0.26095513,0.0120465895,-0.011481572,0.014716521,-0.2205895,0.113565385,0.01025562,0.054234818,-0.05770977,-0.2357096,-0.0033014566,-0.10987125,-0.060345083,-0.15555179,-0.15792385,-0.051350705,-0.3034683,0.10792047,-0.12298271,0.05046977,-0.020870402,-0.05159544,0.38056612,0.2565224,0.06203492,0.012555525,0.1349457,-0.1688495,-0.11194649,0.27610895,0.024828702,0.30474055,0.20602718,-0.04225062,-0.043625392,0.2095148,0.3215757,-0.06976402,0.38733792,0.04439991,0.14404128,0.20238656,-0.18630454,-0.29412052,-0.14962709,-0.025655165,0.37122506,0.17302744,0.095789656,0.17011327,-0.030608073,-0.03573652,-0.3164217,-0.052471325,0.22786307,0.46190727,-0.108573,-0.044600822,-0.08933595,0.32722476,0.09869793,0.083208114,-0.0597712,0.15266398,-0.06036906,0.13725857,-0.18861637,-0.18878849,-0.23251636,-0.14139287,0.12160663,-0.10658631,-0.30841514,0.22657487,0.23638785,-0.07165843,0.012255818,-0.26710266,0.17014602,0.07933456,-0.3308206,0.29074517,0.13329428,0.23133533,0.24491948,-0.15666975,0.07279597
below,-0.105961055,-0.021427814,-0.1338759,-0.1092851,0.02642496,0.34102923,-0.12952864,0.12540707,0.19273734,-0.029618394,-0.12945184,-0.01676941,0.12301646,0.2647163,-0.23023674,0.14458804,-0.074919336,0.41634554,0.064938,0.51107234,0.010384963,0.02130165,0.0016122092,0.35873568,-0.005132336,0.12752908,-0.015351281,-0.18558288,-0.28028274,0.022210136,-0.39276987,0.00535506,-0.13511841,0.07487784,-0.24181357,0.020146463,0.18274957,-0.0804086,-0.22068226,0.2138949,-0.21708569,0.45023832,0.24036434,-0.18520543,0.18194833,0.071648136,-0.20228505,-0.20706677,0.061260633,0.36387762,0.13159654,-0.23659517,-0.2517761,-0.055870883,-0.07097334,0.13127926,0.18003526,0.03611917,-0.06911953,-0.29053885,0.116414174,-0.18886065,-0.44793153,0.22871122,-0.00073752925,0.024462115,-0.0054044537,-0.14176618,0.073786125,0.02632609,0.10762077,0.11191507,0.09521097,-0.27113196,0.06175418,0.053177908,-0.13232568,0.16618523,0.05050051,-0.20630437,0.21726874,0.08682969,0.1678971,0.027112566,-0.1510925,-0.1369407,-0.16070956,-0.28387278,0.18772782,-0.24792336,-0.1314339,0.06225826,-0.33630088,-0.014668631,0.027494498,0.020489994,0.111315265,0.007887647,0.10255123,0.13139538,0.083937705,0.08711994,0.2640806,0.24149072,0.0986642,-0.10835485,-0.18428506,-0.061706796,-0.18039078,0.048479445,0.13774851,-0.032960832,-0.13020685,0.28990853,-0.16302635,-0.28196356,0.06884304,0.15238409,0.17745829,-0.2041778,0.0030454993,-0.100534484,-0.045462534,0.062148597,-0.2422128,-0.18263699,-0.42822096,0.07777521,0.079412684,0.007042311,-0.28912506,-0.11813329,-0.0890448,0.1045323,0.034005024,0.010014169,-0.12258398,-0.053786267,-0.13774338,0.077769,0.30519375,0.051946532,0.25287226,0.1296836,0.09914664,0.15931186,0.023082227,0.023403263,-0.24520797,0.15436307,-0.033385396,0.118822396,0.14498238,-0.33659157,0.060445495,0.17828119,-0.28408682,-0.40928063,0.26174793,-0.006164804,0.53547925,-0.009193754,-0.13823012,-0.12431826,-0.03224165,0.35152286,0.20461495,-0.2396396,-0.028571881,-0.110921435,-0.12121187,-0.24828112,-0.10881099,-0.062707305,-0.23992552,-0.29185423,0.1563797,-0.11089523,0.08301829,0.1818917,-0.30138904,-0.013805531,0.030123271,-0.043174393,0.15695891,-0.078437194,-0.016056895,-0.09960636,-0.21050262,-0.23095629,-0.14815411,0.13063684,0.047659427,-0.26801547,-0.13874678,0.17752072,0.04543449,0.34057868,0.004680507,0.2748613,-0.08676082,0.14258443,0.21264496,0.048667967,0.07102641,0.44672963,0.05237913,-0.4031002,-0.24978389,0.16027701,0.19878238,0.04748054,-0.07825517,-0.19271879,0.04147481,-0.33784735,0.15322511,-0.22903831,-0.09930357,0.12711652,-0.4218295,0.13374537,0.010274623,0.047122017,-0.15224776,-0.0807396,-0.19914144,-0.051875234,-0.12157507,-0.08924179,-0.09294385,-0.1460527,-0.4704283,0.19667345,-0.0960827,0.17840077,-0.044450387,0.056390256,0.19105613,0.2171924,-0.03615608,0.040265523,0.34566572,-0.10343149,-0.11354649,0.26598895,0.1785387,0.29236954,0.013428173,0.09809708,-0.05336179,0.2968548,0.1231457,-0.20040402,0.23045793,0.14524192,-0.11521672,0.09038656,-0.20880452,-0.36961055,0.16816291,-0.19449218,0.34035504,0.05462745,0.084618054,0.20043325,0.04278192,0.28115246,-0.079687685,-0.030071318,0.06901307,0.19209728,-0.267223,-0.13638581,-0.13664795,0.27309477,-0.005831063,0.13501222,-0.1192502,0.22031398,-0.15555577,0.26761156,-0.10939637,0.3111715,-0.17166637,-0.010912865,-0.19612336,-0.113976315,-0.17922513,0.0053228587,0.056067824,-0.17976743,0.24632582,0.073637344,0.14997502,-0.09749745,-0.3049006,0.24902816,-0.15385571,0.28297532,0.09615317,-0.082776755,-0.038463026
beside,-0.0378365,-0.033100326,-0.07950131,-0.2167651,0.0073349625,0.4895732,0.047607366,-0.22517294,0.10524735,-0.2656034,-0.21153285,0.040630594,-0.049029633,0.12249429,-0.10895973,0.21468803,-0.24370334,0.14904554,-0.04961,0.09096733,-0.24869002,-0.046552353,0.04265761,-0.36392432,0.06554666,0.113459095,0.037128724,-0.3049019,-0.027715757,-0.011049867,-0.45588988,0.08526506,0.0663666,0.040943347,-0.057293564,-0.07894054,0.0039285794,-0.037635606,-0.22444227,0.2844049,0.0948453,0.5885983,-0.113379665,0.060625575,-0.21469164,0.073688135,0.11911295,0.30375326,0.33911663,0.2664276,-0.29070446,0.15997483,0.1282139,-0.088120885,-0.22598332,-0.10101474,-0.078308724,0.33571917,-0.118589535,0.15782113,-0.0041468292,0.17312235,0.46420848,-0.02207379,0.034923468,0.31414512,-0.07927145,-0.22992618,0.08201513,-0.22481592,-0.14164123,-0.021389931,-0.12680903,-0.13283198,0.024439178,0.051097505,0.059117325,-0.00769677,0.08665821,0.050380632,-0.28127128,0.18635969,0.34444112,0.10033956,-0.15154248,-0.4864327,-0.21840954,-0.07201278,0.039345823,0.26227662,-0.013487899,0.023167258,0.41450912,-0.13605464,-0.051558502,-0.030886006,-0.06118773,0.22061265,-0.104527764,-0.16404462,-0.29051232,0.32789594,-0.29581937,0.17466071,0.0832802,-0.08440484,0.0060849413,-0.043354895,-0.084111765,-0.10515955,0.023266211,0.05783917,0.10355516,-0.27663147,0.011432351,-0.12819356,-0.10537797,-0.3765059,0.2504283,-0.1485278,-0.084304504,0.3588455,0.27299348,-0.0637124,-0.1835728,0.14591312,-0.13577096,-0.1265758,0.14581968,-0.3257317,0.17312494,-0.062351286,-0.0775348,0.2428443,0.24641202,0.0036091655,-0.11085398,-0.11742626,-0.1134434,0.20711601,0.27627376,0.014451534,0.25172228,-0.3575264,-0.20421335,-0.07080613,0.32489222,-0.06642774,0.014558051,-0.039896935,-0.1756354,0.2228824,-0.042784616,0.015222423,-0.117966495,-0.3317568,0.06309019,0.35658938,-0.20699209,0.0101652,0.10751423,-0.19785875,0.25550988,-0.12320827,-0.26396766,0.113863856,0.15086494,-0.2560196,0.31359813,0.18694057,0.10890412,0.2685789,-0.07999101,-0.2777973,-0.27229553,-0.018203426,0.0626457,-0.2985852,0.22458029,0.041817687,-0.052884035,0.28360847,0.04488127,0.1260486,0.037867904,0.0938378,0.094021104,-0.11872635,-0.21041512,-0.057046294,-0.019903997,-0.053542167,-0.07429057,-0.20748547,0.14597523,-0.18032928,0.068144485,0.038508672,0.19621651,-0.11083869,-0.06552082,-0.071807876,0.036593966,-0.15300204,0.1873614,-0.104820386,0.18740915,-0.2101602,0.19550611,0.13956702,0.13177198,0.13658053,0.13257283,0.031021193,0.08495281,0.004545659,-0.008638889,0.15724169,0.18056643,0.27044654,-0.15371951,-0.13981462,-0.19555438,-0.047455084,0.05821723,0.0470314,-0.21377146,-0.24230923,-0.04874508,-0.1556018,0.34430617,-0.22652072,-0.2604683,-0.13013653,-0.016784705,-0.028880224,0.0745496,-0.09191575,0.05310612,-0.118447594,-0.03998608,0.09990552,0.07756671,0.07730051,-0.2200765,0.62480897,0.121678695,-0.017299443,0.11494717,-0.049361717,-0.3551254,0.18419477,0.0473257,0.22628199,-0.037262067,0.09558191,0.15197128,0.12222656,0.017495468,0.023126476,-0.12040709,0.086258836,0.13298507,-0.17467955,0.032537755,0.15575325,0.10501191,0.16521248,-0.21026167,0.047717683,0.18373308,0.09842427,0.057519,0.12464418,-0.0016009472,-0.05636523,0.10962793,-0.1696439,-0.1780802,-0.021543019,-0.014052063,0.25401658,0.13951662,-0.2598785,-0.19661637,-0.052862868,-0.10303636,-0.031916313,-0.09980514,0.23273486,-0.20139016,0.12304256,-0.043014184,-0.02559866,0.13983902,0.09155457,0.0023397235,0.07810016,0.1498143,0.16138832,-0.28220052,-0.36832675,-0.047593027
far,-0.09369009,-0.00046775417,-0.17760287,-0.039158102,-0.01285404,0.038549244,0.034767367,0.13587707,-0.04365166,-0.104593396,-0.011586845,-0.0685854,-0.053647336,0.09643329,-0.12330573,0.14949803,0.15790665,0.15083553,-0.173198,0.17398793,0.16119997,-0.25588736,-0.12939139,0.16535567,0.13754666,0.1637691,0.16260242,-0.017031886,-0.18459277,0.026170135,0.03437011,-0.18451492,0.10794559,0.08682285,0.22371644,-0.06180054,0.094470575,0.3532584,-0.15013728,0.25972492,-0.23582569,0.2751083,-0.059922665,-0.22151542,0.44467834,0.20915014,-0.11846505,0.36271325,0.11742464,0.0014848923,0.28168553,0.00077983364,0.1573339,-0.19263089,0.05649867,0.041563258,0.04045927,-0.15836982,0.011010483,-0.09025287,-0.104722835,-0.066377655,0.015405476,-0.058014795,-0.06798253,0.23893511,0.24286555,0.06402722,-0.08141588,0.05910159,0.08686077,0.16392507,0.13909097,-0.42251197,0.098851375,-0.073954694,0.4673773,0.011335224,0.21892051,0.07241063,0.15921873,-0.16678031,0.22190112,-0.20902543,-0.13190249,0.16894731,0.17797145,0.113913216,0.14135092,-0.03718736,-0.0420339,0.32025126,-0.3228409,0.29987538,0.0956813,0.15955,-0.097717725,-0.25869736,0.057125233,-0.13067462,0.1266377,-0.09757406,-0.12043938,-0.009399265,-0.058195803,-0.04744485,0.07831594,-0.027372794,-0.10345977,0.08123445,-0.02930849,0.019789165,-0.058374852,0.12227654,-0.18758634,-0.044383563,-0.32161698,-0.06627592,-0.024001703,-0.05793781,0.1410855,-0.004516486,-0.13477252,-0.1858624,-0.18653283,-0.079416975,0.057950035,0.107618205,-0.37175032,-0.22366169,0.23655494,0.17522071,0.2562252,0.2913043,0.06688102,0.11921017,-0.009195975,-0.093256265,-0.1087834,-0.054017,0.41685373,0.012430534,0.13166226,-0.1252664,0.16450664,0.13405186,0.011402234,0.13215527,0.19436204,-0.13814893,0.088391505,0.011126399,0.04827539,-0.028002575,0.2633735,0.1057453,-0.092266805,0.22406937,-0.01711008,-0.030014798,0.26812923,-0.009095753,-0.049960114,0.19032843,0.12983236,0.06802386,-0.05440305,0.102110416,-0.26738188,-0.07407444,-0.19218187,0.020423874,-0.088881016,0.1667537,-0.044048518,-0.32742423,0.2623997,-0.0012312299,0.13196829,-0.04455931,-0.19382703,-0.20309153,0.09349057,-0.2830414,-0.24207908,-0.1163132,0.074151106,-0.019246355,-0.024608627,0.021713704,-0.3078141,0.024656832,-0.4440106,-0.35294548,0.23700322,-0.08743928,0.27525347,0.03507367,0.09268911,-0.003778696,-0.19740081,0.07908912,0.09796597,0.33357796,-0.18449458,0.15130162,-0.12028186,-0.2840702,-0.08145289,-0.20573898,0.52952635,-0.048319474,0.14930284,0.096211195,0.15889283,-0.19394733,-0.014188886,-0.00053231046,0.031703427,-0.3095035,-0.12386951,0.12586538,0.36351562,-0.057576086,0.11782223,-0.2389196,-0.014121458,-0.37219924,-0.2535851,-0.068954796,-0.061813846,0.08839929,0.0789817,0.088738464,-0.050619703,-0.18367024,0.1605176,-0.15500975,-0.28097388,0.052704405,0.13095681,0.43220752,0.055302713,0.17166051,0.3503035,-0.007631056,-0.0055512935,0.20050305,0.23731717,0.1995571,-0.2994854,0.10148078,0.2475357,0.18669699,-0.26648206,-0.16817808,0.41312328,0.008714564,-0.08685453,-0.098520525,0.028930906,-0.07805716,0.05972506,-0.09070226,-0.29500824,-0.14740573,-0.14859508,-0.21790752,-0.27862167,-0.045131326,0.08173307,0.11196327,-0.338153,-0.11556582,-0.10885395,-0.27586523,-0.049649063,-0.101683885,0.2863198,0.108713984,0.19146794,0.5843776,0.37273365,-0.2459985,-0.029938364,0.32184714,-0.25908336,-0.1964263,0.07604586,-0.04508514,-0.24264316,0.13655256,0.16896582,0.11475734,-0.11247297,-0.37950546,0.08772542,-0.20352983,0.17965429,-0.05776468,-0.09324054,-0.01738675,-0.21253303
near,-0.07889664,0.009901465,-0.13956492,-0.1939051,-0.09591964,0.18288922,0.122611366,-0.04069093,0.07947734,0.010209307,0.003767155,0.14410059,-0.33487356,0.07179429,-0.06915573,0.27118805,-0.13528733,0.038525537,-0.052858002,0.15615733,0.04298096,-0.053198352,0.07701661,-0.14462434,0.081476666,0.00729309,0.18961373,0.038988113,0.16572724,0.030060142,-0.2544399,0.15308706,0.2059816,0.10101285,0.10831444,-0.14505054,0.18946958,0.15162839,-0.21185327,0.1944249,-0.0894767,0.4184483,-0.08872866,0.076107174,0.056311943,0.08698113,0.11570795,0.26090324,0.09932763,-0.046781387,0.05759853,-0.021072164,-0.48454612,-0.12291088,-0.016445335,0.22571525,-0.03853873,-0.028228827,-0.024229527,0.35509115,-0.0036978275,-0.14120966,0.19067846,-0.3253288,-0.13561054,-0.13783488,0.39351553,-0.063016176,-0.06740588,-0.2698759,0.23057076,-0.04134593,-0.035725027,-0.15160197,0.10107968,-0.064194694,-0.08853877,0.19394523,0.020034507,-0.16839936,0.06336873,0.17631967,0.038973108,0.14026457,-0.013656491,-0.086091705,-0.15612954,0.26595724,-0.105274186,0.17122664,-0.2186739,0.5572713,-0.1388509,-0.09236063,0.1700905,-0.30472,0.3315023,-0.39253736,0.28601223,-0.056108624,0.026367694,0.35219595,-0.18634538,0.048080735,0.037699196,-0.023594849,0.24035494,-0.0680158,-0.17882077,-0.081049554,0.20315851,0.16081916,-0.22855856,-0.041717462,-0.09831635,0.011391439,-0.18267697,0.075248085,0.09204829,-0.2842878,0.22327548,-0.10193448,-0.04809253,-0.05949241,-0.15970281,-0.34863698,0.11428904,0.11661421,0.07967168,-0.1502367,0.14294495,0.005700715,0.1756692,-0.0746557,0.022786021,-0.15855584,-0.20747396,0.13978773,-0.032406397,0.150326,0.30020374,-0.04060147,-0.13160773,-0.1523564,0.029846646,-0.089267135,0.25381225,0.11015527,-0.20960796,0.17639306,-0.025915392,0.2260624,0.010489386,-0.042126574,-0.1146665,-0.3655068,-0.26745683,-0.07927063,0.09037992,-0.1016248,0.27931923,-0.25176874,0.1431679,-0.063968256,-0.08911665,0.15640286,0.12088495,-0.079651594,0.08862463,-0.11780944,0.055362828,0.33837888,-0.263221,-0.07305731,-0.30026555,-0.19488423,-0.1957903,-0.25328523,-0.26807168,0.10875769,-0.038879037,-0.01760453,0.07048627,-0.052088395,0.2128309,-0.024082199,0.17917112,0.30800363,-0.2612146,-0.008196294,-0.1254041,0.027086832,-0.23089057,-0.16384146,0.15659922,-0.00089627504,0.037364483,0.011064671,0.3167965,0.0994691,-0.01263082,-0.05416788,-0.12730503,0.15808797,0.031307407,0.12879662,0.25474912,-0.19916019,0.010696113,0.035237014,0.30625638,0.07101053,-0.10805716,-0.07409881,0.067789815,-0.06937735,-0.2009089,0.011212589,0.050540727,-0.18482448,0.15173449,-0.040784627,0.21526563,0.23506393,0.15499222,0.016921405,-0.27651146,-0.40297922,0.119849525,-0.067117795,-0.013974845,0.053269297,-0.1700403,0.030570664,0.2435173,0.28243178,0.047009602,0.24183024,-0.19484387,-0.033026595,0.009563915,-0.103932485,0.20223571,-0.0030514933,0.25220352,0.45424893,0.0723487,0.10193556,-0.014326727,0.27319708,-0.10549539,0.042092282,0.2594257,0.25681198,0.019267932,0.035864905,0.074159585,0.070696555,-0.017734528,0.27992946,0.1661729,0.16900782,-0.02350793,0.016387448,-0.16536826,0.055593267,-0.062298074,0.02138548,-0.3593817,0.10841368,0.06211307,0.108039275,-0.333793,0.00020817854,-0.0018139482,-0.01862523,-0.090826064,-0.18464388,0.0437528,-0.08960402,0.13667795,0.44719756,0.17039263,-0.031071492,-0.17144637,-0.046972886,-0.22405335,-0.029348314,-0.08541314,0.19466487,-0.39069217,0.33300254,-0.13089418,0.045887344,0.18256801,-0.35474545,0.065256424,0.10391016,0.3479943,0.118691325,0.027329467,-0.03137675,-0.26717302
angry,-0.103509985,-0.014815487,-0.31063864,0.2996749,0.23781496,-0.09682077,-0.12590863,-0.07113693,0.031847343,0.0024236077,0.58590716,0.105560586,-0.13228753,0.1991463,0.059479266,-0.21315196,0.33523667,-0.106889464,-0.184588,-0.17223768,-0.21149004,-0.19126736,-0.028006392,-0.07047533,0.18272665,-0.07866691,-0.0073112845,0.0012481213,0.11609624,-0.055059865,0.1623501,0.38639507,0.3528016,0.23936085,-0.033333562,0.13682547,0.009759579,-0.28290161,-0.024517268,0.3017449,-0.1900757,0.009147309,0.09423434,-0.18647543,0.11939434,0.30856013,-0.34278506,0.21622322,-0.071893364,0.05807961,-0.102714464,0.022263734,-0.0699541,0.06340712,-0.052353334,0.17430425,0.32160127,0.12798917,0.05006048,0.01477313,0.25727716,-0.16256605,0.08748847,0.14345121,0.57140046,-0.15059489,-0.14157446,-0.18559618,0.30864412,-0.1357059,0.04918077,-0.05152993,-0.18209903,-0.10357197,-0.055391826,-0.25810468,-0.31585267,-0.10239747,-0.05438949,0.24612063,-0.22836126,0.21731968,0.10652361,-0.19130543,0.45875752,0.2497673,-0.13340956,0.07974121,-0.3508442,-0.19439337,0.1365261,-0.054850742,-0.53695095,-0.081243634,0.2504215,0.077966,0.18179226,-0.02102435,-0.14419776,-0.18479462,0.2452577,-0.35400406,-0.17494638,-0.007804267,0.0846212,-0.24650486,0.02460264,-0.57341474,-0.058371767,0.10095044,-2.9489398e-05,0.13317916,-0.40692484,0.08006754,0.08118965,0.0017824396,0.28474304,-0.11267591,0.17425829,-0.2293678,-0.019264504,-0.2879845,0.33305746,0.15740159,0.060291186,0.01764302,0.30939904,0.3237942,0.15679967,-0.09692589,-0.29229504,-0.058701288,-0.2966548,-0.3368457,-0.04254798,0.12324417,-0.21387397,0.092226736,-0.2531834,-0.055618003,0.13816005,-0.20800148,-0.01066293,0.20884359,-0.22184336,-0.110858135,-0.34123778,-0.30620474,-0.08068795,-0.07523393,0.004729606,-0.1088276,0.23322238,0.002593428,0.0813715,-0.124866806,0.2989432,0.14105937,-0.06119208,0.0615972,-0.026660763,0.13145125,-0.08507011,0.098143734,0.17804235,0.11633685,-0.08946105,0.0064084046,0.19567412,0.24354056,0.113478124,-0.18420112,0.113239996,0.4161827,-0.05453352,0.018470775,-0.082720295,-0.14640523,0.20512828,-0.10509831,0.005200967,0.12993246,-0.18575773,0.01542861,-0.050039098,0.23956782,-0.080192894,0.03122665,0.016981363,-0.011816293,-0.4071541,-0.049453165,-0.21260057,0.28476453,-0.11010678,-0.06452327,0.4269545,-0.09020133,0.34124652,-0.22120869,0.006109178,0.07648012,-0.12770504,-0.40927204,0.2405554,0.04365262,0.043459132,0.077152826,-0.16584189,-0.19599898,-0.11664362,0.05049053,0.29182285,0.044921204,-0.027909486,0.109157756,0.11928111,0.19246168,-0.087003574,-0.2778535,-0.06527951,-0.17651463,-0.07453938,-0.3349761,-0.21908778,0.0185274,-0.19217145,0.023860767,0.108547926,0.11297621,0.092065156,0.036789298,-0.017178297,-0.039399534,-0.1688127,0.028939769,0.5266796,-0.35645974,-0.06331387,0.061968405,0.04093492,-0.09334248,0.093002714,0.4188605,0.15021652,-0.077365056,-0.026401296,0.02769056,0.34863716,-0.094178915,0.11992461,0.06260379,0.1712957,0.13922599,-0.0031500682,-0.04621969,-0.26770672,-0.07568244,0.032355465,0.30727947,-0.06896709,-0.25121215,-0.24322493,0.089957446,-0.17913824,-0.37888673,0.12876192,-0.05911652,-0.006516684,0.3324287,0.027520068,0.24529728,0.27939698,-0.06225982,-0.16519795,-0.17700922,0.38462794,0.06107612,0.1092498,-0.17067602,0.11075795,0.062067583,0.21626464,0.053891502,0.010571635,0.5605471,-0.23596336,0.15639369,0.13147487,-0.058695145,0.28454784,-0.075010434,-0.35991418,-0.14311366,0.15323602,0.26450455,0.035208423,-0.13245985,-0.2389957,0.26535532,-0.19190052,-0.0032667518,0.12070297
disgust,-0.034634322,-0.09051831,-0.3213422,0.2374949,0.11081496,0.14471921,0.17597136,-0.26921293,-0.08184266,-0.060000394,0.24155715,0.25946057,-0.08488953,0.029158289,-0.06235473,0.07307203,-0.06422833,-0.08234926,-0.267938,-0.21912767,0.17435996,-0.113341354,0.13146861,-0.26980436,-0.23822334,0.039509088,0.3455187,0.107898116,-0.15095276,0.18592015,0.1962701,-0.12973495,0.10442759,-0.46670914,0.08244464,-0.17016053,-0.08232042,0.019803395,0.15704772,-0.24910508,0.2176443,-0.068051696,-0.031204663,0.26561457,-0.11416166,0.043668132,-0.25382504,-0.26298675,-0.083733365,-0.004130088,0.48714554,0.23088484,0.18350391,0.17904311,0.5149867,-0.15883476,0.23564127,0.01840917,-0.20502953,-0.15367787,-0.13860282,-0.03012766,-0.034257527,-0.021285791,0.17338048,-0.05298488,0.28330553,0.072436824,0.6191341,-0.029454913,-0.011581227,-0.34719494,-0.32092905,-0.09918797,0.4098082,-0.0861047,0.16139731,0.04909523,-0.13618949,0.21665064,-0.06641127,0.07677969,-0.1903689,0.15328456,0.1038675,0.3019773,0.32647046,-0.2922628,-0.012184173,-0.28997338,-0.1408039,-0.13821875,-0.3344209,0.37985536,0.2453615,-0.13544,0.08960727,0.15951264,0.35175225,-0.40529463,0.3120577,-0.21205406,0.03575062,0.08202074,-0.5059658,0.118465155,-0.026316058,-0.1256658,-0.17295077,-0.09793955,-0.15417148,-0.45350084,-0.37120485,0.11277754,-0.027826348,-0.4645036,0.20938304,-0.30501592,0.099478304,-0.3614478,0.25564548,0.035004612,-0.25543255,0.09839559,0.38053718,0.375153,0.30378905,0.14587522,0.07918068,0.2284083,0.0073609427,-0.22052929,-0.3110948,0.0127443075,0.14764102,-0.15663582,0.20487604,-0.08666627,-0.023208395,-0.129044,0.0047237575,-0.48419148,0.058486268,-0.10408641,-0.39860338,-0.12469814,-0.06265777,-0.12659474,-0.07819795,0.040133074,-0.7031054,-0.1150506,0.07008839,-0.16178158,-0.0339185,0.2849832,0.5298232,-0.047551632,-0.72163206,0.0638112,0.30518925,-0.07060275,0.27988988,0.100250736,-0.03326865,-0.17111714,0.14866495,0.12742041,0.10733812,-0.31641942,0.036125127,0.10112687,-0.123071015,0.5911027,-0.41204554,0.09456578,0.0993167,0.05712777,0.2635164,0.12924169,-0.01324904,-0.22437154,-0.17353773,0.5892886,-0.037369095,-0.2172312,-0.26848888,0.053831648,-0.17565463,0.1152817,0.029254895,-0.43327317,0.05993943,0.38072452,-0.20742677,0.20363073,0.1529215,0.04203767,-0.015126489,-0.28066868,-0.05682081,-0.4179579,0.019792967,0.32923797,0.082776405,0.04522262,-0.07799786,0.16468583,0.10933611,0.23956701,-0.025903627,0.12907052,0.42870283,0.045841202,-0.22631718,0.30248266,-0.21291888,0.12356169,0.32446644,-0.02463048,-0.3008295,-0.104994625,0.084755614,0.19905393,0.15150222,0.5805104,-0.031511456,-0.21493924,-0.15887506,-0.2563518,-0.20550385,0.13942929,-0.078705296,-0.25656652,-0.43968272,0.31311277,0.4746496,-0.43927974,0.09319613,0.1890424,-0.4213961,0.29358754,0.5514257,0.15716052,0.10603351,-0.45430106,-0.28278628,0.22121255,0.25240716,-0.08991592,0.017126612,0.3380748,-0.20126429,0.111165985,0.073562935,-0.16042809,-0.037046716,-0.32970342,0.33080548,0.070621476,0.2643929,0.27932784,-0.37768495,0.47509748,0.123318754,-0.40072674,-0.27203807,-0.055796117,0.020603314,0.5474987,-0.19026694,0.28643727,0.349037,0.25640416,-0.22539794,-0.004075229,-0.040164065,0.039022118,-0.2718702,-0.532656,0.043587938,0.05053757,0.031783625,0.06714151,0.32872364,0.31365612,0.07406664,0.4268437,-0.26348513,0.26882488,0.004407838,-0.18073744,0.22121581,0.19164735,0.41367704,0.20059456,0.11334942,-0.12861985,0.062227283,0.14255233,0.052654468,-0.36038676,-0.35440302
fearful,-0.1582935,-0.0031043063,-0.27808496,0.4834149,-0.33526504,-0.13332081,-0.055238634,-0.23663294,-0.01863486,0.38742658,0.42608714,0.14877059,0.16875647,0.24640629,-0.0046847295,-0.05554197,0.46335664,0.15972553,-0.083729,-0.19971769,-0.10001004,-0.38344735,0.2777586,0.027611667,0.18261665,-0.31947088,0.012658715,0.23143813,-0.054992758,0.06062013,0.022130102,-0.26350492,0.1286436,0.41242087,0.07798294,0.13142645,0.05326358,-0.26054162,-0.010842271,0.5197949,0.027650306,0.1698583,0.14688434,-0.08937543,0.12657334,0.33780015,-0.14900506,-0.028686766,0.016674632,-0.39975238,0.08468753,-0.12652516,-0.104795426,0.12908812,-0.040351484,0.08484026,0.25033128,-0.23070082,0.032380477,0.28137112,0.109975174,-0.17949766,0.12791847,0.44828123,0.36068046,0.08098692,-0.40662447,-0.13915618,0.08227713,-0.5912859,0.19615075,-0.15160893,-0.13601902,0.14888804,0.32254818,0.2994953,-0.33107266,-0.07301177,0.13556752,0.017030627,0.098836735,0.2921397,-0.024728894,0.17558457,0.22343752,0.064417295,-0.17751953,0.034345217,-0.2986142,0.08515964,-0.1580939,-0.35039875,-0.4686209,0.29464537,-0.1962885,0.40434998,0.11124827,0.40978265,-0.25663775,-0.06041062,0.2265177,-0.27691406,-0.02169238,-0.024133265,-0.3023558,-0.23894484,-0.09562506,-0.1636248,-0.09008977,0.014350446,-0.04685649,-0.12527083,-0.7602748,0.037015542,-0.16633634,-0.57226354,0.017885033,-0.3139859,-0.2782907,-0.1727378,0.0019154996,0.20696552,0.07602748,-0.022682406,-0.058682814,-0.074226975,0.061468035,0.028605208,0.21313968,0.07984831,0.10277495,0.12573071,-0.05287481,-0.19495569,0.329522,0.108437166,0.10585302,0.13937673,-0.1904234,-0.059275,0.23939376,0.26651853,0.04408927,-0.37266642,0.11274665,-0.2568381,-0.31168777,-0.124974735,-0.04918795,-0.13982393,0.3000646,-0.0378246,-0.112803616,0.09284843,-0.1658265,0.47923318,-0.023176812,0.0024593696,0.10352092,0.057378195,-0.014705762,-0.116678745,-0.24916011,-0.33623827,-0.06926045,0.034059055,0.074153945,-0.033206593,-0.02948188,-0.21566942,0.01981213,0.06995487,0.19559869,0.2713227,-0.09116553,-0.22929423,0.031924702,-0.18789522,0.25775948,-0.2607383,-0.26600903,-0.110891536,-0.15214774,-0.1399774,0.19120091,-0.2680822,-0.45753887,0.17094165,-0.075048625,0.59352374,-0.15638411,-0.15179616,-0.37635058,-0.24360546,-0.19686677,-0.050136276,-0.040285513,-0.052191332,0.2870965,0.38021132,0.051719174,-0.40309787,0.13858797,0.047967963,-0.2350946,0.15768361,0.09799914,0.23465982,-0.15454988,-0.20662798,0.32482636,0.18439054,-0.12129717,0.2453132,-0.06972718,0.15727766,-0.0787389,0.22356169,0.013334427,-0.017352484,0.13803849,0.040135384,-0.046542376,0.056809917,-0.008912766,-0.008227598,-0.16289145,0.23918077,0.054319926,0.1834182,0.029974159,0.013959289,0.2299417,-0.20465654,-0.28810272,0.46118975,0.1111396,0.063160256,0.012146123,0.015698407,0.42064393,0.06766263,-0.2322643,-0.4605695,-0.05365649,-0.06579305,0.062428698,0.116497554,0.0027361726,0.09354708,0.009683609,-0.14681521,-0.1630543,0.304665,0.17703792,0.01752691,-0.057796717,0.097576566,-0.13513452,0.25643948,0.23577291,-0.14952217,-0.060782935,-0.012045555,-0.05343824,-0.21272273,0.20193192,0.10582249,-0.4075517,0.13091607,-0.18024693,-0.16865271,0.048284,0.039334178,0.06855205,0.013324767,-0.13650006,0.18913612,-0.1178102,0.083323985,-0.086315066,0.23204064,0.014243633,0.1308515,0.31527364,0.48115712,-0.111006364,-0.19887632,-0.18810514,0.12438086,-0.25002617,-0.25809744,-0.052618183,-0.14351866,-0.32776296,-0.094945446,0.030983424,-0.15006983,-0.2655157,0.31393534,0.12176347,0.114233255,-0.028233029
happy,-0.03404891,-0.0015180903,-0.2547212,0.0586879,0.21465495,-0.12149078,-0.006196633,0.16350707,-0.05653466,-0.019641392,-0.034558848,-0.0665554,0.050526466,0.2269463,-0.13929674,-0.22431195,0.055536672,-0.18049446,0.060365997,0.16383733,0.29432994,-0.13855135,0.22916861,0.022685667,0.13951665,-0.11953891,-0.04593128,0.08536811,0.08633724,0.10215014,0.043900102,0.15583506,-0.016234405,0.24553084,-0.27003357,0.40457946,0.03076358,0.3729784,-0.0034222752,0.09144591,-0.0033009828,-0.0016926974,-0.04854866,0.051868577,0.29024833,0.009220833,0.07956995,0.19868323,-0.17884338,-0.11457238,-0.25018448,-0.4044152,-0.1392951,-0.0024578795,-0.003995333,0.21029526,0.14417627,0.11864918,-0.15643953,0.12745114,-0.028568827,0.30987236,0.25847846,0.2781712,0.2906505,0.20137511,0.25413552,0.11030182,0.12067813,0.0030010901,0.120510764,-0.41987494,0.05897397,-0.029312871,0.020735182,0.12899831,-0.18568067,0.07178523,-0.09726949,0.09842062,-0.37397128,-0.1321364,-0.2728389,-0.39942542,0.1967975,0.3271473,-0.025369547,0.19031422,-0.07699418,-0.24451338,0.1064371,0.14358126,-0.1312309,0.04781937,-0.0929685,0.21859999,0.108091265,-0.01954835,0.11464723,-0.01544962,0.034027696,-0.0026030596,-0.12589338,0.05322074,0.3620542,0.0058571547,-0.081535056,-0.2094748,0.06651923,0.31238043,-0.06846449,0.16844916,-0.37631485,0.18507853,-0.17072634,0.17780644,0.32562304,0.3825441,0.1576083,-0.1298978,-0.2409655,-0.084174484,-0.033512518,-0.18156241,0.020387188,0.15846802,0.0068650376,0.109590106,0.2080997,0.084858306,0.006348945,0.09378071,-0.122794814,-0.0333457,0.06445602,0.44053417,0.10587502,-0.044996265,0.056596603,-0.008849002,0.15112676,-0.09042147,0.06878627,-0.2261264,-0.15546736,0.33754188,-0.28163376,0.17593527,-0.067397945,-0.37742692,0.1108966,-0.2326776,0.018514387,0.17091843,0.008110497,-0.0054468066,0.19181319,0.37016937,0.04855792,0.1400882,0.19267923,-0.19790874,-0.029970102,0.30060172,0.02812235,0.25041285,-0.32109505,-0.041510593,-0.17013189,0.057712566,0.28713813,0.14849988,0.382999,-0.1873573,-0.23444553,0.22946578,0.018515702,0.16969477,0.0839683,0.10130268,-0.034199037,0.29556847,0.021681271,0.23647863,0.2536209,-0.24110219,0.02132111,0.09413205,-0.037378624,0.2375407,-0.3196141,0.06295683,-0.23476058,0.10007454,0.09829523,-0.19279927,0.06315449,0.18387866,0.1965965,-0.34349868,-0.25388083,0.28050214,0.28750497,0.06550796,-0.013454586,0.09711662,-0.11560486,0.41032982,0.032696113,-0.27732298,-0.08021362,-0.054179467,-0.052417167,-0.14344881,0.099342816,0.23878266,-0.060528874,0.08075169,0.10687442,0.03772652,-0.019854505,0.18665138,0.24422562,0.040240716,-0.056369767,-0.2179896,-0.24866146,0.013160765,0.11551792,0.2596482,0.12635115,0.0275293,0.2983217,0.14650346,0.2758173,0.20145176,0.35629958,-0.12703574,0.27503613,0.1655724,-0.036916085,-0.19934247,-0.101414286,0.011360511,-0.09786649,-0.008601055,-0.2146917,0.03453055,0.011372172,0.055661082,-0.12138739,-0.052263215,-0.11518429,0.169186,0.15162793,0.10719191,0.0073882863,0.055396557,0.28376547,0.22502947,-0.030729096,0.42601782,-0.27492493,0.024967447,0.14575575,0.0011732578,0.24548191,-0.23485751,-0.110657685,0.20200467,0.12649307,0.24304728,-0.099083,-0.12259582,0.32409206,-0.09394223,0.06333794,0.34400612,0.0930038,0.09723398,-0.39803207,0.08501758,0.30187064,0.10406151,0.041295636,0.20473513,-0.0073533636,-0.1731563,0.04386586,-0.06566513,-0.051262155,-0.012462438,-0.17959419,0.13590735,0.017217025,0.0143045485,0.26986942,-0.22326985,0.032586783,0.16584933,-0.10771053,0.13770324,0.14210697
sad,-0.07100187,-0.0071781506,-0.33077192,0.1970349,-0.22761503,-0.2406308,0.26869136,-0.0069379285,0.31097734,0.070661604,-0.15926585,0.17644058,0.18710648,0.045153588,-0.25407672,-0.24033195,-0.10073923,-0.050912466,0.069032,-0.013537675,0.042081963,-0.21122736,0.1519386,-0.17261434,0.42442667,0.2349291,0.13412672,0.14048812,0.40955722,-0.017429858,0.21555011,-0.28136492,0.19670159,0.17795084,0.18277644,0.21824946,-0.037786424,0.1732484,0.070247725,0.3506449,-0.029010693,0.032810308,0.06908334,0.15009658,0.29193833,0.16768013,-0.024326045,0.21252324,-0.21770337,0.018495614,0.084373534,-0.095495164,-0.0923231,0.040861122,0.13662666,0.09239246,0.10059627,0.12811917,-0.13721953,0.15902114,0.12549117,0.29113233,0.104048476,0.013023878,0.10807048,0.14087512,-0.0046994537,-0.02414018,0.0011691265,-0.06060591,0.041570768,-0.058416933,0.03192497,0.12790804,0.23184818,0.2957853,-0.2624927,0.33106524,-0.071289495,0.10030064,-0.15235126,-0.15006432,-0.4020589,-0.0013684351,0.3695975,0.035633296,0.19162044,0.029017217,-0.20239417,-0.2660634,0.1688661,-0.17582875,-0.1476409,-0.09506163,-0.16458851,0.20439999,-0.0068177283,0.023183651,0.0023152344,0.01843698,0.2769877,-0.09943406,-0.4637394,0.020160727,-0.1251658,-0.15534484,0.067209944,-0.3259048,0.13873923,0.07043944,-0.3368215,-0.4043708,-0.044564858,0.51130855,-0.13631634,-0.19935358,0.036678035,0.27605408,0.099018306,-0.21691781,-0.1353345,-0.3640045,-0.04572253,-0.0995024,0.04837919,-0.025286973,0.039471038,0.030149207,-0.09975032,-0.15976068,-0.10175906,0.08384071,-0.2486848,-0.18808569,-0.08941797,0.40147418,0.0063143256,-0.19492628,-0.2635534,0.196666,0.52339375,-0.26405144,0.35681227,0.2144236,-0.27910337,-0.094958134,-0.23360777,-0.26374474,-0.21226797,-0.29971695,0.13259661,-0.1685776,0.083881386,0.21114841,-0.0278195,-0.071696796,0.27716318,-0.06687063,0.0033179186,-0.31763482,0.23313923,-0.10781875,0.3418899,0.23145373,-0.14860764,0.17920285,-0.33773503,0.18017042,-0.10458187,0.15627056,0.0024231263,0.13474788,0.50335896,0.020102695,-0.33211553,-0.15626422,-0.21552029,0.41043478,0.16400729,-0.027514312,-0.025619037,-0.0027775317,-0.28454772,0.2683686,0.4519909,-0.2571022,-0.1383379,0.14546765,-0.051818624,0.3845737,-0.10139011,-8.165836e-06,-0.07389657,0.12506452,-0.09933677,0.15579073,0.045624495,-0.026861332,0.2049765,0.08960631,-0.07443082,-0.14476788,-0.049015034,-0.057930935,-0.3897646,-0.0049603805,0.09155913,0.29351982,0.039296106,-0.41835296,-0.05690363,-0.0025094748,-0.024170166,0.1782742,0.4075328,0.26305264,-0.042518884,-0.050503314,-0.10762358,0.08287652,-0.05262951,0.06271538,-0.07939938,-0.3045161,-0.12136776,-0.3418596,-0.105971456,-0.026912235,0.20766592,0.1840082,0.34674615,-0.28407073,0.16688171,0.25257346,0.1166483,0.08512977,0.2047742,-0.20429975,0.10077613,0.093472406,-0.1759561,-0.023606475,-0.1386143,0.056850508,0.08310988,-0.19925806,-0.2897173,0.017800555,0.076442175,0.16015708,-0.2241154,-0.07369522,0.034805715,0.201834,-0.07407807,0.1346519,-0.20338672,0.13178656,0.19033048,0.5195395,-0.02180409,0.0034208335,-0.098189935,0.27861744,-0.08995824,0.01142326,0.058361918,-0.04804042,-0.0052106827,0.4062587,0.042453066,0.24796729,0.026293002,-0.18562582,-0.25563794,-0.10527023,0.24044792,0.30375612,0.1037198,-0.10212502,-0.14644726,0.022867575,0.34534365,-0.03804149,-0.011999363,0.17065012,0.11149664,-0.11365631,0.16418487,-0.21536514,-0.25913715,0.09759656,-0.2859642,-0.06524766,-0.062152967,0.09742455,0.08100442,-0.42203984,-0.11217572,0.19493432,-0.07122054,-0.07222675,0.24000697
blueberry,0.44960436,0.15637587,-0.03925121,0.3338749,0.18987495,-0.2196008,-0.26118863,0.011537068,-0.22514266,-0.20631339,-0.030046843,-0.4239694,-0.37883353,-0.026060708,0.16246328,0.59545803,-0.09576593,0.048425533,-0.004307002,0.4011923,-0.12972003,-0.053776354,0.27645862,-0.10311434,-0.20529333,-0.26639092,-0.16946128,0.44044814,-0.008075759,0.14279014,0.4779001,-0.12102495,-0.017779406,0.053602844,-0.37397358,-0.12774053,0.41142958,0.0913924,0.043067724,-0.61499506,-0.3868157,-0.0029916912,-0.048739664,-0.14379543,-0.57406163,-0.18950987,0.32697496,0.0068642357,0.35542664,-0.18509239,-0.19260445,-0.27887517,0.1955239,-0.3431309,-0.098729335,-0.36321476,-0.29862875,0.030119173,-0.09756951,0.18106113,-0.06855283,-0.06728765,0.4526385,-0.04227779,0.16122048,-0.0019558817,0.24230556,0.22944382,0.08605112,0.5556541,-0.04405023,0.35471508,-0.23744904,-0.19175197,-0.3316718,0.3472953,0.35898733,0.09720522,0.4303505,0.11242062,-0.3696313,0.14590968,-0.25303888,-0.16124544,-0.050969493,0.047627293,0.08663405,-0.43879282,-0.120124176,-0.023378367,0.5074361,-0.041195743,0.1461891,0.16242537,-0.0633985,-0.66398996,0.16825226,-0.60957736,0.55170226,-0.02021062,-0.5544923,0.48470595,0.1677506,-0.17261127,-0.2418658,0.02040615,0.31217495,-0.048385296,-0.47462076,-0.15350956,-0.037021488,-0.30323082,0.41722518,-0.29036146,0.17922366,0.36548644,0.13372304,0.1840441,0.38647828,0.31926218,-0.1481495,-0.3619145,-0.009652525,0.2824576,0.15118359,0.02915302,0.19622904,-0.030615792,-0.15757033,-0.096307695,0.35065496,0.20777072,0.16655119,-0.0681857,-0.17743799,-0.21517584,-0.019449975,-0.07662627,0.2695066,0.376866,-0.9201062,0.17369853,0.15636227,-0.17926641,-0.18515836,-0.38693812,0.30535227,0.09068526,0.29222205,-0.36572695,0.4166946,0.24651241,0.2923024,0.09452843,0.3369135,-0.039196797,0.19834319,0.07132237,-0.0035280809,-0.16022481,-0.038060762,-0.29570875,-0.5209701,0.11605774,-0.05549465,0.084349856,0.14260495,-0.21204959,0.014155127,-0.24108943,0.049325526,0.044135876,-0.288361,-0.4207973,0.03867278,0.14817578,0.4411297,-0.15199523,-0.26956174,-0.2084783,-0.43250903,-0.24344154,-0.29811773,-0.024527393,0.2585209,0.14625782,-0.3710489,0.25665364,-0.18789063,0.1931411,-0.2959541,-0.044907164,0.6829994,0.38722453,-0.27259678,-0.4741293,-0.43116552,0.27940866,-0.2592235,-0.46209866,-0.031840816,0.13053373,0.34577498,-0.019140035,0.03966941,-0.13441038,0.23709913,-0.38606018,0.12856612,-0.06510298,-0.20950362,0.23077053,0.31359285,-0.002178803,-0.15710717,-0.14079735,0.038331106,-0.4357883,-0.27340356,0.14544652,0.4364305,0.17036739,-0.08910538,-0.13715608,0.12811223,0.2191904,0.16120355,-0.123766236,0.14379892,-0.2283418,0.17839617,0.11605929,0.3288817,0.3875335,-0.1612927,-0.25909024,-0.3057304,0.11723025,0.008696124,-0.080845594,0.18682992,-0.0039424784,-0.09400428,-0.07459449,-0.022316486,-0.28846106,-0.4217113,-0.22372945,0.34770715,0.27346706,-0.088060394,0.13206577,-0.11280429,0.15093799,-0.30103207,0.2930619,0.056573287,-0.40290344,0.20160846,0.25092947,-0.06851709,-0.37178218,-0.08963694,-0.12940955,-0.06018824,-0.10655873,-0.0020780712,-0.01218152,0.83972836,0.020748682,0.38913307,-0.26576272,-0.12898299,-0.01563882,0.116062045,0.27397478,-0.071310066,-0.31795388,-0.014279199,0.347934,0.24682793,-0.38693243,0.058573633,0.2878715,-0.39922634,-0.21215288,0.33952665,-0.020099312,0.19996487,-0.15746513,-0.30778316,-0.28714746,0.06976682,0.5730973,-0.58718294,0.14624454,-0.016251575,0.09768015,-0.17643571,-0.3373747,0.21256948,0.58552325,-0.032713026
lemon,0.35687923,0.12043581,-0.0025384107,-0.048304103,0.15897498,-0.24398077,-0.025569633,-0.31604293,0.0102673415,0.021793708,-0.008222848,-0.14831491,0.039801467,0.0062272884,-0.03721473,0.51123804,-0.124646336,0.046195537,-0.125048,-0.15278767,-0.20175004,0.15290263,-0.04600539,-0.004178033,-0.21190333,-0.14562091,-0.10388127,0.16375813,0.17644724,-0.28172386,-0.1588749,-0.04209493,-0.2383484,-0.023550153,-0.24816355,0.023780461,-0.2922204,0.24208839,0.4199377,-0.5600951,0.21917431,-0.2787217,-0.42943567,-0.21071541,-0.52664167,0.16017014,0.26056495,-0.22754677,0.17846663,-0.3900424,0.33115554,-0.3402252,0.030533895,-0.091060884,0.31890666,0.12719525,-0.47020876,-0.33733082,0.119715475,0.19926114,-0.17705283,0.26996234,0.2749985,-0.15111879,-0.18295953,-0.07192488,0.08964555,-0.025813177,-0.10976587,0.03725709,-0.41683924,-0.02441993,0.10150697,0.26947802,0.019343175,-0.2521247,0.06639733,0.19056523,0.12033251,-0.23909637,0.21471873,0.17436968,-0.12643889,-0.028854435,-0.36660248,-0.3745527,-0.13211954,0.13678412,-0.3610342,-0.29236338,0.3349761,-0.22789875,0.1465991,-0.04228063,-0.07362851,-0.27321002,0.3181823,-0.24170735,0.36275223,0.19469538,0.2930877,-0.26690406,0.12479062,-0.18894827,-0.2929658,0.08642054,-0.07440506,-0.0059117936,0.11819923,-0.06325456,-0.4644015,0.003270166,0.20531516,0.27189854,0.15521365,0.57173645,-0.08529997,0.012182085,0.0664483,-0.17688781,0.17778549,-0.15905449,-0.08420251,0.0894326,0.13579969,0.407753,-0.23143095,0.21096721,0.17200968,0.2422983,-0.087157056,0.1445907,-0.122894816,0.1707863,0.39960203,-0.22002584,0.56760603,-0.24324627,0.34039658,-0.079144,-0.43892622,0.066226795,0.31078228,-0.1615964,0.031566642,-0.31103814,0.033132225,0.036323264,0.27178204,-0.17584693,-0.1247954,-0.1477176,-0.051457614,-0.50298154,0.1924035,-0.21030682,0.4034032,0.28330937,0.29053792,-0.2418748,-0.47144073,0.20194125,-0.2090601,0.093471736,0.12954235,-0.18998715,0.083215944,0.0056994073,0.17182213,0.05828057,0.014111128,-0.23697111,-0.34574103,-0.7837573,0.12883948,-0.09789723,-0.1643903,-0.012723229,-0.0780617,-0.068828315,-0.25254905,-0.20406152,-0.25520772,-0.10048209,0.015114903,0.10774781,0.21859112,0.19236365,-0.46273863,-0.33387628,-0.3253141,0.55090684,0.55602944,0.18697453,-0.11897677,-0.51125926,-0.091045514,-0.15249133,-0.12677348,-0.2740287,-0.5099509,0.57513213,-0.28203502,-0.32604206,-0.06226459,-0.4937704,0.038929135,0.42094982,0.014916107,0.012997016,0.22843638,-0.036299467,-0.12537716,-0.064898804,0.037895814,0.06562565,0.32059813,-0.10265831,-0.20932357,-0.14699148,-0.08253951,0.15971838,-0.36054438,-0.31518608,-0.24204776,-0.12691359,-0.01568146,-0.27327925,0.43270493,0.15897821,0.25149614,0.3709793,-0.3430383,-0.11255654,-0.004559703,-0.3140502,0.15671259,0.24791025,0.48775613,0.4737924,-0.01224608,0.09984052,0.019981313,-0.046612494,-0.15375648,-0.32917106,-0.1865473,-0.15659945,-0.28997284,-0.6024429,-0.12488339,-0.18626523,-0.1269643,-0.110044,0.28938794,0.08521191,-0.4637767,-0.33134344,-0.44936454,0.0122174695,-0.0727271,0.06158183,-0.025511935,0.009687446,0.23289177,-0.015336737,-0.15507308,0.20951249,0.53051835,0.15050769,-0.14495493,-0.36757272,0.071573004,0.10390718,-0.06795195,-0.15233423,-0.23990206,-0.31548387,-0.1191502,-0.321616,0.103067935,-0.3471024,-0.14347637,0.052311502,0.008005636,0.15890212,0.32539663,0.06049509,-0.09030014,0.042712864,0.13319784,-0.27408746,-0.15952417,-0.07190866,-0.28862298,-0.026035443,-0.27930057,0.007400155,-0.50725573,-0.23322466,-0.040180527,0.40792322,0.017591968
mango,0.34053934,0.21062915,0.09224873,-0.5168651,-0.13739005,-0.3083508,0.12604237,-0.21076293,-0.21076266,0.3572566,-0.097863846,0.005580589,-0.13600354,-0.088693716,0.22510326,0.010967039,-0.17840734,0.17341554,-0.080242,0.12392033,-0.36852005,0.014199644,-0.3486814,0.022371667,-0.54421335,-0.012801908,-0.036841273,0.21157813,-0.11257276,-0.31026986,0.3157301,-0.27703494,-0.0413164,-0.058686152,0.08883744,-0.20255055,-0.25595042,0.082938395,0.6390778,-0.67789507,-0.1387257,-0.3155717,-0.36668566,-0.054495417,0.24788833,0.20085013,0.080016956,-0.12600677,-0.35978338,-0.08139439,0.23576553,0.050836835,0.56421393,-0.35425088,-0.29844332,-0.015254743,-0.14972872,-0.086030826,-0.5567895,0.21128114,-0.6156028,-0.18122466,-0.09630352,-0.042152792,-0.14296953,0.040389117,-0.40204448,0.26582384,-0.026110873,-0.26608592,-0.20090923,0.060285065,-0.30948904,0.17891803,-0.15339181,-0.026842691,-0.13667168,-0.22711477,0.2454105,-0.05191937,0.26783872,-0.38669032,-0.073458895,0.19121458,0.1814575,0.18095729,0.12196245,-0.2627828,-0.10920419,0.088228635,-0.1887739,-0.22649875,0.09937911,-0.08231963,-0.3433085,-0.12193,-0.27672774,0.09721265,0.30398223,0.5906554,-0.2103413,-0.14503406,0.14846063,-0.6507993,-0.2107358,-0.34410483,0.20061494,-0.046201393,-0.063113764,-0.42205957,0.2895085,0.12679917,-0.09864485,-0.26433146,0.10284865,0.52011645,-0.16977696,0.5183741,0.31085828,-0.097597815,-0.1738805,0.07434352,-0.074672535,0.2733876,-0.19262281,0.16909102,0.03858104,0.17123921,0.42858967,0.29866832,0.18561494,0.06368071,0.2347452,0.1965353,-0.239198,-0.36757582,-0.005500975,0.017230734,-0.2416434,-0.254024,-0.65511626,0.29648852,-0.12649773,0.2629836,-0.04512936,-0.15652815,0.40554225,-0.118760735,0.45265204,-0.26361692,-0.3334554,-0.0503346,-0.17381762,0.11501842,-0.16203651,0.085670196,0.06305819,0.16376938,0.1743479,0.085978195,-0.19621076,0.17523125,-0.53612006,-0.045168266,0.16873235,-0.064239144,0.0139969485,0.10631041,0.043531127,-0.17282943,0.020197127,0.5764689,-0.53065103,-0.5747673,0.055305477,-0.12134422,0.2059897,0.08792277,-0.21405172,-0.020873312,0.0033309609,-0.13379154,0.22868228,-0.22796139,-0.1349991,0.3382578,-0.2783689,-0.37252635,-0.16279262,-0.19630629,0.33292592,0.5709568,0.23990944,0.07721453,-0.15661676,0.13009073,-0.20300551,-0.043051332,-0.114693485,-0.30910867,-0.19649082,0.07815713,-0.30690503,0.15378797,-0.08086459,-0.21685037,0.095639125,-0.3831702,0.09627612,0.16242701,-0.29035363,0.6233205,-0.27793717,0.2349352,0.52030283,0.13939166,0.5818411,-0.19765832,0.103404425,-0.18237148,0.06336949,0.34230638,0.05106462,0.19296393,-0.6383378,-0.054917898,-0.27361146,-0.21707924,0.38336492,-0.033350796,-0.040163845,-0.2679307,0.6815517,-0.24053656,-0.29216272,0.051249772,-0.06979041,-0.0040507466,0.4485861,-0.030630592,-0.0030060783,-0.0030904748,0.08821771,0.14643052,-0.6707965,-0.11541846,0.33153868,-0.076029435,-0.25961283,-0.19299293,0.111074604,-0.1461752,-0.17139429,-0.09308401,0.14374793,0.013283908,-0.30595672,-0.17289343,0.047625467,-0.12744054,-0.087077096,0.31336784,0.26276505,0.25270742,-0.20791826,-0.23803674,0.00039191544,-0.07323952,0.48312828,-0.17843132,-0.16407692,-0.5625227,0.106391,-0.19604582,0.06460506,-0.20058623,0.07196793,0.04173612,-0.0494392,0.22805397,0.30910793,-0.2703824,0.18870464,-0.3738285,-0.21866636,0.016327128,-0.16575336,0.084206685,-0.10714514,-0.46916515,-0.38018215,0.40357256,0.085995816,0.115817346,0.23193303,-0.112270445,-0.3639106,-0.03252983,0.14484428,-0.4607947,-0.06768053,0.7132732,0.30977696
strawberry,0.43956977,0.13292801,-0.05560785,-0.3156651,-0.0019650385,0.06368923,0.34798136,0.10411707,-0.41290268,0.23131661,-0.24739283,0.21235059,-0.048728734,0.12135529,-0.21718672,0.30032805,-0.10966633,-0.099150464,0.349142,0.22496933,-0.26229006,0.30231264,-0.08572339,-0.39474434,-0.022855336,0.20636909,0.015458718,0.12655813,0.40456724,-0.16466387,0.27319008,-0.22974493,-0.2765384,-0.04711815,-0.13494356,-0.63404053,-0.10874043,0.21053839,0.04560773,-0.5497951,-0.2989757,-0.089611694,-0.5263157,-0.2875854,-0.25468165,0.32904014,0.022562955,-0.030708764,0.063202634,-0.1474424,-0.15377447,-0.4765052,0.2927739,-0.1454309,-0.048394434,-0.14002475,0.02620627,-0.33316082,0.028530478,0.5933011,-0.36554283,-0.086943656,0.35243845,-0.35436878,0.23217046,0.011046119,-0.118910454,-0.15632617,-0.08282587,0.2827141,0.13618076,0.21694505,0.101361975,0.15807803,-0.057161815,0.20956531,0.07421733,-0.118005775,0.13717951,0.10739064,0.24270873,-0.041840315,-0.44340885,-0.27718544,0.09543751,0.1183173,-0.046929546,-0.6089028,-0.24326418,0.035774935,0.032273103,-0.37017876,0.1104091,0.105515376,0.0696335,-0.70403,0.14417927,-0.23934734,0.20733224,0.5997254,-0.1763573,0.41174597,0.2375606,-0.28303927,0.2384742,0.24998516,0.014610941,0.11117521,-0.51477075,0.050998446,0.03934351,0.13451916,0.42439514,0.04503454,0.28211364,-0.047643565,0.04960503,0.053028084,0.29679832,0.31204218,-0.2680625,-0.3181845,-0.41877252,0.051791597,-0.099402815,0.459733,-0.093385965,0.3006142,0.23362967,-0.14563069,0.11987494,0.121160716,-0.0465148,-0.2390057,0.29003203,-0.38125584,-0.08290497,-0.16887628,0.3094666,0.123821996,-0.60418624,0.24943854,0.18258227,0.07751359,-0.30391335,-0.026714137,-0.07069777,0.06611427,0.028972052,-0.46203694,0.2389946,-0.1488576,-0.12737761,0.16127843,0.019297497,-0.44803682,-0.06086681,-0.27935064,-0.048863083,0.34669518,-0.06335077,-0.33539876,-0.2310701,0.29145074,0.07401235,0.10322586,0.15021494,-0.3663896,0.32919812,-0.20627943,0.033800125,0.028859876,-0.11859101,-0.3182973,0.19007447,0.110385776,0.0702667,0.0069934702,-0.2158317,-0.020903312,-0.32015902,-0.30068153,0.12417827,0.12440861,0.1893909,0.24439779,-0.1313439,-0.18495637,-0.24584363,-0.08876631,-0.11398811,0.19939685,0.7478595,0.5289245,-0.43463677,-0.061036274,-0.31320554,-0.02304133,-0.22478348,-0.29936868,-0.43831083,0.020122126,0.057120066,-0.20079204,-0.3417246,-0.4165904,0.10749914,0.043993823,0.42407614,-0.34751296,-0.39876363,-0.12541348,0.14481284,0.1354602,0.13619281,-0.112497345,-0.16933888,0.10897669,-0.47103357,0.32320654,0.0008434914,0.31163737,0.30222562,-0.023235086,-0.056075767,0.3183204,-0.08836144,-0.075784236,0.44573492,-0.049732793,0.09852616,-0.07144871,0.3923117,-0.0032085348,-0.4190427,-0.10745023,-0.15018041,-0.023398748,0.02100613,-0.3454776,-0.048596077,0.101235524,-0.11263428,-0.4669595,-0.27909648,-0.31772107,-0.07020129,-0.26012945,0.032578174,-0.2066929,0.03387761,0.24556479,-0.00847429,-0.17339402,-0.46746206,0.1459319,0.110697284,0.20685658,-0.04717453,0.14601848,-0.01845109,-0.09316716,-0.032831937,-0.15653455,0.057448756,-0.23414674,-0.14949007,0.2258225,0.30289832,0.16617168,0.10605306,-0.26316273,0.21756701,-0.32661584,-0.08740495,-0.40867522,-0.29878205,-0.17529388,0.15898979,0.061383978,0.0120779425,-0.4616024,0.33818364,0.1705215,-0.37548634,-0.29474288,0.11680664,0.04024369,-0.09517514,-0.0068321377,0.045557827,0.004711963,0.14370582,0.29536736,-0.36932296,-0.14829645,-0.056043576,0.23256215,0.16528429,-0.3836347,0.082684465,0.42528325,-0.19616303
watermelon,0.28067023,0.08889613,-0.0060624345,-0.4003951,0.01987496,-0.10538077,-0.0012106374,-0.03705293,-0.30573267,-0.19122338,-0.44363284,-0.10634041,-0.16202353,0.026568288,0.03509427,0.054604035,0.05123666,0.27128553,0.050218,-0.19420768,0.40671995,0.29422265,-0.27777138,0.13390566,-0.26412335,-0.18253091,0.10695872,0.03419812,0.40445727,-0.11464986,0.20265011,0.10083606,-0.1248084,-0.08764915,-0.21404356,-0.38055056,0.089345574,0.24687839,0.19053772,-0.1880451,-0.5767657,-0.24011171,-0.27050567,-0.15221542,-0.35629165,0.06625313,-0.33706504,-0.27890676,-0.12685338,-0.22016239,0.33356553,-0.22359517,0.1605439,0.23744911,0.39499667,-0.18278474,0.12389527,-0.15226582,-0.06369953,0.14019114,0.07790317,0.13662234,-0.082458526,-0.0011707917,-0.13008453,0.22857511,0.020836545,-0.32039618,0.0014601275,-0.1897459,-0.41221923,-0.07673293,0.47617096,-0.098257974,-0.1395218,-0.010971691,0.29050732,0.06646523,-0.039719492,-0.0028293729,-0.05794627,0.2924397,-0.2623489,0.027432565,-0.116653495,-0.009891704,-0.27711955,-0.0068027824,-0.12000419,0.029905034,0.1602061,-0.15604874,0.1614791,0.099285364,-0.12818849,0.098639995,0.10838827,-0.04896735,0.37993222,0.50838536,-0.24108231,0.04325094,-0.15908039,-0.30295926,-0.055353805,0.54690516,0.059483938,-0.0034537949,0.04475523,-0.19379956,0.20470852,0.07122217,0.31865513,0.27804855,-0.050929353,0.49316642,0.088143036,-0.07293592,0.0783883,0.19496219,-0.2407685,0.24648552,-0.023652524,0.1196436,-0.22679281,0.262883,-0.09255796,0.1550782,-0.07358032,0.2545883,-0.09195806,-0.2602293,-0.04194481,0.4590643,0.22116302,-0.20487583,0.14157604,-0.08894627,-0.0351414,-0.018210005,-0.09038624,-0.08138147,0.01189927,-0.1639464,0.016316645,-0.30046812,0.39845222,0.023477262,0.09857005,0.11574307,0.2051746,-0.2657176,0.11060238,0.06803843,-0.0075605027,-0.090246804,0.13782918,0.23480937,-0.1611521,-0.1464848,-0.74186075,0.22743125,0.2363199,0.101127736,0.103842355,0.07370686,-0.061399054,-0.09691359,0.47938812,0.07766556,-0.03298287,-0.07317113,-0.12077099,-0.08297731,-0.20397553,0.08177577,0.1973797,0.33561477,-0.3416917,0.11514668,-0.40012902,-0.16592152,-0.37312773,-0.15635939,0.034489904,0.069367796,-0.2385689,-0.4659764,0.13453136,-0.057306305,0.1151659,0.18917683,-0.23268057,-0.13230646,-0.08988677,-0.27854928,0.23925048,0.07523807,0.123688504,-0.2268087,-0.08325082,0.4354821,0.17171496,-0.25575203,-0.2879146,-0.21123037,-0.083388865,0.15533882,-0.06344789,-0.06332298,-0.029533625,0.60408056,0.042696834,-0.009658799,0.17719282,-0.22184734,-0.28626886,0.01363339,-0.26615357,0.06397651,0.2512205,0.13612539,-0.23111437,0.07729192,-0.021228768,0.37875038,-0.049791455,0.068440765,0.21641293,0.055510204,0.18573615,-0.057483707,0.09548171,0.06274346,0.22278729,-0.20562024,-0.3117504,0.010109253,0.06656613,0.1311524,-0.10780608,0.12947853,0.06794171,0.058340505,0.033566512,-0.000501059,0.118928716,0.16382855,0.12102717,-0.46639293,0.0784746,-0.2380752,-0.4533143,0.21011499,-0.05122807,0.101271905,-0.3624567,-0.29209343,0.06339046,0.14325647,0.07931691,-0.27735218,0.23381506,-0.12559155,0.35908175,-0.089467734,-0.0044680834,0.23279248,0.4476883,0.055328682,-0.19228694,-0.116852716,0.285847,0.06329518,0.09457205,-0.20334323,0.039557934,-0.07846388,0.114639804,-0.20668602,0.11300793,-0.21760242,-0.035716355,0.023731507,-0.25889635,-0.5517629,0.034164634,-0.01689931,0.36329487,-0.33130512,0.18119785,0.045439564,0.14696583,0.47948733,-0.58154297,0.0046245605,0.05874542,-0.08052984,0.27505428,-0.22561467,-0.057490535,0.62129325,0.18653597
beach,-0.071116865,0.026456257,0.047346734,0.043382898,0.17222497,0.3542292,-0.30286863,0.21130708,0.102907345,-0.11332339,0.13223717,0.058430597,-0.19364353,-0.4574337,0.17671326,0.31390804,0.013336666,-0.020395465,0.302642,0.26081634,0.13978997,0.044412643,-0.04671739,0.22815567,-0.092606336,-0.18896091,-0.11015129,0.2918381,-0.21904276,0.27720013,0.040890098,0.40338504,0.017328596,0.15103084,0.6018164,-0.03631054,0.39981958,0.2545384,-0.29542226,0.36398488,0.020709308,0.046528306,-0.17753567,0.06555758,0.07496334,-0.19974987,-0.11657505,0.28932324,-0.093093365,0.37790763,0.18609554,0.17056483,0.3126439,-0.12931088,0.11538667,0.053707257,-0.17880875,-0.26772082,-0.17007951,-0.075994864,0.07738217,0.27539235,-0.014571525,0.20612122,-0.42099953,-0.036314882,-0.015399855,0.27205384,0.06737313,0.35211408,-0.20266923,-0.15002593,0.038681973,0.056000028,-0.09412182,-0.34098467,0.030447327,-0.118767776,-0.1560295,-0.08311837,-0.19050127,-0.4916103,-0.1825689,0.10918956,-0.069930494,0.11564729,0.18917045,-0.3343928,0.4318658,-0.039663367,-0.1992739,0.05632826,-0.024368897,0.013765369,0.1046862,0.14469999,0.18041226,0.010463648,-0.005662767,-0.26261464,-0.2608623,-0.068302065,-0.09993908,0.28194073,0.052215196,-0.027554847,0.10086794,-0.1763948,0.25447923,-0.039272554,-0.19012149,0.34284917,-0.06202486,-0.33918145,-0.39711636,-0.050683558,0.13286303,-0.09871591,-0.0780817,0.3629122,-0.3070745,-0.04608949,0.22184928,0.007691592,0.1979352,-0.13987698,-0.15321097,-0.2694158,-0.12528032,-0.2224417,-0.21810506,-0.123882286,0.11969219,0.3926143,-0.144128,0.19361417,-0.36349398,0.095827736,-0.1141234,-0.135364,-0.22958626,0.061102234,-0.33627772,-0.054035336,0.22626662,-0.023724137,0.03649223,0.46707526,-0.14286795,0.34711307,-0.061485387,-0.1752876,0.14685239,0.087558426,0.19077349,-0.3565868,-0.26167682,0.05581237,-0.13434207,-0.1302648,0.08262334,0.15216126,0.08239189,-0.04456827,-0.32338765,0.0028828569,-0.038262054,-0.050495595,-0.43752187,0.024325565,0.10895213,-0.08291113,-0.142901,0.1467024,-0.10553552,-0.09277223,-0.2303203,0.22976477,0.13930829,-0.06327531,-0.003929034,0.007916469,-0.09144773,-0.11278779,-0.3648491,-0.069209196,-0.09429339,0.03366765,0.10535137,0.031083703,0.2795759,0.15004683,-0.14562657,-0.06516846,0.11776222,-0.24185929,-0.42109555,-0.14292133,0.1692785,-0.3812087,0.16861019,-0.16842788,-0.40611503,0.40198797,-0.064164594,0.06106462,-0.20512286,0.13204983,0.051756114,0.061727017,-0.30940363,0.21840054,-0.5300572,-0.3450188,-0.041357186,-0.015887342,0.13337111,-0.037963312,0.39202642,0.034636512,0.012679491,-0.11185461,0.042176623,0.22542392,0.37271222,-0.025649598,-0.14627147,-0.33598924,-0.14107509,-0.1927918,-0.08312385,-0.04905571,0.0042517036,0.121989466,0.20657729,-0.4854502,-0.024480402,-0.018134747,-0.25877386,0.094322406,0.13624792,0.27025753,-0.06490728,0.04041051,-0.1994665,0.03384895,0.1906387,0.23371655,-0.26052284,0.17718709,-0.21317539,-0.1671752,-0.10502429,-0.13118401,0.18459792,0.2666619,-0.084846705,-0.08916144,0.11961947,-0.11372053,-0.11238709,0.04727983,-0.20974892,0.18044744,0.14171176,-0.16796273,0.55383193,-0.011769518,-0.07732469,-0.32160133,-0.30804694,-0.012390722,0.10876,0.17136419,-0.05506795,0.072674766,0.31463796,0.42239612,0.1051398,-0.18883602,0.19838795,0.07000758,0.002363637,0.06299151,-0.18812637,0.037647128,-0.08540936,0.30151367,0.42147487,-0.08620513,-0.027102157,-0.19172743,-0.09375918,-0.033551663,0.335747,0.30490458,0.04710542,0.014000148,-0.009591717,-0.22084469,0.01812847,0.019583255,-0.31112304
field,-0.06536631,0.021220617,-0.0044175927,0.0808129,0.22325495,0.4798892,0.18489137,0.074317075,0.25120732,-0.076201394,-0.22535285,-0.2794294,0.008903462,-0.07325371,-0.15917674,-0.11629196,0.46731666,-0.3395545,-0.103786,-0.04210767,0.06462796,-0.14046136,-0.08890739,-0.16361433,-0.08135734,0.060639083,0.31690872,-0.13417529,0.03701324,-0.42211986,-0.015857898,-0.19617493,0.3358416,-0.064899154,-0.31968355,-0.03969054,0.34096956,-0.27077162,-0.52386224,-0.0685751,0.0010776073,0.3875483,0.25327432,0.11979858,-0.088601656,-0.26764986,-0.091925055,0.035585236,-0.051423367,0.1731376,0.006179534,-0.21896517,-0.1100707,0.024597123,-0.13548234,0.17743525,0.03860627,0.12443917,0.13697448,-0.06642867,0.21536717,0.19376233,0.2691185,0.43822122,0.103470474,-0.13650489,0.012011545,-0.21837617,0.14291413,0.35408407,-0.063596234,0.20332506,-0.20409903,0.08375803,-0.16070181,0.032677308,0.075127326,0.15167522,-0.1742495,0.07612063,0.2936887,0.02434969,-0.027528897,-0.34371543,0.014260508,-0.3158227,0.37050045,0.045874216,0.35820583,0.094907634,-0.3108839,-0.11528574,-0.1917509,0.16951537,0.2235215,0.14193,-0.15144774,-0.15698035,-0.19375776,0.102456376,0.2247577,0.25480595,0.2409606,-0.07209127,0.1379342,-0.029934846,-0.37014505,0.035890203,-0.06695876,-0.18362956,0.03978551,0.19314916,-0.09314485,0.23771855,-0.0015713498,-0.17665356,-0.08064997,-0.03635692,-0.35063672,0.25610217,0.21002549,0.03162781,0.28721046,-0.03443241,0.07344019,0.0069430172,-0.07963796,-0.2821058,-0.21956033,-0.2566317,0.40630496,0.2786407,-0.1260648,-0.0884957,0.18839103,-0.08289584,-0.22008397,-0.09857626,0.003813602,0.0111869965,-0.027346253,-0.28587145,-0.20032772,0.0836636,-0.073102355,-0.061981138,-0.07202777,-0.017639237,0.10672105,-0.012286931,-0.0997354,0.0703044,-0.09274461,0.24027842,-0.0475175,0.1270162,-0.6105268,0.07888437,0.012049919,0.39228523,-0.3051808,-0.16503875,0.3050799,-0.12568827,0.05933235,-0.16564715,-0.24893506,0.2752904,-0.32540187,0.20241056,0.14918813,0.22259888,0.20110239,-0.28247732,0.15222448,-0.36275423,0.2871697,0.21513477,-0.28154173,0.20741169,0.407241,0.12637547,-0.10828773,-0.5021714,-0.1371691,0.2524978,-0.026070893,-0.07911635,-0.19066063,-0.2601563,0.22089589,-0.0069021657,-0.06050857,-0.15029746,0.0126732215,-0.17548928,-0.16559552,-0.3158813,-0.089643486,0.10398631,0.031559184,-0.08312787,-0.24708505,-0.11393903,-0.1856446,0.2817496,0.15188913,-0.21769017,0.2073261,-0.14036798,-0.24458364,-0.14803647,0.27684283,0.3883412,-0.115181185,0.060972657,-0.0022088885,-0.2657383,-0.069853574,-0.37738347,0.16453049,-0.12906462,0.14541562,0.06411692,0.021909233,0.1843404,0.26070756,-0.39251924,-0.102645084,0.11822821,-0.046773843,-0.18471971,-0.38525832,-0.0074265357,-0.051356707,-0.15238024,0.1824246,0.03779725,0.038986124,0.3558024,0.10783092,-0.08886248,0.33488572,-0.2889295,0.03120751,0.022038944,-0.10735529,-0.09525944,-0.25090283,-0.44034293,0.1271646,-0.08628522,0.08935571,-0.091144025,-0.12991208,-0.0043590926,0.3700133,0.14214656,0.11258747,0.23508948,0.14421691,-0.061153166,0.032495067,-0.092405826,0.032779753,-0.28946674,-0.13145308,0.004837483,-0.06582368,-0.37125129,-0.01812093,-0.18409272,-0.084449,-0.17201582,0.14490205,0.15599477,-0.11212906,-0.06271388,0.055061802,0.008921981,0.11638793,0.39589757,-0.06542638,-0.00028648973,0.38717365,-0.14239286,-0.14545336,0.092694685,0.23359486,0.35953486,-0.18922916,0.060128562,-0.2057342,0.033777334,-0.15640299,0.12674455,0.39688942,-0.11957985,0.4112343,-0.17326468,0.025048465,-0.25116605,0.11396397
ocean,-0.10692211,0.077116795,0.0022622815,0.19175489,0.046254963,-0.0606308,-0.044948637,0.2714671,0.20677735,0.25112662,0.22167715,-0.0693294,-0.15332754,-0.1769937,0.07967327,0.089627035,0.17013666,-0.042589467,0.287532,0.009862334,0.09377396,-0.16210236,-0.18487139,0.38651568,-0.053606335,-0.16079691,-0.03024128,-0.09776288,-0.006252758,-0.18275009,-0.1127619,0.07946506,-0.018985406,-0.32708913,0.42922643,-0.14983054,0.25343958,0.0771324,-0.039914273,0.22232491,0.055063307,-0.019971691,-0.022553764,-0.0040584207,0.19261834,0.012788134,-0.19348505,-0.10781476,-0.021574367,0.6812076,-0.027615465,0.067074835,0.22000389,0.111802116,0.18278667,-0.28810474,-0.13532874,-0.29262084,0.11805848,-0.4597689,0.03707117,0.12868235,-0.28083152,0.057570208,0.14719047,0.013101116,0.016918546,0.16493383,-0.07030587,0.5288241,-0.12854023,-0.12720993,-0.32038903,-0.0024539698,-0.071311824,-0.09136469,-0.20158267,0.21283522,-0.18568948,-0.25659436,0.06701973,-0.02146031,0.16512011,0.13923457,-0.028744692,-0.1811927,-0.08086955,0.067814216,0.067871824,-0.12104337,-0.1497039,0.14642125,-0.28664088,0.009630367,0.1810545,0.40740997,-0.13597775,0.018060647,-0.30838776,-0.06241262,-0.2333223,0.101803936,0.2661106,0.016040735,-0.1513058,0.019119151,-0.14825507,-0.1149838,0.30901924,0.22516045,0.092456505,0.15081917,-0.15761586,0.03484054,-0.20925635,0.103366435,0.13728304,-0.019659914,-0.0617117,0.23550218,-0.3049845,-0.4058445,0.031157479,0.023076594,0.019647181,-0.29313695,-0.14853096,-0.049745798,-0.20643032,0.23853832,-0.29529506,0.20768072,0.1906642,0.1011753,-0.265598,0.44612417,-0.16016397,0.27864373,0.016521603,-0.16215399,-0.13883625,0.09668054,-0.064864725,-0.2156664,0.11670665,-0.15944815,0.26676226,0.18940526,-0.26670796,0.15950307,-0.09213539,-0.0327296,0.16875239,-0.063448474,-0.2646265,-0.17808682,-0.33095682,-0.16693063,0.4105479,-0.1347848,0.28562924,-0.007075751,-0.07265011,0.024561733,-0.18588765,-0.18003714,-0.19153506,-0.066733696,-0.39690188,0.050014567,-0.2595219,-0.17674112,-0.034701005,0.1359212,0.10220548,-0.40376422,-0.0307003,-0.12354523,-0.1795117,0.24501169,0.12257096,-0.13251153,-0.10032774,0.029358603,-0.25508907,-0.1237432,-0.2536589,-0.049186356,-0.00092862546,-0.06300631,0.12344589,0.05895684,-0.14724958,0.067604534,0.18171422,-0.15314928,-0.09714551,-0.09768133,-0.15147349,0.1833443,-0.008080825,0.15159813,-0.33529502,0.28145796,-0.2548646,0.07675782,-0.12536786,-0.09895017,-0.24514389,0.11779702,-0.05721362,-0.06295947,-0.23990718,-0.3159188,-0.011576386,0.059129655,0.25545412,0.11526769,0.15110342,-0.13424449,-0.11446951,-0.066714615,0.27760562,-0.19206607,0.029940233,0.1944604,-0.027351454,-0.084006235,-0.15962507,-0.62278175,-0.081113845,-0.09396571,-0.041301295,-0.022473535,-0.30489272,0.28493676,0.3160696,-0.14878476,-0.21266387,0.1541724,-0.048606075,0.12668052,0.10635172,0.050490506,0.19766352,0.04873895,0.37449867,0.36182055,-0.015416128,-0.00912492,0.02319561,-0.2414552,0.13957569,-0.099814,0.015377931,0.45673195,-0.17646672,0.25533658,0.0077254623,-0.42948055,-0.2328271,-0.18711217,-0.017694935,-0.10316555,0.29409176,-0.11346673,0.15704194,-0.01744552,0.15874833,-0.38305128,-0.24889693,-0.10062271,0.118807,0.06865618,-0.23513795,-0.17657334,0.027320936,0.0020461157,0.23487979,-0.47978604,-0.12557206,0.04449758,-0.056806356,-0.05417949,-0.11739637,0.07653713,-0.25912336,-0.08390631,0.30663487,-0.27275512,0.14230785,0.10420256,-0.2584242,-0.038457662,0.19598933,0.10708456,-0.21099056,0.22853915,-0.3478657,-0.31005466,0.029069468,0.06387326,-0.08208303
sky,-0.14304765,0.12118851,0.09491985,-0.027701102,0.048814967,-0.16388077,0.25873137,0.35852706,0.29455733,0.078536615,0.42415714,-0.0387194,0.09040646,-0.3166137,-0.00889273,-0.57652193,0.15360667,0.10435553,-0.28551802,0.017752334,0.22294997,-0.12090235,-0.04228039,0.034199666,0.2578267,-0.06351091,0.11435472,0.0014781207,0.057267543,-0.21137486,-0.1482449,0.15344006,-0.1304484,-0.20658915,-0.26900357,0.11616947,0.23766959,0.22182839,-0.05849627,0.2471749,-0.00059089274,0.2526983,0.026567338,-0.17775542,0.12767935,0.25476015,0.17130496,-0.31715676,0.013970632,0.04676261,-0.18950447,0.21134484,0.25623387,0.3369491,-0.27220333,0.06354526,0.15250927,0.28725916,0.12747048,-0.3949889,0.0019121692,-0.28506765,-0.3202815,0.15139121,-0.19874953,-0.20695488,-0.008981454,0.0036848225,-0.16064587,0.2292841,-0.47442925,-0.35105494,-0.03199203,0.503988,-0.4149718,0.09974731,-0.16960967,0.07374522,-0.09695949,-0.09339737,0.34429872,0.091059685,-0.15260889,0.25425455,0.04426851,-0.1017227,-0.31484956,0.3105672,-0.29889417,-0.014030365,-0.0523609,-0.050619744,0.1699191,0.21444537,0.0405005,0.16667,-0.23515773,-0.02194935,-0.39184776,0.09840038,-0.0749663,-0.07452806,0.24859062,-0.08867927,-0.124005795,-0.031234846,0.07859794,0.1346552,0.026107233,-0.043691553,-0.19677149,-0.15955085,0.37403518,0.17635855,0.29821363,-0.28561357,0.17112304,0.06808609,-0.2783637,-0.08711781,-0.2094755,-0.18020448,-0.026302516,0.2218076,-0.19928282,0.29390302,0.03410604,-0.16421579,-0.10121032,0.29207832,-0.010375056,-0.059140287,0.073192194,-0.040275693,0.02267202,-0.09398583,-0.24265398,0.122931734,0.22336659,-0.054881006,0.19817576,0.07184743,0.11798227,0.1667836,0.055466644,-0.058270138,-0.05648777,0.13118526,0.03155805,-0.016896933,0.20268461,0.027803399,0.078536384,0.08793842,-0.22785649,0.19669819,-0.069376804,0.25400937,-0.02425408,-0.4149248,0.022161238,0.12573124,-0.03983011,-0.31589824,-0.11273265,-0.22812714,-0.009928452,0.05215041,-0.17127189,0.26015058,-0.23215188,-0.3141711,-0.14438102,0.2051827,0.36582446,-0.15911423,-0.1573903,-0.22466522,-0.46378168,0.06147369,0.09864096,-0.07877153,-0.010057732,-0.116625294,-0.2086291,0.10716781,0.0509511,0.00072764605,0.30062133,-0.0465063,0.0870759,-0.28856316,-0.49792057,0.08234454,0.17714122,-0.037666276,0.14944749,-0.10573132,-0.2534935,0.3083413,-0.042340815,-0.2716179,0.27581498,-0.0016750358,-0.06270459,0.09920362,-0.087407865,-0.2520302,-0.083513886,0.018647015,-0.18423364,-0.25157246,0.031914834,-0.19587879,0.109002806,-0.09042734,0.24925981,0.12255169,0.012655426,0.12966652,0.04178749,-0.16729462,0.016745623,0.3405139,0.21827224,0.0014454015,0.27845454,0.33341077,-0.27773505,-0.2382018,-0.22234383,-0.22518072,0.1670917,0.090556465,0.075059295,0.34635976,0.0670196,-0.34597975,-0.20776388,0.24627241,-0.16060609,0.11005952,-0.19091429,0.09920051,0.082488984,0.16170892,0.38775867,-0.21105944,0.30496716,-0.031867817,0.26861462,-0.19628522,0.07988569,-0.054934025,-0.08890407,0.094161905,-0.1640267,0.19877657,0.074159466,-0.07344053,-0.20452711,0.022710834,-0.07762893,-0.025290556,0.12475775,0.11795327,-0.05176808,-0.011110518,-0.15171169,-0.26519132,-0.13055393,0.3294873,0.33570698,-0.16040581,-0.12787195,0.008154765,-0.022715066,-0.103153884,0.1113298,-0.054256618,0.32900792,-0.22187243,-0.10578635,-0.12635349,0.11561064,-0.18296288,0.18397664,-0.16076632,0.007929001,0.01052586,0.15306783,-0.17217743,-0.05489718,-0.20371267,0.00811702,0.14492457,-0.018146576,-0.034749836,0.026787583,0.004365325,0.5555395,-0.036966756,-0.034433037
sunset,-0.14071956,0.22961497,0.23451285,0.0831789,0.16493496,-0.28827077,-0.058848634,0.39939708,0.22790734,0.16477661,0.057487153,0.013770595,0.08005647,-0.2768937,0.27821326,-0.099811964,0.03937666,0.12229553,-0.134708,0.007392332,0.31716996,0.033832647,-0.1576514,-0.08701533,0.006407663,-0.08201491,0.13205972,0.17884812,0.06857874,-0.04572986,0.008520104,0.17607707,-0.044569407,0.20266084,0.008284435,-0.18239054,0.016313579,-0.049917605,0.12802772,0.13748291,0.2970543,0.15498531,0.35099432,-0.13111544,0.38072833,-0.41855988,0.41683495,-0.16319677,0.05825563,0.1274876,0.015253533,0.15899484,0.30157387,0.17989913,0.035851665,0.033135258,-0.009508729,0.13607916,0.30368048,-0.14609887,-0.39904284,0.08748233,-0.043332525,-0.3169888,-0.37574953,-0.12134488,-0.28233448,0.05951391,-0.29514587,0.30348408,-0.15521324,-0.08312793,0.062300973,0.34671804,-0.14695182,0.2904753,-0.34699267,0.6776252,-0.03814949,-0.04672937,0.09604873,0.007499695,0.01876311,0.04848157,0.06970451,-0.1558677,0.22882044,-0.10721278,-0.046254173,0.035446934,0.051969104,-0.034429643,0.1377191,-0.04357263,0.005322501,0.11216,-0.11759774,0.28397265,-0.111847766,0.2062454,0.0684277,-0.03167806,0.19316062,-0.26070926,0.2340642,0.15759915,0.009266941,-0.1841248,-0.21498077,0.18243045,0.101394504,0.015099166,0.38961518,-0.32324147,0.01538785,0.26760644,0.08079304,-0.09594592,-0.3717417,0.1261842,-0.044594496,-0.4155545,0.30241147,-0.2493624,-0.061892807,-0.27961695,0.33491904,0.14125921,-0.081890315,0.4408283,-0.20559506,-0.040670287,0.0078991875,-0.0037356913,-0.13076797,0.36078417,0.16461603,0.07578173,-0.024131395,-0.094084,0.082266755,-0.27508146,-0.01750373,-0.050318208,0.21260664,0.27941188,0.100982234,0.15914527,-0.18909797,-0.08184693,-0.3266654,0.1686124,-0.059101615,0.15995842,-0.0854465,0.0421592,-0.034046814,-0.22572061,-0.1418621,0.056772202,-0.25469077,-0.014843753,-0.15265012,-0.15552826,0.37529233,-0.22642715,0.043836948,0.058280405,-0.2200819,-0.082307436,0.08767913,0.24691889,-0.286201,0.060799696,-0.03881652,-0.039033227,-0.46515033,0.15333477,-0.0781917,0.10996869,0.023400962,0.34942847,0.52022225,-0.24051139,-0.2078391,0.3242478,-0.100341395,-0.042646356,0.88663137,0.1287647,-0.14743412,0.08178683,-0.24908057,-0.15281446,0.045002222,-0.11025928,-0.02913551,-0.36858135,0.37298653,0.3483613,0.34786916,0.14878713,-0.10735504,0.18748796,0.036277406,-0.21031037,-0.023290858,0.0041498244,-0.3087539,0.015137017,-0.012043625,-0.29064947,0.36143285,-0.081468806,-0.43908718,-0.013737343,-0.095158875,0.09426869,0.28463644,0.26474655,-0.08930951,0.018865377,-0.18158437,-0.17206608,0.082756236,0.0905004,0.05697854,0.16841078,0.06887792,0.1064492,-0.03912384,0.09553929,-0.057468295,0.08580046,0.1098723,-0.24514024,-0.21066041,0.19056025,-0.108633876,-0.2218376,0.08196092,-0.26920247,-0.06686129,0.3651005,0.1442545,-0.06946206,0.1025887,-0.3040794,-0.23929283,-0.14956293,0.027056612,-0.17941523,0.2526757,-0.15569401,-0.083486065,-0.2091681,-0.07810672,-0.02293444,0.117631465,-0.13944054,-0.026780095,0.33941782,0.04645507,-0.012768552,-0.008931242,0.14020327,0.28640193,0.16303249,0.13510832,-0.10427132,-0.29156694,-0.18142273,-0.27432302,0.31358418,-0.07991995,-0.13635223,0.092347935,-0.009353876,0.0776188,0.16253398,-0.03821206,-0.33040243,-0.41465637,0.1105215,0.26859364,0.14289813,-0.20105337,-0.2022863,-0.08789514,0.26738486,-0.14210716,0.13764256,-0.10261418,0.16096735,0.33344704,-0.16252854,0.08835242,0.06743015,0.030874083,0.06960633,0.32807946,-0.16726975,0.111664966
dawn,-0.21225534,0.18892945,0.298913,0.2041249,0.38313496,-0.37043077,0.053259365,-0.0004479289,0.21116734,0.106604606,-0.09025585,-0.22184941,0.22010647,-0.6055837,-0.22971672,0.031732038,-0.15711734,0.017176531,0.152732,-0.2645777,-0.026884038,-0.19408736,0.05114161,-0.14823434,0.021147665,-0.2849809,-0.05705127,0.06826812,0.026549242,-0.18041226,0.039830104,0.33816504,0.2150016,0.21714085,-0.027073562,-0.106960535,0.04499018,0.0815094,0.08790773,0.41615492,0.4334543,0.18908131,0.49412435,-0.09004543,0.25689834,-0.16099986,0.19484495,-0.29168674,-0.016670369,-0.16411239,-0.07761447,0.33131483,-0.0873761,0.20864913,0.08387666,-0.13406473,0.068448275,0.28015918,-0.043069527,-0.37403888,-0.08473282,0.005202338,0.13447848,-0.3425988,-0.21259953,-0.07607488,-0.37090448,0.10506182,-0.16504587,0.10079109,0.03039077,0.24406508,0.083775975,0.23693803,-0.055181824,0.1353653,0.05542732,0.12725523,-0.2367695,-0.03838937,0.07149773,0.017709687,0.11561911,-0.034214437,0.14351751,-0.19847271,-0.25106955,0.12375791,-0.07014418,0.09306264,0.1194461,0.47171125,0.1275691,-0.25398463,0.0859075,-0.047067005,-0.16761774,0.61128265,-0.16712776,-0.19478461,0.029677704,0.02692794,0.22682062,0.040500738,-0.052027803,0.34784514,0.08998194,0.3514452,0.21099924,-0.23112956,-0.10570149,0.13492917,0.11304514,-0.25269148,0.02964145,-0.24091357,0.048970032,-0.11528591,0.10134831,0.08291819,-0.077074505,0.2830555,-0.09933253,-0.23910241,0.10438719,-0.14578699,0.49719903,-0.2360958,0.07489068,0.2755483,-0.27959508,-0.035843287,0.07949719,-0.13536571,-0.035927974,0.06229517,-0.056899972,0.13044174,-0.12249339,-0.284354,0.45940375,0.036043532,-0.24880773,0.0846536,0.46525663,-0.024522135,-0.21115008,0.14271526,-0.09939795,0.20923308,0.12027261,-0.2730376,-0.081232615,0.31175843,-0.2656565,0.22799319,-0.05149681,-0.21686062,0.02417072,-0.29060483,-0.35448074,0.36041126,-0.2528201,-0.17115827,-0.10807665,-0.31604713,-0.016819052,0.1822904,-0.14069188,-0.27231944,-0.096481875,-0.14514112,0.00015899539,0.3482327,0.04285998,0.23249578,-0.1535303,-0.17593522,0.09990829,-0.108158305,0.09318097,0.37784845,0.39922228,-0.15830639,-0.025386095,0.030947804,0.5034111,0.20829365,0.23651136,0.1140977,0.08890589,-0.11035517,0.0056294277,-0.18544546,-0.005586773,-0.078424275,0.24792649,-0.015098326,0.00020550936,0.2573113,0.25334018,-0.08787787,-0.20474504,0.105827965,0.1389724,-0.051210374,-0.06401486,-0.23268017,-0.014423884,0.257277,0.16827938,-0.31509948,-0.040834166,0.1286552,0.23579283,-0.08165735,-0.0018188953,0.1482817,0.13694842,0.17369653,0.12611349,0.04398538,0.26305562,0.14961392,-0.08608877,-0.049103197,0.17243454,0.5209908,-0.27426505,0.26779822,-0.08781384,0.14853929,0.14588171,-0.15115654,-0.024278704,0.31432176,-0.2179104,0.32814026,-0.20074087,0.0047814054,0.18587892,-0.12349248,-0.099324286,-0.07307049,0.061034508,-0.14741907,0.16321872,0.082780555,-0.31762284,-0.26537293,0.38143462,0.13264678,0.3581757,-0.09335402,0.020256933,-0.7440681,-0.12333672,0.21296656,-0.23394454,-0.08493053,0.4247129,0.32552782,0.22318508,-0.083794855,-0.18506825,0.25453326,-0.095706075,-0.21901752,0.040839314,0.0057186782,0.11199307,-0.4819827,0.15483701,0.08583618,-0.078906946,0.06597477,-0.106933065,0.079661116,0.1160298,0.28133398,-0.010522068,-0.35804242,0.02960363,-0.04581949,0.46005365,-0.17299287,0.055079635,-0.27989632,-0.22849514,0.17853686,0.07318783,0.09390456,0.13295582,0.123227336,-0.049252987,-0.13141745,-0.13672057,0.17964916,-0.12729572,-0.20185468,-0.06797054,-0.40281677,0.20200697
day,-0.0905696,0.05743689,0.0688404,-0.0696901,0.02032496,-0.04570079,0.026915364,-0.23244292,0.23683734,-0.11202338,0.0030171499,0.008590594,0.17216647,0.05418729,-0.0020827297,0.07656804,-0.019166335,-0.10511947,0.023382997,-0.31467766,-0.04015504,-0.17825735,0.0034396094,0.16015567,0.12183667,0.17343909,-0.28381127,-0.14685288,-0.12962276,-0.06957986,0.105470106,0.14372607,-0.12853841,-0.00034515187,-0.08419356,0.10409746,0.017552579,-0.054989606,0.060107723,-0.0782651,0.05124131,-0.026591696,-0.21025567,0.11536758,0.07854034,-0.29336986,-0.122685045,-0.10127476,-0.10168338,0.07223761,-0.010061465,0.3649148,-0.0605581,0.08233512,0.06683666,0.06383026,0.038832273,-0.29432082,0.03562048,-0.24680887,0.17835717,0.06702234,0.028654471,0.03405421,-0.07394253,0.042665116,0.10121555,-0.052976176,0.23848413,0.03843809,0.21827075,-0.086679935,0.11011097,-0.0031999703,0.02179218,-0.101254694,0.16707733,-0.12764578,-0.2028395,-0.07273437,0.0066687297,0.021019682,-0.065968886,-0.33248544,0.088937506,0.0024962947,0.03298045,0.07037622,0.23857582,-0.16388336,0.3590461,0.18695125,0.16740909,0.056644365,0.0256145,-0.041143004,0.026766269,0.34305266,0.076212235,0.15353538,-0.002922304,0.14811593,-0.03286038,0.11353073,0.035198197,0.122278154,0.21214494,-0.00036179274,0.30309924,0.122502446,-0.06716849,0.12704916,0.14463516,0.03876654,-0.05298035,0.29287645,-0.21717696,-0.062055916,-0.2969057,0.21902218,0.2174455,0.009341512,0.2933305,-0.0327224,0.097200185,0.07231902,0.053031035,0.019324206,-0.12719032,0.10819831,-0.106962055,0.007142715,0.04384819,-0.0076157004,0.12146635,-0.021435834,0.11237603,0.07825874,0.1163016,0.119500995,0.07204575,-0.014474466,-0.11049773,-0.005365409,0.18152663,0.10671787,-0.0060377717,0.21405527,0.01786505,0.09160307,0.049081605,-0.0318457,-0.22454761,0.06773842,-0.15890649,0.2666132,0.004450187,0.11513137,0.15322793,0.1053342,-0.052270755,0.08970325,-0.05168011,0.05357173,-0.04360765,-0.020580143,-0.052891053,0.08153041,0.036575127,0.043127567,0.24711813,0.0088888705,0.142104,0.09396669,0.080220476,0.11172578,0.2306097,0.17000477,0.08391829,0.017219989,0.028690964,0.25168848,0.10458047,0.09426861,0.12582591,-0.10809919,0.2422111,0.15119764,0.16090138,0.116399705,0.040246893,-0.15705916,0.013979435,0.073134534,-0.12341677,-0.13804927,0.10844149,-0.15844133,0.2588365,0.13763331,0.15482718,-0.07992788,-0.15097503,-0.08498503,0.17742941,0.11619062,-0.13576286,0.11914719,0.06673612,-0.021992981,0.057335377,0.17303053,0.12162283,-0.061558798,-0.014088086,0.14707266,0.08781111,-0.1311783,0.041045427,-0.07577548,-0.16536951,0.33101937,-0.03988018,0.067208916,0.06998423,0.040502403,0.07936855,0.4127108,-0.16801508,0.1530182,0.18252616,0.027769297,-0.075476296,0.14887346,0.22583729,0.102689765,0.17942059,-0.025828747,0.028486125,-0.18079759,0.07756792,-0.011958476,0.007972714,-0.048932493,-0.04141649,-0.06745106,-0.3158413,0.14503255,0.057114176,0.10049709,-0.05424519,-0.18990523,0.06401572,-0.07178402,-0.106685065,-0.16016808,0.4106333,-0.10130644,-0.20609453,0.021552473,0.05003141,0.077969834,0.11716506,-0.009555556,0.06646375,-0.038802736,0.08937192,-0.2781175,-0.040618982,-0.16326131,0.21692306,-0.097722724,-0.225853,0.02085878,-0.17081796,0.108974785,0.21153794,0.21220711,0.0238718,0.11033398,0.16439793,0.15631357,-0.025316358,0.104981504,0.07249963,-0.16055287,-0.15627337,-0.007304311,-0.03807914,0.019981861,-0.23475637,0.030198563,0.019711819,-0.31892267,0.055297017,-0.25266245,-0.046965577,0.015720159,0.19028428,-0.038934678,0.06583047,-0.33691975,0.051893968
dusk,-0.14771898,0.25021574,0.2204316,0.2417049,0.05924496,-0.33928078,-0.12244864,0.20989707,0.33884734,0.09889561,-0.0019728467,-0.2646094,-0.23968352,-0.11931371,-0.28413674,-0.54589194,0.006948665,-0.15358746,-0.072619,-0.058947667,0.09281497,-0.19017735,-0.21617138,0.019409668,0.24612668,-0.25458091,-0.035491273,0.036148116,0.050551243,0.16488013,-0.0384309,0.43479508,0.08408859,-0.11868915,0.37663645,-0.11741054,-0.012029421,0.014048396,0.050747722,0.1883449,-0.2882157,0.2881583,0.20567434,-0.01270242,0.122105345,-0.019570867,0.52165496,-0.5209268,0.12746263,-0.1539924,-0.15314446,0.16586484,0.21001391,0.06436712,-0.27369332,0.16613126,-0.35080874,-0.12710083,0.26289546,-0.000519868,-0.0043068305,-0.037057653,0.091868475,-0.32621878,-0.27607954,0.021765117,-0.22788446,0.11186482,-0.38861588,0.014158089,-0.26102924,0.11697507,0.02601197,0.17927803,-0.095071815,0.42966533,-0.30340266,0.052265227,-0.5664595,-0.07048637,0.01497573,-0.06762331,-0.15075888,0.20926458,-0.07700849,-0.10417271,-0.09531955,-0.22539277,-0.10579418,0.037004635,0.042269103,0.23701125,0.1676691,0.021149367,0.22046149,-0.10243001,-0.15213773,-0.120473355,-0.28196776,-0.10096462,-0.1595643,-0.02633706,-0.025217384,-0.28324926,0.1345342,0.20896515,-0.073085055,-0.086398795,-0.16587077,-0.17935956,-0.23314148,-0.15553084,-0.002574861,-0.16089147,0.15943366,0.16043644,-0.020451969,0.15472409,-0.10452171,-0.07602782,0.061335504,0.07573851,-0.0045125186,-0.18426241,0.039017186,-0.10203698,0.37456906,-0.29182577,0.16344967,0.21586832,0.06317494,-0.06277129,0.1821812,-0.017265692,0.22716202,-0.02056583,-0.023015976,0.23121373,-0.0405524,-0.122504,0.45435375,-0.28916144,-0.11817773,-0.11027941,0.01968664,0.19526187,-0.13930976,-0.060182735,0.12424505,0.3419431,-0.26224542,-0.1844176,-0.038931616,0.2063384,-0.3178765,0.2245732,0.007954188,-0.11260063,0.07738492,-0.2737348,0.00038924068,0.19227125,-0.37445012,-0.15162827,-0.04676065,-0.15816715,-0.11129505,0.049640406,0.08525512,-0.26949942,0.09362413,0.16501488,0.14695899,0.09239869,0.39418447,0.21094579,-0.1288903,0.07928477,0.2583608,-0.11396831,0.08766097,0.32454848,0.15241727,-0.11637709,0.0012549013,0.3132978,0.55978113,0.29166365,0.28432137,0.1596557,0.3447459,0.029526837,0.21263942,-0.28301546,-0.12583677,-0.18310927,0.030754492,-0.14677133,0.10520351,0.016829304,0.14727418,-0.2874379,0.045559965,-0.08233103,-0.15640458,-0.17793038,-0.20819387,-0.10608017,0.3024161,0.27903703,-0.090793625,-0.09230547,0.18642284,0.2456392,0.019421814,-0.11720735,-0.082408875,0.29269168,-0.030018572,0.038956523,-0.10691951,-0.17916462,-0.28236437,-0.043839086,0.22952223,-0.022779599,-0.10813147,0.16247076,-0.026575074,0.07394621,0.15594016,-0.2009207,-0.18794629,0.10250346,-0.1794427,0.05622977,-0.34802043,0.36117023,-0.20036288,-0.1454576,0.19478193,-0.051782478,-0.07226128,-0.056357794,-0.19872648,0.36763895,0.1567287,-0.26584947,-0.19979283,0.07106708,0.21430463,0.15228479,0.043005705,-0.163674,-0.05499607,-0.2924581,-0.09839672,0.33869657,-0.29954454,-0.11411052,0.020254906,0.27951783,-0.25768495,0.40643746,-0.23893824,0.13286325,-0.0001180768,-0.13404252,0.11653832,-0.47825128,0.012481071,-0.24783272,-0.0014769984,0.35346416,0.028626055,-0.06294523,0.15001793,-0.121653885,-0.084655195,0.13527398,0.12711793,0.04997757,-0.19160637,-0.07696739,0.29779366,-0.05592288,-0.070019364,-0.07914631,0.04436486,0.46290487,0.16411784,-0.0031317375,-0.029188782,-0.23235267,-0.0015729815,-0.010215446,-0.3692306,-0.26978984,0.12895428,-0.06698467,0.24590945,-0.04811676,-0.03212303
night,-0.13172905,0.09464687,0.09919731,0.0525639,0.08970496,-0.09038079,-0.26975864,-0.26088294,0.17179734,-0.039702393,0.13027716,-0.0586754,0.011122469,0.13202229,-0.19408673,-0.15451196,-0.06967334,-0.21321447,-0.010875001,-0.25200766,0.117250964,-0.19637737,0.1289986,0.09350367,0.15366668,0.15604909,-0.27718127,-0.17317088,-0.02530276,-0.10372786,-0.1901179,0.36462507,-0.1310884,-0.14913915,-0.09742357,0.13182047,-0.14341041,-0.21116161,-0.19409028,0.01558391,0.07282331,0.061733305,0.06055534,-0.021875426,-0.071691655,-0.04737387,0.048010252,-0.27030677,-0.11661337,0.09445861,-0.22266448,0.20008484,-0.0034561008,0.10871912,0.07272667,-0.06399474,0.070290275,-0.23242083,-0.013359517,-0.19192886,0.13662118,-0.24857464,0.124358475,-0.066787794,0.011355471,-0.16029489,-0.15311445,0.11145582,0.026063025,0.040122088,0.034480773,-0.07303893,0.088630974,0.23591805,0.27888817,-0.1962747,0.08560733,0.010865226,0.013109505,0.29080063,-0.15864126,0.23238967,-0.10078889,-0.15094543,0.08339751,0.0028982908,0.03224445,-0.0041627884,-0.06475417,-0.099293366,0.4124761,0.09730126,0.3955391,0.10136537,0.0810145,-0.18781,-0.02357573,0.38304266,-0.12606776,0.17133538,-0.0133323,-0.036441058,-0.16586539,0.03325074,-0.2285558,0.25318515,-0.05398306,-0.009287793,0.22479923,0.09242745,-0.13875149,0.015970165,-0.07044485,-0.051821463,0.04181765,0.03785944,-0.31174695,0.07834208,-0.1835197,0.15327819,0.16841549,0.042544913,0.08413747,0.0978139,0.02431719,-0.11329697,0.088929035,0.04331521,0.034771282,-0.042193692,-0.08928105,-0.065139286,0.013830192,0.009004295,0.0034020245,-0.22831583,0.22349603,0.15364574,0.2118566,0.274266,0.42641377,-0.11049147,-0.19155774,-0.09139341,0.20256662,0.07131787,-0.004667774,0.14049527,-0.02271995,0.18122306,-0.004785396,0.2341524,-0.065336615,0.08445842,0.0974385,0.2665432,-0.044606812,0.04381537,0.16806793,0.0638572,0.011390239,-0.13433875,0.004659891,0.04979174,-0.04652365,-0.07659714,-0.014136052,0.3008704,-0.13553187,0.07403056,0.16147813,-0.038801126,0.23397699,0.10701169,0.12938248,0.32006577,0.115673706,0.10574277,0.1517883,-0.1261183,0.10135096,0.3355685,0.15511528,-0.13639739,-0.0743591,-0.037202194,0.1589711,0.40055364,0.20495136,0.1195337,0.2430059,-0.30885318,-0.09032357,-0.16932946,-0.09963678,0.015366965,-0.035415515,-0.12644133,0.08161751,-0.08779869,0.16330218,-0.35006788,0.030909967,-0.20930204,0.051264405,-0.039110377,-0.30191088,-0.09717017,-0.23794389,-0.0046029836,0.21059337,0.016360536,-0.11629716,0.1495602,0.12216281,0.011976659,0.11409111,-0.10881831,0.092064425,-0.07725848,-0.17029952,0.16755837,-0.04667138,0.0152509175,0.09617423,-0.0728036,0.048348546,0.18399078,-0.119065076,-0.048923794,0.25125617,-0.1501847,-0.0757923,0.016167464,0.18599729,0.21900947,-0.076210395,0.025556251,-0.118825376,-0.1508576,-0.07745608,0.078390524,-0.056718282,0.04025051,0.018281512,-0.017031059,0.110128716,-0.01160945,-0.15136282,0.14288709,0.047714606,-0.09231522,0.2494657,-0.14459401,0.07183693,-0.22260809,0.2847933,0.03402356,-0.12178454,-0.06448052,0.008448906,0.23211783,0.21047507,-0.008962557,0.023348756,-0.13909873,-0.13675807,-0.04732753,-0.032391682,-0.3632313,0.14734307,-0.21351272,-0.105293,-0.016825821,-0.27518794,-0.14594322,0.011764936,0.08106412,0.16234979,0.17026398,0.0074079335,-0.035712436,-0.039616376,-0.1791085,0.06397664,0.026647136,-0.049911365,-0.09267631,-0.10130514,0.13803786,-0.07730216,0.046144564,0.0011208188,-0.27918267,0.04207702,-0.072582446,-0.2694906,-0.05137983,0.2068943,-0.016034678,0.029768467,-0.16545576,0.40451697
noon,-0.15652114,0.18474321,0.29390082,-0.040786102,0.06960496,-0.1686508,-0.07545863,-0.25024292,-0.23548266,-0.0733144,-0.106951244,-0.16650641,0.09834647,-0.3262237,-0.11903473,-0.34384197,0.13626666,-0.042194467,0.22004199,-0.016347677,0.055139963,0.16101265,-0.1600314,-0.13462433,-0.118276335,0.17045909,-0.25653127,0.18694812,-0.005216755,0.25209013,-0.3473199,0.15459207,0.018679596,0.13703084,0.033980437,-0.10668054,-0.22335044,-0.31716162,-0.08500227,0.15568991,-0.040778697,0.03394431,0.09249434,0.2642446,0.46899834,-0.10157987,0.18381496,-0.069524765,-0.073013365,-0.07636439,0.020489533,0.50870484,-0.43406612,0.3269891,-0.36204332,0.058509257,-0.34745875,0.004109174,0.042100474,-0.17959887,-0.08267283,-0.123360656,-0.062147725,-0.24518877,-0.23206952,0.18526512,-0.0035314541,0.33625382,0.018116126,0.2897741,-0.14914523,0.055375066,-0.08767103,0.24651805,-0.1855618,-0.03149069,0.03906732,-0.16056678,-0.31064948,0.23669064,-0.4617113,-0.011460319,-0.21104889,-0.40931544,-0.1477125,0.1834273,-0.020939551,0.052084215,0.24116081,0.16923663,0.0388601,0.14460126,0.1528091,-0.20984463,0.0644395,-0.029316004,-0.4477077,-0.06269885,-0.011992766,0.17396538,0.1231277,0.24179594,0.07507061,0.03799074,0.1875742,0.109468155,0.38416496,0.04880221,0.06818523,0.30139044,0.2838085,-0.13066083,0.36254513,-0.39544147,0.21960366,0.36656642,-0.34223697,-0.19579592,-0.048131704,-0.2706278,-0.055374503,0.09297951,0.21642488,0.13588959,0.030587189,-0.12964697,0.19014904,-0.20555578,-0.016635317,0.43677834,-0.23364505,-0.0033732876,0.2526652,-0.34574568,-0.357878,-0.09060583,0.051135026,0.27812374,-0.35941342,-0.279544,0.18262476,-0.008684464,-0.19957773,0.0701236,0.26542664,0.48586187,0.07931222,-0.026649436,0.057659052,0.038943067,-0.028685391,0.1423024,-0.0059392136,0.21249843,-0.4512865,0.2556732,0.120471194,-0.49145064,-0.06459408,0.001175195,-0.23094077,0.020514747,-0.1124501,0.15059873,0.19483235,-0.05813514,-0.047997054,-0.09958959,-0.21808189,0.32172057,0.4856981,-0.063621126,0.019048989,0.15179189,0.17900448,0.16298577,-0.07562029,-0.09257523,-0.0312517,-0.15604831,0.17195097,0.81096846,-0.15586773,-0.1700034,0.14919591,0.00022780895,0.1296511,0.13940965,0.72742134,0.1227167,0.1337859,-0.29569316,0.4311594,0.19052452,-0.21560676,-0.026630275,0.056394488,0.114250675,0.3598065,0.014467306,0.055549175,-0.34263787,0.069615066,-0.27212203,0.2639954,-0.26742038,-0.32747087,-0.11467018,-0.047776885,0.15099701,0.11365238,-0.052839465,-0.14637716,-0.2098888,-0.014373286,0.02622366,0.03592111,-0.12495831,-0.13635358,0.086996526,-0.06550951,0.3335734,-0.31976438,0.022914918,0.23512223,-0.2830596,-0.14758146,0.31493077,-0.20953508,0.3045282,-0.03376384,0.0022992939,0.115261704,0.11753747,-0.0740927,-0.06799023,0.1141996,0.35355026,-0.37223387,-0.3427476,0.12757032,-0.22293247,-0.39255428,0.028154507,0.05678051,0.010848947,-0.3380313,0.11309156,-0.049469825,0.21781707,0.29301462,-0.10253521,0.21809572,-0.16553402,-0.11784207,-0.5438481,0.21193328,0.062006555,-0.37703454,-0.22067052,0.091980904,0.21135783,0.17182507,-0.033330556,0.13604476,-0.076202735,-0.09646508,-0.38942754,-0.037977982,-0.1955413,0.26155305,-0.020459723,-0.112723,0.16672418,-0.033034466,0.123004764,-0.13319707,-0.14333387,0.0271298,0.14620398,0.083367944,-0.08369242,0.020563632,0.3891615,0.25793365,-0.076882884,0.25085664,-0.11880632,-0.07735814,0.46511486,-0.10931216,-0.24689743,0.08953582,-0.06952366,0.23378903,-0.20879444,-0.014684577,-0.035259843,-0.34131572,-0.015964672,0.28319946,-0.48746675,-0.18168303
