head,left,right,winner,sampler,score,puid,response_time,network_latency,time_received,loser,left_html,right_html,head_html,winner_html,loser_html,left_filename,right_filename,head_filename,winner_filename,loser_filename,time_received_since_start,datetime_received,start_time
27,4,25,25,Random,-9999,16eea7def72b59e2,4.802999973297119,0.14599990844726562,1638380372.21,4,socks,dawn,dusk,dawn,socks,socks,dawn,dusk,dawn,socks,656.6679167747498,2021-12-01T17:39:32.210000,1638379715.5420833
14,13,11,11,Random,-9999,16eea7def72b59e2,1.4509999752044678,0.15899991989135742,1638380373.739,13,happy,disgust,sad,disgust,happy,happy,disgust,sad,disgust,happy,658.1969168186188,2021-12-01T17:39:33.739000,1638379715.5420833
4,20,29,20,Random,-9999,16eea7def72b59e2,1.497999906539917,0.07899999618530273,1638380375.316,29,beach,noon,socks,beach,noon,beach,noon,socks,beach,noon,659.773916721344,2021-12-01T17:39:35.316000,1638379715.5420833
11,26,29,29,Random,-9999,16eea7def72b59e2,2.248999834060669,0.08000016212463379,1638380377.706,26,day,noon,disgust,noon,day,day,noon,disgust,noon,day,662.1639168262482,2021-12-01T17:39:37.706000,1638379715.5420833
0,15,3,15,Random,-9999,16eea7def72b59e2,2.63100004196167,0.1400001049041748,1638380380.478,3,blueberry,shoes,dress,blueberry,shoes,blueberry,shoes,dress,blueberry,shoes,664.9359166622162,2021-12-01T17:39:40.478000,1638379715.5420833
19,25,26,26,Random,-9999,16eea7def72b59e2,1.5319998264312744,0.14400005340576172,1638380382.103,25,dawn,day,watermelon,day,dawn,dawn,day,watermelon,day,dawn,666.5609166622162,2021-12-01T17:39:42.103000,1638379715.5420833
2,25,23,23,Random,-9999,16eea7def72b59e2,1.5740001201629639,0.08599996566772461,1638380383.76,25,dawn,sky,shirt,sky,dawn,dawn,sky,shirt,sky,dawn,668.217916727066,2021-12-01T17:39:43.760000,1638379715.5420833
25,28,11,28,Random,-9999,16eea7def72b59e2,2.200000047683716,0.08500003814697266,1638380386.095,11,night,disgust,dawn,night,disgust,night,disgust,dawn,night,disgust,670.552916765213,2021-12-01T17:39:46.095000,1638379715.5420833
3,10,6,6,Random,-9999,16eea7def72b59e2,3.6730000972747803,0.13700008392333984,1638380389.906,10,angry,below,shoes,below,angry,angry,below,shoes,below,angry,674.3639166355133,2021-12-01T17:39:49.906000,1638379715.5420833
10,4,0,4,Random,-9999,16eea7def72b59e2,5.75600004196167,0.1399998664855957,1638380395.801,0,socks,dress,angry,socks,dress,socks,dress,angry,socks,dress,680.2589168548584,2021-12-01T17:39:55.801000,1638379715.5420833
2,20,29,20,Random,-9999,16eea7def72b59e2,2.4690001010894775,0.13499999046325684,1638380398.411,29,beach,noon,shirt,beach,noon,beach,noon,shirt,beach,noon,682.8689167499542,2021-12-01T17:39:58.411000,1638379715.5420833
17,23,8,23,Random,-9999,16eea7def72b59e2,1.4600000381469727,0.14699983596801758,1638380399.955,8,sky,far,mango,sky,far,sky,far,mango,sky,far,684.4129166603088,2021-12-01T17:39:59.955000,1638379715.5420833
7,8,14,8,Random,-9999,16eea7def72b59e2,2.696000099182129,0.08299994468688965,1638380402.788,14,far,sad,beside,far,sad,far,sad,beside,far,sad,687.2459168434143,2021-12-01T17:40:02.788000,1638379715.5420833
3,28,25,28,Random,-9999,16eea7def72b59e2,3.2889997959136963,0.1380000114440918,1638380406.218,25,night,dawn,shoes,night,dawn,night,dawn,shoes,night,dawn,690.6759166717529,2021-12-01T17:40:06.218000,1638379715.5420833
12,29,20,29,Random,-9999,16eea7def72b59e2,4.866999864578247,0.13900017738342285,1638380411.238,20,noon,beach,fearful,noon,beach,noon,beach,fearful,noon,beach,695.6959166526794,2021-12-01T17:40:11.238000,1638379715.5420833
9,24,2,2,Random,-9999,16eea7def72b59e2,2.989000082015991,0.14400005340576172,1638380414.358,24,sunset,shirt,near,shirt,sunset,sunset,shirt,near,shirt,sunset,698.8159167766571,2021-12-01T17:40:14.358000,1638379715.5420833
28,22,9,22,Random,-9999,16eea7def72b59e2,5.4120001792907715,0.13699984550476074,1638380419.903,9,ocean,near,night,ocean,near,ocean,near,night,ocean,near,704.360916852951,2021-12-01T17:40:19.903000,1638379715.5420833
9,4,7,7,Random,-9999,16eea7def72b59e2,2.6640000343322754,0.13299989700317383,1638380422.702,4,socks,beside,near,beside,socks,socks,beside,near,beside,socks,707.159916639328,2021-12-01T17:40:22.702000,1638379715.5420833
27,29,1,29,Random,-9999,16eea7def72b59e2,3.8989999294281006,0.13400006294250488,1638380426.737,1,noon,pants,dusk,noon,pants,noon,pants,dusk,noon,pants,711.1949167251587,2021-12-01T17:40:26.737000,1638379715.5420833
7,22,25,22,Random,-9999,16eea7def72b59e2,2.2840001583099365,0.1359999179840088,1638380429.155,25,ocean,dawn,beside,ocean,dawn,ocean,dawn,beside,ocean,dawn,713.6129167079926,2021-12-01T17:40:29.155000,1638379715.5420833
16,25,0,0,Random,-9999,16eea7def72b59e2,10.057999849319458,0.1400001049041748,1638380439.355,25,dawn,dress,lemon,dress,dawn,dawn,dress,lemon,dress,dawn,723.8129167556763,2021-12-01T17:40:39.355000,1638379715.5420833
24,11,3,3,Random,-9999,16eea7def72b59e2,1.6030001640319824,0.1380000114440918,1638380441.036,11,disgust,shoes,sunset,shoes,disgust,disgust,shoes,sunset,shoes,disgust,725.4939167499542,2021-12-01T17:40:41.036000,1638379715.5420833
7,1,0,0,Random,-9999,16eea7def72b59e2,1.7660000324249268,0.07899999618530273,1638380442.882,1,pants,dress,beside,dress,pants,pants,dress,beside,dress,pants,727.3399167060852,2021-12-01T17:40:42.882000,1638379715.5420833
15,26,19,26,Random,-9999,16eea7def72b59e2,1.5320000648498535,0.08100008964538574,1638380444.502,19,day,watermelon,blueberry,day,watermelon,day,watermelon,blueberry,day,watermelon,728.9599168300629,2021-12-01T17:40:44.502000,1638379715.5420833
14,0,2,0,Random,-9999,16eea7def72b59e2,4.66700005531311,0.08599996566772461,1638380449.313,2,dress,shirt,sad,dress,shirt,dress,shirt,sad,dress,shirt,733.7709167003632,2021-12-01T17:40:49.313000,1638379715.5420833
21,25,4,25,Random,-9999,16eea7def72b59e2,2.0280001163482666,0.14699983596801758,1638380451.479,4,dawn,socks,field,dawn,socks,dawn,socks,field,dawn,socks,735.9369168281555,2021-12-01T17:40:51.479000,1638379715.5420833
25,29,13,29,Random,-9999,16eea7def72b59e2,1.4079999923706055,0.1380000114440918,1638380452.968,13,noon,happy,dawn,noon,happy,noon,happy,dawn,noon,happy,737.4259166717529,2021-12-01T17:40:52.968000,1638379715.5420833
13,28,1,1,Random,-9999,16eea7def72b59e2,2.1480000019073486,0.07699990272521973,1638380455.251,28,night,pants,happy,pants,night,night,pants,happy,pants,night,739.7089166641235,2021-12-01T17:40:55.251000,1638379715.5420833
29,28,15,28,Random,-9999,16eea7def72b59e2,1.7219998836517334,0.14700007438659668,1638380457.073,15,night,blueberry,noon,night,blueberry,night,blueberry,noon,night,blueberry,741.5309166908264,2021-12-01T17:40:57.073000,1638379715.5420833
7,29,24,24,Random,-9999,16eea7def72b59e2,3.4709999561309814,0.08500003814697266,1638380460.683,29,noon,sunset,beside,sunset,noon,noon,sunset,beside,sunset,noon,745.1409168243408,2021-12-01T17:41:00.683000,1638379715.5420833
23,14,16,16,Random,-9999,16eea7def72b59e2,5.167999982833862,0.15000009536743164,1638380465.997,14,sad,lemon,sky,lemon,sad,sad,lemon,sky,lemon,sad,750.454916715622,2021-12-01T17:41:05.997000,1638379715.5420833
28,1,24,1,Random,-9999,16eea7def72b59e2,5.694000005722046,0.1399998664855957,1638380471.834,24,pants,sunset,night,pants,sunset,pants,sunset,night,pants,sunset,756.291916847229,2021-12-01T17:41:11.834000,1638379715.5420833
28,6,2,6,Random,-9999,16eea7def72b59e2,2.861999988555908,0.14499998092651367,1638380474.84,2,below,shirt,night,below,shirt,below,shirt,night,below,shirt,759.2979166507721,2021-12-01T17:41:14.840000,1638379715.5420833
19,28,27,27,Random,-9999,16eea7def72b59e2,2.4579999446868896,0.14100003242492676,1638380477.432,28,night,dusk,watermelon,dusk,night,night,dusk,watermelon,dusk,night,761.8899166584015,2021-12-01T17:41:17.432000,1638379715.5420833
0,15,28,15,Random,-9999,16eea7def72b59e2,2.5369999408721924,0.1400001049041748,1638380480.11,28,blueberry,night,dress,blueberry,night,blueberry,night,dress,blueberry,night,764.5679166316986,2021-12-01T17:41:20.110000,1638379715.5420833
18,8,26,26,Random,-9999,16eea7def72b59e2,3.3980000019073486,0.1399998664855957,1638380483.648,8,far,day,strawberry,day,far,far,day,strawberry,day,far,768.1059167385101,2021-12-01T17:41:23.648000,1638379715.5420833
12,13,6,13,Random,-9999,16eea7def72b59e2,4.603999853134155,0.13700008392333984,1638380488.392,6,happy,below,fearful,happy,below,happy,below,fearful,happy,below,772.8499166965485,2021-12-01T17:41:28.392000,1638379715.5420833
18,15,2,15,Random,-9999,16eea7def72b59e2,1.5369999408721924,0.14300012588500977,1638380490.012,2,blueberry,shirt,strawberry,blueberry,shirt,blueberry,shirt,strawberry,blueberry,shirt,774.4699168205261,2021-12-01T17:41:30.012000,1638379715.5420833
1,4,19,4,Random,-9999,cd3e5fd2fa0f1910,3.0340001583099365,0.18199992179870605,1638380496.908,19,socks,watermelon,pants,socks,watermelon,socks,watermelon,pants,socks,watermelon,781.3659167289734,2021-12-01T17:41:36.908000,1638379715.5420833
3,29,21,29,Random,-9999,cd3e5fd2fa0f1910,2.306999921798706,0.38300013542175293,1638380499.586,21,noon,field,shoes,noon,field,noon,field,shoes,noon,field,784.0439167022705,2021-12-01T17:41:39.586000,1638379715.5420833
27,7,16,16,Random,-9999,cd3e5fd2fa0f1910,2.560999870300293,0.30900001525878906,1638380502.485,7,beside,lemon,dusk,lemon,beside,beside,lemon,dusk,lemon,beside,786.9429166316986,2021-12-01T17:41:42.485000,1638379715.5420833
21,10,14,10,Random,-9999,16eea7def72b59e2,13.600000143051147,0.08099985122680664,1638380503.749,14,angry,sad,field,angry,sad,angry,sad,field,angry,sad,788.206916809082,2021-12-01T17:41:43.749000,1638379715.5420833
14,29,24,24,Random,-9999,cd3e5fd2fa0f1910,2.4670000076293945,0.17200016975402832,1638380505.121,29,noon,sunset,sad,sunset,noon,noon,sunset,sad,sunset,noon,789.5789167881012,2021-12-01T17:41:45.121000,1638379715.5420833
17,1,4,1,Random,-9999,16eea7def72b59e2,1.7360000610351562,0.13899993896484375,1638380505.568,4,pants,socks,mango,pants,socks,pants,socks,mango,pants,socks,790.0259168148041,2021-12-01T17:41:45.568000,1638379715.5420833
9,1,17,1,Random,-9999,16eea7def72b59e2,1.5489997863769531,0.09100008010864258,1638380507.207,17,pants,mango,near,pants,mango,pants,mango,near,pants,mango,791.6649167537689,2021-12-01T17:41:47.207000,1638379715.5420833
24,16,0,0,Random,-9999,cd3e5fd2fa0f1910,2.0329999923706055,0.1679999828338623,1638380507.311,16,lemon,dress,sunset,dress,lemon,lemon,dress,sunset,dress,lemon,791.7689168453217,2021-12-01T17:41:47.311000,1638379715.5420833
22,13,19,13,Random,-9999,cd3e5fd2fa0f1910,1.566999912261963,0.15899991989135742,1638380508.955,19,happy,watermelon,ocean,happy,watermelon,happy,watermelon,ocean,happy,watermelon,793.4129166603088,2021-12-01T17:41:48.955000,1638379715.5420833
6,3,23,3,Random,-9999,16eea7def72b59e2,1.7030000686645508,0.07700014114379883,1638380508.991,23,shoes,sky,below,shoes,sky,shoes,sky,below,shoes,sky,793.4489166736603,2021-12-01T17:41:48.991000,1638379715.5420833
16,28,12,12,Random,-9999,cd3e5fd2fa0f1910,1.7760000228881836,0.07400012016296387,1638380510.814,28,night,fearful,lemon,fearful,night,night,fearful,lemon,fearful,night,795.2719166278839,2021-12-01T17:41:50.814000,1638379715.5420833
12,27,5,27,Random,-9999,16eea7def72b59e2,3.055999994277954,0.0820000171661377,1638380512.184,5,dusk,above,fearful,dusk,above,dusk,above,fearful,dusk,above,796.6419167518616,2021-12-01T17:41:52.184000,1638379715.5420833
22,7,9,9,Random,-9999,cd3e5fd2fa0f1910,1.5399999618530273,0.0839998722076416,1638380512.434,7,beside,near,ocean,near,beside,beside,near,ocean,near,beside,796.8919167518616,2021-12-01T17:41:52.434000,1638379715.5420833
10,11,17,11,Random,-9999,16eea7def72b59e2,1.1329998970031738,0.14299988746643066,1638380513.413,17,disgust,mango,angry,disgust,mango,disgust,mango,angry,disgust,mango,797.8709168434143,2021-12-01T17:41:53.413000,1638379715.5420833
19,5,13,13,Random,-9999,cd3e5fd2fa0f1910,1.6679999828338623,0.08100008964538574,1638380514.177,5,above,happy,watermelon,happy,above,above,happy,watermelon,happy,above,798.6349167823792,2021-12-01T17:41:54.177000,1638379715.5420833
19,18,27,18,Random,-9999,16eea7def72b59e2,1.3270001411437988,0.08899998664855957,1638380514.824,27,strawberry,dusk,watermelon,strawberry,dusk,strawberry,dusk,watermelon,strawberry,dusk,799.2819166183472,2021-12-01T17:41:54.824000,1638379715.5420833
28,15,19,15,Random,-9999,cd3e5fd2fa0f1910,1.562999963760376,0.09299993515014648,1638380515.843,19,blueberry,watermelon,night,blueberry,watermelon,blueberry,watermelon,night,blueberry,watermelon,800.3009166717529,2021-12-01T17:41:55.843000,1638379715.5420833
8,17,13,13,Random,-9999,16eea7def72b59e2,1.6429998874664307,0.08299994468688965,1638380516.549,17,mango,happy,far,happy,mango,mango,happy,far,happy,mango,801.0069167613983,2021-12-01T17:41:56.549000,1638379715.5420833
11,25,19,25,Random,-9999,cd3e5fd2fa0f1910,2.060999870300293,0.11500000953674316,1638380518.154,19,dawn,watermelon,disgust,dawn,watermelon,dawn,watermelon,disgust,dawn,watermelon,802.6119167804718,2021-12-01T17:41:58.154000,1638379715.5420833
5,8,9,8,Random,-9999,cd3e5fd2fa0f1910,2.0190000534057617,0.24200010299682617,1638380520.339,9,far,near,above,far,near,far,near,above,far,near,804.7969167232513,2021-12-01T17:42:00.339000,1638379715.5420833
1,3,0,3,Random,-9999,cd3e5fd2fa0f1910,1.369999885559082,0.1419999599456787,1638380521.788,0,shoes,dress,pants,shoes,dress,shoes,dress,pants,shoes,dress,806.2459168434143,2021-12-01T17:42:01.788000,1638379715.5420833
14,12,10,10,Random,-9999,cd3e5fd2fa0f1910,1.5,0.0820000171661377,1638380523.369,12,fearful,angry,sad,angry,fearful,fearful,angry,sad,angry,fearful,807.8269166946411,2021-12-01T17:42:03.369000,1638379715.5420833
1,20,27,20,Random,-9999,cd3e5fd2fa0f1910,1.7049999237060547,0.07899999618530273,1638380525.154,27,beach,dusk,pants,beach,dusk,beach,dusk,pants,beach,dusk,809.6119167804718,2021-12-01T17:42:05.154000,1638379715.5420833
0,15,10,15,Random,-9999,16eea7def72b59e2,9.033999919891357,0.08300018310546875,1638380525.739,10,blueberry,angry,dress,blueberry,angry,blueberry,angry,dress,blueberry,angry,810.1969168186188,2021-12-01T17:42:05.739000,1638379715.5420833
2,23,26,23,Random,-9999,cd3e5fd2fa0f1910,1.6719999313354492,0.08100008964538574,1638380526.904,26,sky,day,shirt,sky,day,sky,day,shirt,sky,day,811.3619167804718,2021-12-01T17:42:06.904000,1638379715.5420833
3,1,16,1,Random,-9999,16eea7def72b59e2,1.305999994277954,0.16199994087219238,1638380527.131,16,pants,lemon,shoes,pants,lemon,pants,lemon,shoes,pants,lemon,811.5889167785645,2021-12-01T17:42:07.131000,1638379715.5420833
17,5,26,26,Random,-9999,16eea7def72b59e2,2.6499998569488525,0.08100008964538574,1638380529.922,5,above,day,mango,day,above,above,day,mango,day,above,814.3799166679382,2021-12-01T17:42:09.922000,1638379715.5420833
16,12,21,21,Random,-9999,cd3e5fd2fa0f1910,2.7699999809265137,0.26600003242492676,1638380529.994,12,fearful,field,lemon,field,fearful,fearful,field,lemon,field,fearful,814.4519166946411,2021-12-01T17:42:09.994000,1638379715.5420833
3,4,11,4,Random,-9999,cd3e5fd2fa0f1910,1.2330000400543213,0.13299989700317383,1638380531.301,11,socks,disgust,shoes,socks,disgust,socks,disgust,shoes,socks,disgust,815.7589168548584,2021-12-01T17:42:11.301000,1638379715.5420833
29,15,11,11,Random,-9999,cd3e5fd2fa0f1910,1.3439998626708984,0.07800006866455078,1638380532.846,15,blueberry,disgust,noon,disgust,blueberry,blueberry,disgust,noon,disgust,blueberry,817.3039166927338,2021-12-01T17:42:12.846000,1638379715.5420833
7,25,2,2,Random,-9999,cd3e5fd2fa0f1910,1.5859999656677246,0.19900012016296387,1638380534.507,25,dawn,shirt,beside,shirt,dawn,dawn,shirt,beside,shirt,dawn,818.9649167060852,2021-12-01T17:42:14.507000,1638379715.5420833
27,5,19,5,Random,-9999,16eea7def72b59e2,5.378999948501587,0.14300012588500977,1638380535.441,19,above,watermelon,dusk,above,watermelon,above,watermelon,dusk,above,watermelon,819.898916721344,2021-12-01T17:42:15.441000,1638379715.5420833
8,6,18,6,Random,-9999,cd3e5fd2fa0f1910,1.4060001373291016,0.07999992370605469,1638380535.994,18,below,strawberry,far,below,strawberry,below,strawberry,far,below,strawberry,820.4519166946411,2021-12-01T17:42:15.994000,1638379715.5420833
12,17,22,22,Random,-9999,cd3e5fd2fa0f1910,1.386000156402588,0.07399988174438477,1638380537.566,17,mango,ocean,fearful,ocean,mango,mango,ocean,fearful,ocean,mango,822.023916721344,2021-12-01T17:42:17.566000,1638379715.5420833
4,1,12,12,Random,-9999,16eea7def72b59e2,3.134999990463257,0.1420001983642578,1638380538.716,1,pants,fearful,socks,fearful,pants,pants,fearful,socks,fearful,pants,823.1739168167114,2021-12-01T17:42:18.716000,1638379715.5420833
6,12,15,12,Random,-9999,cd3e5fd2fa0f1910,1.378000020980835,0.2049999237060547,1638380539.037,15,fearful,blueberry,below,fearful,blueberry,fearful,blueberry,below,fearful,blueberry,823.494916677475,2021-12-01T17:42:19.037000,1638379715.5420833
20,27,3,27,Random,-9999,cd3e5fd2fa0f1910,1.6109998226165771,0.10900020599365234,1638380540.756,3,dusk,shoes,beach,dusk,shoes,dusk,shoes,beach,dusk,shoes,825.2139167785645,2021-12-01T17:42:20.756000,1638379715.5420833
6,22,8,8,Random,-9999,16eea7def72b59e2,2.110999822616577,0.14100003242492676,1638380540.965,22,ocean,far,below,far,ocean,ocean,far,below,far,ocean,825.4229166507721,2021-12-01T17:42:20.965000,1638379715.5420833
13,22,0,22,Random,-9999,cd3e5fd2fa0f1910,1.4869999885559082,0.09599995613098145,1638380542.339,0,ocean,dress,happy,ocean,dress,ocean,dress,happy,ocean,dress,826.7969167232513,2021-12-01T17:42:22.339000,1638379715.5420833
2,13,4,13,Random,-9999,16eea7def72b59e2,1.570000171661377,0.1359999179840088,1638380542.613,4,happy,socks,shirt,happy,socks,happy,socks,shirt,happy,socks,827.0709166526794,2021-12-01T17:42:22.613000,1638379715.5420833
0,10,26,26,Random,-9999,cd3e5fd2fa0f1910,1.4650001525878906,0.07599997520446777,1638380543.879,10,angry,day,dress,day,angry,angry,day,dress,day,angry,828.3369166851044,2021-12-01T17:42:23.879000,1638379715.5420833
29,8,22,8,Random,-9999,16eea7def72b59e2,2.1389999389648438,0.07599997520446777,1638380544.885,22,far,ocean,noon,far,ocean,far,ocean,noon,far,ocean,829.342916727066,2021-12-01T17:42:24.885000,1638379715.5420833
19,15,1,15,Random,-9999,cd3e5fd2fa0f1910,1.253999948501587,0.07200002670288086,1638380545.299,1,blueberry,pants,watermelon,blueberry,pants,blueberry,pants,watermelon,blueberry,pants,829.7569167613983,2021-12-01T17:42:25.299000,1638379715.5420833
3,22,21,21,Random,-9999,cd3e5fd2fa0f1910,1.306999921798706,0.21799993515014648,1638380546.753,22,ocean,field,shoes,field,ocean,ocean,field,shoes,field,ocean,831.2109167575836,2021-12-01T17:42:26.753000,1638379715.5420833
29,25,20,25,Random,-9999,16eea7def72b59e2,2.0749998092651367,0.1380000114440918,1638380547.099,20,dawn,beach,noon,dawn,beach,dawn,beach,noon,dawn,beach,831.5569167137146,2021-12-01T17:42:27.099000,1638379715.5420833
19,26,27,26,Random,-9999,cd3e5fd2fa0f1910,1.567000150680542,0.09500002861022949,1638380548.577,27,day,dusk,watermelon,day,dusk,day,dusk,watermelon,day,dusk,833.034916639328,2021-12-01T17:42:28.577000,1638379715.5420833
26,29,18,29,Random,-9999,cd3e5fd2fa0f1910,1.2130000591278076,0.25799989700317383,1638380549.863,18,noon,strawberry,day,noon,strawberry,noon,strawberry,day,noon,strawberry,834.3209166526794,2021-12-01T17:42:29.863000,1638379715.5420833
10,25,16,25,Random,-9999,cd3e5fd2fa0f1910,1.5709998607635498,0.08299994468688965,1638380551.721,16,dawn,lemon,angry,dawn,lemon,dawn,lemon,angry,dawn,lemon,836.1789166927338,2021-12-01T17:42:31.721000,1638379715.5420833
3,17,24,24,Random,-9999,cd3e5fd2fa0f1910,1.440000057220459,0.28099989891052246,1638380553.307,17,mango,sunset,shoes,sunset,mango,mango,sunset,shoes,sunset,mango,837.7649166584015,2021-12-01T17:42:33.307000,1638379715.5420833
11,25,12,12,Random,-9999,cd3e5fd2fa0f1910,1.3819999694824219,0.14599990844726562,1638380554.764,25,dawn,fearful,disgust,fearful,dawn,dawn,fearful,disgust,fearful,dawn,839.2219166755676,2021-12-01T17:42:34.764000,1638379715.5420833
25,12,15,15,Random,-9999,cd3e5fd2fa0f1910,1.2820000648498535,0.10700011253356934,1638380556.155,12,fearful,blueberry,dawn,blueberry,fearful,fearful,blueberry,dawn,blueberry,fearful,840.6129167079926,2021-12-01T17:42:36.155000,1638379715.5420833
14,3,5,5,Random,-9999,16eea7def72b59e2,9.371000051498413,0.1380000114440918,1638380556.611,3,shoes,above,sad,above,shoes,shoes,above,sad,above,shoes,841.0689167976379,2021-12-01T17:42:36.611000,1638379715.5420833
13,21,19,21,Random,-9999,cd3e5fd2fa0f1910,1.0760002136230469,0.08799982070922852,1638380557.489,19,field,watermelon,happy,field,watermelon,field,watermelon,happy,field,watermelon,841.9469168186188,2021-12-01T17:42:37.489000,1638379715.5420833
8,26,0,0,Random,-9999,cd3e5fd2fa0f1910,0.9000000953674316,0.247999906539917,1638380558.537,26,day,dress,far,dress,day,day,dress,far,dress,day,842.994916677475,2021-12-01T17:42:38.537000,1638379715.5420833
19,29,11,29,Random,-9999,16eea7def72b59e2,2.0380001068115234,0.13899993896484375,1638380558.785,11,noon,disgust,watermelon,noon,disgust,noon,disgust,watermelon,noon,disgust,843.2429168224335,2021-12-01T17:42:38.785000,1638379715.5420833
27,17,2,2,Random,-9999,cd3e5fd2fa0f1910,1.7939999103546143,0.14599990844726562,1638380560.405,17,mango,shirt,dusk,shirt,mango,mango,shirt,dusk,shirt,mango,844.8629167079926,2021-12-01T17:42:40.405000,1638379715.5420833
18,15,26,15,Random,-9999,cd3e5fd2fa0f1910,1.0869998931884766,0.07400012016296387,1638380561.681,26,blueberry,day,strawberry,blueberry,day,blueberry,day,strawberry,blueberry,day,846.1389167308807,2021-12-01T17:42:41.681000,1638379715.5420833
6,17,2,2,Random,-9999,16eea7def72b59e2,3.5959999561309814,0.1359999179840088,1638380562.517,17,mango,shirt,below,shirt,mango,mango,shirt,below,shirt,mango,846.9749166965485,2021-12-01T17:42:42.517000,1638379715.5420833
8,7,25,7,Random,-9999,cd3e5fd2fa0f1910,1.7829999923706055,0.2090001106262207,1638380563.578,25,beside,dawn,far,beside,dawn,beside,dawn,far,beside,dawn,848.0359168052673,2021-12-01T17:42:43.578000,1638379715.5420833
6,7,9,7,Random,-9999,16eea7def72b59e2,2.378000020980835,0.1359999179840088,1638380565.028,9,beside,near,below,beside,near,beside,near,below,beside,near,849.485916852951,2021-12-01T17:42:45.028000,1638379715.5420833
12,29,28,28,Random,-9999,cd3e5fd2fa0f1910,1.3409998416900635,0.2969999313354492,1638380565.356,29,noon,night,fearful,night,noon,noon,night,fearful,night,noon,849.813916683197,2021-12-01T17:42:45.356000,1638379715.5420833
19,11,9,9,Random,-9999,cd3e5fd2fa0f1910,1.444000005722046,0.2350001335144043,1638380566.924,11,disgust,near,watermelon,near,disgust,disgust,near,watermelon,near,disgust,851.3819167613983,2021-12-01T17:42:46.924000,1638379715.5420833
23,1,25,1,Random,-9999,cd3e5fd2fa0f1910,1.319000005722046,0.12299990653991699,1638380568.506,25,pants,dawn,sky,pants,dawn,pants,dawn,sky,pants,dawn,852.9639167785645,2021-12-01T17:42:48.506000,1638379715.5420833
11,9,16,9,Random,-9999,cd3e5fd2fa0f1910,1.6570000648498535,0.2669999599456787,1638380570.24,16,near,lemon,disgust,near,lemon,near,lemon,disgust,near,lemon,854.6979167461395,2021-12-01T17:42:50.240000,1638379715.5420833
19,29,22,22,Random,-9999,16eea7def72b59e2,5.870000123977661,0.14100003242492676,1638380571.046,29,noon,ocean,watermelon,ocean,noon,noon,ocean,watermelon,ocean,noon,855.5039167404175,2021-12-01T17:42:51.046000,1638379715.5420833
10,23,7,7,Random,-9999,cd3e5fd2fa0f1910,1.2390000820159912,0.07800006866455078,1638380571.556,23,sky,beside,angry,beside,sky,sky,beside,angry,beside,sky,856.0139167308807,2021-12-01T17:42:51.556000,1638379715.5420833
21,3,28,3,Random,-9999,cd3e5fd2fa0f1910,1.309000015258789,0.08899998664855957,1638380572.96,28,shoes,night,field,shoes,night,shoes,night,field,shoes,night,857.4179167747498,2021-12-01T17:42:52.960000,1638379715.5420833
13,7,16,16,Random,-9999,cd3e5fd2fa0f1910,1.3270001411437988,0.07799983024597168,1638380574.36,7,beside,lemon,happy,lemon,beside,beside,lemon,happy,lemon,beside,858.8179166316986,2021-12-01T17:42:54.360000,1638379715.5420833
0,8,29,8,Random,-9999,16eea7def72b59e2,4.703999996185303,0.14400005340576172,1638380575.893,29,far,noon,dress,far,noon,far,noon,dress,far,noon,860.3509166240692,2021-12-01T17:42:55.893000,1638379715.5420833
2,5,7,7,Random,-9999,cd3e5fd2fa0f1910,1.9800000190734863,0.07799983024597168,1638380576.495,5,above,beside,shirt,beside,above,above,beside,shirt,beside,above,860.9529166221619,2021-12-01T17:42:56.495000,1638379715.5420833
12,22,8,22,Random,-9999,16eea7def72b59e2,1.7200000286102295,0.13899993896484375,1638380577.689,8,ocean,far,fearful,ocean,far,ocean,far,fearful,ocean,far,862.1469166278839,2021-12-01T17:42:57.689000,1638379715.5420833
0,23,15,23,Random,-9999,cd3e5fd2fa0f1910,1.6499998569488525,0.1400001049041748,1638380578.233,15,sky,blueberry,dress,sky,blueberry,sky,blueberry,dress,sky,blueberry,862.6909167766571,2021-12-01T17:42:58.233000,1638379715.5420833
14,10,20,10,Random,-9999,cd3e5fd2fa0f1910,1.1720001697540283,0.09599995613098145,1638380579.515,20,angry,beach,sad,angry,beach,angry,beach,sad,angry,beach,863.972916841507,2021-12-01T17:42:59.515000,1638379715.5420833
9,3,12,12,Random,-9999,cd3e5fd2fa0f1910,1.3849999904632568,0.125,1638380580.997,3,shoes,fearful,near,fearful,shoes,shoes,fearful,near,fearful,shoes,865.454916715622,2021-12-01T17:43:00.997000,1638379715.5420833
13,26,27,26,Random,-9999,16eea7def72b59e2,3.421999931335449,0.07700014114379883,1638380581.248,27,day,dusk,happy,day,dusk,day,dusk,happy,day,dusk,865.7059166431427,2021-12-01T17:43:01.248000,1638379715.5420833
11,25,21,25,Random,-9999,cd3e5fd2fa0f1910,1.312000036239624,0.0839998722076416,1638380582.398,21,dawn,field,disgust,dawn,field,dawn,field,disgust,dawn,field,866.8559167385101,2021-12-01T17:43:02.398000,1638379715.5420833
4,17,8,8,Random,-9999,cd3e5fd2fa0f1910,1.4150002002716064,0.08699989318847656,1638380583.895,17,mango,far,socks,far,mango,mango,far,socks,far,mango,868.3529167175293,2021-12-01T17:43:03.895000,1638379715.5420833
12,9,11,11,Random,-9999,cd3e5fd2fa0f1910,1.3510000705718994,0.0820000171661377,1638380585.316,9,near,disgust,fearful,disgust,near,near,disgust,fearful,disgust,near,869.773916721344,2021-12-01T17:43:05.316000,1638379715.5420833
6,2,10,2,Random,-9999,cd3e5fd2fa0f1910,1.194000005722046,0.07899999618530273,1638380586.6,10,shirt,angry,below,shirt,angry,shirt,angry,below,shirt,angry,871.0579166412354,2021-12-01T17:43:06.600000,1638379715.5420833
11,22,17,22,Random,-9999,16eea7def72b59e2,5.621999979019165,0.15199995040893555,1638380587.02,17,ocean,mango,disgust,ocean,mango,ocean,mango,disgust,ocean,mango,871.4779167175293,2021-12-01T17:43:07.020000,1638379715.5420833
22,25,6,25,Random,-9999,cd3e5fd2fa0f1910,1.4479999542236328,0.0820000171661377,1638380588.127,6,dawn,below,ocean,dawn,below,dawn,below,ocean,dawn,below,872.5849168300629,2021-12-01T17:43:08.127000,1638379715.5420833
29,8,0,8,Random,-9999,16eea7def72b59e2,1.5160000324249268,0.13400006294250488,1638380588.621,0,far,dress,noon,far,dress,far,dress,noon,far,dress,873.0789167881012,2021-12-01T17:43:08.621000,1638379715.5420833
4,13,17,17,Random,-9999,cd3e5fd2fa0f1910,1.4110000133514404,0.07899999618530273,1638380589.618,13,happy,mango,socks,mango,happy,happy,mango,socks,mango,happy,874.0759167671204,2021-12-01T17:43:09.618000,1638379715.5420833
28,10,27,10,Random,-9999,16eea7def72b59e2,1.321000099182129,0.08599996566772461,1638380590.025,27,angry,dusk,night,angry,dusk,angry,dusk,night,angry,dusk,874.4829168319702,2021-12-01T17:43:10.025000,1638379715.5420833
12,19,9,19,Random,-9999,cd3e5fd2fa0f1910,1.2260000705718994,0.07999992370605469,1638380590.914,9,watermelon,near,fearful,watermelon,near,watermelon,near,fearful,watermelon,near,875.3719167709351,2021-12-01T17:43:10.914000,1638379715.5420833
0,1,10,10,Random,-9999,cd3e5fd2fa0f1910,1.3980000019073486,0.07700014114379883,1638380592.389,1,pants,angry,dress,angry,pants,pants,angry,dress,angry,pants,876.8469166755676,2021-12-01T17:43:12.389000,1638379715.5420833
4,13,16,16,Random,-9999,16eea7def72b59e2,2.319000005722046,0.0820000171661377,1638380592.48,13,happy,lemon,socks,lemon,happy,happy,lemon,socks,lemon,happy,876.9379167556763,2021-12-01T17:43:12.480000,1638379715.5420833
23,3,0,3,Random,-9999,cd3e5fd2fa0f1910,1.6019999980926514,0.07699990272521973,1638380594.077,0,shoes,dress,sky,shoes,dress,shoes,dress,sky,shoes,dress,878.534916639328,2021-12-01T17:43:14.077000,1638379715.5420833
0,1,24,1,Random,-9999,cd3e5fd2fa0f1910,1.1500000953674316,0.07899999618530273,1638380595.308,24,pants,sunset,dress,pants,sunset,pants,sunset,dress,pants,sunset,879.7659168243408,2021-12-01T17:43:15.308000,1638379715.5420833
8,23,28,28,Random,-9999,cd3e5fd2fa0f1910,1.2880001068115234,0.08299994468688965,1638380596.679,23,sky,night,far,night,sky,sky,night,far,night,sky,881.1369166374207,2021-12-01T17:43:16.679000,1638379715.5420833
19,27,22,22,Random,-9999,cd3e5fd2fa0f1910,1.4609999656677246,0.08299994468688965,1638380598.223,27,dusk,ocean,watermelon,ocean,dusk,dusk,ocean,watermelon,ocean,dusk,882.6809167861938,2021-12-01T17:43:18.223000,1638379715.5420833
28,26,15,15,Random,-9999,16eea7def72b59e2,6.51800012588501,0.1380000114440918,1638380599.135,26,day,blueberry,night,blueberry,day,day,blueberry,night,blueberry,day,883.592916727066,2021-12-01T17:43:19.135000,1638379715.5420833
2,28,20,28,Random,-9999,cd3e5fd2fa0f1910,1.375,0.08100008964538574,1638380599.677,20,night,beach,shirt,night,beach,night,beach,shirt,night,beach,884.1349167823792,2021-12-01T17:43:19.677000,1638379715.5420833
19,10,9,10,Random,-9999,cd3e5fd2fa0f1910,1.6710000038146973,0.07999992370605469,1638380601.431,9,angry,near,watermelon,angry,near,angry,near,watermelon,angry,near,885.8889167308807,2021-12-01T17:43:21.431000,1638379715.5420833
3,9,18,9,Random,-9999,16eea7def72b59e2,2.4730000495910645,0.13699984550476074,1638380601.749,18,near,strawberry,shoes,near,strawberry,near,strawberry,shoes,near,strawberry,886.206916809082,2021-12-01T17:43:21.749000,1638379715.5420833
15,9,17,9,Random,-9999,16eea7def72b59e2,1.7300000190734863,0.1419999599456787,1638380603.561,17,near,mango,blueberry,near,mango,near,mango,blueberry,near,mango,888.0189168453217,2021-12-01T17:43:23.561000,1638379715.5420833
12,4,5,5,Random,-9999,cd3e5fd2fa0f1910,2.061000108718872,0.08299994468688965,1638380603.822,4,socks,above,fearful,above,socks,socks,above,fearful,above,socks,888.2799167633057,2021-12-01T17:43:23.822000,1638379715.5420833
20,14,25,25,Random,-9999,cd3e5fd2fa0f1910,1.560999870300293,0.33500003814697266,1638380605.461,14,sad,dawn,beach,dawn,sad,sad,dawn,beach,dawn,sad,889.9189167022705,2021-12-01T17:43:25.461000,1638379715.5420833
1,0,8,0,Random,-9999,cd3e5fd2fa0f1910,1.8919999599456787,0.07599997520446777,1638380607.432,8,dress,far,pants,dress,far,dress,far,pants,dress,far,891.8899166584015,2021-12-01T17:43:27.432000,1638379715.5420833
26,25,24,24,Random,-9999,16eea7def72b59e2,4.289000034332275,0.07800006866455078,1638380607.988,25,dawn,sunset,day,sunset,dawn,dawn,sunset,day,sunset,dawn,892.4459166526794,2021-12-01T17:43:27.988000,1638379715.5420833
14,17,19,19,Random,-9999,cd3e5fd2fa0f1910,1.1349999904632568,0.07999992370605469,1638380608.641,17,mango,watermelon,sad,watermelon,mango,mango,watermelon,sad,watermelon,mango,893.0989167690277,2021-12-01T17:43:28.641000,1638379715.5420833
19,28,25,28,Random,-9999,cd3e5fd2fa0f1910,1.1129999160766602,0.07500004768371582,1638380609.995,25,night,dawn,watermelon,night,dawn,night,dawn,watermelon,night,dawn,894.4529166221619,2021-12-01T17:43:29.995000,1638379715.5420833
25,22,9,22,Random,-9999,cd3e5fd2fa0f1910,0.7940001487731934,0.25099992752075195,1638380610.872,9,ocean,near,dawn,ocean,near,ocean,near,dawn,ocean,near,895.329916715622,2021-12-01T17:43:30.872000,1638379715.5420833
10,14,27,14,Random,-9999,16eea7def72b59e2,2.944999933242798,0.13899993896484375,1638380611.069,27,sad,dusk,angry,sad,dusk,sad,dusk,angry,sad,dusk,895.5269167423248,2021-12-01T17:43:31.069000,1638379715.5420833
28,15,12,12,Random,-9999,cd3e5fd2fa0f1910,0.6980001926422119,0.17699980735778809,1638380611.761,15,blueberry,fearful,night,fearful,blueberry,blueberry,fearful,night,fearful,blueberry,896.2189166545868,2021-12-01T17:43:31.761000,1638379715.5420833
1,5,10,5,Random,-9999,cd3e5fd2fa0f1910,0.812999963760376,0.08699989318847656,1638380612.647,10,above,angry,pants,above,angry,above,angry,pants,above,angry,897.1049168109894,2021-12-01T17:43:32.647000,1638379715.5420833
23,6,12,12,Random,-9999,cd3e5fd2fa0f1910,0.9509999752044678,0.10500001907348633,1638380613.701,6,below,fearful,sky,fearful,below,below,fearful,sky,fearful,below,898.1589167118073,2021-12-01T17:43:33.701000,1638379715.5420833
15,6,13,13,Random,-9999,cd3e5fd2fa0f1910,0.6949999332427979,0.07200002670288086,1638380614.485,6,below,happy,blueberry,happy,below,below,happy,blueberry,happy,below,898.9429166316986,2021-12-01T17:43:34.485000,1638379715.5420833
15,9,6,9,Random,-9999,cd3e5fd2fa0f1910,0.8459999561309814,0.12000012397766113,1638380615.434,6,near,below,blueberry,near,below,near,below,blueberry,near,below,899.8919167518616,2021-12-01T17:43:35.434000,1638379715.5420833
29,16,25,16,Random,-9999,16eea7def72b59e2,4.875,0.1400001049041748,1638380616.084,25,lemon,dawn,noon,lemon,dawn,lemon,dawn,noon,lemon,dawn,900.541916847229,2021-12-01T17:43:36.084000,1638379715.5420833
25,1,29,29,Random,-9999,cd3e5fd2fa0f1910,0.7260000705718994,0.09099984169006348,1638380616.283,1,pants,noon,dawn,noon,pants,pants,noon,dawn,noon,pants,900.7409167289734,2021-12-01T17:43:36.283000,1638379715.5420833
27,1,5,5,Random,-9999,cd3e5fd2fa0f1910,0.818000078201294,0.10599994659423828,1638380617.338,1,pants,above,dusk,above,pants,pants,above,dusk,above,pants,901.7959167957306,2021-12-01T17:43:37.338000,1638379715.5420833
19,26,27,26,Random,-9999,cd3e5fd2fa0f1910,0.7580001354217529,0.2389998435974121,1638380618.17,27,day,dusk,watermelon,day,dusk,day,dusk,watermelon,day,dusk,902.6279168128967,2021-12-01T17:43:38.170000,1638379715.5420833
26,7,9,7,Random,-9999,cd3e5fd2fa0f1910,1.4069998264312744,0.2239999771118164,1638380619.825,9,beside,near,day,beside,near,beside,near,day,beside,near,904.2829167842865,2021-12-01T17:43:39.825000,1638379715.5420833
16,1,4,1,Random,-9999,16eea7def72b59e2,3.9649999141693115,0.13499999046325684,1638380620.187,4,pants,socks,lemon,pants,socks,pants,socks,lemon,pants,socks,904.6449167728424,2021-12-01T17:43:40.187000,1638379715.5420833
13,24,15,15,Random,-9999,cd3e5fd2fa0f1910,1.9199998378753662,0.15200018882751465,1638380622.048,24,sunset,blueberry,happy,blueberry,sunset,sunset,blueberry,happy,blueberry,sunset,906.5059168338776,2021-12-01T17:43:42.048000,1638379715.5420833
2,4,16,4,Random,-9999,16eea7def72b59e2,2.2809998989105225,0.14100003242492676,1638380622.748,16,socks,lemon,shirt,socks,lemon,socks,lemon,shirt,socks,lemon,907.2059166431427,2021-12-01T17:43:42.748000,1638379715.5420833
25,3,21,3,Random,-9999,cd3e5fd2fa0f1910,1.0220000743865967,0.24600005149841309,1638380623.141,21,shoes,field,dawn,shoes,field,shoes,field,dawn,shoes,field,907.5989167690277,2021-12-01T17:43:43.141000,1638379715.5420833
29,24,9,24,Random,-9999,cd3e5fd2fa0f1910,0.8510000705718994,0.07399988174438477,1638380624.144,9,sunset,near,noon,sunset,near,sunset,near,noon,sunset,near,908.6019167900085,2021-12-01T17:43:44.144000,1638379715.5420833
7,1,12,12,Random,-9999,cd3e5fd2fa0f1910,0.6429998874664307,0.14800000190734863,1638380624.858,1,pants,fearful,beside,fearful,pants,pants,fearful,beside,fearful,pants,909.3159167766571,2021-12-01T17:43:44.858000,1638379715.5420833
20,15,6,15,Random,-9999,16eea7def72b59e2,3.9049999713897705,0.2780001163482666,1638380626.941,6,blueberry,below,beach,blueberry,below,blueberry,below,beach,blueberry,below,911.398916721344,2021-12-01T17:43:46.941000,1638379715.5420833
14,28,24,24,Random,-9999,cd3e5fd2fa0f1910,2.1730000972747803,0.07500004768371582,1638380627.286,28,night,sunset,sad,sunset,night,night,sunset,sad,sunset,night,911.7439167499542,2021-12-01T17:43:47.286000,1638379715.5420833
28,7,11,7,Random,-9999,cd3e5fd2fa0f1910,1.6059999465942383,0.2589998245239258,1638380628.973,11,beside,disgust,night,beside,disgust,beside,disgust,night,beside,disgust,913.4309167861938,2021-12-01T17:43:48.973000,1638379715.5420833
16,20,6,20,Random,-9999,16eea7def72b59e2,2.306999921798706,0.28999996185302734,1638380629.487,6,beach,below,lemon,beach,below,beach,below,lemon,beach,below,913.9449167251587,2021-12-01T17:43:49.487000,1638379715.5420833
3,26,9,9,Random,-9999,cd3e5fd2fa0f1910,1.2979998588562012,0.07700014114379883,1638380630.35,26,day,near,shoes,near,day,day,near,shoes,near,day,914.8079166412354,2021-12-01T17:43:50.350000,1638379715.5420833
7,9,6,9,Random,-9999,cd3e5fd2fa0f1910,1.0950000286102295,0.07999992370605469,1638380631.519,6,near,below,beside,near,below,near,below,beside,near,below,915.9769167900085,2021-12-01T17:43:51.519000,1638379715.5420833
23,16,13,16,Random,-9999,cd3e5fd2fa0f1910,0.7389998435974121,0.08700013160705566,1638380632.346,13,lemon,happy,sky,lemon,happy,lemon,happy,sky,lemon,happy,916.8039166927338,2021-12-01T17:43:52.346000,1638379715.5420833
7,16,17,17,Random,-9999,cd3e5fd2fa0f1910,0.7529997825622559,0.07700014114379883,1638380633.174,16,lemon,mango,beside,mango,lemon,lemon,mango,beside,mango,lemon,917.6319167613983,2021-12-01T17:43:53.174000,1638379715.5420833
0,14,24,24,Random,-9999,cd3e5fd2fa0f1910,0.9309999942779541,0.07700014114379883,1638380634.182,14,sad,sunset,dress,sunset,sad,sad,sunset,dress,sunset,sad,918.6399166584015,2021-12-01T17:43:54.182000,1638379715.5420833
10,19,20,19,Random,-9999,cd3e5fd2fa0f1910,0.8659999370574951,0.07599997520446777,1638380635.132,20,watermelon,beach,angry,watermelon,beach,watermelon,beach,angry,watermelon,beach,919.5899167060852,2021-12-01T17:43:55.132000,1638379715.5420833
12,24,20,24,Random,-9999,cd3e5fd2fa0f1910,1.0720000267028809,0.0820000171661377,1638380636.283,20,sunset,beach,fearful,sunset,beach,sunset,beach,fearful,sunset,beach,920.7409167289734,2021-12-01T17:43:56.283000,1638379715.5420833
12,5,14,5,Random,-9999,16eea7def72b59e2,7.216000080108643,0.24300003051757812,1638380636.845,14,above,sad,fearful,above,sad,above,sad,fearful,above,sad,921.302916765213,2021-12-01T17:43:56.845000,1638379715.5420833
6,21,18,18,Random,-9999,cd3e5fd2fa0f1910,1.559999942779541,0.07899999618530273,1638380637.923,21,field,strawberry,below,strawberry,field,field,strawberry,below,strawberry,field,922.3809168338776,2021-12-01T17:43:57.923000,1638379715.5420833
11,3,9,9,Random,-9999,cd3e5fd2fa0f1910,1.2569999694824219,0.08299994468688965,1638380639.452,3,shoes,near,disgust,near,shoes,shoes,near,disgust,near,shoes,923.909916639328,2021-12-01T17:43:59.452000,1638379715.5420833
6,15,8,8,Random,-9999,cd3e5fd2fa0f1910,1.4049999713897705,0.2700002193450928,1638380640.961,15,blueberry,far,below,far,blueberry,blueberry,far,below,far,blueberry,925.4189167022705,2021-12-01T17:44:00.961000,1638379715.5420833
8,16,3,3,Random,-9999,16eea7def72b59e2,4.430999994277954,0.13699984550476074,1638380641.417,16,lemon,shoes,far,shoes,lemon,lemon,shoes,far,shoes,lemon,925.8749167919159,2021-12-01T17:44:01.417000,1638379715.5420833
5,0,8,8,Random,-9999,16eea7def72b59e2,1.11899995803833,0.1400001049041748,1638380642.729,0,dress,far,above,far,dress,dress,far,above,far,dress,927.1869168281555,2021-12-01T17:44:02.729000,1638379715.5420833
17,28,1,28,Random,-9999,cd3e5fd2fa0f1910,1.817000150680542,0.10399985313415527,1638380642.852,1,night,pants,mango,night,pants,night,pants,mango,night,pants,927.3099167346954,2021-12-01T17:44:02.852000,1638379715.5420833
4,24,16,24,Random,-9999,cd3e5fd2fa0f1910,1.8360002040863037,0.2199997901916504,1638380645.014,16,sunset,lemon,socks,sunset,lemon,sunset,lemon,socks,sunset,lemon,929.4719166755676,2021-12-01T17:44:05.014000,1638379715.5420833
0,29,26,26,Random,-9999,16eea7def72b59e2,2.2820000648498535,0.20299983024597168,1638380645.222,29,noon,day,dress,day,noon,noon,day,dress,day,noon,929.6799166202545,2021-12-01T17:44:05.222000,1638379715.5420833
22,6,25,25,Random,-9999,cd3e5fd2fa0f1910,1.0999999046325684,0.33699989318847656,1638380646.351,6,below,dawn,ocean,dawn,below,below,dawn,ocean,dawn,below,930.8089168071747,2021-12-01T17:44:06.351000,1638379715.5420833
9,28,2,2,Random,-9999,16eea7def72b59e2,2.3410000801086426,0.2070000171661377,1638380647.705,28,night,shirt,near,shirt,night,night,shirt,near,shirt,night,932.1629166603088,2021-12-01T17:44:07.705000,1638379715.5420833
6,29,11,29,Random,-9999,cd3e5fd2fa0f1910,1.3619999885559082,0.08700013160705566,1638380647.833,11,noon,disgust,below,noon,disgust,noon,disgust,below,noon,disgust,932.2909166812897,2021-12-01T17:44:07.833000,1638379715.5420833
5,16,4,16,Random,-9999,16eea7def72b59e2,1.875,0.1380000114440918,1638380649.661,4,lemon,socks,above,lemon,socks,lemon,socks,above,lemon,socks,934.1189167499542,2021-12-01T17:44:09.661000,1638379715.5420833
20,0,11,0,Random,-9999,cd3e5fd2fa0f1910,1.7680001258850098,0.1099998950958252,1638380649.672,11,dress,disgust,beach,dress,disgust,dress,disgust,beach,dress,disgust,934.1299166679382,2021-12-01T17:44:09.672000,1638379715.5420833
28,17,4,17,Random,-9999,16eea7def72b59e2,1.363999843597412,0.10199999809265137,1638380651.125,4,mango,socks,night,mango,socks,mango,socks,night,mango,socks,935.5829167366028,2021-12-01T17:44:11.125000,1638379715.5420833
24,0,17,0,Random,-9999,cd3e5fd2fa0f1910,1.3600001335144043,0.15999984741210938,1638380651.193,17,dress,mango,sunset,dress,mango,dress,mango,sunset,dress,mango,935.6509168148041,2021-12-01T17:44:11.193000,1638379715.5420833
26,14,12,12,Random,-9999,cd3e5fd2fa0f1910,1.5049998760223389,0.07400012016296387,1638380652.781,14,sad,fearful,day,fearful,sad,sad,fearful,day,fearful,sad,937.2389166355133,2021-12-01T17:44:12.781000,1638379715.5420833
20,0,4,0,Random,-9999,cd3e5fd2fa0f1910,1.2599999904632568,0.09000015258789062,1638380654.142,4,dress,socks,beach,dress,socks,dress,socks,beach,dress,socks,938.5999166965485,2021-12-01T17:44:14.142000,1638379715.5420833
17,22,21,21,Random,-9999,16eea7def72b59e2,3.696000099182129,0.07999992370605469,1638380654.968,22,ocean,field,mango,field,ocean,ocean,field,mango,field,ocean,939.4259166717529,2021-12-01T17:44:14.968000,1638379715.5420833
26,8,22,22,Random,-9999,cd3e5fd2fa0f1910,1.7100000381469727,0.0970001220703125,1638380655.926,8,far,ocean,day,ocean,far,far,ocean,day,ocean,far,940.3839168548584,2021-12-01T17:44:15.926000,1638379715.5420833
11,14,25,14,Random,-9999,16eea7def72b59e2,1.2609999179840088,0.1510000228881836,1638380656.365,25,sad,dawn,disgust,sad,dawn,sad,dawn,disgust,sad,dawn,940.8229167461395,2021-12-01T17:44:16.365000,1638379715.5420833
11,6,4,6,Random,-9999,cd3e5fd2fa0f1910,1.503000020980835,0.08099985122680664,1638380657.512,4,below,socks,disgust,below,socks,below,socks,disgust,below,socks,941.9699168205261,2021-12-01T17:44:17.512000,1638379715.5420833
19,9,14,14,Random,-9999,16eea7def72b59e2,1.3670001029968262,0.13099980354309082,1638380657.81,9,near,sad,watermelon,sad,near,near,sad,watermelon,sad,near,942.2679166793823,2021-12-01T17:44:17.810000,1638379715.5420833
19,8,26,26,Random,-9999,cd3e5fd2fa0f1910,1.2950000762939453,0.07699990272521973,1638380658.881,8,far,day,watermelon,day,far,far,day,watermelon,day,far,943.3389167785645,2021-12-01T17:44:18.881000,1638379715.5420833
28,0,18,0,Random,-9999,cd3e5fd2fa0f1910,1.312999963760376,0.07699990272521973,1638380660.501,18,dress,strawberry,night,dress,strawberry,dress,strawberry,night,dress,strawberry,944.9589166641235,2021-12-01T17:44:20.501000,1638379715.5420833
8,29,0,29,Random,-9999,cd3e5fd2fa0f1910,1.3029999732971191,0.3040001392364502,1638380662.002,0,noon,dress,far,noon,dress,noon,dress,far,noon,dress,946.4599168300629,2021-12-01T17:44:22.002000,1638379715.5420833
2,26,19,26,Random,-9999,cd3e5fd2fa0f1910,1.2579998970031738,0.2200000286102295,1638380663.574,19,day,watermelon,shirt,day,watermelon,day,watermelon,shirt,day,watermelon,948.0319166183472,2021-12-01T17:44:23.574000,1638379715.5420833
28,18,11,11,Random,-9999,16eea7def72b59e2,6.330000162124634,0.08299994468688965,1638380664.405,18,strawberry,disgust,night,disgust,strawberry,strawberry,disgust,night,disgust,strawberry,948.8629167079926,2021-12-01T17:44:24.405000,1638379715.5420833
21,13,27,27,Random,-9999,cd3e5fd2fa0f1910,0.8569998741149902,0.29200005531311035,1638380664.623,13,happy,dusk,field,dusk,happy,happy,dusk,field,dusk,happy,949.0809166431427,2021-12-01T17:44:24.623000,1638379715.5420833
26,12,2,12,Random,-9999,cd3e5fd2fa0f1910,0.6800000667572021,0.2109999656677246,1638380665.396,2,fearful,shirt,day,fearful,shirt,fearful,shirt,day,fearful,shirt,949.85391664505,2021-12-01T17:44:25.396000,1638379715.5420833
19,17,9,17,Random,-9999,cd3e5fd2fa0f1910,0.7599999904632568,0.29200005531311035,1638380666.449,9,mango,near,watermelon,mango,near,mango,near,watermelon,mango,near,950.9069166183472,2021-12-01T17:44:26.449000,1638379715.5420833
16,13,5,5,Random,-9999,cd3e5fd2fa0f1910,0.7450001239776611,0.28999996185302734,1638380667.484,13,happy,above,lemon,above,happy,happy,above,lemon,above,happy,951.9419167041779,2021-12-01T17:44:27.484000,1638379715.5420833
19,28,20,28,Random,-9999,cd3e5fd2fa0f1910,0.8840000629425049,0.17699980735778809,1638380668.541,20,night,beach,watermelon,night,beach,night,beach,watermelon,night,beach,952.9989166259766,2021-12-01T17:44:28.541000,1638379715.5420833
11,26,18,26,Random,-9999,cd3e5fd2fa0f1910,1.0820000171661377,0.15400004386901855,1638380669.781,18,day,strawberry,disgust,day,strawberry,day,strawberry,disgust,day,strawberry,954.2389166355133,2021-12-01T17:44:29.781000,1638379715.5420833
27,22,6,22,Random,-9999,cd3e5fd2fa0f1910,1.0130000114440918,0.09299993515014648,1638380670.907,6,ocean,below,dusk,ocean,below,ocean,below,dusk,ocean,below,955.3649168014526,2021-12-01T17:44:30.907000,1638379715.5420833
6,12,24,12,Random,-9999,16eea7def72b59e2,6.896999835968018,0.25999999046325684,1638380671.437,24,fearful,sunset,below,fearful,sunset,fearful,sunset,below,fearful,sunset,955.8949167728424,2021-12-01T17:44:31.437000,1638379715.5420833
11,20,17,17,Random,-9999,cd3e5fd2fa0f1910,0.7910001277923584,0.09599995613098145,1638380672.031,20,beach,mango,disgust,mango,beach,beach,mango,disgust,mango,beach,956.4889166355133,2021-12-01T17:44:32.031000,1638379715.5420833
9,3,2,3,Random,-9999,16eea7def72b59e2,1.3509998321533203,0.13900017738342285,1638380672.871,2,shoes,shirt,near,shoes,shirt,shoes,shirt,near,shoes,shirt,957.3289167881012,2021-12-01T17:44:32.871000,1638379715.5420833
28,10,26,10,Random,-9999,cd3e5fd2fa0f1910,0.8179998397827148,0.3450000286102295,1638380673.077,26,angry,day,night,angry,day,angry,day,night,angry,day,957.534916639328,2021-12-01T17:44:33.077000,1638379715.5420833
9,0,3,3,Random,-9999,cd3e5fd2fa0f1910,0.6889998912811279,0.21800017356872559,1638380674.061,0,dress,shoes,near,shoes,dress,dress,shoes,near,shoes,dress,958.5189168453217,2021-12-01T17:44:34.061000,1638379715.5420833
6,11,20,11,Random,-9999,16eea7def72b59e2,1.1670000553131104,0.08100008964538574,1638380674.116,20,disgust,beach,below,disgust,beach,disgust,beach,below,disgust,beach,958.5739166736603,2021-12-01T17:44:34.116000,1638379715.5420833
23,16,11,11,Random,-9999,cd3e5fd2fa0f1910,1.120999813079834,0.3410000801086426,1638380675.303,16,lemon,disgust,sky,disgust,lemon,lemon,disgust,sky,disgust,lemon,959.7609167098999,2021-12-01T17:44:35.303000,1638379715.5420833
23,14,11,14,Random,-9999,cd3e5fd2fa0f1910,0.7760000228881836,0.10000014305114746,1638380676.188,11,sad,disgust,sky,sad,disgust,sad,disgust,sky,sad,disgust,960.6459167003632,2021-12-01T17:44:36.188000,1638379715.5420833
19,0,15,0,Random,-9999,16eea7def72b59e2,2.568000078201294,0.07999992370605469,1638380676.822,15,dress,blueberry,watermelon,dress,blueberry,dress,blueberry,watermelon,dress,blueberry,961.2799167633057,2021-12-01T17:44:36.822000,1638379715.5420833
29,12,3,3,Random,-9999,cd3e5fd2fa0f1910,0.8110001087188721,0.08100008964538574,1638380677.208,12,fearful,shoes,noon,shoes,fearful,fearful,shoes,noon,shoes,fearful,961.6659166812897,2021-12-01T17:44:37.208000,1638379715.5420833
6,19,9,19,Random,-9999,cd3e5fd2fa0f1910,0.8939998149871826,0.21500015258789062,1638380678.255,9,watermelon,near,below,watermelon,near,watermelon,near,below,watermelon,near,962.7129168510437,2021-12-01T17:44:38.255000,1638379715.5420833
12,23,11,11,Random,-9999,16eea7def72b59e2,1.7070000171661377,0.1380000114440918,1638380678.609,23,sky,disgust,fearful,disgust,sky,sky,disgust,fearful,disgust,sky,963.0669167041779,2021-12-01T17:44:38.609000,1638379715.5420833
27,17,22,22,Random,-9999,cd3e5fd2fa0f1910,0.7669999599456787,0.15200018882751465,1638380679.173,17,mango,ocean,dusk,ocean,mango,mango,ocean,dusk,ocean,mango,963.6309168338776,2021-12-01T17:44:39.173000,1638379715.5420833
10,9,14,9,Random,-9999,cd3e5fd2fa0f1910,0.8320000171661377,0.2109999656677246,1638380680.221,14,near,sad,angry,near,sad,near,sad,angry,near,sad,964.6789166927338,2021-12-01T17:44:40.221000,1638379715.5420833
21,10,6,6,Random,-9999,16eea7def72b59e2,2.4709999561309814,0.0820000171661377,1638380681.218,10,angry,below,field,below,angry,angry,below,field,below,angry,965.6759166717529,2021-12-01T17:44:41.218000,1638379715.5420833
7,3,1,3,Random,-9999,cd3e5fd2fa0f1910,0.875999927520752,0.21399998664855957,1638380681.268,1,shoes,pants,beside,shoes,pants,shoes,pants,beside,shoes,pants,965.7259166240692,2021-12-01T17:44:41.268000,1638379715.5420833
20,4,3,3,Random,-9999,cd3e5fd2fa0f1910,0.9210000038146973,0.17100000381469727,1638380682.335,4,socks,shoes,beach,shoes,socks,socks,shoes,beach,shoes,socks,966.7929167747498,2021-12-01T17:44:42.335000,1638379715.5420833
1,3,7,3,Random,-9999,cd3e5fd2fa0f1910,1.133000135421753,0.12599992752075195,1638380683.589,7,shoes,beside,pants,shoes,beside,shoes,beside,pants,shoes,beside,968.0469167232513,2021-12-01T17:44:43.589000,1638379715.5420833
18,3,6,3,Random,-9999,cd3e5fd2fa0f1910,0.7869999408721924,0.08299994468688965,1638380684.453,6,shoes,below,strawberry,shoes,below,shoes,below,strawberry,shoes,below,968.9109168052673,2021-12-01T17:44:44.453000,1638379715.5420833
14,8,25,8,Random,-9999,cd3e5fd2fa0f1910,1.3940000534057617,0.09100008010864258,1638380686.121,25,far,dawn,sad,far,dawn,far,dawn,sad,far,dawn,970.5789167881012,2021-12-01T17:44:46.121000,1638379715.5420833
14,22,26,22,Random,-9999,16eea7def72b59e2,5.2179999351501465,0.1360001564025879,1638380686.577,26,ocean,day,sad,ocean,day,ocean,day,sad,ocean,day,971.034916639328,2021-12-01T17:44:46.577000,1638379715.5420833
13,20,28,20,Random,-9999,cd3e5fd2fa0f1910,0.871999979019165,0.26799988746643066,1638380687.172,28,beach,night,happy,beach,night,beach,night,happy,beach,night,971.6299166679382,2021-12-01T17:44:47.172000,1638379715.5420833
24,13,20,13,Random,-9999,16eea7def72b59e2,1.878000020980835,0.1380000114440918,1638380688.533,20,happy,beach,sunset,happy,beach,happy,beach,sunset,happy,beach,972.9909167289734,2021-12-01T17:44:48.533000,1638379715.5420833
5,29,21,21,Random,-9999,cd3e5fd2fa0f1910,1.9100000858306885,0.17199993133544922,1638380689.417,29,noon,field,above,field,noon,noon,field,above,field,noon,973.8749167919159,2021-12-01T17:44:49.417000,1638379715.5420833
10,27,26,27,Random,-9999,cd3e5fd2fa0f1910,1.1329998970031738,0.3299999237060547,1638380690.837,26,dusk,day,angry,dusk,day,dusk,day,angry,dusk,day,975.2949166297913,2021-12-01T17:44:50.837000,1638379715.5420833
14,20,12,12,Random,-9999,3346087f95e69683,10.110999822616577,0.27300000190734863,1638380691.2,20,beach,fearful,sad,fearful,beach,beach,fearful,sad,fearful,beach,975.6579167842865,2021-12-01T17:44:51.200000,1638379715.5420833
16,1,2,1,Random,-9999,cd3e5fd2fa0f1910,1.1000001430511475,0.2890000343322754,1638380692.008,2,pants,shirt,lemon,pants,shirt,pants,shirt,lemon,pants,shirt,976.465916633606,2021-12-01T17:44:52.008000,1638379715.5420833
6,14,8,8,Random,-9999,cd3e5fd2fa0f1910,0.934999942779541,0.09299993515014648,1638380693.036,14,sad,far,below,far,sad,sad,far,below,far,sad,977.4939167499542,2021-12-01T17:44:53.036000,1638379715.5420833
4,27,19,27,Random,-9999,cd3e5fd2fa0f1910,1.1780002117156982,0.0839998722076416,1638380694.298,19,dusk,watermelon,socks,dusk,watermelon,dusk,watermelon,socks,dusk,watermelon,978.7559168338776,2021-12-01T17:44:54.298000,1638379715.5420833
20,13,6,13,Random,-9999,cd3e5fd2fa0f1910,1.1140000820159912,0.21899986267089844,1638380695.647,6,happy,below,beach,happy,below,happy,below,beach,happy,below,980.1049168109894,2021-12-01T17:44:55.647000,1638379715.5420833
16,21,12,21,Random,-9999,393b05e17d301835,6.135999917984009,0.1640000343322754,1638380695.783,12,field,fearful,lemon,field,fearful,field,fearful,lemon,field,fearful,980.2409167289734,2021-12-01T17:44:55.783000,1638379715.5420833
29,20,6,20,Random,-9999,3346087f95e69683,5.585000038146973,0.22799992561340332,1638380697.005,6,beach,below,noon,beach,below,beach,below,noon,beach,below,981.4629168510437,2021-12-01T17:44:57.005000,1638379715.5420833
18,9,26,26,Random,-9999,cd3e5fd2fa0f1910,1.4210000038146973,0.09599995613098145,1638380697.15,9,near,day,strawberry,day,near,near,day,strawberry,day,near,981.6079168319702,2021-12-01T17:44:57.150000,1638379715.5420833
0,29,9,29,Random,-9999,16eea7def72b59e2,9.585999965667725,0.07999992370605469,1638380698.253,9,noon,near,dress,noon,near,noon,near,dress,noon,near,982.7109167575836,2021-12-01T17:44:58.253000,1638379715.5420833
22,21,8,21,Random,-9999,16eea7def72b59e2,0.4090001583099365,0.13699984550476074,1638380698.746,8,field,far,ocean,field,far,field,far,ocean,field,far,983.2039167881012,2021-12-01T17:44:58.746000,1638379715.5420833
4,8,1,1,Random,-9999,cd3e5fd2fa0f1910,1.6349999904632568,0.07500004768371582,1638380698.857,8,far,pants,socks,pants,far,far,pants,socks,pants,far,983.3149168491364,2021-12-01T17:44:58.857000,1638379715.5420833
5,24,29,29,Random,-9999,16eea7def72b59e2,0.4240000247955322,0.07799983024597168,1638380699.244,24,sunset,noon,above,noon,sunset,sunset,noon,above,noon,sunset,983.7019166946411,2021-12-01T17:44:59.244000,1638379715.5420833
1,16,0,0,Random,-9999,393b05e17d301835,3.69599986076355,0.13000011444091797,1638380699.665,16,lemon,dress,pants,dress,lemon,lemon,dress,pants,dress,lemon,984.1229166984558,2021-12-01T17:44:59.665000,1638379715.5420833
29,28,6,28,Random,-9999,cd3e5fd2fa0f1910,1.319000005722046,0.07500004768371582,1638380700.265,6,night,below,noon,night,below,night,below,noon,night,below,984.722916841507,2021-12-01T17:45:00.265000,1638379715.5420833
22,4,25,4,Random,-9999,16eea7def72b59e2,1.0469999313354492,0.07800006866455078,1638380700.37,25,socks,dawn,ocean,socks,dawn,socks,dawn,ocean,socks,dawn,984.8279166221619,2021-12-01T17:45:00.370000,1638379715.5420833
27,6,21,6,Random,-9999,16eea7def72b59e2,1.2009999752044678,0.08000016212463379,1638380701.65,21,below,field,dusk,below,field,below,field,dusk,below,field,986.1079168319702,2021-12-01T17:45:01.650000,1638379715.5420833
2,19,23,23,Random,-9999,cd3e5fd2fa0f1910,1.3980000019073486,0.08599996566772461,1638380701.854,19,watermelon,sky,shirt,sky,watermelon,watermelon,sky,shirt,sky,watermelon,986.3119168281555,2021-12-01T17:45:01.854000,1638379715.5420833
28,12,14,12,Random,-9999,393b05e17d301835,2.740000009536743,0.12899994850158691,1638380702.536,14,fearful,sad,night,fearful,sad,fearful,sad,night,fearful,sad,986.9939167499542,2021-12-01T17:45:02.536000,1638379715.5420833
19,15,10,10,Random,-9999,16eea7def72b59e2,1.4549999237060547,0.0820000171661377,1638380703.197,15,blueberry,angry,watermelon,angry,blueberry,blueberry,angry,watermelon,angry,blueberry,987.6549167633057,2021-12-01T17:45:03.197000,1638379715.5420833
4,9,24,9,Random,-9999,cd3e5fd2fa0f1910,1.3819999694824219,0.19099998474121094,1638380703.33,24,near,sunset,socks,near,sunset,near,sunset,socks,near,sunset,987.7879166603088,2021-12-01T17:45:03.330000,1638379715.5420833
1,24,20,24,Random,-9999,16eea7def72b59e2,1.3580000400543213,0.08499979972839355,1638380704.629,20,sunset,beach,pants,sunset,beach,sunset,beach,pants,sunset,beach,989.0869166851044,2021-12-01T17:45:04.629000,1638379715.5420833
0,27,25,25,Random,-9999,cd3e5fd2fa0f1910,1.8980000019073486,0.1099998950958252,1638380705.516,27,dusk,dawn,dress,dawn,dusk,dusk,dawn,dress,dawn,dusk,989.9739167690277,2021-12-01T17:45:05.516000,1638379715.5420833
9,22,2,22,Random,-9999,16eea7def72b59e2,1.0480000972747803,0.07999992370605469,1638380705.767,2,ocean,shirt,near,ocean,shirt,ocean,shirt,near,ocean,shirt,990.2249166965485,2021-12-01T17:45:05.767000,1638379715.5420833
7,23,24,24,Random,-9999,3346087f95e69683,8.69700002670288,0.22099995613098145,1638380705.921,23,sky,sunset,beside,sunset,sky,sky,sunset,beside,sunset,sky,990.3789167404175,2021-12-01T17:45:05.921000,1638379715.5420833
1,7,13,7,Random,-9999,cd3e5fd2fa0f1910,0.8450000286102295,0.29600000381469727,1638380706.459,13,beside,happy,pants,beside,happy,beside,happy,pants,beside,happy,990.916916847229,2021-12-01T17:45:06.459000,1638379715.5420833
16,11,5,11,Random,-9999,393b05e17d301835,3.86299991607666,0.13000011444091797,1638380706.529,5,disgust,above,lemon,disgust,above,disgust,above,lemon,disgust,above,990.9869167804718,2021-12-01T17:45:06.529000,1638379715.5420833
17,16,25,16,Random,-9999,16eea7def72b59e2,0.9850001335144043,0.08499979972839355,1638380706.836,25,lemon,dawn,mango,lemon,dawn,lemon,dawn,mango,lemon,dawn,991.2939167022705,2021-12-01T17:45:06.836000,1638379715.5420833
1,21,25,25,Random,-9999,cd3e5fd2fa0f1910,1.001999855041504,0.11500000953674316,1638380707.604,21,field,dawn,pants,dawn,field,field,dawn,pants,dawn,field,992.0619168281555,2021-12-01T17:45:07.604000,1638379715.5420833
25,6,24,6,Random,-9999,16eea7def72b59e2,1.0290000438690186,0.08499979972839355,1638380707.951,24,below,sunset,dawn,below,sunset,below,sunset,dawn,below,sunset,992.4089167118073,2021-12-01T17:45:07.951000,1638379715.5420833
3,8,6,6,Random,-9999,393b05e17d301835,2.3310000896453857,0.13400006294250488,1638380708.991,8,far,below,shoes,below,far,far,below,shoes,below,far,993.4489166736603,2021-12-01T17:45:08.991000,1638379715.5420833
27,20,8,8,Random,-9999,cd3e5fd2fa0f1910,1.5320000648498535,0.10500001907348633,1638380709.232,20,beach,far,dusk,far,beach,beach,far,dusk,far,beach,993.6899168491364,2021-12-01T17:45:09.232000,1638379715.5420833
4,8,0,0,Random,-9999,16eea7def72b59e2,1.069000005722046,0.47699999809265137,1638380709.485,8,far,dress,socks,dress,far,far,dress,socks,dress,far,993.9429166316986,2021-12-01T17:45:09.485000,1638379715.5420833
8,6,19,6,Random,-9999,cd3e5fd2fa0f1910,1.1770000457763672,0.0969998836517334,1638380710.49,19,below,watermelon,far,below,watermelon,below,watermelon,far,below,watermelon,994.9479167461395,2021-12-01T17:45:10.490000,1638379715.5420833
14,0,19,19,Random,-9999,16eea7def72b59e2,1.3959999084472656,0.08800005912780762,1638380710.975,0,dress,watermelon,sad,watermelon,dress,dress,watermelon,sad,watermelon,dress,995.4329166412354,2021-12-01T17:45:10.975000,1638379715.5420833
3,23,11,11,Random,-9999,393b05e17d301835,2.5429999828338623,0.13199996948242188,1638380711.663,23,sky,disgust,shoes,disgust,sky,sky,disgust,shoes,disgust,sky,996.1209168434143,2021-12-01T17:45:11.663000,1638379715.5420833
6,8,21,8,Random,-9999,cd3e5fd2fa0f1910,1.1000001430511475,0.07899999618530273,1638380711.675,21,far,field,below,far,field,far,field,below,far,field,996.1329166889191,2021-12-01T17:45:11.675000,1638379715.5420833
8,9,4,9,Random,-9999,16eea7def72b59e2,1.0480000972747803,0.0820000171661377,1638380712.107,4,near,socks,far,near,socks,near,socks,far,near,socks,996.5649168491364,2021-12-01T17:45:12.107000,1638379715.5420833
26,17,8,8,Random,-9999,cd3e5fd2fa0f1910,1.3439998626708984,0.08299994468688965,1638380713.092,17,mango,far,day,far,mango,mango,far,day,far,mango,997.5499167442322,2021-12-01T17:45:13.092000,1638379715.5420833
18,11,16,16,Random,-9999,16eea7def72b59e2,1.249000072479248,0.08299994468688965,1638380713.583,11,disgust,lemon,strawberry,lemon,disgust,disgust,lemon,strawberry,lemon,disgust,998.0409166812897,2021-12-01T17:45:13.583000,1638379715.5420833
23,27,3,27,Random,-9999,cd3e5fd2fa0f1910,1.5069999694824219,0.07200002670288086,1638380714.707,3,dusk,shoes,sky,dusk,shoes,dusk,shoes,sky,dusk,shoes,999.1649167537689,2021-12-01T17:45:14.707000,1638379715.5420833
5,12,4,4,Random,-9999,16eea7def72b59e2,1.190999984741211,0.23199987411499023,1638380714.858,12,fearful,socks,above,socks,fearful,fearful,socks,above,socks,fearful,999.3159167766571,2021-12-01T17:45:14.858000,1638379715.5420833
8,14,9,9,Random,-9999,cd3e5fd2fa0f1910,1.2960000038146973,0.22800016403198242,1638380716.197,14,sad,near,far,near,sad,sad,near,far,near,sad,1000.6549167633057,2021-12-01T17:45:16.197000,1638379715.5420833
14,16,1,16,Random,-9999,16eea7def72b59e2,1.6029999256134033,0.08100008964538574,1638380716.541,1,lemon,pants,sad,lemon,pants,lemon,pants,sad,lemon,pants,1000.9989166259766,2021-12-01T17:45:16.541000,1638379715.5420833
9,29,15,29,Random,-9999,cd3e5fd2fa0f1910,1.5220000743865967,0.07500004768371582,1638380717.792,15,noon,blueberry,near,noon,blueberry,noon,blueberry,near,noon,blueberry,1002.2499167919159,2021-12-01T17:45:17.792000,1638379715.5420833
12,6,20,6,Random,-9999,16eea7def72b59e2,1.1390001773834229,0.2049999237060547,1638380717.889,20,below,beach,fearful,below,beach,below,beach,fearful,below,beach,1002.3469166755676,2021-12-01T17:45:17.889000,1638379715.5420833
4,5,28,5,Random,-9999,393b05e17d301835,6.284999847412109,0.12800002098083496,1638380718.079,28,above,night,socks,above,night,above,night,socks,above,night,1002.5369167327881,2021-12-01T17:45:18.079000,1638379715.5420833
7,15,16,16,Random,-9999,3346087f95e69683,12.902999877929688,0.21900010108947754,1638380719.04,15,blueberry,lemon,beside,lemon,blueberry,blueberry,lemon,beside,lemon,blueberry,1003.4979166984558,2021-12-01T17:45:19.040000,1638379715.5420833
17,22,29,29,Random,-9999,cd3e5fd2fa0f1910,1.5150001049041748,0.08299994468688965,1638380719.393,22,ocean,noon,mango,noon,ocean,ocean,noon,mango,noon,ocean,1003.8509166240692,2021-12-01T17:45:19.393000,1638379715.5420833
2,26,24,24,Random,-9999,16eea7def72b59e2,1.4290001392364502,0.08799982070922852,1638380719.404,26,day,sunset,shirt,sunset,day,day,sunset,shirt,sunset,day,1003.8619167804718,2021-12-01T17:45:19.404000,1638379715.5420833
14,6,13,6,Random,-9999,16eea7def72b59e2,1.2339999675750732,0.09299993515014648,1638380720.734,13,below,happy,sad,below,happy,below,happy,sad,below,happy,1005.1919167041779,2021-12-01T17:45:20.734000,1638379715.5420833
8,12,26,12,Random,-9999,cd3e5fd2fa0f1910,1.1589999198913574,0.10199999809265137,1638380720.743,26,fearful,day,far,fearful,day,fearful,day,far,fearful,day,1005.2009167671204,2021-12-01T17:45:20.743000,1638379715.5420833
0,11,15,15,Random,-9999,393b05e17d301835,3.190000057220459,0.13100004196166992,1638380721.397,11,disgust,blueberry,dress,blueberry,disgust,disgust,blueberry,dress,blueberry,disgust,1005.8549168109894,2021-12-01T17:45:21.397000,1638379715.5420833
6,16,8,8,Random,-9999,cd3e5fd2fa0f1910,1.4179999828338623,0.17199993133544922,1638380722.373,16,lemon,far,below,far,lemon,lemon,far,below,far,lemon,1006.8309166431427,2021-12-01T17:45:22.373000,1638379715.5420833
20,12,13,12,Random,-9999,16eea7def72b59e2,2.4659998416900635,0.2090001106262207,1638380723.471,13,fearful,happy,beach,fearful,happy,fearful,happy,beach,fearful,happy,1007.9289166927338,2021-12-01T17:45:23.471000,1638379715.5420833
23,12,29,12,Random,-9999,cd3e5fd2fa0f1910,1.2569999694824219,0.21399998664855957,1638380723.71,29,fearful,noon,sky,fearful,noon,fearful,noon,sky,fearful,noon,1008.1679167747498,2021-12-01T17:45:23.710000,1638379715.5420833
0,14,12,12,Random,-9999,cd3e5fd2fa0f1910,1.3619999885559082,0.07500004768371582,1638380725.197,14,sad,fearful,dress,fearful,sad,sad,fearful,dress,fearful,sad,1009.6549167633057,2021-12-01T17:45:25.197000,1638379715.5420833
22,9,21,21,Random,-9999,393b05e17d301835,3.700000047683716,0.12799978256225586,1638380725.228,9,near,field,ocean,field,near,near,field,ocean,field,near,1009.6859166622162,2021-12-01T17:45:25.228000,1638379715.5420833
16,0,23,0,Random,-9999,cd3e5fd2fa0f1910,1.0889999866485596,0.18899989128112793,1638380726.494,23,dress,sky,lemon,dress,sky,dress,sky,lemon,dress,sky,1010.9519166946411,2021-12-01T17:45:26.494000,1638379715.5420833
22,26,18,26,Random,-9999,16eea7def72b59e2,4.18999981880188,0.1490001678466797,1638380727.802,18,day,strawberry,ocean,day,strawberry,day,strawberry,ocean,day,strawberry,1012.2599167823792,2021-12-01T17:45:27.802000,1638379715.5420833
16,26,1,26,Random,-9999,cd3e5fd2fa0f1910,1.3350000381469727,0.14300012588500977,1638380727.902,1,day,pants,lemon,day,pants,day,pants,lemon,day,pants,1012.3599166870117,2021-12-01T17:45:27.902000,1638379715.5420833
11,15,14,14,Random,-9999,cd3e5fd2fa0f1910,1.2420001029968262,0.18699979782104492,1638380729.334,15,blueberry,sad,disgust,sad,blueberry,blueberry,sad,disgust,sad,blueberry,1013.791916847229,2021-12-01T17:45:29.334000,1638379715.5420833
13,12,11,12,Random,-9999,393b05e17d301835,4.430999994277954,0.13000011444091797,1638380729.783,11,fearful,disgust,happy,fearful,disgust,fearful,disgust,happy,fearful,disgust,1014.2409167289734,2021-12-01T17:45:29.783000,1638379715.5420833
10,2,3,3,Random,-9999,3346087f95e69683,10.996999979019165,0.21499991416931152,1638380730.261,2,shirt,shoes,angry,shoes,shirt,shirt,shoes,angry,shoes,shirt,1014.7189166545868,2021-12-01T17:45:30.261000,1638379715.5420833
15,4,9,9,Random,-9999,cd3e5fd2fa0f1910,1.4900000095367432,0.07599997520446777,1638380730.898,4,socks,near,blueberry,near,socks,socks,near,blueberry,near,socks,1015.3559167385101,2021-12-01T17:45:30.898000,1638379715.5420833
29,12,18,12,Random,-9999,16eea7def72b59e2,3.9539999961853027,0.15400004386901855,1638380731.971,18,fearful,strawberry,noon,fearful,strawberry,fearful,strawberry,noon,fearful,strawberry,1016.4289166927338,2021-12-01T17:45:31.971000,1638379715.5420833
20,17,21,21,Random,-9999,cd3e5fd2fa0f1910,1.5499999523162842,0.07400012016296387,1638380732.522,17,mango,field,beach,field,mango,mango,field,beach,field,mango,1016.9799168109894,2021-12-01T17:45:32.522000,1638379715.5420833
6,22,9,9,Random,-9999,393b05e17d301835,3.0280001163482666,0.12399983406066895,1638380732.936,22,ocean,near,below,near,ocean,ocean,near,below,near,ocean,1017.3939168453217,2021-12-01T17:45:32.936000,1638379715.5420833
28,2,24,2,Random,-9999,16eea7def72b59e2,1.2079999446868896,0.20600008964538574,1638380733.263,24,shirt,sunset,night,shirt,sunset,shirt,sunset,night,shirt,sunset,1017.7209167480469,2021-12-01T17:45:33.263000,1638379715.5420833
22,27,4,27,Random,-9999,cd3e5fd2fa0f1910,1.3299999237060547,0.16199994087219238,1638380734.015,4,dusk,socks,ocean,dusk,socks,dusk,socks,ocean,dusk,socks,1018.472916841507,2021-12-01T17:45:34.015000,1638379715.5420833
2,23,7,23,Random,-9999,16eea7def72b59e2,1.2669999599456787,0.07999992370605469,1638380734.611,7,sky,beside,shirt,sky,beside,sky,beside,shirt,sky,beside,1019.0689167976379,2021-12-01T17:45:34.611000,1638379715.5420833
20,16,18,18,Random,-9999,cd3e5fd2fa0f1910,1.4649999141693115,0.07700014114379883,1638380735.555,16,lemon,strawberry,beach,strawberry,lemon,lemon,strawberry,beach,strawberry,lemon,1020.01291680336,2021-12-01T17:45:35.555000,1638379715.5420833
9,5,16,16,Random,-9999,16eea7def72b59e2,1.2769999504089355,0.0840001106262207,1638380736.004,5,above,lemon,near,lemon,above,above,lemon,near,lemon,above,1020.4619166851044,2021-12-01T17:45:36.004000,1638379715.5420833
15,16,11,11,Random,-9999,3346087f95e69683,6.457000017166138,0.22099995613098145,1638380736.939,16,lemon,disgust,blueberry,disgust,lemon,lemon,disgust,blueberry,disgust,lemon,1021.3969166278839,2021-12-01T17:45:36.939000,1638379715.5420833
24,0,19,0,Random,-9999,16eea7def72b59e2,0.9570000171661377,0.11100006103515625,1638380737.051,19,dress,watermelon,sunset,dress,watermelon,dress,watermelon,sunset,dress,watermelon,1021.5089168548584,2021-12-01T17:45:37.051000,1638379715.5420833
22,19,27,19,Random,-9999,cd3e5fd2fa0f1910,1.2699999809265137,0.09500002861022949,1638380737.064,27,watermelon,dusk,ocean,watermelon,dusk,watermelon,dusk,ocean,watermelon,dusk,1021.5219166278839,2021-12-01T17:45:37.064000,1638379715.5420833
18,4,28,4,Random,-9999,393b05e17d301835,5.562000036239624,0.12599992752075195,1638380738.625,28,socks,night,strawberry,socks,night,socks,night,strawberry,socks,night,1023.0829167366028,2021-12-01T17:45:38.625000,1638379715.5420833
3,26,22,22,Random,-9999,cd3e5fd2fa0f1910,1.3690001964569092,0.21499991416931152,1638380738.635,26,day,ocean,shoes,ocean,day,day,ocean,shoes,ocean,day,1023.092916727066,2021-12-01T17:45:38.635000,1638379715.5420833
23,0,29,0,Random,-9999,16eea7def72b59e2,1.5260000228881836,0.09099984169006348,1638380738.754,29,dress,noon,sky,dress,noon,dress,noon,sky,dress,noon,1023.2119166851044,2021-12-01T17:45:38.754000,1638379715.5420833
11,15,7,7,Random,-9999,16eea7def72b59e2,1.2050001621246338,0.17499995231628418,1638380740.035,15,blueberry,beside,disgust,beside,blueberry,blueberry,beside,disgust,beside,blueberry,1024.4929168224335,2021-12-01T17:45:40.035000,1638379715.5420833
5,2,8,2,Random,-9999,cd3e5fd2fa0f1910,1.3240001201629639,0.21700000762939453,1638380740.141,8,shirt,far,above,shirt,far,shirt,far,above,shirt,far,1024.5989167690277,2021-12-01T17:45:40.141000,1638379715.5420833
27,4,28,28,Random,-9999,3346087f95e69683,3.173999786376953,0.2220001220703125,1638380740.337,4,socks,night,dusk,night,socks,socks,night,dusk,night,socks,1024.7949166297913,2021-12-01T17:45:40.337000,1638379715.5420833
13,9,3,3,Random,-9999,16eea7def72b59e2,1.2239999771118164,0.17799997329711914,1638380741.437,9,near,shoes,happy,shoes,near,near,shoes,happy,shoes,near,1025.8949167728424,2021-12-01T17:45:41.437000,1638379715.5420833
18,3,7,3,Random,-9999,393b05e17d301835,2.932999849319458,0.13100004196166992,1638380741.697,7,shoes,beside,strawberry,shoes,beside,shoes,beside,strawberry,shoes,beside,1026.1549167633057,2021-12-01T17:45:41.697000,1638379715.5420833
20,25,28,25,Random,-9999,cd3e5fd2fa0f1910,1.3640000820159912,0.1789999008178711,1638380741.703,28,dawn,night,beach,dawn,night,dawn,night,beach,dawn,night,1026.1609168052673,2021-12-01T17:45:41.703000,1638379715.5420833
17,21,20,21,Random,-9999,16eea7def72b59e2,1.251999855041504,0.0820000171661377,1638380742.77,20,field,beach,mango,field,beach,field,beach,mango,field,beach,1027.2279167175293,2021-12-01T17:45:42.770000,1638379715.5420833
24,1,23,23,Random,-9999,cd3e5fd2fa0f1910,0.9869999885559082,0.3539998531341553,1638380742.946,1,pants,sky,sunset,sky,pants,pants,sky,sunset,sky,pants,1027.403916835785,2021-12-01T17:45:42.946000,1638379715.5420833
5,28,19,28,Random,-9999,cd3e5fd2fa0f1910,1.247999906539917,0.1100001335144043,1638380744.288,19,night,watermelon,above,night,watermelon,night,watermelon,above,night,watermelon,1028.7459168434143,2021-12-01T17:45:44.288000,1638379715.5420833
22,3,21,3,Random,-9999,3346087f95e69683,3.8529999256134033,0.2220001220703125,1638380744.41,21,shoes,field,ocean,shoes,field,shoes,field,ocean,shoes,field,1028.8679168224335,2021-12-01T17:45:44.410000,1638379715.5420833
13,12,23,23,Random,-9999,393b05e17d301835,2.6969997882843018,0.13900017738342285,1638380744.528,12,fearful,sky,happy,sky,fearful,fearful,sky,happy,sky,fearful,1028.985916852951,2021-12-01T17:45:44.528000,1638379715.5420833
10,4,18,4,Random,-9999,16eea7def72b59e2,2.0850000381469727,0.18799996376037598,1638380745.103,18,socks,strawberry,angry,socks,strawberry,socks,strawberry,angry,socks,strawberry,1029.5609166622162,2021-12-01T17:45:45.103000,1638379715.5420833
10,13,7,7,Random,-9999,cd3e5fd2fa0f1910,1.4630000591278076,0.12100005149841309,1638380745.873,13,happy,beside,angry,beside,happy,happy,beside,angry,beside,happy,1030.3309166431427,2021-12-01T17:45:45.873000,1638379715.5420833
18,4,23,23,Random,-9999,16eea7def72b59e2,2.055999994277954,0.14100003242492676,1638380747.302,4,socks,sky,strawberry,sky,socks,socks,sky,strawberry,sky,socks,1031.7599167823792,2021-12-01T17:45:47.302000,1638379715.5420833
0,28,19,28,Random,-9999,cd3e5fd2fa0f1910,1.5949997901916504,0.3059999942779541,1638380747.777,19,night,watermelon,dress,night,watermelon,night,watermelon,dress,night,watermelon,1032.2349166870117,2021-12-01T17:45:47.777000,1638379715.5420833
26,12,17,17,Random,-9999,393b05e17d301835,4.29800009727478,0.13000011444091797,1638380748.95,12,fearful,mango,day,mango,fearful,fearful,mango,day,mango,fearful,1033.4079167842865,2021-12-01T17:45:48.950000,1638379715.5420833
3,25,7,25,Random,-9999,3346087f95e69683,4.452999830245972,0.2220001220703125,1638380749.08,7,dawn,beside,shoes,dawn,beside,dawn,beside,shoes,dawn,beside,1033.5379166603088,2021-12-01T17:45:49.080000,1638379715.5420833
6,14,15,15,Random,-9999,cd3e5fd2fa0f1910,1.3670001029968262,0.07899999618530273,1638380749.845,14,sad,blueberry,below,blueberry,sad,sad,blueberry,below,blueberry,sad,1034.302916765213,2021-12-01T17:45:49.845000,1638379715.5420833
17,6,2,6,Random,-9999,cd3e5fd2fa0f1910,0.9300000667572021,0.0989999771118164,1638380750.283,2,below,shirt,mango,below,shirt,below,shirt,mango,below,shirt,1034.7409167289734,2021-12-01T17:45:50.283000,1638379715.5420833
17,10,4,4,Random,-9999,cd3e5fd2fa0f1910,0.6889998912811279,0.17799997329711914,1638380751.111,10,angry,socks,mango,socks,angry,angry,socks,mango,socks,angry,1035.568916797638,2021-12-01T17:45:51.111000,1638379715.5420833
28,14,8,8,Random,-9999,cd3e5fd2fa0f1910,0.5600001811981201,0.23399996757507324,1638380751.904,14,sad,far,night,far,sad,sad,far,night,far,sad,1036.3619167804718,2021-12-01T17:45:51.904000,1638379715.5420833
24,28,23,23,Random,-9999,16eea7def72b59e2,4.895999908447266,0.14499998092651367,1638380752.399,28,night,sky,sunset,sky,night,night,sky,sunset,sky,night,1036.8569166660309,2021-12-01T17:45:52.399000,1638379715.5420833
23,10,11,10,Random,-9999,cd3e5fd2fa0f1910,0.6730000972747803,0.08800005912780762,1638380752.669,11,angry,disgust,sky,angry,disgust,angry,disgust,sky,angry,disgust,1037.1269166469574,2021-12-01T17:45:52.669000,1638379715.5420833
6,25,20,20,Random,-9999,cd3e5fd2fa0f1910,0.6050000190734863,0.25799989700317383,1638380753.529,25,dawn,beach,below,beach,dawn,dawn,beach,below,beach,dawn,1037.9869167804718,2021-12-01T17:45:53.529000,1638379715.5420833
4,23,7,23,Random,-9999,3346087f95e69683,4.317999839782715,0.21800017356872559,1638380753.613,7,sky,beside,socks,sky,beside,sky,beside,socks,sky,beside,1038.0709166526794,2021-12-01T17:45:53.613000,1638379715.5420833
9,5,22,5,Random,-9999,cd3e5fd2fa0f1910,0.7150001525878906,0.07399988174438477,1638380754.561,22,above,ocean,near,above,ocean,above,ocean,near,above,ocean,1039.0189168453217,2021-12-01T17:45:54.561000,1638379715.5420833
14,23,9,9,Random,-9999,393b05e17d301835,5.766999959945679,0.12399983406066895,1638380754.841,23,sky,near,sad,near,sky,sky,near,sad,near,sky,1039.2989168167114,2021-12-01T17:45:54.841000,1638379715.5420833
8,22,28,22,Random,-9999,cd3e5fd2fa0f1910,0.554999828338623,0.3190000057220459,1638380755.192,28,ocean,night,far,ocean,night,ocean,night,far,ocean,night,1039.6499166488647,2021-12-01T17:45:55.192000,1638379715.5420833
1,12,15,12,Random,-9999,16eea7def72b59e2,3.066999912261963,0.19900012016296387,1638380755.604,15,fearful,blueberry,pants,fearful,blueberry,fearful,blueberry,pants,fearful,blueberry,1040.0619168281555,2021-12-01T17:45:55.604000,1638379715.5420833
6,15,11,11,Random,-9999,cd3e5fd2fa0f1910,0.7180001735687256,0.09200000762939453,1638380756.064,15,blueberry,disgust,below,disgust,blueberry,blueberry,disgust,below,disgust,blueberry,1040.521916627884,2021-12-01T17:45:56.064000,1638379715.5420833
3,10,9,10,Random,-9999,cd3e5fd2fa0f1910,0.5789999961853027,0.13699984550476074,1638380756.722,9,angry,near,shoes,angry,near,angry,near,shoes,angry,near,1041.1799166202545,2021-12-01T17:45:56.722000,1638379715.5420833
17,11,5,5,Random,-9999,16eea7def72b59e2,1.2450001239776611,0.1380000114440918,1638380756.929,11,disgust,above,mango,above,disgust,disgust,above,mango,above,disgust,1041.3869166374207,2021-12-01T17:45:56.929000,1638379715.5420833
10,21,1,1,Random,-9999,cd3e5fd2fa0f1910,0.6130001544952393,0.08500003814697266,1638380757.472,21,field,pants,angry,pants,field,field,pants,angry,pants,field,1041.9299166202545,2021-12-01T17:45:57.472000,1638379715.5420833
14,20,21,21,Random,-9999,393b05e17d301835,3.054999828338623,0.12900018692016602,1638380758.029,20,beach,field,sad,field,beach,beach,field,sad,field,beach,1042.4869167804718,2021-12-01T17:45:58.029000,1638379715.5420833
15,1,20,20,Random,-9999,cd3e5fd2fa0f1910,0.7369999885559082,0.22699999809265137,1638380758.381,1,pants,beach,blueberry,beach,pants,pants,beach,blueberry,beach,pants,1042.8389167785645,2021-12-01T17:45:58.381000,1638379715.5420833
25,28,3,28,Random,-9999,3346087f95e69683,4.559999942779541,0.21300005912780762,1638380758.395,3,night,shoes,dawn,night,shoes,night,shoes,dawn,night,shoes,1042.8529167175293,2021-12-01T17:45:58.395000,1638379715.5420833
17,3,2,3,Random,-9999,cd3e5fd2fa0f1910,0.7610001564025879,0.09200000762939453,1638380759.249,2,shoes,shirt,mango,shoes,shirt,shoes,shirt,mango,shoes,shirt,1043.706916809082,2021-12-01T17:45:59.249000,1638379715.5420833
20,26,15,26,Random,-9999,393b05e17d301835,1.8239998817443848,0.13000011444091797,1638380759.93,15,day,blueberry,beach,day,blueberry,day,blueberry,beach,day,blueberry,1044.38791680336,2021-12-01T17:45:59.930000,1638379715.5420833
8,2,5,5,Random,-9999,cd3e5fd2fa0f1910,0.8580000400543213,0.08999991416931152,1638380760.254,2,shirt,above,far,above,shirt,shirt,above,far,above,shirt,1044.7119166851044,2021-12-01T17:46:00.254000,1638379715.5420833
14,18,24,24,Random,-9999,cd3e5fd2fa0f1910,1.5269999504089355,0.16000008583068848,1638380761.889,18,strawberry,sunset,sad,sunset,strawberry,strawberry,sunset,sad,sunset,strawberry,1046.3469166755676,2021-12-01T17:46:01.889000,1638379715.5420833
0,11,1,1,Random,-9999,393b05e17d301835,2.310999870300293,0.08300018310546875,1638380762.384,11,disgust,pants,dress,pants,disgust,disgust,pants,dress,pants,disgust,1046.8419167995453,2021-12-01T17:46:02.384000,1638379715.5420833
15,26,10,10,Random,-9999,cd3e5fd2fa0f1910,1.5130000114440918,0.11800003051757812,1638380763.499,26,day,angry,blueberry,angry,day,day,angry,blueberry,angry,day,1047.956916809082,2021-12-01T17:46:03.499000,1638379715.5420833
25,20,24,24,Random,-9999,393b05e17d301835,2.0460000038146973,0.1359999179840088,1638380764.565,20,beach,sunset,dawn,sunset,beach,beach,sunset,dawn,sunset,beach,1049.0229167938232,2021-12-01T17:46:04.565000,1638379715.5420833
23,19,11,19,Random,-9999,cd3e5fd2fa0f1910,1.0739998817443848,0.11500000953674316,1638380764.701,11,watermelon,disgust,sky,watermelon,disgust,watermelon,disgust,sky,watermelon,disgust,1049.1589167118073,2021-12-01T17:46:04.701000,1638379715.5420833
19,28,4,4,Random,-9999,3346087f95e69683,6.54200005531311,0.2200000286102295,1638380765.151,28,night,socks,watermelon,socks,night,night,socks,watermelon,socks,night,1049.608916759491,2021-12-01T17:46:05.151000,1638379715.5420833
20,11,0,0,Random,-9999,cd3e5fd2fa0f1910,1.1390001773834229,0.08899998664855957,1638380766.025,11,disgust,dress,beach,dress,disgust,disgust,dress,beach,dress,disgust,1050.4829168319702,2021-12-01T17:46:06.025000,1638379715.5420833
28,12,6,6,Random,-9999,cd3e5fd2fa0f1910,1.3919999599456787,0.18499994277954102,1638380767.597,12,fearful,below,night,below,fearful,fearful,below,night,below,fearful,1052.0549166202545,2021-12-01T17:46:07.597000,1638379715.5420833
24,9,0,9,Random,-9999,cd3e5fd2fa0f1910,1.3029999732971191,0.18200016021728516,1638380768.974,0,near,dress,sunset,near,dress,near,dress,sunset,near,dress,1053.4319167137146,2021-12-01T17:46:08.974000,1638379715.5420833
0,16,10,16,Random,-9999,393b05e17d301835,4.834000110626221,0.13000011444091797,1638380769.532,10,lemon,angry,dress,lemon,angry,lemon,angry,dress,lemon,angry,1053.9899168014526,2021-12-01T17:46:09.532000,1638379715.5420833
24,11,1,11,Random,-9999,cd3e5fd2fa0f1910,0.685999870300293,0.2070000171661377,1638380769.867,1,disgust,pants,sunset,disgust,pants,disgust,pants,sunset,disgust,pants,1054.3249168395996,2021-12-01T17:46:09.867000,1638379715.5420833
29,21,23,23,Random,-9999,cd3e5fd2fa0f1910,0.6099998950958252,0.07400012016296387,1638380770.807,21,field,sky,noon,sky,field,field,sky,noon,sky,field,1055.2649166584015,2021-12-01T17:46:10.807000,1638379715.5420833
17,25,8,8,Random,-9999,16eea7def72b59e2,14.342000007629395,0.07699990272521973,1638380771.413,25,dawn,far,mango,far,dawn,dawn,far,mango,far,dawn,1055.8709168434143,2021-12-01T17:46:11.413000,1638379715.5420833
20,27,8,27,Random,-9999,cd3e5fd2fa0f1910,0.6379997730255127,0.33300018310546875,1638380771.521,8,dusk,far,beach,dusk,far,dusk,far,beach,dusk,far,1055.97891664505,2021-12-01T17:46:11.521000,1638379715.5420833
13,24,29,24,Random,-9999,393b05e17d301835,2.0859999656677246,0.14699983596801758,1638380771.755,29,sunset,noon,happy,sunset,noon,sunset,noon,happy,sunset,noon,1056.2129168510437,2021-12-01T17:46:11.755000,1638379715.5420833
24,10,9,10,Random,-9999,cd3e5fd2fa0f1910,0.5520000457763672,0.34800004959106445,1638380772.421,9,angry,near,sunset,angry,near,angry,near,sunset,angry,near,1056.8789167404175,2021-12-01T17:46:12.421000,1638379715.5420833
0,19,4,4,Random,-9999,cd3e5fd2fa0f1910,0.5980000495910645,0.07500004768371582,1638380773.1,19,watermelon,socks,dress,socks,watermelon,watermelon,socks,dress,socks,watermelon,1057.5579166412354,2021-12-01T17:46:13.100000,1638379715.5420833
1,8,15,15,Random,-9999,cd3e5fd2fa0f1910,0.5639998912811279,0.08599996566772461,1638380773.89,8,far,blueberry,pants,blueberry,far,far,blueberry,pants,blueberry,far,1058.347916841507,2021-12-01T17:46:13.890000,1638379715.5420833
18,11,9,11,Random,-9999,cd3e5fd2fa0f1910,0.6329998970031738,0.21900010108947754,1638380774.596,9,disgust,near,strawberry,disgust,near,disgust,near,strawberry,disgust,near,1059.0539166927338,2021-12-01T17:46:14.596000,1638379715.5420833
23,28,1,1,Random,-9999,16eea7def72b59e2,3.866999864578247,0.1640000343322754,1638380775.447,28,night,pants,sky,pants,night,night,pants,sky,pants,night,1059.9049167633057,2021-12-01T17:46:15.447000,1638379715.5420833
28,20,24,20,Random,-9999,cd3e5fd2fa0f1910,0.6740000247955322,0.0969998836517334,1638380775.458,24,beach,sunset,night,beach,sunset,beach,sunset,night,beach,sunset,1059.9159166812897,2021-12-01T17:46:15.458000,1638379715.5420833
6,25,28,25,Random,-9999,393b05e17d301835,3.945000171661377,0.12800002098083496,1638380775.825,28,dawn,night,below,dawn,night,dawn,night,below,dawn,night,1060.2829167842865,2021-12-01T17:46:15.825000,1638379715.5420833
16,1,18,18,Random,-9999,393b05e17d301835,1.9639999866485596,0.125,1638380777.949,1,pants,strawberry,lemon,strawberry,pants,pants,strawberry,lemon,strawberry,pants,1062.4069166183472,2021-12-01T17:46:17.949000,1638379715.5420833
23,8,7,7,Random,-9999,16eea7def72b59e2,2.7820000648498535,0.14800000190734863,1638380778.464,8,far,beside,sky,beside,far,far,beside,sky,beside,far,1062.9219167232513,2021-12-01T17:46:18.464000,1638379715.5420833
18,21,26,21,Random,-9999,3346087f95e69683,13.577000141143799,0.22099995613098145,1638380778.95,26,field,day,strawberry,field,day,field,day,strawberry,field,day,1063.4079167842865,2021-12-01T17:46:18.950000,1638379715.5420833
29,0,5,5,Random,-9999,393b05e17d301835,2.0159997940063477,0.1510000228881836,1638380780.08,0,dress,above,noon,above,dress,dress,above,noon,above,dress,1064.5379166603088,2021-12-01T17:46:20.080000,1638379715.5420833
19,10,21,21,Random,-9999,393b05e17d301835,1.8029999732971191,0.1230001449584961,1638380781.956,10,angry,field,watermelon,field,angry,angry,field,watermelon,field,angry,1066.4139168262482,2021-12-01T17:46:21.956000,1638379715.5420833
11,20,14,14,Random,-9999,3346087f95e69683,3.882999897003174,0.21799993515014648,1638380783.056,20,beach,sad,disgust,sad,beach,beach,sad,disgust,sad,beach,1067.5139167308807,2021-12-01T17:46:23.056000,1638379715.5420833
1,0,11,0,Random,-9999,393b05e17d301835,1.5530002117156982,0.07199978828430176,1638380783.574,11,dress,disgust,pants,dress,disgust,dress,disgust,pants,dress,disgust,1068.0319166183472,2021-12-01T17:46:23.574000,1638379715.5420833
23,20,13,20,Random,-9999,16eea7def72b59e2,6.401000022888184,0.23399996757507324,1638380785.022,13,beach,happy,sky,beach,happy,beach,happy,sky,beach,happy,1069.4799168109894,2021-12-01T17:46:25.022000,1638379715.5420833
3,7,18,18,Random,-9999,3346087f95e69683,3.200000047683716,0.22699999809265137,1638380786.478,7,beside,strawberry,shoes,strawberry,beside,beside,strawberry,shoes,strawberry,beside,1070.9359166622162,2021-12-01T17:46:26.478000,1638379715.5420833
3,25,9,9,Random,-9999,16eea7def72b59e2,1.6480000019073486,0.1679999828338623,1638380786.925,25,dawn,near,shoes,near,dawn,dawn,near,shoes,near,dawn,1071.382916688919,2021-12-01T17:46:26.925000,1638379715.5420833
28,7,18,18,Random,-9999,393b05e17d301835,3.560999870300293,0.06699991226196289,1638380787.265,7,beside,strawberry,night,strawberry,beside,beside,strawberry,night,strawberry,beside,1071.722916841507,2021-12-01T17:46:27.265000,1638379715.5420833
18,5,21,5,Random,-9999,16eea7def72b59e2,1.2699999809265137,0.24399995803833008,1638380788.274,21,above,field,strawberry,above,field,above,field,strawberry,above,field,1072.7319166660309,2021-12-01T17:46:28.274000,1638379715.5420833
9,23,17,17,Random,-9999,16eea7def72b59e2,1.9280002117156982,0.24199986457824707,1638380790.659,23,sky,mango,near,mango,sky,sky,mango,near,mango,sky,1075.1169166564941,2021-12-01T17:46:30.659000,1638379715.5420833
19,12,6,6,Random,-9999,393b05e17d301835,3.563999891281128,0.13000011444091797,1638380790.952,12,fearful,below,watermelon,below,fearful,fearful,below,watermelon,below,fearful,1075.409916639328,2021-12-01T17:46:30.952000,1638379715.5420833
6,27,0,27,Random,-9999,3346087f95e69683,4.812999963760376,0.21700000762939453,1638380791.508,0,dusk,dress,below,dusk,dress,dusk,dress,below,dusk,dress,1075.965916633606,2021-12-01T17:46:31.508000,1638379715.5420833
0,14,25,14,Random,-9999,16eea7def72b59e2,1.8900001049041748,0.2929999828338623,1638380792.794,25,sad,dawn,dress,sad,dawn,sad,dawn,dress,sad,dawn,1077.2519166469574,2021-12-01T17:46:32.794000,1638379715.5420833
19,27,10,27,Random,-9999,393b05e17d301835,1.8450000286102295,0.125,1638380792.867,10,dusk,angry,watermelon,dusk,angry,dusk,angry,watermelon,dusk,angry,1077.3249168395996,2021-12-01T17:46:32.867000,1638379715.5420833
29,25,13,13,Random,-9999,16eea7def72b59e2,1.5969998836517334,0.247999906539917,1638380794.47,25,dawn,happy,noon,happy,dawn,dawn,happy,noon,happy,dawn,1078.927916765213,2021-12-01T17:46:34.470000,1638379715.5420833
17,13,28,13,Random,-9999,3346087f95e69683,3.107999801635742,0.21600008010864258,1638380794.833,28,happy,night,mango,happy,night,happy,night,mango,happy,night,1079.2909166812897,2021-12-01T17:46:34.833000,1638379715.5420833
28,8,26,26,Random,-9999,393b05e17d301835,1.944000005722046,0.06599998474121094,1638380794.99,8,far,day,night,day,far,far,day,night,day,far,1079.4479167461395,2021-12-01T17:46:34.990000,1638379715.5420833
10,26,16,26,Random,-9999,16eea7def72b59e2,2.6679999828338623,0.08700013160705566,1638380797.339,16,day,lemon,angry,day,lemon,day,lemon,angry,day,lemon,1081.7969167232513,2021-12-01T17:46:37.339000,1638379715.5420833
14,20,22,22,Random,-9999,393b05e17d301835,3.4819998741149902,0.18500018119812012,1638380798.606,20,beach,ocean,sad,ocean,beach,beach,ocean,sad,ocean,beach,1083.063916683197,2021-12-01T17:46:38.606000,1638379715.5420833
0,1,2,1,Random,-9999,3346087f95e69683,4.567999839782715,0.21800017356872559,1638380799.61,2,pants,shirt,dress,pants,shirt,pants,shirt,dress,pants,shirt,1084.0679166316986,2021-12-01T17:46:39.610000,1638379715.5420833
11,19,2,19,Random,-9999,393b05e17d301835,3.4679999351501465,0.13300013542175293,1638380802.207,2,watermelon,shirt,disgust,watermelon,shirt,watermelon,shirt,disgust,watermelon,shirt,1086.664916753769,2021-12-01T17:46:42.207000,1638379715.5420833
4,26,20,20,Random,-9999,3346087f95e69683,5.424000024795532,0.21399998664855957,1638380805.255,26,day,beach,socks,beach,day,day,beach,socks,beach,day,1089.7129168510437,2021-12-01T17:46:45.255000,1638379715.5420833
28,0,4,4,Random,-9999,393b05e17d301835,3.618000030517578,0.13199996948242188,1638380805.959,0,dress,socks,night,socks,dress,dress,socks,night,socks,dress,1090.416916847229,2021-12-01T17:46:45.959000,1638379715.5420833
13,24,7,24,Random,-9999,3346087f95e69683,2.5160000324249268,0.21700000762939453,1638380807.988,7,sunset,beside,happy,sunset,beside,sunset,beside,happy,sunset,beside,1092.4459166526794,2021-12-01T17:46:47.988000,1638379715.5420833
10,8,1,1,Random,-9999,393b05e17d301835,4.94100022315979,0.12799978256225586,1638380811.026,8,far,pants,angry,pants,far,far,pants,angry,pants,far,1095.483916759491,2021-12-01T17:46:51.026000,1638379715.5420833
17,7,18,18,Random,-9999,3346087f95e69683,2.8499999046325684,0.22600007057189941,1638380811.076,7,beside,strawberry,mango,strawberry,beside,beside,strawberry,mango,strawberry,beside,1095.5339167118073,2021-12-01T17:46:51.076000,1638379715.5420833
18,17,5,5,Random,-9999,16eea7def72b59e2,13.934999942779541,0.20099997520446777,1638380811.424,17,mango,above,strawberry,above,mango,mango,above,strawberry,above,mango,1095.8819167613983,2021-12-01T17:46:51.424000,1638379715.5420833
8,11,15,11,Random,-9999,16eea7def72b59e2,1.5840001106262207,0.1419999599456787,1638380813.099,15,disgust,blueberry,far,disgust,blueberry,disgust,blueberry,far,disgust,blueberry,1097.5569167137146,2021-12-01T17:46:53.099000,1638379715.5420833
9,5,10,5,Random,-9999,393b05e17d301835,3.248999834060669,0.13199996948242188,1638380814.401,10,above,angry,near,above,angry,above,angry,near,above,angry,1098.858916759491,2021-12-01T17:46:54.401000,1638379715.5420833
28,6,10,10,Random,-9999,3346087f95e69683,3.117000102996826,0.22699999809265137,1638380814.41,6,below,angry,night,angry,below,below,angry,night,angry,below,1098.8679168224335,2021-12-01T17:46:54.410000,1638379715.5420833
12,15,8,8,Random,-9999,16eea7def72b59e2,1.6700000762939453,0.08599996566772461,1638380814.847,15,blueberry,far,fearful,far,blueberry,blueberry,far,fearful,far,blueberry,1099.3049166202545,2021-12-01T17:46:54.847000,1638379715.5420833
26,9,10,10,Random,-9999,16eea7def72b59e2,1.555999994277954,0.07599997520446777,1638380816.487,9,near,angry,day,angry,near,near,angry,day,angry,near,1100.9449167251587,2021-12-01T17:46:56.487000,1638379715.5420833
18,1,20,1,Random,-9999,393b05e17d301835,3.6640000343322754,0.125,1638380818.196,20,pants,beach,strawberry,pants,beach,pants,beach,strawberry,pants,beach,1102.653916835785,2021-12-01T17:46:58.196000,1638379715.5420833
8,9,13,13,Random,-9999,163fbb3fcabe5ada,25.115000009536743,0.19700002670288086,1638380818.364,9,near,happy,far,happy,near,near,happy,far,happy,near,1102.8219168186188,2021-12-01T17:46:58.364000,1638379715.5420833
28,1,14,14,Random,-9999,16eea7def72b59e2,2.669999837875366,0.08899998664855957,1638380819.291,1,pants,sad,night,sad,pants,pants,sad,night,sad,pants,1103.7489166259766,2021-12-01T17:46:59.291000,1638379715.5420833
16,23,2,23,Random,-9999,393b05e17d301835,1.933000087738037,0.14700007438659668,1638380820.212,2,sky,shirt,lemon,sky,shirt,sky,shirt,lemon,sky,shirt,1104.6699166297913,2021-12-01T17:47:00.212000,1638379715.5420833
2,26,24,26,Random,-9999,3346087f95e69683,6.757999897003174,0.2200000286102295,1638380821.39,24,day,sunset,shirt,day,sunset,day,sunset,shirt,day,sunset,1105.847916841507,2021-12-01T17:47:01.390000,1638379715.5420833
28,10,6,10,Random,-9999,16eea7def72b59e2,2.120000123977661,0.13400006294250488,1638380821.55,6,angry,below,night,angry,below,angry,below,night,angry,below,1106.007916688919,2021-12-01T17:47:01.550000,1638379715.5420833
7,13,5,5,Random,-9999,393b05e17d301835,2.500999927520752,0.06699991226196289,1638380822.987,13,happy,above,beside,above,happy,happy,above,beside,above,happy,1107.4449167251587,2021-12-01T17:47:02.987000,1638379715.5420833
18,16,19,16,Random,-9999,393b05e17d301835,1.5460000038146973,0.2980000972747803,1638380824.631,19,lemon,watermelon,strawberry,lemon,watermelon,lemon,watermelon,strawberry,lemon,watermelon,1109.0889167785645,2021-12-01T17:47:04.631000,1638379715.5420833
21,1,28,1,Random,-9999,3346087f95e69683,5.781000137329102,0.21799993515014648,1638380827.388,28,pants,night,field,pants,night,pants,night,field,pants,night,1111.8459167480469,2021-12-01T17:47:07.388000,1638379715.5420833
20,16,9,16,Random,-9999,16eea7def72b59e2,7.482000112533569,0.1529998779296875,1638380829.188,9,lemon,near,beach,lemon,near,lemon,near,beach,lemon,near,1113.6459167003632,2021-12-01T17:47:09.188000,1638379715.5420833
20,21,16,21,Random,-9999,16eea7def72b59e2,1.2850000858306885,0.15000009536743164,1638380830.558,16,field,lemon,beach,field,lemon,field,lemon,beach,field,lemon,1115.0159168243408,2021-12-01T17:47:10.558000,1638379715.5420833
26,2,24,24,Random,-9999,393b05e17d301835,7.723999977111816,0.1549999713897705,1638380832.568,2,shirt,sunset,day,sunset,shirt,shirt,sunset,day,sunset,shirt,1117.025916814804,2021-12-01T17:47:12.568000,1638379715.5420833
28,23,20,23,Random,-9999,16eea7def72b59e2,2.6570000648498535,0.07799983024597168,1638380833.355,20,sky,beach,night,sky,beach,sky,beach,night,sky,beach,1117.8129167556763,2021-12-01T17:47:13.355000,1638379715.5420833
27,24,6,24,Random,-9999,3346087f95e69683,6.1579999923706055,0.21799993515014648,1638380833.761,6,sunset,below,dusk,sunset,below,sunset,below,dusk,sunset,below,1118.2189166545868,2021-12-01T17:47:13.761000,1638379715.5420833
10,26,6,6,Random,-9999,393b05e17d301835,1.75600004196167,0.2070000171661377,1638380834.466,26,day,below,angry,below,day,day,below,angry,below,day,1118.9239168167114,2021-12-01T17:47:14.466000,1638379715.5420833
9,12,23,12,Random,-9999,16eea7def72b59e2,1.875,0.1400001049041748,1638380835.309,23,fearful,sky,near,fearful,sky,fearful,sky,near,fearful,sky,1119.7669167518616,2021-12-01T17:47:15.309000,1638379715.5420833
8,16,0,16,Random,-9999,393b05e17d301835,1.948000192642212,0.0690000057220459,1638380836.587,0,lemon,dress,far,lemon,dress,lemon,dress,far,lemon,dress,1121.0449166297913,2021-12-01T17:47:16.587000,1638379715.5420833
29,12,22,12,Random,-9999,163fbb3fcabe5ada,16.907999992370605,1.3930001258850098,1638380836.721,22,fearful,ocean,noon,fearful,ocean,fearful,ocean,noon,fearful,ocean,1121.1789166927338,2021-12-01T17:47:16.721000,1638379715.5420833
10,29,27,27,Random,-9999,3346087f95e69683,3.189000129699707,0.21499991416931152,1638380837.174,29,noon,dusk,angry,dusk,noon,noon,dusk,angry,dusk,noon,1121.6319167613983,2021-12-01T17:47:17.174000,1638379715.5420833
0,23,10,23,Random,-9999,393b05e17d301835,1.874000072479248,0.1699998378753662,1638380838.526,10,sky,angry,dress,sky,angry,sky,angry,dress,sky,angry,1122.983916759491,2021-12-01T17:47:18.526000,1638379715.5420833
8,10,0,10,Random,-9999,163fbb3fcabe5ada,3.5309998989105225,0.1400001049041748,1638380840.393,0,angry,dress,far,angry,dress,angry,dress,far,angry,dress,1124.8509166240692,2021-12-01T17:47:20.393000,1638379715.5420833
13,24,7,7,Random,-9999,163fbb3fcabe5ada,2.259999990463257,0.14499998092651367,1638380842.799,24,sunset,beside,happy,beside,sunset,sunset,beside,happy,beside,sunset,1127.2569167613983,2021-12-01T17:47:22.799000,1638379715.5420833
25,9,17,17,Random,-9999,393b05e17d301835,4.197999954223633,0.06599998474121094,1638380842.852,9,near,mango,dawn,mango,near,near,mango,dawn,mango,near,1127.3099167346954,2021-12-01T17:47:22.852000,1638379715.5420833
25,11,10,11,Random,-9999,16eea7def72b59e2,8.07200002670288,0.07599997520446777,1638380843.518,10,disgust,angry,dawn,disgust,angry,disgust,angry,dawn,disgust,angry,1127.9759166240692,2021-12-01T17:47:23.518000,1638379715.5420833
5,1,14,1,Random,-9999,163fbb3fcabe5ada,1.7090001106262207,0.14400005340576172,1638380844.589,14,pants,sad,above,pants,sad,pants,sad,above,pants,sad,1129.0469167232513,2021-12-01T17:47:24.589000,1638379715.5420833
21,11,22,22,Random,-9999,393b05e17d301835,1.875999927520752,0.12899994850158691,1638380844.8,11,disgust,ocean,field,ocean,disgust,disgust,ocean,field,ocean,disgust,1129.257916688919,2021-12-01T17:47:24.800000,1638379715.5420833
12,3,15,3,Random,-9999,3346087f95e69683,7.962000131607056,0.22300004959106445,1638380845.361,15,shoes,blueberry,fearful,shoes,blueberry,shoes,blueberry,fearful,shoes,blueberry,1129.818916797638,2021-12-01T17:47:25.361000,1638379715.5420833
2,22,9,9,Random,-9999,16eea7def72b59e2,1.8910000324249268,0.14499998092651367,1638380845.493,22,ocean,near,shirt,near,ocean,ocean,near,shirt,near,ocean,1129.9509167671204,2021-12-01T17:47:25.493000,1638379715.5420833
10,11,0,0,Random,-9999,163fbb3fcabe5ada,1.7049999237060547,0.0820000171661377,1638380846.376,11,disgust,dress,angry,dress,disgust,disgust,dress,angry,dress,disgust,1130.8339166641235,2021-12-01T17:47:26.376000,1638379715.5420833
6,7,24,7,Random,-9999,393b05e17d301835,1.5989999771118164,0.0710000991821289,1638380846.47,24,beside,sunset,below,beside,sunset,beside,sunset,below,beside,sunset,1130.927916765213,2021-12-01T17:47:26.470000,1638379715.5420833
0,17,2,17,Random,-9999,16eea7def72b59e2,1.307999849319458,0.07999992370605469,1638380846.881,2,mango,shirt,dress,mango,shirt,mango,shirt,dress,mango,shirt,1131.3389167785645,2021-12-01T17:47:26.881000,1638379715.5420833
19,1,7,1,Random,-9999,393b05e17d301835,1.685999870300293,0.0710000991821289,1638380848.221,7,pants,beside,watermelon,pants,beside,pants,beside,watermelon,pants,beside,1132.6789166927338,2021-12-01T17:47:28.221000,1638379715.5420833
0,29,26,29,Random,-9999,163fbb3fcabe5ada,2.123000144958496,0.09500002861022949,1638380848.645,26,noon,day,dress,noon,day,noon,day,dress,noon,day,1133.1029167175293,2021-12-01T17:47:28.645000,1638379715.5420833
28,3,18,3,Random,-9999,16eea7def72b59e2,1.7409999370574951,0.08000016212463379,1638380848.703,18,shoes,strawberry,night,shoes,strawberry,shoes,strawberry,night,shoes,strawberry,1133.1609168052673,2021-12-01T17:47:28.703000,1638379715.5420833
24,4,17,17,Random,-9999,3346087f95e69683,3.5,0.22900009155273438,1638380849.077,4,socks,mango,sunset,mango,socks,socks,mango,sunset,mango,socks,1133.534916639328,2021-12-01T17:47:29.077000,1638379715.5420833
25,24,13,24,Random,-9999,393b05e17d301835,1.4930000305175781,0.06800007820129395,1638380849.782,13,sunset,happy,dawn,sunset,happy,sunset,happy,dawn,sunset,happy,1134.2399168014526,2021-12-01T17:47:29.782000,1638379715.5420833
7,24,21,24,Random,-9999,16eea7def72b59e2,1.3499999046325684,0.0820000171661377,1638380850.134,21,sunset,field,beside,sunset,field,sunset,field,beside,sunset,field,1134.5919167995453,2021-12-01T17:47:30.134000,1638379715.5420833
22,24,3,3,Random,-9999,16eea7def72b59e2,1.4090001583099365,0.07899999618530273,1638380851.632,24,sunset,shoes,ocean,shoes,sunset,sunset,shoes,ocean,shoes,sunset,1136.0899167060852,2021-12-01T17:47:31.632000,1638379715.5420833
4,22,12,12,Random,-9999,163fbb3fcabe5ada,2.9779999256134033,0.13299989700317383,1638380851.761,22,ocean,fearful,socks,fearful,ocean,ocean,fearful,socks,fearful,ocean,1136.2189166545868,2021-12-01T17:47:31.761000,1638379715.5420833
2,3,0,3,Random,-9999,393b05e17d301835,1.9229998588562012,0.0690000057220459,1638380851.78,0,shoes,dress,shirt,shoes,dress,shoes,dress,shirt,shoes,dress,1136.2379167079926,2021-12-01T17:47:31.780000,1638379715.5420833
20,5,17,5,Random,-9999,16eea7def72b59e2,0.8910000324249268,0.0839998722076416,1638380852.609,17,above,mango,beach,above,mango,above,mango,beach,above,mango,1137.0669167041779,2021-12-01T17:47:32.609000,1638379715.5420833
3,11,8,8,Random,-9999,16eea7def72b59e2,0.4930000305175781,0.08800005912780762,1638380853.191,11,disgust,far,shoes,far,disgust,disgust,far,shoes,far,disgust,1137.648916721344,2021-12-01T17:47:33.191000,1638379715.5420833
27,0,22,22,Random,-9999,16eea7def72b59e2,0.5039999485015869,0.08899998664855957,1638380853.787,0,dress,ocean,dusk,ocean,dress,dress,ocean,dusk,ocean,dress,1138.244916677475,2021-12-01T17:47:33.787000,1638379715.5420833
1,14,12,14,Random,-9999,3346087f95e69683,5.270000219345093,0.2219998836517334,1638380854.576,12,sad,fearful,pants,sad,fearful,sad,fearful,pants,sad,fearful,1139.0339167118073,2021-12-01T17:47:34.576000,1638379715.5420833
0,2,4,2,Random,-9999,16eea7def72b59e2,0.8169999122619629,0.09100008010864258,1638380854.691,4,shirt,socks,dress,shirt,socks,shirt,socks,dress,shirt,socks,1139.148916721344,2021-12-01T17:47:34.691000,1638379715.5420833
22,0,13,0,Random,-9999,16eea7def72b59e2,1.374000072479248,0.08599996566772461,1638380856.14,13,dress,happy,ocean,dress,happy,dress,happy,ocean,dress,happy,1140.597916841507,2021-12-01T17:47:36.140000,1638379715.5420833
22,20,6,20,Random,-9999,393b05e17d301835,4.430999994277954,0.07200002670288086,1638380856.338,6,beach,below,ocean,beach,below,beach,below,ocean,beach,below,1140.7959167957306,2021-12-01T17:47:36.338000,1638379715.5420833
16,20,19,20,Random,-9999,163fbb3fcabe5ada,5.101999998092651,0.14300012588500977,1638380857.008,19,beach,watermelon,lemon,beach,watermelon,beach,watermelon,lemon,beach,watermelon,1141.465916633606,2021-12-01T17:47:37.008000,1638379715.5420833
29,18,6,6,Random,-9999,16eea7def72b59e2,1.8459999561309814,0.08100008964538574,1638380858.066,18,strawberry,below,noon,below,strawberry,strawberry,below,noon,below,strawberry,1142.523916721344,2021-12-01T17:47:38.066000,1638379715.5420833
16,25,6,25,Random,-9999,393b05e17d301835,1.7590000629425049,0.13199996948242188,1638380858.175,6,dawn,below,lemon,dawn,below,dawn,below,lemon,dawn,below,1142.632916688919,2021-12-01T17:47:38.175000,1638379715.5420833
1,29,21,21,Random,-9999,3346087f95e69683,3.75,0.22099995613098145,1638380858.538,29,noon,field,pants,field,noon,noon,field,pants,field,noon,1142.9959168434143,2021-12-01T17:47:38.538000,1638379715.5420833
25,19,0,0,Random,-9999,16eea7def72b59e2,1.5439999103546143,0.07999992370605469,1638380859.69,19,watermelon,dress,dawn,dress,watermelon,watermelon,dress,dawn,dress,watermelon,1144.1479167938232,2021-12-01T17:47:39.690000,1638379715.5420833
20,19,17,19,Random,-9999,393b05e17d301835,1.7000000476837158,0.07399988174438477,1638380859.948,17,watermelon,mango,beach,watermelon,mango,watermelon,mango,beach,watermelon,mango,1144.4059166908264,2021-12-01T17:47:39.948000,1638379715.5420833
12,22,17,22,Random,-9999,163fbb3fcabe5ada,6.071999788284302,0.1510000228881836,1638380863.227,17,ocean,mango,fearful,ocean,mango,ocean,mango,fearful,ocean,mango,1147.6849167346954,2021-12-01T17:47:43.227000,1638379715.5420833
1,21,20,20,Random,-9999,16eea7def72b59e2,3.8429999351501465,0.07800006866455078,1638380863.666,21,field,beach,pants,beach,field,field,beach,pants,beach,field,1148.1239166259766,2021-12-01T17:47:43.666000,1638379715.5420833
10,5,21,21,Random,-9999,163fbb3fcabe5ada,1.1389999389648438,0.1530001163482666,1638380864.461,5,above,field,angry,field,above,above,field,angry,field,above,1148.9189167022705,2021-12-01T17:47:44.461000,1638379715.5420833
24,2,4,4,Random,-9999,393b05e17d301835,5.069999933242798,0.07400012016296387,1638380865.14,2,shirt,socks,sunset,socks,shirt,shirt,socks,sunset,socks,shirt,1149.597916841507,2021-12-01T17:47:45.140000,1638379715.5420833
21,19,9,19,Random,-9999,163fbb3fcabe5ada,0.9590001106262207,0.08099985122680664,1638380865.502,9,watermelon,near,field,watermelon,near,watermelon,near,field,watermelon,near,1149.9599168300629,2021-12-01T17:47:45.502000,1638379715.5420833
27,29,19,19,Random,-9999,16eea7def72b59e2,3.303999900817871,0.1360001564025879,1638380867.114,29,noon,watermelon,dusk,watermelon,noon,noon,watermelon,dusk,watermelon,noon,1151.5719168186188,2021-12-01T17:47:47.114000,1638379715.5420833
28,12,4,12,Random,-9999,16eea7def72b59e2,1.2239999771118164,0.14100003242492676,1638380868.427,4,fearful,socks,night,fearful,socks,fearful,socks,night,fearful,socks,1152.8849167823792,2021-12-01T17:47:48.427000,1638379715.5420833
11,0,20,20,Random,-9999,393b05e17d301835,3.2119998931884766,0.14499998092651367,1638380868.497,0,dress,beach,disgust,beach,dress,dress,beach,disgust,beach,dress,1152.954916715622,2021-12-01T17:47:48.497000,1638379715.5420833
22,26,3,26,Random,-9999,163fbb3fcabe5ada,3.0969998836517334,0.09800004959106445,1638380868.749,3,day,shoes,ocean,day,shoes,day,shoes,ocean,day,shoes,1153.206916809082,2021-12-01T17:47:48.749000,1638379715.5420833
16,26,14,26,Random,-9999,16eea7def72b59e2,1.059000015258789,0.08500003814697266,1638380869.561,14,day,sad,lemon,day,sad,day,sad,lemon,day,sad,1154.0189168453217,2021-12-01T17:47:49.561000,1638379715.5420833
22,21,13,13,Random,-9999,3346087f95e69683,10.958999872207642,0.21700000762939453,1638380869.732,21,field,happy,ocean,happy,field,field,happy,ocean,happy,field,1154.1899168491364,2021-12-01T17:47:49.732000,1638379715.5420833
9,16,4,4,Random,-9999,16eea7def72b59e2,1.3380000591278076,0.07999992370605469,1638380870.979,16,lemon,socks,near,socks,lemon,lemon,socks,near,socks,lemon,1155.4369168281555,2021-12-01T17:47:50.979000,1638379715.5420833
18,22,0,0,Random,-9999,163fbb3fcabe5ada,2.2239999771118164,0.1380000114440918,1638380871.113,22,ocean,dress,strawberry,dress,ocean,ocean,dress,strawberry,dress,ocean,1155.5709166526794,2021-12-01T17:47:51.113000,1638379715.5420833
26,14,24,24,Random,-9999,393b05e17d301835,2.5859999656677246,0.12599992752075195,1638380871.216,14,sad,sunset,day,sunset,sad,sad,sunset,day,sunset,sad,1155.6739168167114,2021-12-01T17:47:51.216000,1638379715.5420833
18,11,5,5,Random,-9999,393b05e17d301835,1.8360002040863037,0.13199996948242188,1638380873.125,11,disgust,above,strawberry,above,disgust,disgust,above,strawberry,above,disgust,1157.5829167366028,2021-12-01T17:47:53.125000,1638379715.5420833
6,17,15,15,Random,-9999,16eea7def72b59e2,2.6679999828338623,0.07999992370605469,1638380873.782,17,mango,blueberry,below,blueberry,mango,mango,blueberry,below,blueberry,mango,1158.2399168014526,2021-12-01T17:47:53.782000,1638379715.5420833
19,12,28,12,Random,-9999,393b05e17d301835,1.746999979019165,0.07299995422363281,1638380874.941,28,fearful,night,watermelon,fearful,night,fearful,night,watermelon,fearful,night,1159.398916721344,2021-12-01T17:47:54.941000,1638379715.5420833
14,18,7,18,Random,-9999,16eea7def72b59e2,1.5109999179840088,0.13900017738342285,1638380875.378,7,strawberry,beside,sad,strawberry,beside,strawberry,beside,sad,strawberry,beside,1159.8359167575836,2021-12-01T17:47:55.378000,1638379715.5420833
5,26,11,11,Random,-9999,163fbb3fcabe5ada,4.251000165939331,0.1359999179840088,1638380875.503,26,day,disgust,above,disgust,day,day,disgust,above,disgust,day,1159.9609167575836,2021-12-01T17:47:55.503000,1638379715.5420833
23,21,7,7,Random,-9999,3346087f95e69683,6.104999780654907,0.22900009155273438,1638380876.065,21,field,beside,sky,beside,field,field,beside,sky,beside,field,1160.5229167938232,2021-12-01T17:47:56.065000,1638379715.5420833
8,12,3,12,Random,-9999,16eea7def72b59e2,1.321000099182129,0.07699990272521973,1638380876.782,3,fearful,shoes,far,fearful,shoes,fearful,shoes,far,fearful,shoes,1161.2399168014526,2021-12-01T17:47:56.782000,1638379715.5420833
7,21,25,25,Random,-9999,393b05e17d301835,1.934999942779541,0.06699991226196289,1638380876.941,21,field,dawn,beside,dawn,field,field,dawn,beside,dawn,field,1161.398916721344,2021-12-01T17:47:56.941000,1638379715.5420833
23,19,8,19,Random,-9999,3346087f95e69683,2.8519999980926514,0.22600007057189941,1638380879.133,8,watermelon,far,sky,watermelon,far,watermelon,far,sky,watermelon,far,1163.590916633606,2021-12-01T17:47:59.133000,1638379715.5420833
27,3,23,23,Random,-9999,393b05e17d301835,2.4139997959136963,0.06700015068054199,1638380879.479,3,shoes,sky,dusk,sky,shoes,shoes,sky,dusk,sky,shoes,1163.9369168281555,2021-12-01T17:47:59.479000,1638379715.5420833
19,17,7,7,Random,-9999,16eea7def72b59e2,3.4690001010894775,0.08299994468688965,1638380880.388,17,mango,beside,watermelon,beside,mango,mango,beside,watermelon,beside,mango,1164.8459167480469,2021-12-01T17:48:00.388000,1638379715.5420833
29,8,2,8,Random,-9999,393b05e17d301835,1.8859999179840088,0.12400007247924805,1638380881.437,2,far,shirt,noon,far,shirt,far,shirt,noon,far,shirt,1165.8949167728424,2021-12-01T17:48:01.437000,1638379715.5420833
0,29,26,26,Random,-9999,393b05e17d301835,1.933000087738037,0.06800007820129395,1638380883.443,29,noon,day,dress,day,noon,noon,day,dress,day,noon,1167.900916814804,2021-12-01T17:48:03.443000,1638379715.5420833
1,4,18,4,Random,-9999,16eea7def72b59e2,4.289000034332275,0.15999984741210938,1638380884.844,18,socks,strawberry,pants,socks,strawberry,socks,strawberry,pants,socks,strawberry,1169.3019168376923,2021-12-01T17:48:04.844000,1638379715.5420833
21,14,17,17,Random,-9999,393b05e17d301835,1.7630000114440918,0.07299995422363281,1638380885.274,14,sad,mango,field,mango,sad,sad,mango,field,mango,sad,1169.7319166660309,2021-12-01T17:48:05.274000,1638379715.5420833
29,6,12,12,Random,-9999,3346087f95e69683,8.065000057220459,0.2200000286102295,1638380887.422,6,below,fearful,noon,fearful,below,below,fearful,noon,fearful,below,1171.8799166679382,2021-12-01T17:48:07.422000,1638379715.5420833
8,21,29,21,Random,-9999,393b05e17d301835,2.0840001106262207,0.06699991226196289,1638380887.477,29,field,noon,far,field,noon,field,noon,far,field,noon,1171.9349167346954,2021-12-01T17:48:07.477000,1638379715.5420833
23,29,11,29,Random,-9999,393b05e17d301835,1.5910000801086426,0.1269998550415039,1638380889.143,11,noon,disgust,sky,noon,disgust,noon,disgust,sky,noon,disgust,1173.6009166240692,2021-12-01T17:48:09.143000,1638379715.5420833
25,18,28,28,Random,-9999,393b05e17d301835,1.7420001029968262,0.07699990272521973,1638380890.963,18,strawberry,night,dawn,night,strawberry,strawberry,night,dawn,night,strawberry,1175.4209167957306,2021-12-01T17:48:10.963000,1638379715.5420833
14,18,16,18,Random,-9999,3346087f95e69683,4.188999891281128,0.2200000286102295,1638380891.834,16,strawberry,lemon,sad,strawberry,lemon,strawberry,lemon,sad,strawberry,lemon,1176.291916847229,2021-12-01T17:48:11.834000,1638379715.5420833
11,22,23,22,Random,-9999,163fbb3fcabe5ada,17.015999794006348,0.1420001983642578,1638380892.662,23,ocean,sky,disgust,ocean,sky,ocean,sky,disgust,ocean,sky,1177.119916677475,2021-12-01T17:48:12.662000,1638379715.5420833
28,19,20,20,Random,-9999,393b05e17d301835,1.7760000228881836,0.07500004768371582,1638380892.815,19,watermelon,beach,night,beach,watermelon,watermelon,beach,night,beach,watermelon,1177.2729167938232,2021-12-01T17:48:12.815000,1638379715.5420833
14,9,16,9,Random,-9999,163fbb3fcabe5ada,1.5139999389648438,0.14300012588500977,1638380894.261,16,near,lemon,sad,near,lemon,near,lemon,sad,near,lemon,1178.7189166545868,2021-12-01T17:48:14.261000,1638379715.5420833
16,12,0,0,Random,-9999,393b05e17d301835,1.8259999752044678,0.07299995422363281,1638380894.706,12,fearful,dress,lemon,dress,fearful,fearful,dress,lemon,dress,fearful,1179.1639168262482,2021-12-01T17:48:14.706000,1638379715.5420833
21,18,20,20,Random,-9999,163fbb3fcabe5ada,1.2130000591278076,0.08599996566772461,1638380895.551,18,strawberry,beach,field,beach,strawberry,strawberry,beach,field,beach,strawberry,1180.0089168548584,2021-12-01T17:48:15.551000,1638379715.5420833
1,16,8,16,Random,-9999,163fbb3fcabe5ada,1.0220000743865967,0.07599997520446777,1638380896.656,8,lemon,far,pants,lemon,far,lemon,far,pants,lemon,far,1181.1139166355133,2021-12-01T17:48:16.656000,1638379715.5420833
1,20,26,20,Random,-9999,393b05e17d301835,1.9089999198913574,0.0690000057220459,1638380896.687,26,beach,day,pants,beach,day,beach,day,pants,beach,day,1181.1449167728424,2021-12-01T17:48:16.687000,1638379715.5420833
0,28,3,3,Random,-9999,3346087f95e69683,5.181999921798706,0.2239999771118164,1638380897.224,28,night,shoes,dress,shoes,night,night,shoes,dress,shoes,night,1181.6819167137146,2021-12-01T17:48:17.224000,1638379715.5420833
16,1,23,1,Random,-9999,163fbb3fcabe5ada,0.9920001029968262,0.08099985122680664,1638380897.727,23,pants,sky,lemon,pants,sky,pants,sky,lemon,pants,sky,1182.1849167346954,2021-12-01T17:48:17.727000,1638379715.5420833
15,23,28,23,Random,-9999,163fbb3fcabe5ada,0.7790000438690186,0.08300018310546875,1638380898.581,28,sky,night,blueberry,sky,night,sky,night,blueberry,sky,night,1183.0389168262482,2021-12-01T17:48:18.581000,1638379715.5420833
22,21,14,14,Random,-9999,393b05e17d301835,1.9530000686645508,0.0710000991821289,1638380898.813,21,field,sad,ocean,sad,field,field,sad,ocean,sad,field,1183.2709167003632,2021-12-01T17:48:18.813000,1638379715.5420833
29,16,10,10,Random,-9999,16eea7def72b59e2,14.13100004196167,0.14499998092651367,1638380899.55,16,lemon,angry,noon,angry,lemon,lemon,angry,noon,angry,lemon,1184.007916688919,2021-12-01T17:48:19.550000,1638379715.5420833
9,28,14,14,Random,-9999,163fbb3fcabe5ada,1.0160000324249268,0.07299995422363281,1638380899.678,28,night,sad,near,sad,night,night,sad,near,sad,night,1184.1359167099,2021-12-01T17:48:19.678000,1638379715.5420833
8,15,29,29,Random,-9999,16eea7def72b59e2,0.2799999713897705,0.5780000686645508,1638380899.91,15,blueberry,noon,far,noon,blueberry,blueberry,noon,far,noon,blueberry,1184.3679168224335,2021-12-01T17:48:19.910000,1638379715.5420833
27,25,9,25,Random,-9999,393b05e17d301835,1.8299999237060547,0.16299986839294434,1638380900.714,9,dawn,near,dusk,dawn,near,dawn,near,dusk,dawn,near,1185.1719167232513,2021-12-01T17:48:20.714000,1638379715.5420833
22,15,7,15,Random,-9999,16eea7def72b59e2,0.9800000190734863,0.07700014114379883,1638380900.968,7,blueberry,beside,ocean,blueberry,beside,blueberry,beside,ocean,blueberry,beside,1185.425916671753,2021-12-01T17:48:20.968000,1638379715.5420833
5,20,3,20,Random,-9999,163fbb3fcabe5ada,1.6970000267028809,0.08299994468688965,1638380901.459,3,beach,shoes,above,beach,shoes,beach,shoes,above,beach,shoes,1185.916916847229,2021-12-01T17:48:21.459000,1638379715.5420833
25,21,26,21,Random,-9999,16eea7def72b59e2,0.9429998397827148,0.07899999618530273,1638380901.994,26,field,day,dawn,field,day,field,day,dawn,field,day,1186.451916694641,2021-12-01T17:48:21.994000,1638379715.5420833
18,28,20,20,Random,-9999,3346087f95e69683,4.939000129699707,0.2109999656677246,1638380902.385,28,night,beach,strawberry,beach,night,night,beach,strawberry,beach,night,1186.842916727066,2021-12-01T17:48:22.385000,1638379715.5420833
7,15,2,15,Random,-9999,393b05e17d301835,2.2070000171661377,0.07800006866455078,1638380903.049,2,blueberry,shirt,beside,blueberry,shirt,blueberry,shirt,beside,blueberry,shirt,1187.5069167613983,2021-12-01T17:48:23.049000,1638379715.5420833
3,22,24,22,Random,-9999,16eea7def72b59e2,1.5850000381469727,0.0840001106262207,1638380903.667,24,ocean,sunset,shoes,ocean,sunset,ocean,sunset,shoes,ocean,sunset,1188.124916791916,2021-12-01T17:48:23.667000,1638379715.5420833
19,5,16,16,Random,-9999,393b05e17d301835,1.7139999866485596,0.13700008392333984,1638380904.845,5,above,lemon,watermelon,lemon,above,above,lemon,watermelon,lemon,above,1189.302916765213,2021-12-01T17:48:24.845000,1638379715.5420833
15,17,13,13,Random,-9999,16eea7def72b59e2,1.3560001850128174,0.0839998722076416,1638380905.097,17,mango,happy,blueberry,happy,mango,mango,happy,blueberry,happy,mango,1189.5549166202545,2021-12-01T17:48:25.097000,1638379715.5420833
1,16,17,17,Random,-9999,163fbb3fcabe5ada,3.9830000400543213,0.08500003814697266,1638380905.586,16,lemon,mango,pants,mango,lemon,lemon,mango,pants,mango,lemon,1190.0439167022705,2021-12-01T17:48:25.586000,1638379715.5420833
7,29,25,29,Random,-9999,163fbb3fcabe5ada,0.6830000877380371,0.14599990844726562,1638380906.357,25,noon,dawn,beside,noon,dawn,noon,dawn,beside,noon,dawn,1190.8149168491364,2021-12-01T17:48:26.357000,1638379715.5420833
3,12,9,12,Random,-9999,393b05e17d301835,1.8259999752044678,0.07200002670288086,1638380906.736,9,fearful,near,shoes,fearful,near,fearful,near,shoes,fearful,near,1191.193916797638,2021-12-01T17:48:26.736000,1638379715.5420833
1,21,23,23,Random,-9999,16eea7def72b59e2,2.068000078201294,0.07699990272521973,1638380907.242,21,field,sky,pants,sky,field,field,sky,pants,sky,field,1191.6999168395996,2021-12-01T17:48:27.242000,1638379715.5420833
20,26,13,26,Random,-9999,3346087f95e69683,4.8470001220703125,0.22499990463256836,1638380907.454,13,day,happy,beach,day,happy,day,happy,beach,day,happy,1191.911916732788,2021-12-01T17:48:27.454000,1638379715.5420833
25,4,17,4,Random,-9999,393b05e17d301835,1.9780001640319824,0.0709998607635498,1638380908.865,17,socks,mango,dawn,socks,mango,socks,mango,dawn,socks,mango,1193.3229167461395,2021-12-01T17:48:28.865000,1638379715.5420833
7,5,28,28,Random,-9999,163fbb3fcabe5ada,2.5460000038146973,0.08599996566772461,1638380909.047,5,above,night,beside,night,above,above,night,beside,night,above,1193.5049166679382,2021-12-01T17:48:29.047000,1638379715.5420833
13,0,29,29,Random,-9999,3346087f95e69683,2.178999900817871,0.21700000762939453,1638380909.853,0,dress,noon,happy,noon,dress,dress,noon,happy,noon,dress,1194.3109166622162,2021-12-01T17:48:29.853000,1638379715.5420833
16,28,14,14,Random,-9999,163fbb3fcabe5ada,1.810999870300293,0.14700007438659668,1638380910.941,28,night,sad,lemon,sad,night,night,sad,lemon,sad,night,1195.398916721344,2021-12-01T17:48:30.941000,1638379715.5420833
29,9,13,13,Random,-9999,393b05e17d301835,2.302000045776367,0.13499999046325684,1638380911.286,9,near,happy,noon,happy,near,near,happy,noon,happy,near,1195.7439167499542,2021-12-01T17:48:31.286000,1638379715.5420833
25,12,26,12,Random,-9999,16eea7def72b59e2,3.999000072479248,0.12899994850158691,1638380911.428,26,fearful,day,dawn,fearful,day,fearful,day,dawn,fearful,day,1195.8859167099,2021-12-01T17:48:31.428000,1638379715.5420833
6,23,22,22,Random,-9999,3346087f95e69683,3.0759999752044678,0.21600008010864258,1638380913.149,23,sky,ocean,below,ocean,sky,sky,ocean,below,ocean,sky,1197.6069166660309,2021-12-01T17:48:33.149000,1638379715.5420833
12,18,13,18,Random,-9999,16eea7def72b59e2,1.8559999465942383,0.13499999046325684,1638380913.367,13,strawberry,happy,fearful,strawberry,happy,strawberry,happy,fearful,strawberry,happy,1197.8249168395996,2021-12-01T17:48:33.367000,1638379715.5420833
23,6,0,0,Random,-9999,393b05e17d301835,2.117000102996826,0.13399982452392578,1638380913.53,6,below,dress,sky,dress,below,below,dress,sky,dress,below,1197.9879167079926,2021-12-01T17:48:33.530000,1638379715.5420833
28,10,20,10,Random,-9999,16eea7def72b59e2,1.6060001850128174,0.0839998722076416,1638380915.052,20,angry,beach,night,angry,beach,angry,beach,night,angry,beach,1199.5099167823792,2021-12-01T17:48:35.052000,1638379715.5420833
22,3,4,3,Random,-9999,393b05e17d301835,2.3380000591278076,0.1269998550415039,1638380915.994,4,shoes,socks,ocean,shoes,socks,shoes,socks,ocean,shoes,socks,1200.451916694641,2021-12-01T17:48:35.994000,1638379715.5420833
1,8,20,20,Random,-9999,16eea7def72b59e2,2.0910000801086426,0.0839998722076416,1638380917.282,8,far,beach,pants,beach,far,far,beach,pants,beach,far,1201.7399168014526,2021-12-01T17:48:37.282000,1638379715.5420833
6,10,13,10,Random,-9999,163fbb3fcabe5ada,6.628999948501587,0.0820000171661377,1638380917.712,13,angry,happy,below,angry,happy,angry,happy,below,angry,happy,1202.1699166297913,2021-12-01T17:48:37.712000,1638379715.5420833
22,13,16,13,Random,-9999,16eea7def72b59e2,1.8859999179840088,0.13700008392333984,1638380919.25,16,happy,lemon,ocean,happy,lemon,happy,lemon,ocean,happy,lemon,1203.7079167366028,2021-12-01T17:48:39.250000,1638379715.5420833
3,5,16,5,Random,-9999,3346087f95e69683,7.176999807357788,0.22300004959106445,1638380920.535,16,above,lemon,shoes,above,lemon,above,lemon,shoes,above,lemon,1204.9929168224335,2021-12-01T17:48:40.535000,1638379715.5420833
29,5,18,5,Random,-9999,163fbb3fcabe5ada,2.990999937057495,0.1419999599456787,1638380920.844,18,above,strawberry,noon,above,strawberry,above,strawberry,noon,above,strawberry,1205.3019168376923,2021-12-01T17:48:40.844000,1638379715.5420833
1,4,15,4,Random,-9999,393b05e17d301835,5.208999872207642,0.1230001449584961,1638380921.336,15,socks,blueberry,pants,socks,blueberry,socks,blueberry,pants,socks,blueberry,1205.7939167022705,2021-12-01T17:48:41.336000,1638379715.5420833
29,15,9,15,Random,-9999,16eea7def72b59e2,2.921999931335449,0.07700014114379883,1638380922.305,9,blueberry,near,noon,blueberry,near,blueberry,near,noon,blueberry,near,1206.76291680336,2021-12-01T17:48:42.305000,1638379715.5420833
2,24,21,24,Random,-9999,163fbb3fcabe5ada,2.676999807357788,0.1420001983642578,1638380923.664,21,sunset,field,shirt,sunset,field,sunset,field,shirt,sunset,field,1208.121916770935,2021-12-01T17:48:43.664000,1638379715.5420833
18,12,19,19,Random,-9999,393b05e17d301835,2.5829999446868896,0.13400006294250488,1638380924.045,12,fearful,watermelon,strawberry,watermelon,fearful,fearful,watermelon,strawberry,watermelon,fearful,1208.5029168128967,2021-12-01T17:48:44.045000,1638379715.5420833
8,27,2,27,Random,-9999,393b05e17d301835,1.7799999713897705,0.127000093460083,1638380925.901,2,dusk,shirt,far,dusk,shirt,dusk,shirt,far,dusk,shirt,1210.358916759491,2021-12-01T17:48:45.901000,1638379715.5420833
18,17,8,8,Random,-9999,163fbb3fcabe5ada,2.120000123977661,0.14499998092651367,1638380925.921,17,mango,far,strawberry,far,mango,mango,far,strawberry,far,mango,1210.3789167404175,2021-12-01T17:48:45.921000,1638379715.5420833
2,10,12,10,Random,-9999,3346087f95e69683,6.247999906539917,0.21400022506713867,1638380927.012,12,angry,fearful,shirt,angry,fearful,angry,fearful,shirt,angry,fearful,1211.4699168205261,2021-12-01T17:48:47.012000,1638379715.5420833
0,6,23,6,Random,-9999,163fbb3fcabe5ada,1.6399998664855957,0.13199996948242188,1638380927.631,23,below,sky,dress,below,sky,below,sky,dress,below,sky,1212.0889167785645,2021-12-01T17:48:47.631000,1638379715.5420833
12,24,7,24,Random,-9999,393b05e17d301835,1.9869999885559082,0.07599997520446777,1638380928.026,7,sunset,beside,fearful,sunset,beside,sunset,beside,fearful,sunset,beside,1212.483916759491,2021-12-01T17:48:48.026000,1638379715.5420833
1,29,25,25,Random,-9999,16eea7def72b59e2,7.479000091552734,0.1380000114440918,1638380929.925,29,noon,dawn,pants,dawn,noon,noon,dawn,pants,dawn,noon,1214.382916688919,2021-12-01T17:48:49.925000,1638379715.5420833
10,22,23,22,Random,-9999,393b05e17d301835,2.1730000972747803,0.1359999179840088,1638380930.321,23,ocean,sky,angry,ocean,sky,ocean,sky,angry,ocean,sky,1214.778916835785,2021-12-01T17:48:50.321000,1638379715.5420833
10,26,9,26,Random,-9999,163fbb3fcabe5ada,3.6619999408721924,0.07500004768371582,1638380931.433,9,day,near,angry,day,near,day,near,angry,day,near,1215.8909168243408,2021-12-01T17:48:51.433000,1638379715.5420833
28,20,5,5,Random,-9999,163fbb3fcabe5ada,2.324000120162964,0.13700008392333984,1638380933.89,20,beach,above,night,above,beach,beach,above,night,above,beach,1218.347916841507,2021-12-01T17:48:53.890000,1638379715.5420833
6,0,14,14,Random,-9999,393b05e17d301835,3.7669999599456787,0.12400007247924805,1638380934.218,0,dress,sad,below,sad,dress,dress,sad,below,sad,dress,1218.675916671753,2021-12-01T17:48:54.218000,1638379715.5420833
29,7,3,7,Random,-9999,163fbb3fcabe5ada,2.23799991607666,0.13499999046325684,1638380936.265,3,beside,shoes,noon,beside,shoes,beside,shoes,noon,beside,shoes,1220.722916841507,2021-12-01T17:48:56.265000,1638379715.5420833
7,3,6,3,Random,-9999,3346087f95e69683,9.041000127792358,0.22299981117248535,1638380936.282,6,shoes,below,beside,shoes,below,shoes,below,beside,shoes,below,1220.7399168014526,2021-12-01T17:48:56.282000,1638379715.5420833
18,4,28,28,Random,-9999,393b05e17d301835,2.3289999961853027,0.12899994850158691,1638380936.673,4,socks,night,strawberry,night,socks,socks,night,strawberry,night,socks,1221.1309168338776,2021-12-01T17:48:56.673000,1638379715.5420833
18,7,26,7,Random,-9999,16eea7def72b59e2,7.593000173568726,0.1380000114440918,1638380937.654,26,beside,day,strawberry,beside,day,beside,day,strawberry,beside,day,1222.1119167804718,2021-12-01T17:48:57.654000,1638379715.5420833
5,6,12,6,Random,-9999,163fbb3fcabe5ada,2.11899995803833,0.1380000114440918,1638380938.52,12,below,fearful,above,below,fearful,below,fearful,above,below,fearful,1222.9779167175293,2021-12-01T17:48:58.520000,1638379715.5420833
1,19,11,19,Random,-9999,393b05e17d301835,2.4670000076293945,0.125,1638380939.271,11,watermelon,disgust,pants,watermelon,disgust,watermelon,disgust,pants,watermelon,disgust,1223.72891664505,2021-12-01T17:48:59.271000,1638379715.5420833
24,28,13,13,Random,-9999,3346087f95e69683,2.951000213623047,0.22899985313415527,1638380939.459,28,night,happy,sunset,happy,night,night,happy,sunset,happy,night,1223.916916847229,2021-12-01T17:48:59.459000,1638379715.5420833
24,0,19,19,Random,-9999,163fbb3fcabe5ada,1.315000057220459,0.1549999713897705,1638380939.936,0,dress,watermelon,sunset,watermelon,dress,dress,watermelon,sunset,watermelon,dress,1224.3939168453217,2021-12-01T17:48:59.936000,1638379715.5420833
4,13,29,13,Random,-9999,16eea7def72b59e2,3.549999952316284,0.14800000190734863,1638380941.356,29,happy,noon,socks,happy,noon,happy,noon,socks,happy,noon,1225.813916683197,2021-12-01T17:49:01.356000,1638379715.5420833
12,26,23,26,Random,-9999,393b05e17d301835,2.375999927520752,0.13000011444091797,1638380941.774,23,day,sky,fearful,day,sky,day,sky,fearful,day,sky,1226.2319166660309,2021-12-01T17:49:01.774000,1638379715.5420833
3,11,20,20,Random,-9999,3346087f95e69683,3.6669998168945312,0.23100018501281738,1638380943.351,11,disgust,beach,shoes,beach,disgust,disgust,beach,shoes,beach,disgust,1227.8089168071747,2021-12-01T17:49:03.351000,1638379715.5420833
16,2,26,2,Random,-9999,163fbb3fcabe5ada,3.4689998626708984,0.08100008964538574,1638380943.538,26,shirt,day,lemon,shirt,day,shirt,day,lemon,shirt,day,1227.9959168434143,2021-12-01T17:49:03.538000,1638379715.5420833
5,10,3,10,Random,-9999,16eea7def72b59e2,4.101999998092651,0.14099979400634766,1638380945.595,3,angry,shoes,above,angry,shoes,angry,shoes,above,angry,shoes,1230.052916765213,2021-12-01T17:49:05.595000,1638379715.5420833
24,29,26,26,Random,-9999,163fbb3fcabe5ada,2.747999906539917,0.13400006294250488,1638380946.427,29,noon,day,sunset,day,noon,noon,day,sunset,day,noon,1230.8849167823792,2021-12-01T17:49:06.427000,1638379715.5420833
19,7,1,7,Random,-9999,16eea7def72b59e2,1.8460001945495605,0.1380000114440918,1638380947.528,1,beside,pants,watermelon,beside,pants,beside,pants,watermelon,beside,pants,1231.985916852951,2021-12-01T17:49:07.528000,1638379715.5420833
4,13,16,16,Random,-9999,3346087f95e69683,4.327000141143799,0.2219998836517334,1638380947.899,13,happy,lemon,socks,lemon,happy,happy,lemon,socks,lemon,happy,1232.3569166660309,2021-12-01T17:49:07.899000,1638379715.5420833
18,29,7,7,Random,-9999,16eea7def72b59e2,1.7289998531341553,0.08599996566772461,1638380949.34,29,noon,beside,strawberry,beside,noon,noon,beside,strawberry,beside,noon,1233.797916650772,2021-12-01T17:49:09.340000,1638379715.5420833
18,17,25,17,Random,-9999,393b05e17d301835,7.651000022888184,0.13100004196166992,1638380949.549,25,mango,dawn,strawberry,mango,dawn,mango,dawn,strawberry,mango,dawn,1234.0069167613983,2021-12-01T17:49:09.549000,1638379715.5420833
3,11,17,11,Random,-9999,393b05e17d301835,1.8449997901916504,0.125,1638380951.465,17,disgust,mango,shoes,disgust,mango,disgust,mango,shoes,disgust,mango,1235.922916650772,2021-12-01T17:49:11.465000,1638379715.5420833
19,1,8,8,Random,-9999,16eea7def72b59e2,2.4000000953674316,0.0820000171661377,1638380951.88,1,pants,far,watermelon,far,pants,pants,far,watermelon,far,pants,1236.3379168510437,2021-12-01T17:49:11.880000,1638379715.5420833
3,29,22,22,Random,-9999,3346087f95e69683,5.364000082015991,0.21799993515014648,1638380953.476,29,noon,ocean,shoes,ocean,noon,noon,ocean,shoes,ocean,noon,1237.9339168071747,2021-12-01T17:49:13.476000,1638379715.5420833
23,17,18,18,Random,-9999,163fbb3fcabe5ada,8.795000076293945,0.13700008392333984,1638380955.363,17,mango,strawberry,sky,strawberry,mango,mango,strawberry,sky,strawberry,mango,1239.8209166526794,2021-12-01T17:49:15.363000,1638379715.5420833
14,16,28,28,Random,-9999,16eea7def72b59e2,3.427000045776367,0.14299988746643066,1638380955.451,16,lemon,night,sad,night,lemon,lemon,night,sad,night,lemon,1239.9089167118073,2021-12-01T17:49:15.451000,1638379715.5420833
2,23,22,22,Random,-9999,393b05e17d301835,4.6519999504089355,0.06600022315979004,1638380956.237,23,sky,ocean,shirt,ocean,sky,sky,ocean,shirt,ocean,sky,1240.6949167251587,2021-12-01T17:49:16.237000,1638379715.5420833
22,20,25,20,Random,-9999,393b05e17d301835,1.7920000553131104,0.12299990653991699,1638380958.109,25,beach,dawn,ocean,beach,dawn,beach,dawn,ocean,beach,dawn,1242.5669167041779,2021-12-01T17:49:18.109000,1638379715.5420833
29,10,22,22,Random,-9999,3346087f95e69683,5.676999807357788,0.21300005912780762,1638380959.375,10,angry,ocean,noon,ocean,angry,angry,ocean,noon,ocean,angry,1243.8329167366028,2021-12-01T17:49:19.375000,1638379715.5420833
29,0,12,0,Random,-9999,393b05e17d301835,1.2420001029968262,0.07399988174438477,1638380959.419,12,dress,fearful,noon,dress,fearful,dress,fearful,noon,dress,fearful,1243.8769166469574,2021-12-01T17:49:19.419000,1638379715.5420833
5,29,24,29,Random,-9999,163fbb3fcabe5ada,4.302999973297119,0.1549999713897705,1638380959.819,24,noon,sunset,above,noon,sunset,noon,sunset,above,noon,sunset,1244.2769167423248,2021-12-01T17:49:19.819000,1638379715.5420833
26,27,19,27,Random,-9999,393b05e17d301835,0.6329998970031738,0.06800007820129395,1638380960.114,19,dusk,watermelon,day,dusk,watermelon,dusk,watermelon,day,dusk,watermelon,1244.5719168186188,2021-12-01T17:49:20.114000,1638379715.5420833
1,19,17,19,Random,-9999,393b05e17d301835,0.5,0.06800007820129395,1638380960.682,17,watermelon,mango,pants,watermelon,mango,watermelon,mango,pants,watermelon,mango,1245.1399166584015,2021-12-01T17:49:20.682000,1638379715.5420833
18,11,9,11,Random,-9999,393b05e17d301835,0.43600010871887207,0.06699991226196289,1638380961.197,9,disgust,near,strawberry,disgust,near,disgust,near,strawberry,disgust,near,1245.6549167633057,2021-12-01T17:49:21.197000,1638379715.5420833
0,2,4,4,Random,-9999,163fbb3fcabe5ada,1.7019999027252197,0.1420001983642578,1638380961.595,2,shirt,socks,dress,socks,shirt,shirt,socks,dress,socks,shirt,1246.052916765213,2021-12-01T17:49:21.595000,1638379715.5420833
13,0,15,15,Random,-9999,393b05e17d301835,0.5169999599456787,0.07399988174438477,1638380961.777,0,dress,blueberry,happy,blueberry,dress,dress,blueberry,happy,blueberry,dress,1246.2349166870117,2021-12-01T17:49:21.777000,1638379715.5420833
14,3,17,17,Random,-9999,393b05e17d301835,0.4099998474121094,0.07000017166137695,1638380962.267,3,shoes,mango,sad,mango,shoes,shoes,mango,sad,mango,shoes,1246.7249166965485,2021-12-01T17:49:22.267000,1638379715.5420833
26,29,25,25,Random,-9999,393b05e17d301835,0.4069998264312744,0.07400012016296387,1638380962.748,29,noon,dawn,day,dawn,noon,noon,dawn,day,dawn,noon,1247.2059166431427,2021-12-01T17:49:22.748000,1638379715.5420833
0,28,12,12,Random,-9999,393b05e17d301835,0.3450000286102295,0.07400012016296387,1638380963.167,28,night,fearful,dress,fearful,night,night,fearful,dress,fearful,night,1247.624916791916,2021-12-01T17:49:23.167000,1638379715.5420833
27,12,19,12,Random,-9999,163fbb3fcabe5ada,1.5260000228881836,0.07500004768371582,1638380963.203,19,fearful,watermelon,dusk,fearful,watermelon,fearful,watermelon,dusk,fearful,watermelon,1247.6609168052673,2021-12-01T17:49:23.203000,1638379715.5420833
3,28,20,28,Random,-9999,393b05e17d301835,0.4049999713897705,0.07399988174438477,1638380963.646,20,night,beach,shoes,night,beach,night,beach,shoes,night,beach,1248.10391664505,2021-12-01T17:49:23.646000,1638379715.5420833
18,16,25,25,Random,-9999,3346087f95e69683,4.0950000286102295,0.22500014305114746,1638380963.697,16,lemon,dawn,strawberry,dawn,lemon,lemon,dawn,strawberry,dawn,lemon,1248.1549167633057,2021-12-01T17:49:23.697000,1638379715.5420833
29,7,27,27,Random,-9999,393b05e17d301835,0.4070000648498535,0.07400012016296387,1638380964.127,7,beside,dusk,noon,dusk,beside,beside,dusk,noon,dusk,beside,1248.5849168300629,2021-12-01T17:49:24.127000,1638379715.5420833
13,15,24,24,Random,-9999,393b05e17d301835,0.375,0.07400012016296387,1638380964.575,15,blueberry,sunset,happy,sunset,blueberry,blueberry,sunset,happy,sunset,blueberry,1249.0329167842865,2021-12-01T17:49:24.575000,1638379715.5420833
14,15,10,15,Random,-9999,393b05e17d301835,0.4240000247955322,0.07299995422363281,1638380965.072,10,blueberry,angry,sad,blueberry,angry,blueberry,angry,sad,blueberry,angry,1249.5299167633057,2021-12-01T17:49:25.072000,1638379715.5420833
6,10,3,10,Random,-9999,393b05e17d301835,0.33500003814697266,0.07399988174438477,1638380965.483,3,angry,shoes,below,angry,shoes,angry,shoes,below,angry,shoes,1249.940916776657,2021-12-01T17:49:25.483000,1638379715.5420833
6,14,11,11,Random,-9999,393b05e17d301835,0.437999963760376,0.07500004768371582,1638380965.99,14,sad,disgust,below,disgust,sad,sad,disgust,below,disgust,sad,1250.4479167461395,2021-12-01T17:49:25.990000,1638379715.5420833
2,1,0,0,Random,-9999,393b05e17d301835,0.4660000801086426,0.0690000057220459,1638380966.518,1,pants,dress,shirt,dress,pants,pants,dress,shirt,dress,pants,1250.9759166240692,2021-12-01T17:49:26.518000,1638379715.5420833
10,25,21,21,Random,-9999,393b05e17d301835,0.40600013732910156,0.06699991226196289,1638380966.99,25,dawn,field,angry,field,dawn,dawn,field,angry,field,dawn,1251.4479167461395,2021-12-01T17:49:26.990000,1638379715.5420833
15,3,29,3,Random,-9999,393b05e17d301835,0.5559999942779541,0.06699991226196289,1638380967.614,29,shoes,noon,blueberry,shoes,noon,shoes,noon,blueberry,shoes,noon,1252.0719168186188,2021-12-01T17:49:27.614000,1638379715.5420833
28,15,23,15,Random,-9999,393b05e17d301835,0.5299999713897705,0.06800007820129395,1638380968.211,23,blueberry,sky,night,blueberry,sky,blueberry,sky,night,blueberry,sky,1252.6689167022705,2021-12-01T17:49:28.211000,1638379715.5420833
0,27,2,2,Random,-9999,393b05e17d301835,0.6579999923706055,0.06699991226196289,1638380968.937,27,dusk,shirt,dress,shirt,dusk,dusk,shirt,dress,shirt,dusk,1253.3949167728424,2021-12-01T17:49:28.937000,1638379715.5420833
24,0,8,8,Random,-9999,3346087f95e69683,5.414000034332275,0.22899985313415527,1638380969.332,0,dress,far,sunset,far,dress,dress,far,sunset,far,dress,1253.789916753769,2021-12-01T17:49:29.332000,1638379715.5420833
8,24,19,19,Random,-9999,393b05e17d301835,0.5240001678466797,0.06599998474121094,1638380969.545,24,sunset,watermelon,far,watermelon,sunset,sunset,watermelon,far,watermelon,sunset,1254.0029168128967,2021-12-01T17:49:29.545000,1638379715.5420833
26,17,15,15,Random,-9999,393b05e17d301835,0.46399998664855957,0.07999992370605469,1638380970.083,17,mango,blueberry,day,blueberry,mango,mango,blueberry,day,blueberry,mango,1254.5409166812897,2021-12-01T17:49:30.083000,1638379715.5420833
2,17,11,11,Random,-9999,393b05e17d301835,0.41700005531311035,0.07399988174438477,1638380970.572,17,mango,disgust,shirt,disgust,mango,mango,disgust,shirt,disgust,mango,1255.0299167633057,2021-12-01T17:49:30.572000,1638379715.5420833
8,24,17,24,Random,-9999,393b05e17d301835,0.9779999256134033,0.07299995422363281,1638380971.622,17,sunset,mango,far,sunset,mango,sunset,mango,far,sunset,mango,1256.079916715622,2021-12-01T17:49:31.622000,1638379715.5420833
0,4,2,4,Random,-9999,393b05e17d301835,0.7150001525878906,0.07200002670288086,1638380972.405,2,socks,shirt,dress,socks,shirt,socks,shirt,dress,socks,shirt,1256.8629167079926,2021-12-01T17:49:32.405000,1638379715.5420833
2,26,0,26,Random,-9999,393b05e17d301835,0.3580000400543213,0.06799983978271484,1638380972.836,0,day,dress,shirt,day,dress,day,dress,shirt,day,dress,1257.2939167022705,2021-12-01T17:49:32.836000,1638379715.5420833
18,28,25,28,Random,-9999,393b05e17d301835,0.3530001640319824,0.07299995422363281,1638380973.263,25,night,dawn,strawberry,night,dawn,night,dawn,strawberry,night,dawn,1257.7209167480469,2021-12-01T17:49:33.263000,1638379715.5420833
0,1,21,1,Random,-9999,393b05e17d301835,0.35199999809265137,0.07299995422363281,1638380973.689,21,pants,field,dress,pants,field,pants,field,dress,pants,field,1258.146916627884,2021-12-01T17:49:33.689000,1638379715.5420833
4,14,28,14,Random,-9999,393b05e17d301835,0.33299994468688965,0.07599997520446777,1638380974.099,28,sad,night,socks,sad,night,sad,night,socks,sad,night,1258.5569167137146,2021-12-01T17:49:34.099000,1638379715.5420833
14,25,18,18,Random,-9999,393b05e17d301835,0.4500000476837158,0.07899999618530273,1638380974.613,25,dawn,strawberry,sad,strawberry,dawn,dawn,strawberry,sad,strawberry,dawn,1259.0709166526794,2021-12-01T17:49:34.613000,1638379715.5420833
20,10,22,10,Random,-9999,3346087f95e69683,5.138000011444092,0.2200000286102295,1638380974.686,22,angry,ocean,beach,angry,ocean,angry,ocean,beach,angry,ocean,1259.1439168453217,2021-12-01T17:49:34.686000,1638379715.5420833
16,29,28,28,Random,-9999,393b05e17d301835,0.48400020599365234,0.06699991226196289,1638380975.165,29,noon,night,lemon,night,noon,noon,night,lemon,night,noon,1259.6229166984558,2021-12-01T17:49:35.165000,1638379715.5420833
3,15,6,6,Random,-9999,393b05e17d301835,0.45399999618530273,0.06699991226196289,1638380975.697,15,blueberry,below,shoes,below,blueberry,blueberry,below,shoes,below,blueberry,1260.1549167633057,2021-12-01T17:49:35.697000,1638379715.5420833
14,4,6,4,Random,-9999,163fbb3fcabe5ada,12.353000164031982,0.0839998722076416,1638380975.77,6,socks,below,sad,socks,below,socks,below,sad,socks,below,1260.2279167175293,2021-12-01T17:49:35.770000,1638379715.5420833
6,5,18,5,Random,-9999,16eea7def72b59e2,20.233999967575073,0.15199995040893555,1638380975.833,18,above,strawberry,below,above,strawberry,above,strawberry,below,above,strawberry,1260.2909166812897,2021-12-01T17:49:35.833000,1638379715.5420833
13,1,25,1,Random,-9999,393b05e17d301835,0.4030001163482666,0.07599997520446777,1638380976.165,25,pants,dawn,happy,pants,dawn,pants,dawn,happy,pants,dawn,1260.6229166984558,2021-12-01T17:49:36.165000,1638379715.5420833
15,28,27,27,Random,-9999,393b05e17d301835,0.38899993896484375,0.06799983978271484,1638380976.622,28,night,dusk,blueberry,dusk,night,night,dusk,blueberry,dusk,night,1261.079916715622,2021-12-01T17:49:36.622000,1638379715.5420833
7,0,13,0,Random,-9999,393b05e17d301835,0.3510000705718994,0.06700015068054199,1638380977.04,13,dress,happy,beside,dress,happy,dress,happy,beside,dress,happy,1261.4979166984558,2021-12-01T17:49:37.040000,1638379715.5420833
4,3,26,3,Random,-9999,16eea7def72b59e2,1.5510001182556152,0.1400001049041748,1638380977.477,26,shoes,day,socks,shoes,day,shoes,day,socks,shoes,day,1261.9349167346954,2021-12-01T17:49:37.477000,1638379715.5420833
17,16,11,16,Random,-9999,393b05e17d301835,0.7590000629425049,0.06799983978271484,1638380977.867,11,lemon,disgust,mango,lemon,disgust,lemon,disgust,mango,lemon,disgust,1262.3249168395996,2021-12-01T17:49:37.867000,1638379715.5420833
13,15,3,15,Random,-9999,393b05e17d301835,0.4199998378753662,0.06800007820129395,1638380978.354,3,blueberry,shoes,happy,blueberry,shoes,blueberry,shoes,happy,blueberry,shoes,1262.8119168281555,2021-12-01T17:49:38.354000,1638379715.5420833
6,29,13,13,Random,-9999,393b05e17d301835,0.4849998950958252,0.06700015068054199,1638380978.918,29,noon,happy,below,happy,noon,noon,happy,below,happy,noon,1263.3759167194366,2021-12-01T17:49:38.918000,1638379715.5420833
8,13,19,13,Random,-9999,163fbb3fcabe5ada,3.440999984741211,0.21399998664855957,1638380979.352,19,happy,watermelon,far,happy,watermelon,happy,watermelon,far,happy,watermelon,1263.8099167346954,2021-12-01T17:49:39.352000,1638379715.5420833
2,21,26,26,Random,-9999,16eea7def72b59e2,1.816999912261963,0.08699989318847656,1638380979.38,21,field,day,shirt,day,field,field,day,shirt,day,field,1263.8379168510437,2021-12-01T17:49:39.380000,1638379715.5420833
2,17,6,17,Random,-9999,393b05e17d301835,0.437999963760376,0.07400012016296387,1638380979.429,6,mango,below,shirt,mango,below,mango,below,shirt,mango,below,1263.8869166374207,2021-12-01T17:49:39.429000,1638379715.5420833
16,20,28,28,Random,-9999,393b05e17d301835,0.4719998836517334,0.07200002670288086,1638380979.974,20,beach,night,lemon,night,beach,beach,night,lemon,night,beach,1264.4319167137146,2021-12-01T17:49:39.974000,1638379715.5420833
1,18,29,29,Random,-9999,393b05e17d301835,0.5730001926422119,0.07399988174438477,1638380980.619,18,strawberry,noon,pants,noon,strawberry,strawberry,noon,pants,noon,strawberry,1265.076916694641,2021-12-01T17:49:40.619000,1638379715.5420833
21,13,12,13,Random,-9999,393b05e17d301835,0.5019998550415039,0.07299995422363281,1638380981.195,12,happy,fearful,field,happy,fearful,happy,fearful,field,happy,fearful,1265.6529166698456,2021-12-01T17:49:41.195000,1638379715.5420833
20,19,23,23,Random,-9999,393b05e17d301835,0.4309999942779541,0.07300019264221191,1638380981.699,19,watermelon,sky,beach,sky,watermelon,watermelon,sky,beach,sky,watermelon,1266.1569166183472,2021-12-01T17:49:41.699000,1638379715.5420833
7,22,12,22,Random,-9999,16eea7def72b59e2,2.5450000762939453,0.08599996566772461,1638380982.066,12,ocean,fearful,beside,ocean,fearful,ocean,fearful,beside,ocean,fearful,1266.523916721344,2021-12-01T17:49:42.066000,1638379715.5420833
18,19,16,19,Random,-9999,393b05e17d301835,0.41499996185302734,0.07399988174438477,1638380982.19,16,watermelon,lemon,strawberry,watermelon,lemon,watermelon,lemon,strawberry,watermelon,lemon,1266.6479167938232,2021-12-01T17:49:42.190000,1638379715.5420833
20,1,27,27,Random,-9999,3346087f95e69683,7.377999782562256,0.21900010108947754,1638380982.279,1,pants,dusk,beach,dusk,pants,pants,dusk,beach,dusk,pants,1266.7369167804718,2021-12-01T17:49:42.279000,1638379715.5420833
6,13,26,26,Random,-9999,393b05e17d301835,0.4030001163482666,0.07599997520446777,1638380982.668,13,happy,day,below,day,happy,happy,day,below,day,happy,1267.1259167194366,2021-12-01T17:49:42.668000,1638379715.5420833
27,18,10,10,Random,-9999,393b05e17d301835,0.44700002670288086,0.07399988174438477,1638380983.179,18,strawberry,angry,dusk,angry,strawberry,strawberry,angry,dusk,angry,strawberry,1267.6369166374207,2021-12-01T17:49:43.179000,1638379715.5420833
27,0,22,22,Random,-9999,393b05e17d301835,0.39100003242492676,0.07400012016296387,1638380983.653,0,dress,ocean,dusk,ocean,dress,dress,ocean,dusk,ocean,dress,1268.110916852951,2021-12-01T17:49:43.653000,1638379715.5420833
28,5,25,25,Random,-9999,393b05e17d301835,0.7920000553131104,0.07500004768371582,1638380984.519,5,above,dawn,night,dawn,above,above,dawn,night,dawn,above,1268.9769167900085,2021-12-01T17:49:44.519000,1638379715.5420833
20,16,18,18,Random,-9999,3346087f95e69683,2.080000162124634,0.21300005912780762,1638380984.58,16,lemon,strawberry,beach,strawberry,lemon,lemon,strawberry,beach,strawberry,lemon,1269.0379166603088,2021-12-01T17:49:44.580000,1638379715.5420833
3,14,12,12,Random,-9999,393b05e17d301835,0.3359999656677246,0.07399988174438477,1638380984.929,14,sad,fearful,shoes,fearful,sad,sad,fearful,shoes,fearful,sad,1269.3869166374207,2021-12-01T17:49:44.929000,1638379715.5420833
9,29,17,29,Random,-9999,16eea7def72b59e2,3.0910000801086426,0.13899993896484375,1638380985.288,17,noon,mango,near,noon,mango,noon,mango,near,noon,mango,1269.7459168434143,2021-12-01T17:49:45.288000,1638379715.5420833
21,18,2,2,Random,-9999,393b05e17d301835,0.39999985694885254,0.07300019264221191,1638380985.401,18,strawberry,shirt,field,shirt,strawberry,strawberry,shirt,field,shirt,strawberry,1269.858916759491,2021-12-01T17:49:45.401000,1638379715.5420833
25,21,15,15,Random,-9999,163fbb3fcabe5ada,6.351000070571899,0.13699984550476074,1638380985.888,21,field,blueberry,dawn,blueberry,field,field,blueberry,dawn,blueberry,field,1270.3459167480469,2021-12-01T17:49:45.888000,1638379715.5420833
5,12,11,12,Random,-9999,393b05e17d301835,0.4630000591278076,0.07299995422363281,1638380985.941,11,fearful,disgust,above,fearful,disgust,fearful,disgust,above,fearful,disgust,1270.398916721344,2021-12-01T17:49:45.941000,1638379715.5420833
23,8,17,8,Random,-9999,393b05e17d301835,0.43600010871887207,0.07699990272521973,1638380986.45,17,far,mango,sky,far,mango,far,mango,sky,far,mango,1270.9079167842865,2021-12-01T17:49:46.450000,1638379715.5420833
19,0,12,12,Random,-9999,393b05e17d301835,0.5090000629425049,0.07299995422363281,1638380987.031,0,dress,fearful,watermelon,fearful,dress,dress,fearful,watermelon,fearful,dress,1271.4889166355133,2021-12-01T17:49:47.031000,1638379715.5420833
24,0,25,0,Random,-9999,393b05e17d301835,0.37800002098083496,0.07200002670288086,1638380987.481,25,dress,dawn,sunset,dress,dawn,dress,dawn,sunset,dress,dawn,1271.938916683197,2021-12-01T17:49:47.481000,1638379715.5420833
27,21,12,12,Random,-9999,393b05e17d301835,0.43199992179870605,0.07299995422363281,1638380987.988,21,field,fearful,dusk,fearful,field,field,fearful,dusk,fearful,field,1272.4459166526794,2021-12-01T17:49:47.988000,1638379715.5420833
19,9,4,9,Random,-9999,163fbb3fcabe5ada,2.2910001277923584,0.18799996376037598,1638380988.34,4,near,socks,watermelon,near,socks,near,socks,watermelon,near,socks,1272.797916650772,2021-12-01T17:49:48.340000,1638379715.5420833
9,7,27,7,Random,-9999,393b05e17d301835,0.4049999713897705,0.07500004768371582,1638380988.467,27,beside,dusk,near,beside,dusk,beside,dusk,near,beside,dusk,1272.9249167442322,2021-12-01T17:49:48.467000,1638379715.5420833
2,15,24,15,Random,-9999,393b05e17d301835,0.4780001640319824,0.07299995422363281,1638380989.006,24,blueberry,sunset,shirt,blueberry,sunset,blueberry,sunset,shirt,blueberry,sunset,1273.4639167785645,2021-12-01T17:49:49.006000,1638379715.5420833
1,22,11,22,Random,-9999,393b05e17d301835,0.3899998664855957,0.06699991226196289,1638380989.47,11,ocean,disgust,pants,ocean,disgust,ocean,disgust,pants,ocean,disgust,1273.927916765213,2021-12-01T17:49:49.470000,1638379715.5420833
0,4,23,23,Random,-9999,393b05e17d301835,0.40799999237060547,0.07300019264221191,1638380989.955,4,socks,sky,dress,sky,socks,socks,sky,dress,sky,socks,1274.4129166603088,2021-12-01T17:49:49.955000,1638379715.5420833
6,24,3,24,Random,-9999,163fbb3fcabe5ada,1.7189998626708984,0.15799999237060547,1638380990.15,3,sunset,shoes,below,sunset,shoes,sunset,shoes,below,sunset,shoes,1274.6079168319702,2021-12-01T17:49:50.150000,1638379715.5420833
29,16,12,16,Random,-9999,393b05e17d301835,0.34599995613098145,0.07400012016296387,1638380990.363,12,lemon,fearful,noon,lemon,fearful,lemon,fearful,noon,lemon,fearful,1274.8209166526794,2021-12-01T17:49:50.363000,1638379715.5420833
14,24,16,16,Random,-9999,393b05e17d301835,0.48200011253356934,0.06799983978271484,1638380990.926,24,sunset,lemon,sad,lemon,sunset,sunset,lemon,sad,lemon,sunset,1275.3839168548584,2021-12-01T17:49:50.926000,1638379715.5420833
0,13,11,13,Random,-9999,393b05e17d301835,0.39800000190734863,0.0839998722076416,1638380991.409,11,happy,disgust,dress,happy,disgust,happy,disgust,dress,happy,disgust,1275.8669166564941,2021-12-01T17:49:51.409000,1638379715.5420833
16,19,6,6,Random,-9999,393b05e17d301835,0.42799997329711914,0.07700014114379883,1638380991.909,19,watermelon,below,lemon,below,watermelon,watermelon,below,lemon,below,watermelon,1276.3669166564941,2021-12-01T17:49:51.909000,1638379715.5420833
6,26,10,10,Random,-9999,3346087f95e69683,7.494000196456909,0.22099995613098145,1638380992.289,26,day,angry,below,angry,day,day,angry,below,angry,day,1276.746916770935,2021-12-01T17:49:52.289000,1638379715.5420833
8,15,4,4,Random,-9999,393b05e17d301835,0.4159998893737793,0.07299995422363281,1638380992.398,15,blueberry,socks,far,socks,blueberry,blueberry,socks,far,socks,blueberry,1276.8559167385101,2021-12-01T17:49:52.398000,1638379715.5420833
15,19,26,19,Random,-9999,393b05e17d301835,0.3840000629425049,0.07200002670288086,1638380992.854,26,watermelon,day,blueberry,watermelon,day,watermelon,day,blueberry,watermelon,day,1277.3119168281555,2021-12-01T17:49:52.854000,1638379715.5420833
1,11,0,0,Random,-9999,163fbb3fcabe5ada,2.9230000972747803,0.09100008010864258,1638380993.211,11,disgust,dress,pants,dress,disgust,disgust,dress,pants,dress,disgust,1277.6689167022705,2021-12-01T17:49:53.211000,1638379715.5420833
10,21,13,21,Random,-9999,393b05e17d301835,0.4630000591278076,0.07299995422363281,1638380993.39,13,field,happy,angry,field,happy,field,happy,angry,field,happy,1277.847916841507,2021-12-01T17:49:53.390000,1638379715.5420833
16,21,18,18,Random,-9999,393b05e17d301835,0.3919999599456787,0.07299995422363281,1638380993.845,21,field,strawberry,lemon,strawberry,field,field,strawberry,lemon,strawberry,field,1278.302916765213,2021-12-01T17:49:53.845000,1638379715.5420833
12,14,0,14,Random,-9999,393b05e17d301835,0.39800000190734863,0.06700015068054199,1638380994.319,0,sad,dress,fearful,sad,dress,sad,dress,fearful,sad,dress,1278.7769167423248,2021-12-01T17:49:54.319000,1638379715.5420833
28,14,21,14,Random,-9999,3346087f95e69683,2.0370001792907715,0.21399998664855957,1638380994.55,21,sad,field,night,sad,field,sad,field,night,sad,field,1279.007916688919,2021-12-01T17:49:54.550000,1638379715.5420833
21,11,23,23,Random,-9999,393b05e17d301835,0.38700008392333984,0.06999993324279785,1638380994.777,11,disgust,sky,field,sky,disgust,disgust,sky,field,sky,disgust,1279.2349166870117,2021-12-01T17:49:54.777000,1638379715.5420833
16,3,20,3,Random,-9999,393b05e17d301835,0.3989999294281006,0.07400012016296387,1638380995.25,20,shoes,beach,lemon,shoes,beach,shoes,beach,lemon,shoes,beach,1279.7079167366028,2021-12-01T17:49:55.250000,1638379715.5420833
25,1,15,15,Random,-9999,393b05e17d301835,0.39299988746643066,0.07400012016296387,1638380995.716,1,pants,blueberry,dawn,blueberry,pants,pants,blueberry,dawn,blueberry,pants,1280.1739168167114,2021-12-01T17:49:55.716000,1638379715.5420833
19,10,14,10,Random,-9999,163fbb3fcabe5ada,2.806999921798706,0.14299988746643066,1638380996.161,14,angry,sad,watermelon,angry,sad,angry,sad,watermelon,angry,sad,1280.6189167499542,2021-12-01T17:49:56.161000,1638379715.5420833
23,8,0,0,Random,-9999,393b05e17d301835,0.43000006675720215,0.07299995422363281,1638380996.208,8,far,dress,sky,dress,far,far,dress,sky,dress,far,1280.6659166812897,2021-12-01T17:49:56.208000,1638379715.5420833
9,12,4,12,Random,-9999,393b05e17d301835,0.6189999580383301,0.0709998607635498,1638380996.899,4,fearful,socks,near,fearful,socks,fearful,socks,near,fearful,socks,1281.3569166660309,2021-12-01T17:49:56.899000,1638379715.5420833
29,11,24,24,Random,-9999,393b05e17d301835,0.4030001163482666,0.06800007820129395,1638380997.369,11,disgust,sunset,noon,sunset,disgust,disgust,sunset,noon,sunset,disgust,1281.826916694641,2021-12-01T17:49:57.369000,1638379715.5420833
14,6,8,8,Random,-9999,393b05e17d301835,0.6809999942779541,0.06799983978271484,1638380998.118,6,below,far,sad,far,below,below,far,sad,far,below,1282.5759167671204,2021-12-01T17:49:58.118000,1638379715.5420833
13,27,12,12,Random,-9999,393b05e17d301835,0.6480000019073486,0.0690000057220459,1638380998.836,27,dusk,fearful,happy,fearful,dusk,dusk,fearful,happy,fearful,dusk,1283.2939167022705,2021-12-01T17:49:58.836000,1638379715.5420833
28,7,12,12,Random,-9999,393b05e17d301835,0.5539999008178711,0.07800006866455078,1638380999.467,7,beside,fearful,night,fearful,beside,beside,fearful,night,fearful,beside,1283.9249167442322,2021-12-01T17:49:59.467000,1638379715.5420833
21,19,18,19,Random,-9999,393b05e17d301835,0.4830000400543213,0.06800007820129395,1638381000.028,18,watermelon,strawberry,field,watermelon,strawberry,watermelon,strawberry,field,watermelon,strawberry,1284.485916852951,2021-12-01T17:50:00.028000,1638379715.5420833
14,15,8,8,Random,-9999,393b05e17d301835,0.48599982261657715,0.07299995422363281,1638381000.595,15,blueberry,far,sad,far,blueberry,blueberry,far,sad,far,blueberry,1285.052916765213,2021-12-01T17:50:00.595000,1638379715.5420833
9,29,11,29,Random,-9999,393b05e17d301835,0.5879998207092285,0.08300018310546875,1638381001.265,11,noon,disgust,near,noon,disgust,noon,disgust,near,noon,disgust,1285.722916841507,2021-12-01T17:50:01.265000,1638379715.5420833
5,1,16,1,Random,-9999,393b05e17d301835,0.5920000076293945,0.08500003814697266,1638381001.924,16,pants,lemon,above,pants,lemon,pants,lemon,above,pants,lemon,1286.3819167613983,2021-12-01T17:50:01.924000,1638379715.5420833
15,19,1,19,Random,-9999,393b05e17d301835,0.42100000381469727,0.06800007820129395,1638381002.423,1,watermelon,pants,blueberry,watermelon,pants,watermelon,pants,blueberry,watermelon,pants,1286.8809168338776,2021-12-01T17:50:02.423000,1638379715.5420833
1,4,6,6,Random,-9999,3346087f95e69683,8.138000011444092,0.22699999809265137,1638381002.912,4,socks,below,pants,below,socks,socks,below,pants,below,socks,1287.369916677475,2021-12-01T17:50:02.912000,1638379715.5420833
4,8,25,25,Random,-9999,393b05e17d301835,0.48600006103515625,0.07299995422363281,1638381002.993,8,far,dawn,socks,dawn,far,far,dawn,socks,dawn,far,1287.4509167671204,2021-12-01T17:50:02.993000,1638379715.5420833
22,5,3,5,Random,-9999,393b05e17d301835,0.3970000743865967,0.08299994468688965,1638381003.462,3,above,shoes,ocean,above,shoes,above,shoes,ocean,above,shoes,1287.9199166297913,2021-12-01T17:50:03.462000,1638379715.5420833
11,15,21,21,Random,-9999,393b05e17d301835,0.40000009536743164,0.07299995422363281,1638381003.925,15,blueberry,field,disgust,field,blueberry,blueberry,field,disgust,field,blueberry,1288.382916688919,2021-12-01T17:50:03.925000,1638379715.5420833
25,20,19,19,Random,-9999,393b05e17d301835,0.37000012397766113,0.0709998607635498,1638381004.377,20,beach,watermelon,dawn,watermelon,beach,beach,watermelon,dawn,watermelon,beach,1288.8349168300629,2021-12-01T17:50:04.377000,1638379715.5420833
26,19,16,19,Random,-9999,393b05e17d301835,0.43900012969970703,0.07399988174438477,1638381004.885,16,watermelon,lemon,day,watermelon,lemon,watermelon,lemon,day,watermelon,lemon,1289.342916727066,2021-12-01T17:50:04.885000,1638379715.5420833
11,12,23,12,Random,-9999,3346087f95e69683,2.06499981880188,0.2569999694824219,1638381005.233,23,fearful,sky,disgust,fearful,sky,fearful,sky,disgust,fearful,sky,1289.690916776657,2021-12-01T17:50:05.233000,1638379715.5420833
6,0,7,0,Random,-9999,393b05e17d301835,0.40600013732910156,0.07399988174438477,1638381005.358,7,dress,beside,below,dress,beside,dress,beside,below,dress,beside,1289.815916776657,2021-12-01T17:50:05.358000,1638379715.5420833
15,13,3,13,Random,-9999,393b05e17d301835,0.749000072479248,0.06999993324279785,1638381006.177,3,happy,shoes,blueberry,happy,shoes,happy,shoes,blueberry,happy,shoes,1290.6349167823792,2021-12-01T17:50:06.177000,1638379715.5420833
7,15,24,24,Random,-9999,393b05e17d301835,0.46199989318847656,0.06599998474121094,1638381006.709,15,blueberry,sunset,beside,sunset,blueberry,blueberry,sunset,beside,sunset,blueberry,1291.166916847229,2021-12-01T17:50:06.709000,1638379715.5420833
20,28,16,28,Random,-9999,393b05e17d301835,0.4179999828338623,0.06999993324279785,1638381007.213,16,night,lemon,beach,night,lemon,night,lemon,beach,night,lemon,1291.6709167957306,2021-12-01T17:50:07.213000,1638379715.5420833
20,12,14,14,Random,-9999,393b05e17d301835,0.4119999408721924,0.0840001106262207,1638381007.702,12,fearful,sad,beach,sad,fearful,fearful,sad,beach,sad,fearful,1292.159916639328,2021-12-01T17:50:07.702000,1638379715.5420833
8,19,10,19,Random,-9999,393b05e17d301835,0.41499996185302734,0.07400012016296387,1638381008.19,10,watermelon,angry,far,watermelon,angry,watermelon,angry,far,watermelon,angry,1292.6479167938232,2021-12-01T17:50:08.190000,1638379715.5420833
27,7,14,14,Random,-9999,393b05e17d301835,0.45600008964538574,0.07299995422363281,1638381008.717,7,beside,sad,dusk,sad,beside,beside,sad,dusk,sad,beside,1293.1749167442322,2021-12-01T17:50:08.717000,1638379715.5420833
20,15,29,15,Random,-9999,393b05e17d301835,0.37600016593933105,0.0709998607635498,1638381009.167,29,blueberry,noon,beach,blueberry,noon,blueberry,noon,beach,blueberry,noon,1293.624916791916,2021-12-01T17:50:09.167000,1638379715.5420833
22,6,29,29,Random,-9999,393b05e17d301835,0.3819999694824219,0.07499980926513672,1638381009.622,6,below,noon,ocean,noon,below,below,noon,ocean,noon,below,1294.079916715622,2021-12-01T17:50:09.622000,1638379715.5420833
13,20,24,20,Random,-9999,3346087f95e69683,4.497999906539917,0.21600008010864258,1638381009.952,24,beach,sunset,happy,beach,sunset,beach,sunset,happy,beach,sunset,1294.409916639328,2021-12-01T17:50:09.952000,1638379715.5420833
6,3,18,3,Random,-9999,393b05e17d301835,0.36099982261657715,0.07300019264221191,1638381010.057,18,shoes,strawberry,below,shoes,strawberry,shoes,strawberry,below,shoes,strawberry,1294.5149166584015,2021-12-01T17:50:10.057000,1638379715.5420833
13,4,17,17,Random,-9999,393b05e17d301835,0.35199999809265137,0.07400012016296387,1638381010.472,4,socks,mango,happy,mango,socks,socks,mango,happy,mango,socks,1294.9299166202545,2021-12-01T17:50:10.472000,1638379715.5420833
5,17,12,17,Random,-9999,393b05e17d301835,0.42100000381469727,0.06800007820129395,1638381010.967,12,mango,fearful,above,mango,fearful,mango,fearful,above,mango,fearful,1295.4249167442322,2021-12-01T17:50:10.967000,1638379715.5420833
11,29,19,29,Random,-9999,393b05e17d301835,0.375,0.07299995422363281,1638381011.427,19,noon,watermelon,disgust,noon,watermelon,noon,watermelon,disgust,noon,watermelon,1295.8849167823792,2021-12-01T17:50:11.427000,1638379715.5420833
27,26,20,26,Random,-9999,393b05e17d301835,0.3960001468658447,0.0839998722076416,1638381011.906,20,day,beach,dusk,day,beach,day,beach,dusk,day,beach,1296.3639166355133,2021-12-01T17:50:11.906000,1638379715.5420833
14,2,17,17,Random,-9999,393b05e17d301835,0.35899996757507324,0.0820000171661377,1638381012.341,2,shirt,mango,sad,mango,shirt,shirt,mango,sad,mango,shirt,1296.7989168167114,2021-12-01T17:50:12.341000,1638379715.5420833
7,20,25,20,Random,-9999,393b05e17d301835,0.36100006103515625,0.07299995422363281,1638381012.762,25,beach,dawn,beside,beach,dawn,beach,dawn,beside,beach,dawn,1297.2199168205261,2021-12-01T17:50:12.762000,1638379715.5420833
6,20,27,27,Random,-9999,393b05e17d301835,0.3900001049041748,0.06800007820129395,1638381013.226,20,beach,dusk,below,dusk,beach,beach,dusk,below,dusk,beach,1297.6839168071747,2021-12-01T17:50:13.226000,1638379715.5420833
18,1,26,26,Random,-9999,3346087f95e69683,3.2870001792907715,0.22300004959106445,1638381013.452,1,pants,day,strawberry,day,pants,pants,day,strawberry,day,pants,1297.909916639328,2021-12-01T17:50:13.452000,1638379715.5420833
14,1,19,1,Random,-9999,163fbb3fcabe5ada,17.257999897003174,0.14300012588500977,1638381013.564,19,pants,watermelon,sad,pants,watermelon,pants,watermelon,sad,pants,watermelon,1298.021916627884,2021-12-01T17:50:13.564000,1638379715.5420833
23,13,22,13,Random,-9999,393b05e17d301835,0.36100006103515625,0.07199978828430176,1638381013.666,22,happy,ocean,sky,happy,ocean,happy,ocean,sky,happy,ocean,1298.1239166259766,2021-12-01T17:50:13.666000,1638379715.5420833
14,12,19,19,Random,-9999,393b05e17d301835,0.3810000419616699,0.07500004768371582,1638381014.121,12,fearful,watermelon,sad,watermelon,fearful,fearful,watermelon,sad,watermelon,fearful,1298.5789167881012,2021-12-01T17:50:14.121000,1638379715.5420833
0,9,5,5,Random,-9999,393b05e17d301835,0.33499979972839355,0.07500004768371582,1638381014.532,9,near,above,dress,above,near,near,above,dress,above,near,1298.9899168014526,2021-12-01T17:50:14.532000,1638379715.5420833
0,18,6,18,Random,-9999,393b05e17d301835,0.33500003814697266,0.07500004768371582,1638381014.94,6,strawberry,below,dress,strawberry,below,strawberry,below,dress,strawberry,below,1299.3979167938232,2021-12-01T17:50:14.940000,1638379715.5420833
9,18,5,5,Random,-9999,393b05e17d301835,0.3990001678466797,0.07399988174438477,1638381015.411,18,strawberry,above,near,above,strawberry,strawberry,above,near,above,strawberry,1299.8689167499542,2021-12-01T17:50:15.411000,1638379715.5420833
6,7,21,21,Random,-9999,393b05e17d301835,0.3860001564025879,0.0709998607635498,1638381015.864,7,beside,field,below,field,beside,beside,field,below,field,beside,1300.3219168186188,2021-12-01T17:50:15.864000,1638379715.5420833
20,0,1,1,Random,-9999,3346087f95e69683,3.4519999027252197,0.2089998722076416,1638381017.118,0,dress,pants,beach,pants,dress,dress,pants,beach,pants,dress,1301.5759167671204,2021-12-01T17:50:17.118000,1638379715.5420833
3,2,23,2,Random,-9999,163fbb3fcabe5ada,3.690000057220459,0.15199995040893555,1638381017.4,23,shirt,sky,shoes,shirt,sky,shirt,sky,shoes,shirt,sky,1301.8579168319702,2021-12-01T17:50:17.400000,1638379715.5420833
9,11,26,26,Random,-9999,163fbb3fcabe5ada,3.382000207901001,0.14099979400634766,1638381020.925,11,disgust,day,near,day,disgust,disgust,day,near,day,disgust,1305.382916688919,2021-12-01T17:50:20.925000,1638379715.5420833
4,21,7,7,Random,-9999,163fbb3fcabe5ada,3.9049999713897705,0.1399998664855957,1638381024.971,21,field,beside,socks,beside,field,field,beside,socks,beside,field,1309.4289166927338,2021-12-01T17:50:24.971000,1638379715.5420833
23,22,18,22,Random,-9999,3346087f95e69683,8.473000049591064,0.21700000762939453,1638381025.813,18,ocean,strawberry,sky,ocean,strawberry,ocean,strawberry,sky,ocean,strawberry,1310.2709167003632,2021-12-01T17:50:25.813000,1638379715.5420833
0,2,29,2,Random,-9999,163fbb3fcabe5ada,1.7569999694824219,0.14400005340576172,1638381026.81,29,shirt,noon,dress,shirt,noon,shirt,noon,dress,shirt,noon,1311.2679166793823,2021-12-01T17:50:26.810000,1638379715.5420833
22,16,11,11,Random,-9999,163fbb3fcabe5ada,2.1010000705718994,0.08500003814697266,1638381029.051,16,lemon,disgust,ocean,disgust,lemon,lemon,disgust,ocean,disgust,lemon,1313.5089168548584,2021-12-01T17:50:29.051000,1638379715.5420833
11,9,27,27,Random,-9999,3346087f95e69683,3.191999912261963,0.2200000286102295,1638381029.227,9,near,dusk,disgust,dusk,near,near,dusk,disgust,dusk,near,1313.6849167346954,2021-12-01T17:50:29.227000,1638379715.5420833
11,13,7,7,Random,-9999,3346087f95e69683,1.8949999809265137,0.2220001220703125,1638381031.431,13,happy,beside,disgust,beside,happy,happy,beside,disgust,beside,happy,1315.8889167308807,2021-12-01T17:50:31.431000,1638379715.5420833
27,12,10,12,Random,-9999,163fbb3fcabe5ada,2.674999952316284,0.13700008392333984,1638381031.87,10,fearful,angry,dusk,fearful,angry,fearful,angry,dusk,fearful,angry,1316.3279166221619,2021-12-01T17:50:31.870000,1638379715.5420833
11,28,8,8,Random,-9999,163fbb3fcabe5ada,3.507999897003174,0.14600014686584473,1638381035.538,28,night,far,disgust,far,night,night,far,disgust,far,night,1319.9959168434143,2021-12-01T17:50:35.538000,1638379715.5420833
4,17,19,19,Random,-9999,3346087f95e69683,6.703000068664551,0.31099987030029297,1638381038.346,17,mango,watermelon,socks,watermelon,mango,mango,watermelon,socks,watermelon,mango,1322.8039166927338,2021-12-01T17:50:38.346000,1638379715.5420833
28,14,11,14,Random,-9999,3346087f95e69683,2.5209999084472656,0.21000003814697266,1638381041.082,11,sad,disgust,night,sad,disgust,sad,disgust,night,sad,disgust,1325.539916753769,2021-12-01T17:50:41.082000,1638379715.5420833
4,25,5,5,Random,-9999,163fbb3fcabe5ada,5.858999967575073,0.15799999237060547,1638381041.54,25,dawn,above,socks,above,dawn,dawn,above,socks,above,dawn,1325.9979166984558,2021-12-01T17:50:41.540000,1638379715.5420833
11,12,20,12,Random,-9999,3346087f95e69683,2.317000150680542,0.21799993515014648,1638381043.622,20,fearful,beach,disgust,fearful,beach,fearful,beach,disgust,fearful,beach,1328.079916715622,2021-12-01T17:50:43.622000,1638379715.5420833
8,16,26,16,Random,-9999,163fbb3fcabe5ada,5.236999988555908,0.14700007438659668,1638381046.923,26,lemon,day,far,lemon,day,lemon,day,far,lemon,day,1331.3809168338776,2021-12-01T17:50:46.923000,1638379715.5420833
15,26,5,5,Random,-9999,3346087f95e69683,3.928999900817871,0.22699999809265137,1638381047.771,26,day,above,blueberry,above,day,day,above,blueberry,above,day,1332.22891664505,2021-12-01T17:50:47.771000,1638379715.5420833
25,12,16,12,Random,-9999,163fbb3fcabe5ada,3.068000078201294,0.1419999599456787,1638381050.126,16,fearful,lemon,dawn,fearful,lemon,fearful,lemon,dawn,fearful,lemon,1334.5839166641235,2021-12-01T17:50:50.126000,1638379715.5420833
14,27,24,27,Random,-9999,3346087f95e69683,3.2109999656677246,0.21900010108947754,1638381051.214,24,dusk,sunset,sad,dusk,sunset,dusk,sunset,sad,dusk,sunset,1335.6719167232513,2021-12-01T17:50:51.214000,1638379715.5420833
5,13,11,11,Random,-9999,163fbb3fcabe5ada,5.296999931335449,0.1400001049041748,1638381055.569,13,happy,disgust,above,disgust,happy,happy,disgust,above,disgust,happy,1340.0269167423248,2021-12-01T17:50:55.569000,1638379715.5420833
3,5,20,20,Random,-9999,3346087f95e69683,5.2170000076293945,0.2259998321533203,1638381056.644,5,above,beach,shoes,beach,above,above,beach,shoes,beach,above,1341.1019167900085,2021-12-01T17:50:56.644000,1638379715.5420833
18,15,24,24,Random,-9999,3346087f95e69683,2.497999906539917,0.21600008010864258,1638381059.366,15,blueberry,sunset,strawberry,sunset,blueberry,blueberry,sunset,strawberry,sunset,blueberry,1343.8239166736603,2021-12-01T17:50:59.366000,1638379715.5420833
27,12,2,12,Random,-9999,163fbb3fcabe5ada,7.809000015258789,0.1419999599456787,1638381063.523,2,fearful,shirt,dusk,fearful,shirt,fearful,shirt,dusk,fearful,shirt,1347.9809167385101,2021-12-01T17:51:03.523000,1638379715.5420833
0,17,16,17,Random,-9999,3346087f95e69683,6.445000171661377,0.2200000286102295,1638381066.03,16,mango,lemon,dress,mango,lemon,mango,lemon,dress,mango,lemon,1350.4879167079926,2021-12-01T17:51:06.030000,1638379715.5420833
27,20,5,20,Random,-9999,163fbb3fcabe5ada,2.4170000553131104,0.14899992942810059,1638381066.079,5,beach,above,dusk,beach,above,beach,above,dusk,beach,above,1350.536916732788,2021-12-01T17:51:06.079000,1638379715.5420833
23,25,2,25,Random,-9999,3346087f95e69683,3.4250001907348633,0.22299981117248535,1638381069.688,2,dawn,shirt,sky,dawn,shirt,dawn,shirt,sky,dawn,shirt,1354.1459167003632,2021-12-01T17:51:09.688000,1638379715.5420833
19,28,13,28,Random,-9999,163fbb3fcabe5ada,3.7960000038146973,0.1380000114440918,1638381070.017,13,night,happy,watermelon,night,happy,night,happy,watermelon,night,happy,1354.4749166965485,2021-12-01T17:51:10.017000,1638379715.5420833
14,5,10,10,Random,-9999,3346087f95e69683,4.638999938964844,0.22900009155273438,1638381074.544,5,above,angry,sad,angry,above,above,angry,sad,angry,above,1359.0019166469574,2021-12-01T17:51:14.544000,1638379715.5420833
16,29,7,29,Random,-9999,3346087f95e69683,2.240000009536743,0.2369999885559082,1638381077.025,7,noon,beside,lemon,noon,beside,noon,beside,lemon,noon,beside,1361.4829168319702,2021-12-01T17:51:17.025000,1638379715.5420833
6,9,7,9,Random,-9999,163fbb3fcabe5ada,11.671000003814697,0.1419999599456787,1638381081.83,7,near,beside,below,near,beside,near,beside,below,near,beside,1366.2879166603088,2021-12-01T17:51:21.830000,1638379715.5420833
9,29,8,29,Random,-9999,3346087f95e69683,5.321999788284302,0.22500014305114746,1638381082.564,8,noon,far,near,noon,far,noon,far,near,noon,far,1367.021916627884,2021-12-01T17:51:22.564000,1638379715.5420833
21,13,4,13,Random,-9999,163fbb3fcabe5ada,3.0769999027252197,0.14100003242492676,1638381085.047,4,happy,socks,field,happy,socks,happy,socks,field,happy,socks,1369.5049166679382,2021-12-01T17:51:25.047000,1638379715.5420833
6,27,16,27,Random,-9999,163fbb3fcabe5ada,2.2130000591278076,0.1419999599456787,1638381087.398,16,dusk,lemon,below,dusk,lemon,dusk,lemon,below,dusk,lemon,1371.8559167385101,2021-12-01T17:51:27.398000,1638379715.5420833
21,25,11,25,Random,-9999,3346087f95e69683,6.161999940872192,0.2200000286102295,1638381088.96,11,dawn,disgust,field,dawn,disgust,dawn,disgust,field,dawn,disgust,1373.4179167747498,2021-12-01T17:51:28.960000,1638379715.5420833
6,4,28,28,Random,-9999,3346087f95e69683,3.0950000286102295,0.23000001907348633,1638381092.27,4,socks,night,below,night,socks,socks,night,below,night,socks,1376.7279167175293,2021-12-01T17:51:32.270000,1638379715.5420833
17,6,14,6,Random,-9999,3346087f95e69683,2.2209999561309814,0.22099995613098145,1638381094.715,14,below,sad,mango,below,sad,below,sad,mango,below,sad,1379.172916650772,2021-12-01T17:51:34.715000,1638379715.5420833
17,26,0,26,Random,-9999,3346087f95e69683,8.29200005531311,0.21499991416931152,1638381103.223,0,day,dress,mango,day,dress,day,dress,mango,day,dress,1387.6809167861938,2021-12-01T17:51:43.223000,1638379715.5420833
2,25,9,9,Random,-9999,3346087f95e69683,3.5989999771118164,0.21500015258789062,1638381107.044,25,dawn,near,shirt,near,dawn,dawn,near,shirt,near,dawn,1391.5019166469574,2021-12-01T17:51:47.044000,1638379715.5420833
7,24,16,16,Random,-9999,3346087f95e69683,6.95799994468689,0.22500014305114746,1638381114.222,24,sunset,lemon,beside,lemon,sunset,sunset,lemon,beside,lemon,sunset,1398.6799166202545,2021-12-01T17:51:54.222000,1638379715.5420833
16,8,12,8,Random,-9999,3346087f95e69683,6.531999826431274,0.21900010108947754,1638381120.968,12,far,fearful,lemon,far,fearful,far,fearful,lemon,far,fearful,1405.425916671753,2021-12-01T17:52:00.968000,1638379715.5420833
15,14,0,14,Random,-9999,3346087f95e69683,3.375,0.21600008010864258,1638381124.565,0,sad,dress,blueberry,sad,dress,sad,dress,blueberry,sad,dress,1409.0229167938232,2021-12-01T17:52:04.565000,1638379715.5420833
7,2,21,21,Random,-9999,3346087f95e69683,2.6599998474121094,0.2239999771118164,1638381127.446,2,shirt,field,beside,field,shirt,shirt,field,beside,field,shirt,1411.903916835785,2021-12-01T17:52:07.446000,1638379715.5420833
18,24,16,24,Random,-9999,3346087f95e69683,2.065999984741211,0.21700000762939453,1638381129.726,16,sunset,lemon,strawberry,sunset,lemon,sunset,lemon,strawberry,sunset,lemon,1414.1839168071747,2021-12-01T17:52:09.726000,1638379715.5420833
18,25,1,25,Random,-9999,163fbb3fcabe5ada,45.867000102996826,0.1359999179840088,1638381133.406,1,dawn,pants,strawberry,dawn,pants,dawn,pants,strawberry,dawn,pants,1417.8639166355133,2021-12-01T17:52:13.406000,1638379715.5420833
2,0,6,0,Random,-9999,163fbb3fcabe5ada,0.945000171661377,0.14399981498718262,1638381134.433,6,dress,below,shirt,dress,below,dress,below,shirt,dress,below,1418.8909168243408,2021-12-01T17:52:14.433000,1638379715.5420833
29,11,23,23,Random,-9999,3346087f95e69683,5.378000020980835,0.21900010108947754,1638381135.332,11,disgust,sky,noon,sky,disgust,disgust,sky,noon,sky,disgust,1419.789916753769,2021-12-01T17:52:15.332000,1638379715.5420833
6,1,20,20,Random,-9999,163fbb3fcabe5ada,1.996999979019165,0.08299994468688965,1638381136.579,1,pants,beach,below,beach,pants,pants,beach,below,beach,pants,1421.036916732788,2021-12-01T17:52:16.579000,1638379715.5420833
28,2,12,2,Random,-9999,163fbb3fcabe5ada,2.013000011444092,0.14800000190734863,1638381138.724,12,shirt,fearful,night,shirt,fearful,shirt,fearful,night,shirt,fearful,1423.1819167137146,2021-12-01T17:52:18.724000,1638379715.5420833
21,23,29,29,Random,-9999,163fbb3fcabe5ada,2.321000099182129,0.13299989700317383,1638381141.187,23,sky,noon,field,noon,sky,sky,noon,field,noon,sky,1425.6449167728424,2021-12-01T17:52:21.187000,1638379715.5420833
26,1,4,4,Random,-9999,163fbb3fcabe5ada,3.546999931335449,0.14899992942810059,1638381144.885,1,pants,socks,day,socks,pants,pants,socks,day,socks,pants,1429.342916727066,2021-12-01T17:52:24.885000,1638379715.5420833
0,24,4,24,Random,-9999,3346087f95e69683,9.646999835968018,0.2239999771118164,1638381145.205,4,sunset,socks,dress,sunset,socks,sunset,socks,dress,sunset,socks,1429.6629166603088,2021-12-01T17:52:25.205000,1638379715.5420833
20,10,15,15,Random,-9999,163fbb3fcabe5ada,4.485000133514404,0.14700007438659668,1638381149.521,10,angry,blueberry,beach,blueberry,angry,angry,blueberry,beach,blueberry,angry,1433.97891664505,2021-12-01T17:52:29.521000,1638379715.5420833
14,18,19,18,Random,-9999,163fbb3fcabe5ada,4.003999948501587,0.14800000190734863,1638381153.668,19,strawberry,watermelon,sad,strawberry,watermelon,strawberry,watermelon,sad,strawberry,watermelon,1438.1259167194366,2021-12-01T17:52:33.668000,1638379715.5420833
19,22,13,22,Random,-9999,3346087f95e69683,11.555999994277954,0.23100018501281738,1638381156.984,13,ocean,happy,watermelon,ocean,happy,ocean,happy,watermelon,ocean,happy,1441.4419167041779,2021-12-01T17:52:36.984000,1638379715.5420833
14,8,25,8,Random,-9999,3346087f95e69683,5.168999910354614,0.22499990463256836,1638381162.378,25,far,dawn,sad,far,dawn,far,dawn,sad,far,dawn,1446.8359167575836,2021-12-01T17:52:42.378000,1638379715.5420833
7,5,24,5,Random,-9999,3346087f95e69683,3.265000104904175,0.22300004959106445,1638381165.878,24,above,sunset,beside,above,sunset,above,sunset,beside,above,sunset,1450.3359167575836,2021-12-01T17:52:45.878000,1638379715.5420833
21,13,10,13,Random,-9999,163fbb3fcabe5ada,12.437999963760376,0.14500021934509277,1638381166.247,10,happy,angry,field,happy,angry,happy,angry,field,happy,angry,1450.704916715622,2021-12-01T17:52:46.247000,1638379715.5420833
13,4,2,2,Random,-9999,3346087f95e69683,3.317999839782715,0.23000001907348633,1638381169.412,4,socks,shirt,happy,shirt,socks,socks,shirt,happy,shirt,socks,1453.869916677475,2021-12-01T17:52:49.412000,1638379715.5420833
12,21,28,28,Random,-9999,190fa01594431cd2,8.03499984741211,0.17400002479553223,1638381172.476,21,field,night,fearful,night,field,field,night,fearful,night,field,1456.9339168071747,2021-12-01T17:52:52.476000,1638379715.5420833
0,1,11,1,Random,-9999,3346087f95e69683,3.681999921798706,0.21399998664855957,1638381173.32,11,pants,disgust,dress,pants,disgust,pants,disgust,dress,pants,disgust,1457.7779166698456,2021-12-01T17:52:53.320000,1638379715.5420833
29,10,4,4,Random,-9999,3346087f95e69683,3.9519999027252197,0.2370002269744873,1638381177.504,10,angry,socks,noon,socks,angry,angry,socks,noon,socks,angry,1461.9619166851044,2021-12-01T17:52:57.504000,1638379715.5420833
19,29,18,18,Random,-9999,163fbb3fcabe5ada,12.45799994468689,0.14100003242492676,1638381178.852,29,noon,strawberry,watermelon,strawberry,noon,noon,strawberry,watermelon,strawberry,noon,1463.3099167346954,2021-12-01T17:52:58.852000,1638379715.5420833
20,27,16,27,Random,-9999,163fbb3fcabe5ada,1.4800000190734863,0.14499998092651367,1638381180.411,16,dusk,lemon,beach,dusk,lemon,dusk,lemon,beach,dusk,lemon,1464.8689167499542,2021-12-01T17:53:00.411000,1638379715.5420833
26,12,10,12,Random,-9999,163fbb3fcabe5ada,3.575000047683716,0.0819997787475586,1638381184.13,10,fearful,angry,day,fearful,angry,fearful,angry,day,fearful,angry,1468.5879168510437,2021-12-01T17:53:04.130000,1638379715.5420833
21,6,22,22,Random,-9999,190fa01594431cd2,11.687000036239624,0.14399981498718262,1638381184.304,6,below,ocean,field,ocean,below,below,ocean,field,ocean,below,1468.7619166374207,2021-12-01T17:53:04.304000,1638379715.5420833
28,4,9,4,Random,-9999,3346087f95e69683,7.121999979019165,0.2239999771118164,1638381184.845,9,socks,near,night,socks,near,socks,near,night,socks,near,1469.302916765213,2021-12-01T17:53:04.845000,1638379715.5420833
27,16,19,16,Random,-9999,163fbb3fcabe5ada,2.246000051498413,0.14300012588500977,1638381186.509,19,lemon,watermelon,dusk,lemon,watermelon,lemon,watermelon,dusk,lemon,watermelon,1470.9669167995453,2021-12-01T17:53:06.509000,1638379715.5420833
28,15,21,21,Random,-9999,190fa01594431cd2,2.0950000286102295,0.14499998092651367,1638381186.543,15,blueberry,field,night,field,blueberry,blueberry,field,night,field,blueberry,1471.0009167194366,2021-12-01T17:53:06.543000,1638379715.5420833
22,5,18,5,Random,-9999,190fa01594431cd2,1.8619999885559082,0.1419999599456787,1638381188.489,18,above,strawberry,ocean,above,strawberry,above,strawberry,ocean,above,strawberry,1472.9469168186188,2021-12-01T17:53:08.489000,1638379715.5420833
6,23,12,12,Random,-9999,3346087f95e69683,3.5939998626708984,0.22099995613098145,1638381188.661,23,sky,fearful,below,fearful,sky,sky,fearful,below,fearful,sky,1473.1189167499542,2021-12-01T17:53:08.661000,1638379715.5420833
8,17,0,17,Random,-9999,163fbb3fcabe5ada,2.878999948501587,0.13499999046325684,1638381189.53,0,mango,dress,far,mango,dress,mango,dress,far,mango,dress,1473.9879167079926,2021-12-01T17:53:09.530000,1638379715.5420833
27,15,11,11,Random,-9999,190fa01594431cd2,1.628000020980835,0.08299994468688965,1638381190.198,15,blueberry,disgust,dusk,disgust,blueberry,blueberry,disgust,dusk,disgust,blueberry,1474.6559166908264,2021-12-01T17:53:10.198000,1638379715.5420833
21,7,26,26,Random,-9999,163fbb3fcabe5ada,2.9709999561309814,0.13899993896484375,1638381192.645,7,beside,day,field,day,beside,beside,day,field,day,beside,1477.1029167175293,2021-12-01T17:53:12.645000,1638379715.5420833
29,2,14,2,Random,-9999,3346087f95e69683,4.5990002155303955,0.22099995613098145,1638381193.482,14,shirt,sad,noon,shirt,sad,shirt,sad,noon,shirt,sad,1477.9399168491364,2021-12-01T17:53:13.482000,1638379715.5420833
22,8,12,8,Random,-9999,190fa01594431cd2,4.20799994468689,0.07999992370605469,1638381194.546,12,far,fearful,ocean,far,fearful,far,fearful,ocean,far,fearful,1479.0039167404175,2021-12-01T17:53:14.546000,1638379715.5420833
9,2,1,2,Random,-9999,163fbb3fcabe5ada,2.5999999046325684,0.14600014686584473,1638381195.387,1,shirt,pants,near,shirt,pants,shirt,pants,near,shirt,pants,1479.8449168205261,2021-12-01T17:53:15.387000,1638379715.5420833
29,23,27,23,Random,-9999,190fa01594431cd2,2.385999917984009,0.14300012588500977,1638381197.074,27,sky,dusk,noon,sky,dusk,sky,dusk,noon,sky,dusk,1481.5319166183472,2021-12-01T17:53:17.074000,1638379715.5420833
5,17,7,7,Random,-9999,163fbb3fcabe5ada,2.0849997997283936,0.14100003242492676,1638381197.604,17,mango,beside,above,beside,mango,mango,beside,above,beside,mango,1482.0619168281555,2021-12-01T17:53:17.604000,1638379715.5420833
7,14,23,23,Random,-9999,3346087f95e69683,4.1549999713897705,0.22799992561340332,1638381197.864,14,sad,sky,beside,sky,sad,sad,sky,beside,sky,sad,1482.3219168186188,2021-12-01T17:53:17.864000,1638379715.5420833
18,15,3,15,Random,-9999,190fa01594431cd2,1.255000114440918,0.1419999599456787,1638381198.413,3,blueberry,shoes,strawberry,blueberry,shoes,blueberry,shoes,strawberry,blueberry,shoes,1482.8709168434143,2021-12-01T17:53:18.413000,1638379715.5420833
27,17,5,5,Random,-9999,190fa01594431cd2,1.4070000648498535,0.08999991416931152,1638381199.909,17,mango,above,dusk,above,mango,mango,above,dusk,above,mango,1484.3669166564941,2021-12-01T17:53:19.909000,1638379715.5420833
23,8,2,2,Random,-9999,163fbb3fcabe5ada,2.444000005722046,0.13300013542175293,1638381200.19,8,far,shirt,sky,shirt,far,far,shirt,sky,shirt,far,1484.6479167938232,2021-12-01T17:53:20.190000,1638379715.5420833
14,20,12,12,Random,-9999,3346087f95e69683,2.315999984741211,0.2200000286102295,1638381200.588,20,beach,fearful,sad,fearful,beach,beach,fearful,sad,fearful,beach,1485.0459167957306,2021-12-01T17:53:20.588000,1638379715.5420833
9,16,29,29,Random,-9999,163fbb3fcabe5ada,2.1110000610351562,0.14100003242492676,1638381202.433,16,lemon,noon,near,noon,lemon,lemon,noon,near,noon,lemon,1486.8909168243408,2021-12-01T17:53:22.433000,1638379715.5420833
4,23,21,21,Random,-9999,190fa01594431cd2,3.366999864578247,0.08000016212463379,1638381203.414,23,sky,field,socks,field,sky,sky,field,socks,field,sky,1487.871916770935,2021-12-01T17:53:23.414000,1638379715.5420833
13,6,19,19,Random,-9999,190fa01594431cd2,2.0440001487731934,0.1380000114440918,1638381205.598,6,below,watermelon,happy,watermelon,below,below,watermelon,happy,watermelon,below,1490.0559167861938,2021-12-01T17:53:25.598000,1638379715.5420833
5,24,8,24,Random,-9999,3346087f95e69683,5.752000093460083,0.48399996757507324,1638381206.534,8,sunset,far,above,sunset,far,sunset,far,above,sunset,far,1490.9919166564941,2021-12-01T17:53:26.534000,1638379715.5420833
2,24,4,4,Random,-9999,190fa01594431cd2,1.8490002155303955,0.14399981498718262,1638381207.535,24,sunset,socks,shirt,socks,sunset,sunset,socks,shirt,socks,sunset,1491.9929168224335,2021-12-01T17:53:27.535000,1638379715.5420833
9,15,6,6,Random,-9999,190fa01594431cd2,1.5469999313354492,0.08299994468688965,1638381209.159,15,blueberry,below,near,below,blueberry,blueberry,below,near,below,blueberry,1493.6169166564941,2021-12-01T17:53:29.159000,1638379715.5420833
16,5,24,24,Random,-9999,3346087f95e69683,2.307999849319458,0.2200000286102295,1638381209.168,5,above,sunset,lemon,sunset,above,above,sunset,lemon,sunset,above,1493.6259167194366,2021-12-01T17:53:29.168000,1638379715.5420833
13,11,29,11,Random,-9999,190fa01594431cd2,1.6530001163482666,0.09200000762939453,1638381210.908,29,disgust,noon,happy,disgust,noon,disgust,noon,happy,disgust,noon,1495.3659167289734,2021-12-01T17:53:30.908000,1638379715.5420833
20,9,14,9,Random,-9999,3346087f95e69683,2.9059998989105225,0.2200000286102295,1638381212.283,14,near,sad,beach,near,sad,near,sad,beach,near,sad,1496.7409167289734,2021-12-01T17:53:32.283000,1638379715.5420833
15,3,7,7,Random,-9999,190fa01594431cd2,2.2170000076293945,0.07800006866455078,1638381213.259,3,shoes,beside,blueberry,beside,shoes,shoes,beside,blueberry,beside,shoes,1497.7169167995453,2021-12-01T17:53:33.259000,1638379715.5420833
5,13,16,13,Random,-9999,190fa01594431cd2,2.6019999980926514,0.14599990844726562,1638381216.006,16,happy,lemon,above,happy,lemon,happy,lemon,above,happy,lemon,1500.4639167785645,2021-12-01T17:53:36.006000,1638379715.5420833
12,1,25,25,Random,-9999,3346087f95e69683,3.7070000171661377,0.21200013160705566,1638381216.215,1,pants,dawn,fearful,dawn,pants,pants,dawn,fearful,dawn,pants,1500.672916650772,2021-12-01T17:53:36.215000,1638379715.5420833
11,12,20,12,Random,-9999,190fa01594431cd2,1.2649998664855957,0.1400001049041748,1638381217.352,20,fearful,beach,disgust,fearful,beach,fearful,beach,disgust,fearful,beach,1501.8099167346954,2021-12-01T17:53:37.352000,1638379715.5420833
7,16,1,1,Random,-9999,3346087f95e69683,2.486999988555908,0.22500014305114746,1638381218.923,16,lemon,pants,beside,pants,lemon,lemon,pants,beside,pants,lemon,1503.3809168338776,2021-12-01T17:53:38.923000,1638379715.5420833
22,29,25,25,Random,-9999,190fa01594431cd2,2.363999843597412,0.08100008964538574,1638381219.861,29,noon,dawn,ocean,dawn,noon,noon,dawn,ocean,dawn,noon,1504.318916797638,2021-12-01T17:53:39.861000,1638379715.5420833
26,22,15,22,Random,-9999,190fa01594431cd2,1.568000078201294,0.14800000190734863,1638381221.511,15,ocean,blueberry,day,ocean,blueberry,ocean,blueberry,day,ocean,blueberry,1505.9689166545868,2021-12-01T17:53:41.511000,1638379715.5420833
7,8,29,8,Random,-9999,3346087f95e69683,3.059999942779541,0.22099995613098145,1638381222.205,29,far,noon,beside,far,noon,far,noon,beside,far,noon,1506.6629166603088,2021-12-01T17:53:42.205000,1638379715.5420833
13,5,29,5,Random,-9999,190fa01594431cd2,1.9789998531341553,0.0820000171661377,1638381223.642,29,above,noon,happy,above,noon,above,noon,happy,above,noon,1508.0999166965485,2021-12-01T17:53:43.642000,1638379715.5420833
22,9,26,9,Random,-9999,163fbb3fcabe5ada,22.269999980926514,0.1359999179840088,1638381224.845,26,near,day,ocean,near,day,near,day,ocean,near,day,1509.302916765213,2021-12-01T17:53:44.845000,1638379715.5420833
25,6,22,22,Random,-9999,190fa01594431cd2,2.008000135421753,0.14499998092651367,1638381225.791,6,below,ocean,dawn,ocean,below,below,ocean,dawn,ocean,below,1510.2489166259766,2021-12-01T17:53:45.791000,1638379715.5420833
18,1,4,4,Random,-9999,163fbb3fcabe5ada,1.4509999752044678,0.1419999599456787,1638381226.382,1,pants,socks,strawberry,socks,pants,pants,socks,strawberry,socks,pants,1510.8399167060852,2021-12-01T17:53:46.382000,1638379715.5420833
14,0,6,6,Random,-9999,190fa01594431cd2,1.751000165939331,0.14299988746643066,1638381227.616,0,dress,below,sad,below,dress,dress,below,sad,below,dress,1512.0739166736603,2021-12-01T17:53:47.616000,1638379715.5420833
22,18,12,18,Random,-9999,163fbb3fcabe5ada,2.3329999446868896,0.08100008964538574,1638381228.853,12,strawberry,fearful,ocean,strawberry,fearful,strawberry,fearful,ocean,strawberry,fearful,1513.3109166622162,2021-12-01T17:53:48.853000,1638379715.5420833
17,19,5,19,Random,-9999,190fa01594431cd2,1.551999807357788,0.08000016212463379,1638381229.247,5,watermelon,above,mango,watermelon,above,watermelon,above,mango,watermelon,above,1513.704916715622,2021-12-01T17:53:49.247000,1638379715.5420833
4,5,6,6,Random,-9999,3346087f95e69683,8.444999933242798,0.2390000820159912,1638381230.89,5,above,below,socks,below,above,above,below,socks,below,above,1515.347916841507,2021-12-01T17:53:50.890000,1638379715.5420833
13,21,28,28,Random,-9999,190fa01594431cd2,2.1540000438690186,0.07700014114379883,1638381231.54,21,field,night,happy,night,field,field,night,happy,night,field,1515.9979166984558,2021-12-01T17:53:51.540000,1638379715.5420833
28,20,13,20,Random,-9999,190fa01594431cd2,3.366999864578247,0.1419999599456787,1638381235.047,13,beach,happy,night,beach,happy,beach,happy,night,beach,happy,1519.5049166679382,2021-12-01T17:53:55.047000,1638379715.5420833
12,21,26,21,Random,-9999,3346087f95e69683,5.180999994277954,0.22600007057189941,1638381236.286,26,field,day,fearful,field,day,field,day,fearful,field,day,1520.7439167499542,2021-12-01T17:53:56.286000,1638379715.5420833
9,21,20,20,Random,-9999,190fa01594431cd2,2.375,0.13899993896484375,1638381237.559,21,field,beach,near,beach,field,field,beach,near,beach,field,1522.0169167518616,2021-12-01T17:53:57.559000,1638379715.5420833
26,11,20,20,Random,-9999,3346087f95e69683,1.9859998226165771,0.22300004959106445,1638381238.505,11,disgust,beach,day,beach,disgust,disgust,beach,day,beach,disgust,1522.9629168510437,2021-12-01T17:53:58.505000,1638379715.5420833
1,4,25,4,Random,-9999,190fa01594431cd2,1.5709998607635498,0.13900017738342285,1638381239.209,25,socks,dawn,pants,socks,dawn,socks,dawn,pants,socks,dawn,1523.666916847229,2021-12-01T17:53:59.209000,1638379715.5420833
28,23,29,23,Random,-9999,190fa01594431cd2,1.8259999752044678,0.08800005912780762,1638381241.129,29,sky,noon,night,sky,noon,sky,noon,night,sky,noon,1525.5869166851044,2021-12-01T17:54:01.129000,1638379715.5420833
5,1,28,28,Random,-9999,190fa01594431cd2,2.49399995803833,0.0820000171661377,1638381243.761,1,pants,night,above,night,pants,pants,night,above,night,pants,1528.2189166545868,2021-12-01T17:54:03.761000,1638379715.5420833
8,3,18,3,Random,-9999,3346087f95e69683,5.790999889373779,0.21800017356872559,1638381244.513,18,shoes,strawberry,far,shoes,strawberry,shoes,strawberry,far,shoes,strawberry,1528.9709167480469,2021-12-01T17:54:04.513000,1638379715.5420833
26,10,22,22,Random,-9999,190fa01594431cd2,1.6970000267028809,0.13899993896484375,1638381245.537,10,angry,ocean,day,ocean,angry,angry,ocean,day,ocean,angry,1529.994916677475,2021-12-01T17:54:05.537000,1638379715.5420833
10,19,22,22,Random,-9999,190fa01594431cd2,2.496999979019165,0.07999992370605469,1638381248.176,19,watermelon,ocean,angry,ocean,watermelon,watermelon,ocean,angry,ocean,watermelon,1532.6339168548584,2021-12-01T17:54:08.176000,1638379715.5420833
20,22,13,22,Random,-9999,190fa01594431cd2,1.504000186920166,0.14800000190734863,1638381249.767,13,ocean,happy,beach,ocean,happy,ocean,happy,beach,ocean,happy,1534.2249166965485,2021-12-01T17:54:09.767000,1638379715.5420833
8,27,24,27,Random,-9999,3346087f95e69683,6.858000040054321,0.22300004959106445,1638381251.593,24,dusk,sunset,far,dusk,sunset,dusk,sunset,far,dusk,sunset,1536.050916671753,2021-12-01T17:54:11.593000,1638379715.5420833
4,5,29,5,Random,-9999,190fa01594431cd2,2.0,0.0819997787475586,1638381251.909,29,above,noon,socks,above,noon,above,noon,socks,above,noon,1536.3669166564941,2021-12-01T17:54:11.909000,1638379715.5420833
20,12,17,17,Random,-9999,3346087f95e69683,1.6719999313354492,0.23799991607666016,1638381253.415,12,fearful,mango,beach,mango,fearful,fearful,mango,beach,mango,fearful,1537.8729166984558,2021-12-01T17:54:13.415000,1638379715.5420833
23,20,22,20,Random,-9999,190fa01594431cd2,2.131999969482422,0.1420001983642578,1638381254.179,22,beach,ocean,sky,beach,ocean,beach,ocean,sky,beach,ocean,1538.6369166374207,2021-12-01T17:54:14.179000,1638379715.5420833
27,1,28,28,Random,-9999,3346087f95e69683,2.013000011444092,0.12100005149841309,1638381255.639,1,pants,night,dusk,night,pants,pants,night,dusk,night,pants,1540.0969166755676,2021-12-01T17:54:15.639000,1638379715.5420833
29,13,16,16,Random,-9999,3346087f95e69683,4.641000032424927,0.21199989318847656,1638381260.494,13,happy,lemon,noon,lemon,happy,happy,lemon,noon,lemon,happy,1544.951916694641,2021-12-01T17:54:20.494000,1638379715.5420833
21,19,22,19,Random,-9999,163fbb3fcabe5ada,32.41900014877319,0.14499998092651367,1638381261.422,22,watermelon,ocean,field,watermelon,ocean,watermelon,ocean,field,watermelon,ocean,1545.8799166679382,2021-12-01T17:54:21.422000,1638379715.5420833
10,15,23,23,Random,-9999,3346087f95e69683,4.273999929428101,0.22300004959106445,1638381264.975,15,blueberry,sky,angry,sky,blueberry,blueberry,sky,angry,sky,blueberry,1549.4329166412354,2021-12-01T17:54:24.975000,1638379715.5420833
10,13,24,24,Random,-9999,3346087f95e69683,3.240999937057495,0.21399998664855957,1638381268.443,13,happy,sunset,angry,sunset,happy,happy,sunset,angry,sunset,happy,1552.900916814804,2021-12-01T17:54:28.443000,1638379715.5420833
15,5,24,24,Random,-9999,3346087f95e69683,8.732999801635742,0.22100019454956055,1638381277.403,5,above,sunset,blueberry,sunset,above,above,sunset,blueberry,sunset,above,1561.860916852951,2021-12-01T17:54:37.403000,1638379715.5420833
27,1,14,14,Random,-9999,3346087f95e69683,2.432000160217285,0.22600007057189941,1638381280.062,1,pants,sad,dusk,sad,pants,pants,sad,dusk,sad,pants,1564.5199167728424,2021-12-01T17:54:40.062000,1638379715.5420833
26,5,2,2,Random,-9999,163fbb3fcabe5ada,18.480000019073486,0.14499998092651367,1638381280.15,5,above,shirt,day,shirt,above,above,shirt,day,shirt,above,1564.6079168319702,2021-12-01T17:54:40.150000,1638379715.5420833
9,12,4,12,Random,-9999,190fa01594431cd2,26.83899998664856,0.1419999599456787,1638381281.163,4,fearful,socks,near,fearful,socks,fearful,socks,near,fearful,socks,1565.6209168434143,2021-12-01T17:54:41.163000,1638379715.5420833
0,13,10,13,Random,-9999,190fa01594431cd2,1.4509999752044678,0.13899993896484375,1638381282.692,10,happy,angry,dress,happy,angry,happy,angry,dress,happy,angry,1567.1499166488647,2021-12-01T17:54:42.692000,1638379715.5420833
16,15,6,15,Random,-9999,190fa01594431cd2,1.1200001239776611,0.07999992370605469,1638381283.891,6,blueberry,below,lemon,blueberry,below,blueberry,below,lemon,blueberry,below,1568.3489167690277,2021-12-01T17:54:43.891000,1638379715.5420833
12,13,0,0,Random,-9999,3346087f95e69683,5.321999788284302,0.22699999809265137,1638381285.603,13,happy,dress,fearful,dress,happy,happy,dress,fearful,dress,happy,1570.0609166622162,2021-12-01T17:54:45.603000,1638379715.5420833
11,13,14,14,Random,-9999,190fa01594431cd2,1.8819999694824219,0.07999992370605469,1638381285.854,13,happy,sad,disgust,sad,happy,happy,sad,disgust,sad,happy,1570.3119168281555,2021-12-01T17:54:45.854000,1638379715.5420833
23,28,26,28,Random,-9999,163fbb3fcabe5ada,6.57099986076355,0.28299999237060547,1638381286.893,26,night,day,sky,night,day,night,day,sky,night,day,1571.3509166240692,2021-12-01T17:54:46.893000,1638379715.5420833
19,16,11,16,Random,-9999,190fa01594431cd2,1.3259999752044678,0.09500002861022949,1638381287.276,11,lemon,disgust,watermelon,lemon,disgust,lemon,disgust,watermelon,lemon,disgust,1571.733916759491,2021-12-01T17:54:47.276000,1638379715.5420833
5,2,9,9,Random,-9999,3346087f95e69683,2.6649999618530273,0.21900010108947754,1638381288.487,2,shirt,near,above,near,shirt,shirt,near,above,near,shirt,1572.9449167251587,2021-12-01T17:54:48.487000,1638379715.5420833
29,21,14,21,Random,-9999,190fa01594431cd2,1.5910000801086426,0.08299994468688965,1638381288.948,14,field,sad,noon,field,sad,field,sad,noon,field,sad,1573.4059166908264,2021-12-01T17:54:48.948000,1638379715.5420833
20,9,13,13,Random,-9999,3346087f95e69683,1.8379998207092285,0.21500015258789062,1638381290.443,9,near,happy,beach,happy,near,near,happy,beach,happy,near,1574.900916814804,2021-12-01T17:54:50.443000,1638379715.5420833
22,2,3,2,Random,-9999,190fa01594431cd2,3.9090001583099365,0.07999992370605469,1638381292.996,3,shirt,shoes,ocean,shirt,shoes,shirt,shoes,ocean,shirt,shoes,1577.4539167881012,2021-12-01T17:54:52.996000,1638379715.5420833
13,5,1,5,Random,-9999,3346087f95e69683,3.3489999771118164,0.11800003051757812,1638381294.01,1,above,pants,happy,above,pants,above,pants,happy,above,pants,1578.467916727066,2021-12-01T17:54:54.010000,1638379715.5420833
11,3,17,17,Random,-9999,190fa01594431cd2,2.174999952316284,0.1399998664855957,1638381295.309,3,shoes,mango,disgust,mango,shoes,shoes,mango,disgust,mango,shoes,1579.7669167518616,2021-12-01T17:54:55.309000,1638379715.5420833
10,27,17,27,Random,-9999,190fa01594431cd2,2.2320001125335693,0.1419999599456787,1638381297.685,17,dusk,mango,angry,dusk,mango,dusk,mango,angry,dusk,mango,1582.1429166793823,2021-12-01T17:54:57.685000,1638379715.5420833
16,23,25,25,Random,-9999,3346087f95e69683,4.234999895095825,0.2220001220703125,1638381298.466,23,sky,dawn,lemon,dawn,sky,sky,dawn,lemon,dawn,sky,1582.9239168167114,2021-12-01T17:54:58.466000,1638379715.5420833
22,5,17,5,Random,-9999,190fa01594431cd2,1.4399998188018799,0.14800000190734863,1638381299.211,17,above,mango,ocean,above,mango,above,mango,ocean,above,mango,1583.6689167022705,2021-12-01T17:54:59.211000,1638379715.5420833
26,18,1,1,Random,-9999,190fa01594431cd2,2.360999822616577,0.08300018310546875,1638381301.714,18,strawberry,pants,day,pants,strawberry,strawberry,pants,day,pants,strawberry,1586.1719167232513,2021-12-01T17:55:01.714000,1638379715.5420833
20,0,27,0,Random,-9999,3346087f95e69683,3.194999933242798,0.21900010108947754,1638381301.883,27,dress,dusk,beach,dress,dusk,dress,dusk,beach,dress,dusk,1586.340916633606,2021-12-01T17:55:01.883000,1638379715.5420833
4,21,16,21,Random,-9999,190fa01594431cd2,1.6170001029968262,0.1549999713897705,1638381303.424,16,field,lemon,socks,field,lemon,field,lemon,socks,field,lemon,1587.8819167613983,2021-12-01T17:55:03.424000,1638379715.5420833
6,18,8,8,Random,-9999,163fbb3fcabe5ada,17.46500015258789,0.14100003242492676,1638381304.497,18,strawberry,far,below,far,strawberry,strawberry,far,below,far,strawberry,1588.954916715622,2021-12-01T17:55:04.497000,1638379715.5420833
12,20,6,6,Random,-9999,190fa01594431cd2,2.2639999389648438,0.07500004768371582,1638381305.827,20,beach,below,fearful,below,beach,beach,below,fearful,below,beach,1590.284916639328,2021-12-01T17:55:05.827000,1638379715.5420833
12,17,14,14,Random,-9999,3346087f95e69683,4.587000131607056,0.2219998836517334,1638381306.683,17,mango,sad,fearful,sad,mango,mango,sad,fearful,sad,mango,1591.1409168243408,2021-12-01T17:55:06.683000,1638379715.5420833
25,3,4,3,Random,-9999,190fa01594431cd2,1.7620000839233398,0.14399981498718262,1638381307.672,4,shoes,socks,dawn,shoes,socks,shoes,socks,dawn,shoes,socks,1592.1299166679382,2021-12-01T17:55:07.672000,1638379715.5420833
23,18,28,28,Random,-9999,190fa01594431cd2,1.4709999561309814,0.08299994468688965,1638381309.225,18,strawberry,night,sky,night,strawberry,strawberry,night,sky,night,strawberry,1593.6829166412354,2021-12-01T17:55:09.225000,1638379715.5420833
19,26,14,26,Random,-9999,3346087f95e69683,3.578000068664551,0.21499991416931152,1638381310.993,14,day,sad,watermelon,day,sad,day,sad,watermelon,day,sad,1595.4509167671204,2021-12-01T17:55:10.993000,1638379715.5420833
1,27,8,27,Random,-9999,190fa01594431cd2,2.7289998531341553,0.08000016212463379,1638381312.091,8,dusk,far,pants,dusk,far,dusk,far,pants,dusk,far,1596.5489168167114,2021-12-01T17:55:12.091000,1638379715.5420833
10,11,21,11,Random,-9999,190fa01594431cd2,1.369999885559082,0.14100003242492676,1638381313.545,21,disgust,field,angry,disgust,field,disgust,field,angry,disgust,field,1598.0029168128967,2021-12-01T17:55:13.545000,1638379715.5420833
1,8,7,7,Random,-9999,3346087f95e69683,4.016000032424927,0.7249999046325684,1638381315.235,8,far,beside,pants,beside,far,far,beside,pants,beside,far,1599.6929166316986,2021-12-01T17:55:15.235000,1638379715.5420833
8,18,16,16,Random,-9999,190fa01594431cd2,2.2019999027252197,0.08100008964538574,1638381315.887,18,strawberry,lemon,far,lemon,strawberry,strawberry,lemon,far,lemon,strawberry,1600.3449168205261,2021-12-01T17:55:15.887000,1638379715.5420833
13,16,0,16,Random,-9999,3346087f95e69683,1.8430001735687256,0.22799992561340332,1638381317.187,0,lemon,dress,happy,lemon,dress,lemon,dress,happy,lemon,dress,1601.6449167728424,2021-12-01T17:55:17.187000,1638379715.5420833
22,12,21,12,Random,-9999,190fa01594431cd2,1.4769999980926514,0.1419999599456787,1638381317.445,21,fearful,field,ocean,fearful,field,fearful,field,ocean,fearful,field,1601.9029166698456,2021-12-01T17:55:17.445000,1638379715.5420833
16,23,2,23,Random,-9999,3346087f95e69683,1.9869999885559082,0.11699986457824707,1638381319.401,2,sky,shirt,lemon,sky,shirt,sky,shirt,lemon,sky,shirt,1603.858916759491,2021-12-01T17:55:19.401000,1638379715.5420833
20,25,7,25,Random,-9999,163fbb3fcabe5ada,15.739000082015991,0.1399998664855957,1638381320.375,7,dawn,beside,beach,dawn,beside,dawn,beside,beach,dawn,beside,1604.8329167366028,2021-12-01T17:55:20.375000,1638379715.5420833
15,8,0,8,Random,-9999,190fa01594431cd2,3.824000120162964,0.07899999618530273,1638381321.406,0,far,dress,blueberry,far,dress,far,dress,blueberry,far,dress,1605.8639166355133,2021-12-01T17:55:21.406000,1638379715.5420833
18,19,12,19,Random,-9999,190fa01594431cd2,1.133000135421753,0.1380000114440918,1638381322.616,12,watermelon,fearful,strawberry,watermelon,fearful,watermelon,fearful,strawberry,watermelon,fearful,1607.0739166736603,2021-12-01T17:55:22.616000,1638379715.5420833
27,14,12,14,Random,-9999,3346087f95e69683,3.8369998931884766,0.21500015258789062,1638381323.453,12,sad,fearful,dusk,sad,fearful,sad,fearful,dusk,sad,fearful,1607.9109168052673,2021-12-01T17:55:23.453000,1638379715.5420833
4,12,2,2,Random,-9999,190fa01594431cd2,1.4590001106262207,0.08099985122680664,1638381324.155,12,fearful,shirt,socks,shirt,fearful,fearful,shirt,socks,shirt,fearful,1608.6129167079926,2021-12-01T17:55:24.155000,1638379715.5420833
2,5,6,5,Random,-9999,190fa01594431cd2,1.5239999294281006,0.07899999618530273,1638381325.759,6,above,below,shirt,above,below,above,below,shirt,above,below,1610.2169167995453,2021-12-01T17:55:25.759000,1638379715.5420833
0,8,28,28,Random,-9999,3346087f95e69683,4.480999946594238,0.22099995613098145,1638381328.153,8,far,night,dress,night,far,far,night,dress,night,far,1612.610916852951,2021-12-01T17:55:28.153000,1638379715.5420833
16,25,4,25,Random,-9999,190fa01594431cd2,2.3550000190734863,0.07599997520446777,1638381328.245,4,dawn,socks,lemon,dawn,socks,dawn,socks,lemon,dawn,socks,1612.7029166221619,2021-12-01T17:55:28.245000,1638379715.5420833
15,18,11,11,Random,-9999,3346087f95e69683,2.0160000324249268,0.21800017356872559,1638381330.381,18,strawberry,disgust,blueberry,disgust,strawberry,strawberry,disgust,blueberry,disgust,strawberry,1614.8389167785645,2021-12-01T17:55:30.381000,1638379715.5420833
28,12,9,12,Random,-9999,190fa01594431cd2,3.200000047683716,0.13699984550476074,1638381331.586,9,fearful,near,night,fearful,near,fearful,near,night,fearful,near,1616.0439167022705,2021-12-01T17:55:31.586000,1638379715.5420833
26,9,8,9,Random,-9999,190fa01594431cd2,2.313000202178955,0.13899993896484375,1638381334.042,8,near,far,day,near,far,near,far,day,near,far,1618.499916791916,2021-12-01T17:55:34.042000,1638379715.5420833
7,0,22,22,Random,-9999,163fbb3fcabe5ada,14.394999980926514,0.1399998664855957,1638381334.927,0,dress,ocean,beside,ocean,dress,dress,ocean,beside,ocean,dress,1619.3849167823792,2021-12-01T17:55:34.927000,1638379715.5420833
2,21,12,21,Random,-9999,190fa01594431cd2,1.9130001068115234,0.14299988746643066,1638381336.032,12,field,fearful,shirt,field,fearful,field,fearful,shirt,field,fearful,1620.4899168014526,2021-12-01T17:55:36.032000,1638379715.5420833
12,13,26,26,Random,-9999,3346087f95e69683,5.57099986076355,0.21399998664855957,1638381336.173,13,happy,day,fearful,day,happy,happy,day,fearful,day,happy,1620.6309168338776,2021-12-01T17:55:36.173000,1638379715.5420833
3,0,21,0,Random,-9999,190fa01594431cd2,1.4030001163482666,0.07800006866455078,1638381337.521,21,dress,field,shoes,dress,field,dress,field,shoes,dress,field,1621.97891664505,2021-12-01T17:55:37.521000,1638379715.5420833
21,1,11,1,Random,-9999,163fbb3fcabe5ada,2.5769999027252197,0.15400004386901855,1638381337.81,11,pants,disgust,field,pants,disgust,pants,disgust,field,pants,disgust,1622.2679166793823,2021-12-01T17:55:37.810000,1638379715.5420833
27,16,23,23,Random,-9999,190fa01594431cd2,1.7790000438690186,0.07999992370605469,1638381339.378,16,lemon,sky,dusk,sky,lemon,lemon,sky,dusk,sky,lemon,1623.8359167575836,2021-12-01T17:55:39.378000,1638379715.5420833
27,28,29,28,Random,-9999,3346087f95e69683,3.4839999675750732,0.21900010108947754,1638381339.888,29,night,noon,dusk,night,noon,night,noon,dusk,night,noon,1624.3459167480469,2021-12-01T17:55:39.888000,1638379715.5420833
11,7,10,10,Random,-9999,190fa01594431cd2,2.234999895095825,0.07999992370605469,1638381341.746,7,beside,angry,disgust,angry,beside,beside,angry,disgust,angry,beside,1626.2039167881012,2021-12-01T17:55:41.746000,1638379715.5420833
11,3,26,3,Random,-9999,3346087f95e69683,3.7309999465942383,0.23099994659423828,1638381343.831,26,shoes,day,disgust,shoes,day,shoes,day,disgust,shoes,day,1628.2889168262482,2021-12-01T17:55:43.831000,1638379715.5420833
7,5,11,5,Random,-9999,190fa01594431cd2,4.796000003814697,0.1400001049041748,1638381346.684,11,above,disgust,beside,above,disgust,above,disgust,beside,above,disgust,1631.1419167518616,2021-12-01T17:55:46.684000,1638379715.5420833
5,25,3,25,Random,-9999,3346087f95e69683,3.0850000381469727,0.22099995613098145,1638381347.14,3,dawn,shoes,above,dawn,shoes,dawn,shoes,above,dawn,shoes,1631.597916841507,2021-12-01T17:55:47.140000,1638379715.5420833
19,23,2,2,Random,-9999,190fa01594431cd2,1.9800000190734863,0.1380000114440918,1638381348.812,23,sky,shirt,watermelon,shirt,sky,sky,shirt,watermelon,shirt,sky,1633.2699167728424,2021-12-01T17:55:48.812000,1638379715.5420833
19,15,11,11,Random,-9999,3346087f95e69683,2.5769999027252197,0.21900010108947754,1638381349.944,15,blueberry,disgust,watermelon,disgust,blueberry,blueberry,disgust,watermelon,disgust,blueberry,1634.4019167423248,2021-12-01T17:55:49.944000,1638379715.5420833
29,27,17,27,Random,-9999,190fa01594431cd2,1.369999885559082,0.14899992942810059,1638381350.261,17,dusk,mango,noon,dusk,mango,dusk,mango,noon,dusk,mango,1634.7189166545868,2021-12-01T17:55:50.261000,1638379715.5420833
8,19,22,22,Random,-9999,190fa01594431cd2,1.5439999103546143,0.08000016212463379,1638381351.883,19,watermelon,ocean,far,ocean,watermelon,watermelon,ocean,far,ocean,watermelon,1636.340916633606,2021-12-01T17:55:51.883000,1638379715.5420833
12,7,13,7,Random,-9999,3346087f95e69683,3.4670000076293945,0.22499990463256836,1638381353.637,13,beside,happy,fearful,beside,happy,beside,happy,fearful,beside,happy,1638.0949168205261,2021-12-01T17:55:53.637000,1638379715.5420833
8,7,28,7,Random,-9999,190fa01594431cd2,2.2129998207092285,0.0820000171661377,1638381354.234,28,beside,night,far,beside,night,beside,night,far,beside,night,1638.6919167041779,2021-12-01T17:55:54.234000,1638379715.5420833
27,3,23,23,Random,-9999,190fa01594431cd2,2.0390000343322754,0.13700008392333984,1638381356.418,3,shoes,sky,dusk,sky,shoes,shoes,sky,dusk,sky,shoes,1640.8759167194366,2021-12-01T17:55:56.418000,1638379715.5420833
5,19,21,21,Random,-9999,3346087f95e69683,3.2279999256134033,0.22500014305114746,1638381357.084,19,watermelon,field,above,field,watermelon,watermelon,field,above,field,watermelon,1641.541916847229,2021-12-01T17:55:57.084000,1638379715.5420833
5,27,0,0,Random,-9999,3346087f95e69683,2.310999870300293,0.2239999771118164,1638381359.615,27,dusk,dress,above,dress,dusk,dusk,dress,above,dress,dusk,1644.0729167461395,2021-12-01T17:55:59.615000,1638379715.5420833
28,20,7,20,Random,-9999,190fa01594431cd2,3.2860000133514404,0.14499998092651367,1638381359.843,7,beach,beside,night,beach,beside,beach,beside,night,beach,beside,1644.300916671753,2021-12-01T17:55:59.843000,1638379715.5420833
25,6,1,6,Random,-9999,163fbb3fcabe5ada,22.984999895095825,0.33500003814697266,1638381360.961,1,below,pants,dawn,below,pants,below,pants,dawn,below,pants,1645.4189167022705,2021-12-01T17:56:00.961000,1638379715.5420833
22,20,15,15,Random,-9999,3346087f95e69683,3.7619998455047607,0.21500015258789062,1638381363.611,20,beach,blueberry,ocean,blueberry,beach,beach,blueberry,ocean,blueberry,beach,1648.068916797638,2021-12-01T17:56:03.611000,1638379715.5420833
3,23,11,23,Random,-9999,190fa01594431cd2,4.1549999713897705,0.15799999237060547,1638381364.16,11,sky,disgust,shoes,sky,disgust,sky,disgust,shoes,sky,disgust,1648.6179168224335,2021-12-01T17:56:04.160000,1638379715.5420833
21,26,23,26,Random,-9999,190fa01594431cd2,1.5239999294281006,0.14400005340576172,1638381365.765,23,day,sky,field,day,sky,day,sky,field,day,sky,1650.222916841507,2021-12-01T17:56:05.765000,1638379715.5420833
27,7,1,1,Random,-9999,3346087f95e69683,2.386000156402588,0.24399995803833008,1638381366.232,7,beside,pants,dusk,pants,beside,beside,pants,dusk,pants,beside,1650.6899168491364,2021-12-01T17:56:06.232000,1638379715.5420833
16,23,18,18,Random,-9999,190fa01594431cd2,1.4170000553131104,0.08099985122680664,1638381367.262,23,sky,strawberry,lemon,strawberry,sky,sky,strawberry,lemon,strawberry,sky,1651.7199168205261,2021-12-01T17:56:07.262000,1638379715.5420833
11,3,9,3,Random,-9999,163fbb3fcabe5ada,6.463000059127808,0.1510000228881836,1638381367.58,9,shoes,near,disgust,shoes,near,shoes,near,disgust,shoes,near,1652.0379166603088,2021-12-01T17:56:07.580000,1638379715.5420833
10,14,21,14,Random,-9999,163fbb3fcabe5ada,0.5959999561309814,0.14400005340576172,1638381368.255,21,sad,field,angry,sad,field,sad,field,angry,sad,field,1652.7129168510437,2021-12-01T17:56:08.255000,1638379715.5420833
19,29,23,23,Random,-9999,163fbb3fcabe5ada,1.3919999599456787,0.08599996566772461,1638381369.736,29,noon,sky,watermelon,sky,noon,noon,sky,watermelon,sky,noon,1654.193916797638,2021-12-01T17:56:09.736000,1638379715.5420833
16,9,12,12,Random,-9999,190fa01594431cd2,2.6529998779296875,0.08100008964538574,1638381370.053,9,near,fearful,lemon,fearful,near,near,fearful,lemon,fearful,near,1654.5109167099,2021-12-01T17:56:10.053000,1638379715.5420833
4,8,24,8,Random,-9999,163fbb3fcabe5ada,1.3320000171661377,0.0820000171661377,1638381371.151,24,far,sunset,socks,far,sunset,far,sunset,socks,far,sunset,1655.608916759491,2021-12-01T17:56:11.151000,1638379715.5420833
24,17,13,13,Random,-9999,190fa01594431cd2,1.6319999694824219,0.1380000114440918,1638381371.764,17,mango,happy,sunset,happy,mango,mango,happy,sunset,happy,mango,1656.2219166755676,2021-12-01T17:56:11.764000,1638379715.5420833
17,19,28,19,Random,-9999,3346087f95e69683,6.627000093460083,0.22499990463256836,1638381373.079,28,watermelon,night,mango,watermelon,night,watermelon,night,mango,watermelon,night,1657.536916732788,2021-12-01T17:56:13.079000,1638379715.5420833
24,10,27,27,Random,-9999,190fa01594431cd2,1.371999979019165,0.07400012016296387,1638381373.211,10,angry,dusk,sunset,dusk,angry,angry,dusk,sunset,dusk,angry,1657.6689167022705,2021-12-01T17:56:13.211000,1638379715.5420833
6,7,2,7,Random,-9999,163fbb3fcabe5ada,2.306999921798706,0.0820000171661377,1638381373.594,2,beside,shirt,below,beside,shirt,beside,shirt,below,beside,shirt,1658.0519168376923,2021-12-01T17:56:13.594000,1638379715.5420833
4,20,24,24,Random,-9999,190fa01594431cd2,2.871000051498413,0.07599997520446777,1638381376.218,20,beach,sunset,socks,sunset,beach,beach,sunset,socks,sunset,beach,1660.675916671753,2021-12-01T17:56:16.218000,1638379715.5420833
13,25,1,25,Random,-9999,3346087f95e69683,3.7239999771118164,0.22300004959106445,1638381377.025,1,dawn,pants,happy,dawn,pants,dawn,pants,happy,dawn,pants,1661.4829168319702,2021-12-01T17:56:17.025000,1638379715.5420833
13,0,26,26,Random,-9999,190fa01594431cd2,2.006999969482422,0.1380000114440918,1638381378.364,0,dress,day,happy,day,dress,dress,day,happy,day,dress,1662.8219168186188,2021-12-01T17:56:18.364000,1638379715.5420833
27,16,4,4,Random,-9999,3346087f95e69683,2.062999963760376,0.22099995613098145,1638381379.306,16,lemon,socks,dusk,socks,lemon,lemon,socks,dusk,socks,lemon,1663.7639167308807,2021-12-01T17:56:19.306000,1638379715.5420833
24,14,19,19,Random,-9999,190fa01594431cd2,1.815999984741211,0.1400001049041748,1638381380.261,14,sad,watermelon,sunset,watermelon,sad,sad,watermelon,sunset,watermelon,sad,1664.7189166545868,2021-12-01T17:56:20.261000,1638379715.5420833
22,8,7,8,Random,-9999,3346087f95e69683,2.5399999618530273,0.21700000762939453,1638381382.065,7,far,beside,ocean,far,beside,far,beside,ocean,far,beside,1666.5229167938232,2021-12-01T17:56:22.065000,1638379715.5420833
4,11,15,15,Random,-9999,3346087f95e69683,2.8380000591278076,0.2200000286102295,1638381385.117,11,disgust,blueberry,socks,blueberry,disgust,disgust,blueberry,socks,blueberry,disgust,1669.5749168395996,2021-12-01T17:56:25.117000,1638379715.5420833
21,26,8,8,Random,-9999,3346087f95e69683,4.236000061035156,0.21499991416931152,1638381389.572,26,day,far,field,far,day,day,far,field,far,day,1674.0299167633057,2021-12-01T17:56:29.572000,1638379715.5420833
27,16,18,16,Random,-9999,190fa01594431cd2,10.044999837875366,0.07899999618530273,1638381390.446,18,lemon,strawberry,dusk,lemon,strawberry,lemon,strawberry,dusk,lemon,strawberry,1674.903916835785,2021-12-01T17:56:30.446000,1638379715.5420833
26,17,27,27,Random,-9999,190fa01594431cd2,1.4479999542236328,0.14100003242492676,1638381391.972,17,mango,dusk,day,dusk,mango,mango,dusk,day,dusk,mango,1676.4299166202545,2021-12-01T17:56:31.972000,1638379715.5420833
17,10,3,10,Random,-9999,3346087f95e69683,3.247999906539917,0.22300004959106445,1638381393.043,3,angry,shoes,mango,angry,shoes,angry,shoes,mango,angry,shoes,1677.5009167194366,2021-12-01T17:56:33.043000,1638379715.5420833
28,29,7,29,Random,-9999,190fa01594431cd2,1.4040000438690186,0.07999992370605469,1638381393.457,7,noon,beside,night,noon,beside,noon,beside,night,noon,beside,1677.914916753769,2021-12-01T17:56:33.457000,1638379715.5420833
15,13,4,13,Random,-9999,190fa01594431cd2,1.4639999866485596,0.0820000171661377,1638381395.003,4,happy,socks,blueberry,happy,socks,happy,socks,blueberry,happy,socks,1679.4609167575836,2021-12-01T17:56:35.003000,1638379715.5420833
11,7,21,7,Random,-9999,163fbb3fcabe5ada,21.40400004386902,0.14100003242492676,1638381395.139,21,beside,field,disgust,beside,field,beside,field,disgust,beside,field,1679.5969166755676,2021-12-01T17:56:35.139000,1638379715.5420833
21,2,27,27,Random,-9999,163fbb3fcabe5ada,1.2969999313354492,0.14100003242492676,1638381396.521,2,shirt,dusk,field,dusk,shirt,shirt,dusk,field,dusk,shirt,1680.97891664505,2021-12-01T17:56:36.521000,1638379715.5420833
8,6,22,22,Random,-9999,190fa01594431cd2,1.7769999504089355,0.08000016212463379,1638381396.859,6,below,ocean,far,ocean,below,below,ocean,far,ocean,below,1681.3169167041779,2021-12-01T17:56:36.859000,1638379715.5420833
1,6,23,23,Random,-9999,3346087f95e69683,4.335999965667725,0.22100019454956055,1638381397.602,6,below,sky,pants,sky,below,below,sky,pants,sky,below,1682.0599167346954,2021-12-01T17:56:37.602000,1638379715.5420833
3,26,7,26,Random,-9999,163fbb3fcabe5ada,1.1030001640319824,0.0839998722076416,1638381397.702,7,day,beside,shoes,day,beside,day,beside,shoes,day,beside,1682.159916639328,2021-12-01T17:56:37.702000,1638379715.5420833
1,6,9,6,Random,-9999,3346087f95e69683,3.4819998741149902,0.2200000286102295,1638381401.307,9,below,near,pants,below,near,below,near,pants,below,near,1685.7649166584015,2021-12-01T17:56:41.307000,1638379715.5420833
19,7,0,7,Random,-9999,190fa01594431cd2,5.131999969482422,0.08000016212463379,1638381402.127,0,beside,dress,watermelon,beside,dress,beside,dress,watermelon,beside,dress,1686.5849168300629,2021-12-01T17:56:42.127000,1638379715.5420833
20,5,27,27,Random,-9999,163fbb3fcabe5ada,5.065000057220459,0.0819997787475586,1638381402.935,5,above,dusk,beach,dusk,above,above,dusk,beach,dusk,above,1687.3929166793823,2021-12-01T17:56:42.935000,1638379715.5420833
6,28,27,28,Random,-9999,190fa01594431cd2,2.4809999465942383,0.1359999179840088,1638381404.749,27,night,dusk,below,night,dusk,night,dusk,below,night,dusk,1689.206916809082,2021-12-01T17:56:44.749000,1638379715.5420833
0,14,5,14,Random,-9999,163fbb3fcabe5ada,2.638000011444092,0.1640000343322754,1638381405.712,5,sad,above,dress,sad,above,sad,above,dress,sad,above,1690.1699166297913,2021-12-01T17:56:45.712000,1638379715.5420833
25,16,9,16,Random,-9999,163fbb3fcabe5ada,0.7430000305175781,0.14299988746643066,1638381406.542,9,lemon,near,dawn,lemon,near,lemon,near,dawn,lemon,near,1690.999916791916,2021-12-01T17:56:46.542000,1638379715.5420833
28,21,17,21,Random,-9999,3346087f95e69683,5.1000001430511475,0.22099995613098145,1638381406.628,17,field,mango,night,field,mango,field,mango,night,field,mango,1691.0859167575836,2021-12-01T17:56:46.628000,1638379715.5420833
13,6,2,2,Random,-9999,163fbb3fcabe5ada,0.6340000629425049,0.08100008964538574,1638381407.26,6,below,shirt,happy,shirt,below,below,shirt,happy,shirt,below,1691.717916727066,2021-12-01T17:56:47.260000,1638379715.5420833
0,7,18,18,Random,-9999,190fa01594431cd2,2.9250001907348633,0.14100003242492676,1638381407.817,7,beside,strawberry,dress,strawberry,beside,beside,strawberry,dress,strawberry,beside,1692.2749166488647,2021-12-01T17:56:47.817000,1638379715.5420833
12,17,11,17,Random,-9999,163fbb3fcabe5ada,0.5490000247955322,0.08500003814697266,1638381407.891,11,mango,disgust,fearful,mango,disgust,mango,disgust,fearful,mango,disgust,1692.3489167690277,2021-12-01T17:56:47.891000,1638379715.5420833
11,5,16,16,Random,-9999,163fbb3fcabe5ada,0.6730000972747803,0.08299994468688965,1638381408.634,5,above,lemon,disgust,lemon,above,above,lemon,disgust,lemon,above,1693.0919167995453,2021-12-01T17:56:48.634000,1638379715.5420833
29,6,25,25,Random,-9999,190fa01594431cd2,1.6690001487731934,0.14399981498718262,1638381409.566,6,below,dawn,noon,dawn,below,below,dawn,noon,dawn,below,1694.023916721344,2021-12-01T17:56:49.566000,1638379715.5420833
14,23,10,23,Random,-9999,163fbb3fcabe5ada,1.2170000076293945,0.07500004768371582,1638381409.939,10,sky,angry,sad,sky,angry,sky,angry,sad,sky,angry,1694.396916627884,2021-12-01T17:56:49.939000,1638379715.5420833
21,19,8,8,Random,-9999,163fbb3fcabe5ada,0.8510000705718994,0.08299994468688965,1638381410.871,19,watermelon,far,field,far,watermelon,watermelon,far,field,far,watermelon,1695.3289167881012,2021-12-01T17:56:50.871000,1638379715.5420833
8,20,27,20,Random,-9999,190fa01594431cd2,1.6579999923706055,0.0820000171661377,1638381411.307,27,beach,dusk,far,beach,dusk,beach,dusk,far,beach,dusk,1695.7649166584015,2021-12-01T17:56:51.307000,1638379715.5420833
25,18,29,18,Random,-9999,3346087f95e69683,4.83299994468689,0.2200000286102295,1638381411.684,29,strawberry,noon,dawn,strawberry,noon,strawberry,noon,dawn,strawberry,noon,1696.1419167518616,2021-12-01T17:56:51.684000,1638379715.5420833
5,4,27,4,Random,-9999,163fbb3fcabe5ada,0.7669999599456787,0.07999992370605469,1638381411.719,27,socks,dusk,above,socks,dusk,socks,dusk,above,socks,dusk,1696.1769168376923,2021-12-01T17:56:51.719000,1638379715.5420833
4,13,0,0,Random,-9999,163fbb3fcabe5ada,1.0779998302459717,0.08299994468688965,1638381412.88,13,happy,dress,socks,dress,happy,happy,dress,socks,dress,happy,1697.3379168510437,2021-12-01T17:56:52.880000,1638379715.5420833
12,0,4,0,Random,-9999,190fa01594431cd2,1.8919999599456787,0.0820000171661377,1638381413.281,4,dress,socks,fearful,dress,socks,dress,socks,fearful,dress,socks,1697.7389166355133,2021-12-01T17:56:53.281000,1638379715.5420833
22,10,29,29,Random,-9999,190fa01594431cd2,1.9259998798370361,0.08000016212463379,1638381415.288,10,angry,noon,ocean,noon,angry,angry,noon,ocean,noon,angry,1699.7459168434143,2021-12-01T17:56:55.288000,1638379715.5420833
19,8,28,8,Random,-9999,3346087f95e69683,7.009000062942505,0.23000001907348633,1638381418.91,28,far,night,watermelon,far,night,far,night,watermelon,far,night,1703.3679168224335,2021-12-01T17:56:58.910000,1638379715.5420833
8,19,20,19,Random,-9999,163fbb3fcabe5ada,6.016000032424927,0.08300018310546875,1638381419.03,20,watermelon,beach,far,watermelon,beach,watermelon,beach,far,watermelon,beach,1703.4879167079926,2021-12-01T17:56:59.030000,1638379715.5420833
9,1,27,1,Random,-9999,190fa01594431cd2,4.346999883651733,0.08100008964538574,1638381419.775,27,pants,dusk,near,pants,dusk,pants,dusk,near,pants,dusk,1704.2329168319702,2021-12-01T17:56:59.775000,1638379715.5420833
3,26,12,26,Random,-9999,163fbb3fcabe5ada,0.8840000629425049,0.13899993896484375,1638381419.997,12,day,fearful,shoes,day,fearful,day,fearful,shoes,day,fearful,1704.454916715622,2021-12-01T17:56:59.997000,1638379715.5420833
21,5,3,5,Random,-9999,190fa01594431cd2,1.6979999542236328,0.14400005340576172,1638381421.556,3,above,shoes,field,above,shoes,above,shoes,field,above,shoes,1706.0139167308807,2021-12-01T17:57:01.556000,1638379715.5420833
4,15,2,15,Random,-9999,3346087f95e69683,2.7179999351501465,0.21500015258789062,1638381421.851,2,blueberry,shirt,socks,blueberry,shirt,blueberry,shirt,socks,blueberry,shirt,1706.3089168071747,2021-12-01T17:57:01.851000,1638379715.5420833
4,16,6,16,Random,-9999,163fbb3fcabe5ada,3.1999998092651367,0.08899998664855957,1638381423.349,6,lemon,below,socks,lemon,below,lemon,below,socks,lemon,below,1707.8069167137146,2021-12-01T17:57:03.349000,1638379715.5420833
20,7,27,7,Random,-9999,163fbb3fcabe5ada,0.7029998302459717,0.1420001983642578,1638381424.127,27,beside,dusk,beach,beside,dusk,beside,dusk,beach,beside,dusk,1708.5849168300629,2021-12-01T17:57:04.127000,1638379715.5420833
6,24,27,27,Random,-9999,3346087f95e69683,2.5999999046325684,0.21900010108947754,1638381424.663,24,sunset,dusk,below,dusk,sunset,sunset,dusk,below,dusk,sunset,1709.1209168434143,2021-12-01T17:57:04.663000,1638379715.5420833
22,7,0,7,Random,-9999,163fbb3fcabe5ada,0.5779998302459717,0.26800012588500977,1638381424.979,0,beside,dress,ocean,beside,dress,beside,dress,ocean,beside,dress,1709.4369168281555,2021-12-01T17:57:04.979000,1638379715.5420833
17,8,6,6,Random,-9999,190fa01594431cd2,4.156999826431274,0.08000016212463379,1638381425.854,8,far,below,mango,below,far,far,below,mango,below,far,1710.3119168281555,2021-12-01T17:57:05.854000,1638379715.5420833
13,4,18,18,Random,-9999,163fbb3fcabe5ada,0.809999942779541,0.08300018310546875,1638381425.87,4,socks,strawberry,happy,strawberry,socks,socks,strawberry,happy,strawberry,socks,1710.3279166221619,2021-12-01T17:57:05.870000,1638379715.5420833
27,28,12,28,Random,-9999,163fbb3fcabe5ada,0.8059999942779541,0.07999992370605469,1638381426.756,12,night,fearful,dusk,night,fearful,night,fearful,dusk,night,fearful,1711.2139167785645,2021-12-01T17:57:06.756000,1638379715.5420833
21,7,16,16,Random,-9999,163fbb3fcabe5ada,0.7200000286102295,0.08500003814697266,1638381427.559,7,beside,lemon,field,lemon,beside,beside,lemon,field,lemon,beside,1712.0169167518616,2021-12-01T17:57:07.559000,1638379715.5420833
0,18,9,18,Random,-9999,3346087f95e69683,3.1619999408721924,0.21500015258789062,1638381428.055,9,strawberry,near,dress,strawberry,near,strawberry,near,dress,strawberry,near,1712.51291680336,2021-12-01T17:57:08.055000,1638379715.5420833
26,21,3,21,Random,-9999,190fa01594431cd2,2.1519999504089355,0.14100003242492676,1638381428.141,3,field,shoes,day,field,shoes,field,shoes,day,field,shoes,1712.5989167690277,2021-12-01T17:57:08.141000,1638379715.5420833
5,1,12,1,Random,-9999,163fbb3fcabe5ada,2.257999897003174,0.0820000171661377,1638381429.962,12,pants,fearful,above,pants,fearful,pants,fearful,above,pants,fearful,1714.4199166297913,2021-12-01T17:57:09.962000,1638379715.5420833
5,28,23,28,Random,-9999,163fbb3fcabe5ada,0.6110000610351562,0.14499998092651367,1638381430.658,23,night,sky,above,night,sky,night,sky,above,night,sky,1715.1159167289734,2021-12-01T17:57:10.658000,1638379715.5420833
23,4,20,4,Random,-9999,163fbb3fcabe5ada,0.28099989891052246,0.0840001106262207,1638381431.019,20,socks,beach,sky,socks,beach,socks,beach,sky,socks,beach,1715.4769167900085,2021-12-01T17:57:11.019000,1638379715.5420833
17,13,4,13,Random,-9999,190fa01594431cd2,2.934999942779541,0.14400005340576172,1638381431.222,4,happy,socks,mango,happy,socks,happy,socks,mango,happy,socks,1715.6799166202545,2021-12-01T17:57:11.222000,1638379715.5420833
24,13,7,13,Random,-9999,163fbb3fcabe5ada,0.39300012588500977,0.08099985122680664,1638381431.495,7,happy,beside,sunset,happy,beside,happy,beside,sunset,happy,beside,1715.9529166221619,2021-12-01T17:57:11.495000,1638379715.5420833
28,25,21,25,Random,-9999,3346087f95e69683,3.496999979019165,0.2239999771118164,1638381431.767,21,dawn,field,night,dawn,field,dawn,field,night,dawn,field,1716.2249166965485,2021-12-01T17:57:11.767000,1638379715.5420833
9,22,20,22,Random,-9999,163fbb3fcabe5ada,0.7209999561309814,0.0839998722076416,1638381432.298,20,ocean,beach,near,ocean,beach,ocean,beach,near,ocean,beach,1716.7559168338776,2021-12-01T17:57:12.298000,1638379715.5420833
22,28,6,28,Random,-9999,190fa01594431cd2,1.3999998569488525,0.13900017738342285,1638381432.703,6,night,below,ocean,night,below,night,below,ocean,night,below,1717.1609168052673,2021-12-01T17:57:12.703000,1638379715.5420833
24,11,5,5,Random,-9999,163fbb3fcabe5ada,1.193000078201294,0.0820000171661377,1638381433.573,11,disgust,above,sunset,above,disgust,disgust,above,sunset,above,disgust,1718.0309166908264,2021-12-01T17:57:13.573000,1638379715.5420833
17,14,25,14,Random,-9999,163fbb3fcabe5ada,0.5590000152587891,0.08299994468688965,1638381434.216,25,sad,dawn,mango,sad,dawn,sad,dawn,mango,sad,dawn,1718.6739168167114,2021-12-01T17:57:14.216000,1638379715.5420833
22,21,6,6,Random,-9999,3346087f95e69683,2.818000078201294,0.22099995613098145,1638381434.801,21,field,below,ocean,below,field,field,below,ocean,below,field,1719.2589168548584,2021-12-01T17:57:14.801000,1638379715.5420833
27,2,17,2,Random,-9999,190fa01594431cd2,2.060999870300293,0.08000016212463379,1638381434.907,17,shirt,mango,dusk,shirt,mango,shirt,mango,dusk,shirt,mango,1719.3649168014526,2021-12-01T17:57:14.907000,1638379715.5420833
15,18,11,11,Random,-9999,163fbb3fcabe5ada,0.6190001964569092,0.08299994468688965,1638381434.911,18,strawberry,disgust,blueberry,disgust,strawberry,strawberry,disgust,blueberry,disgust,strawberry,1719.3689167499542,2021-12-01T17:57:14.911000,1638379715.5420833
8,20,5,20,Random,-9999,163fbb3fcabe5ada,0.6210000514984131,0.07599997520446777,1638381435.613,5,beach,above,far,beach,above,beach,above,far,beach,above,1720.0709166526794,2021-12-01T17:57:15.613000,1638379715.5420833
6,20,2,2,Random,-9999,163fbb3fcabe5ada,0.5520000457763672,0.0820000171661377,1638381436.247,20,beach,shirt,below,shirt,beach,beach,shirt,below,shirt,beach,1720.704916715622,2021-12-01T17:57:16.247000,1638379715.5420833
15,19,3,19,Random,-9999,163fbb3fcabe5ada,0.5429999828338623,0.08299994468688965,1638381436.878,3,watermelon,shoes,blueberry,watermelon,shoes,watermelon,shoes,blueberry,watermelon,shoes,1721.3359167575836,2021-12-01T17:57:16.878000,1638379715.5420833
18,6,5,5,Random,-9999,163fbb3fcabe5ada,0.5829999446868896,0.09200000762939453,1638381437.547,6,below,above,strawberry,above,below,below,above,strawberry,above,below,1722.0049166679382,2021-12-01T17:57:17.547000,1638379715.5420833
28,9,27,9,Random,-9999,163fbb3fcabe5ada,0.43000006675720215,0.0820000171661377,1638381438.077,27,near,dusk,night,near,dusk,near,dusk,night,near,dusk,1722.534916639328,2021-12-01T17:57:18.077000,1638379715.5420833
20,13,25,13,Random,-9999,3346087f95e69683,3.447000026702881,0.21799993515014648,1638381438.478,25,happy,dawn,beach,happy,dawn,happy,dawn,beach,happy,dawn,1722.9359166622162,2021-12-01T17:57:18.478000,1638379715.5420833
22,28,7,7,Random,-9999,163fbb3fcabe5ada,0.4830000400543213,0.10299992561340332,1638381438.637,28,night,beside,ocean,beside,night,night,beside,ocean,beside,night,1723.0949168205261,2021-12-01T17:57:18.637000,1638379715.5420833
14,24,15,24,Random,-9999,163fbb3fcabe5ada,0.48600006103515625,0.07499980926513672,1638381439.206,15,sunset,blueberry,sad,sunset,blueberry,sunset,blueberry,sad,sunset,blueberry,1723.6639168262482,2021-12-01T17:57:19.206000,1638379715.5420833
17,20,11,11,Random,-9999,163fbb3fcabe5ada,0.5779998302459717,0.08100008964538574,1638381439.865,20,beach,disgust,mango,disgust,beach,beach,disgust,mango,disgust,beach,1724.3229167461395,2021-12-01T17:57:19.865000,1638379715.5420833
28,4,11,11,Random,-9999,163fbb3fcabe5ada,0.5610001087188721,0.0820000171661377,1638381440.498,4,socks,disgust,night,disgust,socks,socks,disgust,night,disgust,socks,1724.9559166431427,2021-12-01T17:57:20.498000,1638379715.5420833
25,4,6,6,Random,-9999,163fbb3fcabe5ada,0.7860000133514404,0.07499980926513672,1638381441.367,4,socks,below,dawn,below,socks,socks,below,dawn,below,socks,1725.8249168395996,2021-12-01T17:57:21.367000,1638379715.5420833
0,7,16,16,Random,-9999,163fbb3fcabe5ada,0.7070000171661377,0.0820000171661377,1638381442.151,7,beside,lemon,dress,lemon,beside,beside,lemon,dress,lemon,beside,1726.608916759491,2021-12-01T17:57:22.151000,1638379715.5420833
19,8,16,16,Random,-9999,163fbb3fcabe5ada,0.7119998931884766,0.07800006866455078,1638381442.944,8,far,lemon,watermelon,lemon,far,far,lemon,watermelon,lemon,far,1727.4019167423248,2021-12-01T17:57:22.944000,1638379715.5420833
12,24,7,7,Random,-9999,163fbb3fcabe5ada,0.45600008964538574,0.08099985122680664,1638381443.479,24,sunset,beside,fearful,beside,sunset,sunset,beside,fearful,beside,sunset,1727.9369168281555,2021-12-01T17:57:23.479000,1638379715.5420833
23,25,22,22,Random,-9999,3346087f95e69683,5.090000152587891,0.22699999809265137,1638381443.793,25,dawn,ocean,sky,ocean,dawn,dawn,ocean,sky,ocean,dawn,1728.2509167194366,2021-12-01T17:57:23.793000,1638379715.5420833
15,29,1,1,Random,-9999,163fbb3fcabe5ada,0.4480001926422119,0.08099985122680664,1638381444.01,29,noon,pants,blueberry,pants,noon,noon,pants,blueberry,pants,noon,1728.467916727066,2021-12-01T17:57:24.010000,1638379715.5420833
0,12,9,9,Random,-9999,163fbb3fcabe5ada,0.4199998378753662,0.0840001106262207,1638381444.509,12,fearful,near,dress,near,fearful,fearful,near,dress,near,fearful,1728.9669167995453,2021-12-01T17:57:24.509000,1638379715.5420833
5,2,4,4,Random,-9999,163fbb3fcabe5ada,0.44300007820129395,0.08500003814697266,1638381445.04,2,shirt,socks,above,socks,shirt,shirt,socks,above,socks,shirt,1729.4979166984558,2021-12-01T17:57:25.040000,1638379715.5420833
1,10,28,28,Random,-9999,163fbb3fcabe5ada,0.6659998893737793,0.0820000171661377,1638381445.787,10,angry,night,pants,night,angry,angry,night,pants,night,angry,1730.244916677475,2021-12-01T17:57:25.787000,1638379715.5420833
5,3,16,16,Random,-9999,163fbb3fcabe5ada,0.40599989891052246,0.08100008964538574,1638381446.275,3,shoes,lemon,above,lemon,shoes,shoes,lemon,above,lemon,shoes,1730.7329168319702,2021-12-01T17:57:26.275000,1638379715.5420833
1,13,25,25,Random,-9999,163fbb3fcabe5ada,0.4139997959136963,0.08300018310546875,1638381446.773,13,happy,dawn,pants,dawn,happy,happy,dawn,pants,dawn,happy,1731.2309167385101,2021-12-01T17:57:26.773000,1638379715.5420833
28,14,8,8,Random,-9999,163fbb3fcabe5ada,0.43400001525878906,0.0840001106262207,1638381447.278,14,sad,far,night,far,sad,sad,far,night,far,sad,1731.735916852951,2021-12-01T17:57:27.278000,1638379715.5420833
19,16,23,23,Random,-9999,163fbb3fcabe5ada,0.32400012016296387,0.08499979972839355,1638381447.698,16,lemon,sky,watermelon,sky,lemon,lemon,sky,watermelon,sky,lemon,1732.1559166908264,2021-12-01T17:57:27.698000,1638379715.5420833
6,17,20,20,Random,-9999,163fbb3fcabe5ada,0.38300013542175293,0.08799982070922852,1638381448.168,17,mango,beach,below,beach,mango,mango,beach,below,beach,mango,1732.6259167194366,2021-12-01T17:57:28.168000,1638379715.5420833
9,6,2,6,Random,-9999,163fbb3fcabe5ada,0.6700000762939453,0.14299988746643066,1638381448.981,2,below,shirt,near,below,shirt,below,shirt,near,below,shirt,1733.438916683197,2021-12-01T17:57:28.981000,1638379715.5420833
9,11,15,15,Random,-9999,3346087f95e69683,6.516000032424927,0.2239999771118164,1638381450.539,11,disgust,blueberry,near,blueberry,disgust,disgust,blueberry,near,blueberry,disgust,1734.996916770935,2021-12-01T17:57:30.539000,1638379715.5420833
28,11,22,11,Random,-9999,163fbb3fcabe5ada,4.61299991607666,0.0840001106262207,1638381453.736,22,disgust,ocean,night,disgust,ocean,disgust,ocean,night,disgust,ocean,1738.193916797638,2021-12-01T17:57:33.736000,1638379715.5420833
27,1,17,17,Random,-9999,163fbb3fcabe5ada,0.8550000190734863,0.14499998092651367,1638381454.681,1,pants,mango,dusk,mango,pants,pants,mango,dusk,mango,pants,1739.1389167308807,2021-12-01T17:57:34.681000,1638379715.5420833
29,1,3,1,Random,-9999,163fbb3fcabe5ada,0.5759999752044678,0.0820000171661377,1638381455.338,3,pants,shoes,noon,pants,shoes,pants,shoes,noon,pants,shoes,1739.7959167957306,2021-12-01T17:57:35.338000,1638379715.5420833
12,25,18,25,Random,-9999,163fbb3fcabe5ada,1.9019999504089355,0.08099985122680664,1638381457.314,18,dawn,strawberry,fearful,dawn,strawberry,dawn,strawberry,fearful,dawn,strawberry,1741.771916627884,2021-12-01T17:57:37.314000,1638379715.5420833
10,14,28,14,Random,-9999,3346087f95e69683,8.430999994277954,0.22899985313415527,1638381459.185,28,sad,night,angry,sad,night,sad,night,angry,sad,night,1743.6429166793823,2021-12-01T17:57:39.185000,1638379715.5420833
4,8,27,8,Random,-9999,163fbb3fcabe5ada,6.128000020980835,0.0820000171661377,1638381463.589,27,far,dusk,socks,far,dusk,far,dusk,socks,far,dusk,1748.0469167232513,2021-12-01T17:57:43.589000,1638379715.5420833
24,2,18,2,Random,-9999,163fbb3fcabe5ada,0.8829998970031738,0.14800000190734863,1638381464.56,18,shirt,strawberry,sunset,shirt,strawberry,shirt,strawberry,sunset,shirt,strawberry,1749.0179166793823,2021-12-01T17:57:44.560000,1638379715.5420833
4,26,16,26,Random,-9999,163fbb3fcabe5ada,1.1590001583099365,0.08500003814697266,1638381465.799,16,day,lemon,socks,day,lemon,day,lemon,socks,day,lemon,1750.2569167613983,2021-12-01T17:57:45.799000,1638379715.5420833
14,10,3,10,Random,-9999,3346087f95e69683,6.877999782562256,0.21600008010864258,1638381466.282,3,angry,shoes,sad,angry,shoes,angry,shoes,sad,angry,shoes,1750.7399168014526,2021-12-01T17:57:46.282000,1638379715.5420833
9,2,1,1,Random,-9999,163fbb3fcabe5ada,0.8210000991821289,0.14599990844726562,1638381466.771,2,shirt,pants,near,pants,shirt,shirt,pants,near,pants,shirt,1751.22891664505,2021-12-01T17:57:46.771000,1638379715.5420833
29,16,27,16,Random,-9999,3346087f95e69683,2.382999897003174,0.21900010108947754,1638381468.874,27,lemon,dusk,noon,lemon,dusk,lemon,dusk,noon,lemon,dusk,1753.331916809082,2021-12-01T17:57:48.874000,1638379715.5420833
29,16,25,16,Random,-9999,3346087f95e69683,2.2289998531341553,0.21600008010864258,1638381471.33,25,lemon,dawn,noon,lemon,dawn,lemon,dawn,noon,lemon,dawn,1755.7879166603088,2021-12-01T17:57:51.330000,1638379715.5420833
27,25,4,25,Random,-9999,163fbb3fcabe5ada,4.801000118255615,0.0839998722076416,1638381471.794,4,dawn,socks,dusk,dawn,socks,dawn,socks,dusk,dawn,socks,1756.2519166469574,2021-12-01T17:57:51.794000,1638379715.5420833
1,15,12,15,Random,-9999,163fbb3fcabe5ada,2.23799991607666,0.2239999771118164,1638381474.302,12,blueberry,fearful,pants,blueberry,fearful,blueberry,fearful,pants,blueberry,fearful,1758.7599167823792,2021-12-01T17:57:54.302000,1638379715.5420833
28,8,26,8,Random,-9999,3346087f95e69683,2.9200000762939453,0.2200000286102295,1638381474.465,26,far,day,night,far,day,far,day,night,far,day,1758.922916650772,2021-12-01T17:57:54.465000,1638379715.5420833
5,18,16,18,Random,-9999,163fbb3fcabe5ada,0.6440000534057617,0.2669999599456787,1638381475.021,16,strawberry,lemon,above,strawberry,lemon,strawberry,lemon,above,strawberry,lemon,1759.47891664505,2021-12-01T17:57:55.021000,1638379715.5420833
5,7,15,7,Random,-9999,163fbb3fcabe5ada,0.6159999370574951,0.10699987411499023,1638381475.745,15,beside,blueberry,above,beside,blueberry,beside,blueberry,above,beside,blueberry,1760.2029166221619,2021-12-01T17:57:55.745000,1638379715.5420833
19,4,25,25,Random,-9999,190fa01594431cd2,40.78700017929077,0.14599990844726562,1638381475.837,4,socks,dawn,watermelon,dawn,socks,socks,dawn,watermelon,dawn,socks,1760.2949166297913,2021-12-01T17:57:55.837000,1638379715.5420833
10,2,23,23,Random,-9999,163fbb3fcabe5ada,0.7020001411437988,0.07800006866455078,1638381476.527,2,shirt,sky,angry,sky,shirt,shirt,sky,angry,sky,shirt,1760.9849166870117,2021-12-01T17:57:56.527000,1638379715.5420833
13,23,3,23,Random,-9999,3346087f95e69683,2.4210000038146973,0.21199989318847656,1638381477.1,3,sky,shoes,happy,sky,shoes,sky,shoes,happy,sky,shoes,1761.5579166412354,2021-12-01T17:57:57.100000,1638379715.5420833
14,11,5,11,Random,-9999,163fbb3fcabe5ada,0.6210000514984131,0.07799983024597168,1638381477.224,5,disgust,above,sad,disgust,above,disgust,above,sad,disgust,above,1761.6819167137146,2021-12-01T17:57:57.224000,1638379715.5420833
11,18,9,9,Random,-9999,163fbb3fcabe5ada,0.5829999446868896,0.07599997520446777,1638381477.92,18,strawberry,near,disgust,near,strawberry,strawberry,near,disgust,near,strawberry,1762.3779168128967,2021-12-01T17:57:57.920000,1638379715.5420833
28,18,14,18,Random,-9999,163fbb3fcabe5ada,0.5840001106262207,0.11500000953674316,1638381478.583,14,strawberry,sad,night,strawberry,sad,strawberry,sad,night,strawberry,sad,1763.0409166812897,2021-12-01T17:57:58.583000,1638379715.5420833
21,20,19,19,Random,-9999,163fbb3fcabe5ada,0.620999813079834,0.07899999618530273,1638381479.427,20,beach,watermelon,field,watermelon,beach,beach,watermelon,field,watermelon,beach,1763.8849167823792,2021-12-01T17:57:59.427000,1638379715.5420833
1,24,14,24,Random,-9999,163fbb3fcabe5ada,1.0950000286102295,0.27900004386901855,1638381480.654,14,sunset,sad,pants,sunset,sad,sunset,sad,pants,sunset,sad,1765.1119167804718,2021-12-01T17:58:00.654000,1638379715.5420833
17,10,3,10,Random,-9999,3346087f95e69683,3.501999855041504,0.21900010108947754,1638381480.823,3,angry,shoes,mango,angry,shoes,angry,shoes,mango,angry,shoes,1765.2809166908264,2021-12-01T17:58:00.823000,1638379715.5420833
1,21,28,28,Random,-9999,163fbb3fcabe5ada,0.6369998455047607,0.07899999618530273,1638381481.369,21,field,night,pants,night,field,field,night,pants,night,field,1765.826916694641,2021-12-01T17:58:01.369000,1638379715.5420833
19,28,26,28,Random,-9999,163fbb3fcabe5ada,0.5799999237060547,0.07899999618530273,1638381482.03,26,night,day,watermelon,night,day,night,day,watermelon,night,day,1766.4879167079926,2021-12-01T17:58:02.030000,1638379715.5420833
12,19,15,19,Random,-9999,163fbb3fcabe5ada,0.7910001277923584,0.08699989318847656,1638381482.904,15,watermelon,blueberry,fearful,watermelon,blueberry,watermelon,blueberry,fearful,watermelon,blueberry,1767.3619167804718,2021-12-01T17:58:02.904000,1638379715.5420833
16,10,22,22,Random,-9999,3346087f95e69683,2.0789999961853027,0.22300004959106445,1638381483.125,10,angry,ocean,lemon,ocean,angry,angry,ocean,lemon,ocean,angry,1767.5829167366028,2021-12-01T17:58:03.125000,1638379715.5420833
13,0,7,0,Random,-9999,163fbb3fcabe5ada,2.377000093460083,0.07699990272521973,1638381485.419,7,dress,beside,happy,dress,beside,dress,beside,happy,dress,beside,1769.8769166469574,2021-12-01T17:58:05.419000,1638379715.5420833
29,3,14,3,Random,-9999,163fbb3fcabe5ada,0.6159999370574951,0.13899993896484375,1638381486.125,14,shoes,sad,noon,shoes,sad,shoes,sad,noon,shoes,sad,1770.5829167366028,2021-12-01T17:58:06.125000,1638379715.5420833
10,26,13,13,Random,-9999,163fbb3fcabe5ada,0.6089999675750732,0.09000015258789062,1638381486.809,26,day,happy,angry,happy,day,day,happy,angry,happy,day,1771.2669167518616,2021-12-01T17:58:06.809000,1638379715.5420833
7,4,2,4,Random,-9999,163fbb3fcabe5ada,0.5260000228881836,0.07500004768371582,1638381487.413,2,socks,shirt,beside,socks,shirt,socks,shirt,beside,socks,shirt,1771.8709168434143,2021-12-01T17:58:07.413000,1638379715.5420833
11,25,3,3,Random,-9999,3346087f95e69683,6.894999980926514,0.22699999809265137,1638381490.251,25,dawn,shoes,disgust,shoes,dawn,dawn,shoes,disgust,shoes,dawn,1774.7089166641235,2021-12-01T17:58:10.251000,1638379715.5420833
6,18,17,18,Random,-9999,163fbb3fcabe5ada,3.5199999809265137,0.07699990272521973,1638381491.066,17,strawberry,mango,below,strawberry,mango,strawberry,mango,below,strawberry,mango,1775.523916721344,2021-12-01T17:58:11.066000,1638379715.5420833
13,14,3,14,Random,-9999,163fbb3fcabe5ada,0.693000078201294,0.1359999179840088,1638381491.841,3,sad,shoes,happy,sad,shoes,sad,shoes,happy,sad,shoes,1776.2989168167114,2021-12-01T17:58:11.841000,1638379715.5420833
7,22,5,5,Random,-9999,3346087f95e69683,1.9819998741149902,0.2760000228881836,1638381492.5,22,ocean,above,beside,above,ocean,ocean,above,beside,above,ocean,1776.9579167366028,2021-12-01T17:58:12.500000,1638379715.5420833
27,9,29,9,Random,-9999,3346087f95e69683,2.3420000076293945,0.21700000762939453,1638381495.07,29,near,noon,dusk,near,noon,near,noon,dusk,near,noon,1779.5279166698456,2021-12-01T17:58:15.070000,1638379715.5420833
2,26,24,26,Random,-9999,163fbb3fcabe5ada,4.624000072479248,0.07999992370605469,1638381496.602,24,day,sunset,shirt,day,sunset,day,sunset,shirt,day,sunset,1781.0599167346954,2021-12-01T17:58:16.602000,1638379715.5420833
25,16,0,16,Random,-9999,163fbb3fcabe5ada,0.9470000267028809,0.1419999599456787,1638381497.624,0,lemon,dress,dawn,lemon,dress,lemon,dress,dawn,lemon,dress,1782.081916809082,2021-12-01T17:58:17.624000,1638379715.5420833
25,23,18,23,Random,-9999,3346087f95e69683,2.4190001487731934,0.23000001907348633,1638381497.717,18,sky,strawberry,dawn,sky,strawberry,sky,strawberry,dawn,sky,strawberry,1782.1749167442322,2021-12-01T17:58:17.717000,1638379715.5420833
17,0,11,0,Random,-9999,163fbb3fcabe5ada,0.9040000438690186,0.0709998607635498,1638381498.607,11,dress,disgust,mango,dress,disgust,dress,disgust,mango,dress,disgust,1783.0649168491364,2021-12-01T17:58:18.607000,1638379715.5420833
29,6,22,22,Random,-9999,163fbb3fcabe5ada,0.942000150680542,0.0820000171661377,1638381499.625,6,below,ocean,noon,ocean,below,below,ocean,noon,ocean,below,1784.0829167366028,2021-12-01T17:58:19.625000,1638379715.5420833
17,19,22,19,Random,-9999,163fbb3fcabe5ada,0.6649999618530273,0.07499980926513672,1638381500.373,22,watermelon,ocean,mango,watermelon,ocean,watermelon,ocean,mango,watermelon,ocean,1784.8309166431427,2021-12-01T17:58:20.373000,1638379715.5420833
12,8,25,25,Random,-9999,3346087f95e69683,2.9720001220703125,0.23199987411499023,1638381501.01,8,far,dawn,fearful,dawn,far,far,dawn,fearful,dawn,far,1785.467916727066,2021-12-01T17:58:21.010000,1638379715.5420833
2,7,25,7,Random,-9999,163fbb3fcabe5ada,0.7939999103546143,0.0840001106262207,1638381501.248,25,beside,dawn,shirt,beside,dawn,beside,dawn,shirt,beside,dawn,1785.7059166431427,2021-12-01T17:58:21.248000,1638379715.5420833
20,8,11,8,Random,-9999,163fbb3fcabe5ada,0.684999942779541,0.07899999618530273,1638381502.018,11,far,disgust,beach,far,disgust,far,disgust,beach,far,disgust,1786.4759166240692,2021-12-01T17:58:22.018000,1638379715.5420833
20,3,26,26,Random,-9999,3346087f95e69683,3.2750000953674316,0.3859999179840088,1638381504.573,3,shoes,day,beach,day,shoes,shoes,day,beach,day,shoes,1789.0309166908264,2021-12-01T17:58:24.573000,1638379715.5420833
10,16,23,16,Random,-9999,163fbb3fcabe5ada,5.575000047683716,0.08999991416931152,1638381507.737,23,lemon,sky,angry,lemon,sky,lemon,sky,angry,lemon,sky,1792.1949167251587,2021-12-01T17:58:27.737000,1638379715.5420833
11,18,2,18,Random,-9999,163fbb3fcabe5ada,0.6139998435974121,0.1490001678466797,1638381508.46,2,strawberry,shirt,disgust,strawberry,shirt,strawberry,shirt,disgust,strawberry,shirt,1792.9179167747498,2021-12-01T17:58:28.460000,1638379715.5420833
29,11,25,25,Random,-9999,163fbb3fcabe5ada,0.6779999732971191,0.10299992561340332,1638381509.248,11,disgust,dawn,noon,dawn,disgust,disgust,dawn,noon,dawn,disgust,1793.7059166431427,2021-12-01T17:58:29.248000,1638379715.5420833
0,7,22,22,Random,-9999,3346087f95e69683,4.738999843597412,0.21700000762939453,1638381509.53,7,beside,ocean,dress,ocean,beside,beside,ocean,dress,ocean,beside,1793.9879167079926,2021-12-01T17:58:29.530000,1638379715.5420833
12,5,19,5,Random,-9999,163fbb3fcabe5ada,0.9509999752044678,0.11500000953674316,1638381510.304,19,above,watermelon,fearful,above,watermelon,above,watermelon,fearful,above,watermelon,1794.7619166374207,2021-12-01T17:58:30.304000,1638379715.5420833
2,27,21,27,Random,-9999,3346087f95e69683,3.2639999389648438,0.21600008010864258,1638381513.007,21,dusk,field,shirt,dusk,field,dusk,field,shirt,dusk,field,1797.4649167060852,2021-12-01T17:58:33.007000,1638379715.5420833
21,18,2,18,Random,-9999,163fbb3fcabe5ada,7.414000034332275,0.09999990463256836,1638381517.86,2,strawberry,shirt,field,strawberry,shirt,strawberry,shirt,field,strawberry,shirt,1802.3179166316986,2021-12-01T17:58:37.860000,1638379715.5420833
9,16,22,16,Random,-9999,3346087f95e69683,4.95799994468689,0.21799993515014648,1638381518.184,22,lemon,ocean,near,lemon,ocean,lemon,ocean,near,lemon,ocean,1802.6419167518616,2021-12-01T17:58:38.184000,1638379715.5420833
19,1,15,1,Random,-9999,163fbb3fcabe5ada,0.5559999942779541,0.15000009536743164,1638381518.506,15,pants,blueberry,watermelon,pants,blueberry,pants,blueberry,watermelon,pants,blueberry,1802.9639167785645,2021-12-01T17:58:38.506000,1638379715.5420833
3,11,22,22,Random,-9999,3346087f95e69683,3.11299991607666,0.21600008010864258,1638381521.511,11,disgust,ocean,shoes,ocean,disgust,disgust,ocean,shoes,ocean,disgust,1805.9689166545868,2021-12-01T17:58:41.511000,1638379715.5420833
6,18,26,18,Random,-9999,163fbb3fcabe5ada,5.210000038146973,0.08500003814697266,1638381523.858,26,strawberry,day,below,strawberry,day,strawberry,day,below,strawberry,day,1808.315916776657,2021-12-01T17:58:43.858000,1638379715.5420833
1,26,22,22,Random,-9999,163fbb3fcabe5ada,0.6809999942779541,0.13899993896484375,1638381524.623,26,day,ocean,pants,ocean,day,day,ocean,pants,ocean,day,1809.0809166431427,2021-12-01T17:58:44.623000,1638379715.5420833
29,7,22,7,Random,-9999,163fbb3fcabe5ada,0.6159999370574951,0.08299994468688965,1638381525.314,22,beside,ocean,noon,beside,ocean,beside,ocean,noon,beside,ocean,1809.771916627884,2021-12-01T17:58:45.314000,1638379715.5420833
0,17,29,29,Random,-9999,163fbb3fcabe5ada,1.183000087738037,0.07599997520446777,1638381526.579,17,mango,noon,dress,noon,mango,mango,noon,dress,noon,mango,1811.036916732788,2021-12-01T17:58:46.579000,1638379715.5420833
28,19,4,4,Random,-9999,3346087f95e69683,6.021999835968018,0.21800017356872559,1638381527.754,19,watermelon,socks,night,socks,watermelon,watermelon,socks,night,socks,watermelon,1812.2119166851044,2021-12-01T17:58:47.754000,1638379715.5420833
0,1,23,1,Random,-9999,3346087f95e69683,2.2340002059936523,0.22699999809265137,1638381530.212,23,pants,sky,dress,pants,sky,pants,sky,dress,pants,sky,1814.6699166297913,2021-12-01T17:58:50.212000,1638379715.5420833
1,26,2,2,Random,-9999,3346087f95e69683,2.140000104904175,0.21699976921081543,1638381532.577,26,day,shirt,pants,shirt,day,day,shirt,pants,shirt,day,1817.034916639328,2021-12-01T17:58:52.577000,1638379715.5420833
1,8,5,8,Random,-9999,3346087f95e69683,2.8259999752044678,0.2200000286102295,1638381535.625,5,far,above,pants,far,above,far,above,pants,far,above,1820.0829167366028,2021-12-01T17:58:55.625000,1638379715.5420833
12,14,25,14,Random,-9999,3346087f95e69683,2.0339999198913574,0.22300004959106445,1638381537.876,25,sad,dawn,fearful,sad,dawn,sad,dawn,fearful,sad,dawn,1822.3339166641235,2021-12-01T17:58:57.876000,1638379715.5420833
28,15,13,15,Random,-9999,3346087f95e69683,2.4240000247955322,0.21700000762939453,1638381540.516,13,blueberry,happy,night,blueberry,happy,blueberry,happy,night,blueberry,happy,1824.9739167690277,2021-12-01T17:59:00.516000,1638379715.5420833
26,1,5,5,Random,-9999,3346087f95e69683,2.871999979019165,0.2239999771118164,1638381543.614,1,pants,above,day,above,pants,pants,above,day,above,pants,1828.0719168186188,2021-12-01T17:59:03.614000,1638379715.5420833
8,21,16,16,Random,-9999,163fbb3fcabe5ada,17.04099988937378,0.08100008964538574,1638381543.761,21,field,lemon,far,lemon,field,field,lemon,far,lemon,field,1828.2189166545868,2021-12-01T17:59:03.761000,1638379715.5420833
20,28,16,16,Random,-9999,3346087f95e69683,2.1610000133514404,0.22099995613098145,1638381545.994,28,night,lemon,beach,lemon,night,night,lemon,beach,lemon,night,1830.451916694641,2021-12-01T17:59:05.994000,1638379715.5420833
18,26,28,26,Random,-9999,3346087f95e69683,3.7730000019073486,0.2200000286102295,1638381549.989,28,day,night,strawberry,day,night,day,night,strawberry,day,night,1834.4469168186188,2021-12-01T17:59:09.989000,1638379715.5420833
1,28,9,28,Random,-9999,3346087f95e69683,1.8989999294281006,0.22099995613098145,1638381552.189,9,night,near,pants,night,near,night,near,pants,night,near,1836.646916627884,2021-12-01T17:59:12.189000,1638379715.5420833
16,1,19,19,Random,-9999,3346087f95e69683,5.858000040054321,0.30100011825561523,1638381558.263,1,pants,watermelon,lemon,watermelon,pants,pants,watermelon,lemon,watermelon,pants,1842.7209167480469,2021-12-01T17:59:18.263000,1638379715.5420833
19,8,5,8,Random,-9999,3346087f95e69683,1.8320000171661377,0.21599984169006348,1638381560.213,5,far,above,watermelon,far,above,far,above,watermelon,far,above,1844.6709167957306,2021-12-01T17:59:20.213000,1638379715.5420833
28,12,2,12,Random,-9999,3346087f95e69683,1.6570000648498535,0.11800003051757812,1638381561.985,2,fearful,shirt,night,fearful,shirt,fearful,shirt,night,fearful,shirt,1846.4429166316986,2021-12-01T17:59:21.985000,1638379715.5420833
13,4,21,21,Random,-9999,3346087f95e69683,3.504999876022339,0.11600017547607422,1638381565.704,4,socks,field,happy,field,socks,socks,field,happy,field,socks,1850.161916732788,2021-12-01T17:59:25.704000,1638379715.5420833
1,15,11,15,Random,-9999,3346087f95e69683,2.2829999923706055,0.21199989318847656,1638381568.201,11,blueberry,disgust,pants,blueberry,disgust,blueberry,disgust,pants,blueberry,disgust,1852.6589167118073,2021-12-01T17:59:28.201000,1638379715.5420833
12,22,25,25,Random,-9999,3346087f95e69683,3.177999973297119,0.21799993515014648,1638381571.609,22,ocean,dawn,fearful,dawn,ocean,ocean,dawn,fearful,dawn,ocean,1856.0669167041779,2021-12-01T17:59:31.609000,1638379715.5420833
17,2,14,2,Random,-9999,190fa01594431cd2,95.88699984550476,0.14499998092651367,1638381571.866,14,shirt,sad,mango,shirt,sad,shirt,sad,mango,shirt,sad,1856.3239166736603,2021-12-01T17:59:31.866000,1638379715.5420833
14,13,8,8,Random,-9999,3346087f95e69683,2.109999895095825,0.22800016403198242,1638381573.937,13,happy,far,sad,far,happy,happy,far,sad,far,happy,1858.3949167728424,2021-12-01T17:59:33.937000,1638379715.5420833
14,22,16,22,Random,-9999,190fa01594431cd2,2.254000186920166,0.1419999599456787,1638381574.265,16,ocean,lemon,sad,ocean,lemon,ocean,lemon,sad,ocean,lemon,1858.722916841507,2021-12-01T17:59:34.265000,1638379715.5420833
14,19,5,5,Random,-9999,190fa01594431cd2,1.494999885559082,0.1380000114440918,1638381575.834,19,watermelon,above,sad,above,watermelon,watermelon,above,sad,above,watermelon,1860.291916847229,2021-12-01T17:59:35.834000,1638379715.5420833
9,16,22,22,Random,-9999,3346087f95e69683,3.36899995803833,0.2200000286102295,1638381577.521,16,lemon,ocean,near,ocean,lemon,lemon,ocean,near,ocean,lemon,1861.97891664505,2021-12-01T17:59:37.521000,1638379715.5420833
7,9,18,9,Random,-9999,190fa01594431cd2,1.7209999561309814,0.07999992370605469,1638381577.634,18,near,strawberry,beside,near,strawberry,near,strawberry,beside,near,strawberry,1862.0919167995453,2021-12-01T17:59:37.634000,1638379715.5420833
4,7,14,14,Random,-9999,190fa01594431cd2,1.3470001220703125,0.0820000171661377,1638381579.064,7,beside,sad,socks,sad,beside,beside,sad,socks,sad,beside,1863.521916627884,2021-12-01T17:59:39.064000,1638379715.5420833
0,17,8,17,Random,-9999,190fa01594431cd2,1.4260001182556152,0.08500003814697266,1638381580.578,8,mango,far,dress,mango,far,mango,far,dress,mango,far,1865.0359168052673,2021-12-01T17:59:40.578000,1638379715.5420833
17,14,4,4,Random,-9999,3346087f95e69683,4.5350000858306885,0.21300005912780762,1638381582.278,14,sad,socks,mango,socks,sad,sad,socks,mango,socks,sad,1866.735916852951,2021-12-01T17:59:42.278000,1638379715.5420833
8,3,10,10,Random,-9999,190fa01594431cd2,1.8199999332427979,0.07999992370605469,1638381582.474,3,shoes,angry,far,angry,shoes,shoes,angry,far,angry,shoes,1866.9319167137146,2021-12-01T17:59:42.474000,1638379715.5420833
29,0,5,0,Random,-9999,190fa01594431cd2,1.7209999561309814,0.08000016212463379,1638381584.28,5,dress,above,noon,dress,above,dress,above,noon,dress,above,1868.7379167079926,2021-12-01T17:59:44.280000,1638379715.5420833
6,9,8,9,Random,-9999,190fa01594431cd2,1.5759999752044678,0.07899999618530273,1638381585.931,8,near,far,below,near,far,near,far,below,near,far,1870.3889167308807,2021-12-01T17:59:45.931000,1638379715.5420833
5,1,24,24,Random,-9999,3346087f95e69683,4.292999982833862,0.22299981117248535,1638381586.793,1,pants,sunset,above,sunset,pants,pants,sunset,above,sunset,pants,1871.2509167194366,2021-12-01T17:59:46.793000,1638379715.5420833
4,2,23,2,Random,-9999,3346087f95e69683,2.2829999923706055,0.21800017356872559,1638381589.29,23,shirt,sky,socks,shirt,sky,shirt,sky,socks,shirt,sky,1873.7479166984558,2021-12-01T17:59:49.290000,1638379715.5420833
13,17,18,18,Random,-9999,190fa01594431cd2,7.763999938964844,0.0820000171661377,1638381593.836,17,mango,strawberry,happy,strawberry,mango,mango,strawberry,happy,strawberry,mango,1878.2939167022705,2021-12-01T17:59:53.836000,1638379715.5420833
20,21,10,21,Random,-9999,3346087f95e69683,5.398000001907349,0.21700000762939453,1638381594.906,10,field,angry,beach,field,angry,field,angry,beach,field,angry,1879.3639166355133,2021-12-01T17:59:54.906000,1638379715.5420833
28,12,11,12,Random,-9999,190fa01594431cd2,2.821000099182129,0.13899993896484375,1638381596.795,11,fearful,disgust,night,fearful,disgust,fearful,disgust,night,fearful,disgust,1881.2529168128967,2021-12-01T17:59:56.795000,1638379715.5420833
6,19,20,20,Random,-9999,190fa01594431cd2,2.2849998474121094,0.14600014686584473,1638381599.223,19,watermelon,beach,below,beach,watermelon,watermelon,beach,below,beach,watermelon,1883.6809167861938,2021-12-01T17:59:59.223000,1638379715.5420833
19,18,25,18,Random,-9999,190fa01594431cd2,8.236999988555908,0.14100003242492676,1638381607.602,25,strawberry,dawn,watermelon,strawberry,dawn,strawberry,dawn,watermelon,strawberry,dawn,1892.0599167346954,2021-12-01T18:00:07.602000,1638379715.5420833
4,21,8,21,Random,-9999,190fa01594431cd2,1.6979999542236328,0.1400001049041748,1638381609.378,8,field,far,socks,field,far,field,far,socks,field,far,1893.8359167575836,2021-12-01T18:00:09.378000,1638379715.5420833
10,6,20,6,Random,-9999,190fa01594431cd2,2.184000015258789,0.0820000171661377,1638381611.701,20,below,beach,angry,below,beach,below,beach,angry,below,beach,1896.1589167118073,2021-12-01T18:00:11.701000,1638379715.5420833
9,21,28,28,Random,-9999,190fa01594431cd2,1.8040001392364502,0.1380000114440918,1638381613.586,21,field,night,near,night,field,field,night,near,night,field,1898.0439167022705,2021-12-01T18:00:13.586000,1638379715.5420833
12,26,21,26,Random,-9999,190fa01594431cd2,2.1610000133514404,0.07799983024597168,1638381615.883,21,day,field,fearful,day,field,day,field,fearful,day,field,1900.340916633606,2021-12-01T18:00:15.883000,1638379715.5420833
29,22,3,22,Random,-9999,190fa01594431cd2,1.4180002212524414,0.1419999599456787,1638381617.385,3,ocean,shoes,noon,ocean,shoes,ocean,shoes,noon,ocean,shoes,1901.842916727066,2021-12-01T18:00:17.385000,1638379715.5420833
10,13,11,13,Random,-9999,190fa01594431cd2,1.2139999866485596,0.07999992370605469,1638381618.679,11,happy,disgust,angry,happy,disgust,happy,disgust,angry,happy,disgust,1903.1369166374207,2021-12-01T18:00:18.679000,1638379715.5420833
22,28,6,28,Random,-9999,190fa01594431cd2,3.446000099182129,0.0839998722076416,1638381622.267,6,night,below,ocean,night,below,night,below,ocean,night,below,1906.7249166965485,2021-12-01T18:00:22.267000,1638379715.5420833
1,12,23,12,Random,-9999,190fa01594431cd2,1.823000192642212,0.13899993896484375,1638381624.171,23,fearful,sky,pants,fearful,sky,fearful,sky,pants,fearful,sky,1908.6289167404175,2021-12-01T18:00:24.171000,1638379715.5420833
20,22,0,22,Random,-9999,190fa01594431cd2,1.2699999809265137,0.07899999618530273,1638381625.519,0,ocean,dress,beach,ocean,dress,ocean,dress,beach,ocean,dress,1909.9769167900085,2021-12-01T18:00:25.519000,1638379715.5420833
11,19,13,13,Random,-9999,190fa01594431cd2,1.6069998741149902,0.0820000171661377,1638381627.21,19,watermelon,happy,disgust,happy,watermelon,watermelon,happy,disgust,happy,watermelon,1911.6679167747498,2021-12-01T18:00:27.210000,1638379715.5420833
23,17,20,20,Random,-9999,190fa01594431cd2,2.8540000915527344,0.0820000171661377,1638381630.209,17,mango,beach,sky,beach,mango,mango,beach,sky,beach,mango,1914.666916847229,2021-12-01T18:00:30.209000,1638379715.5420833
2,7,20,20,Random,-9999,190fa01594431cd2,1.7920000553131104,0.14899992942810059,1638381632.087,7,beside,beach,shirt,beach,beside,beside,beach,shirt,beach,beside,1916.5449166297913,2021-12-01T18:00:32.087000,1638379715.5420833
2,13,22,13,Random,-9999,190fa01594431cd2,2.752000093460083,0.08099985122680664,1638381634.981,22,happy,ocean,shirt,happy,ocean,happy,ocean,shirt,happy,ocean,1919.438916683197,2021-12-01T18:00:34.981000,1638379715.5420833
2,29,16,16,Random,-9999,190fa01594431cd2,2.058000087738037,0.14499998092651367,1638381637.177,29,noon,lemon,shirt,lemon,noon,noon,lemon,shirt,lemon,noon,1921.6349167823792,2021-12-01T18:00:37.177000,1638379715.5420833
27,6,28,28,Random,-9999,190fa01594431cd2,4.786999940872192,0.14400005340576172,1638381642.11,6,below,night,dusk,night,below,below,night,dusk,night,below,1926.5679166316986,2021-12-01T18:00:42.110000,1638379715.5420833
20,21,29,29,Random,-9999,190fa01594431cd2,1.6040000915527344,0.14100003242492676,1638381643.796,21,field,noon,beach,noon,field,field,noon,beach,noon,field,1928.2539167404175,2021-12-01T18:00:43.796000,1638379715.5420833
4,2,19,2,Random,-9999,190fa01594431cd2,1.312999963760376,0.07899999618530273,1638381645.188,19,shirt,watermelon,socks,shirt,watermelon,shirt,watermelon,socks,shirt,watermelon,1929.6459167003632,2021-12-01T18:00:45.188000,1638379715.5420833
12,15,28,28,Random,-9999,190fa01594431cd2,1.3510000705718994,0.09099984169006348,1638381646.629,15,blueberry,night,fearful,night,blueberry,blueberry,night,fearful,night,blueberry,1931.0869166851044,2021-12-01T18:00:46.629000,1638379715.5420833
3,27,8,8,Random,-9999,190fa01594431cd2,1.4079999923706055,0.08099985122680664,1638381648.117,27,dusk,far,shoes,far,dusk,dusk,far,shoes,far,dusk,1932.5749168395996,2021-12-01T18:00:48.117000,1638379715.5420833
3,27,10,27,Random,-9999,190fa01594431cd2,1.9140000343322754,0.08599996566772461,1638381650.119,10,dusk,angry,shoes,dusk,angry,dusk,angry,shoes,dusk,angry,1934.576916694641,2021-12-01T18:00:50.119000,1638379715.5420833
27,6,11,6,Random,-9999,190fa01594431cd2,2.263000011444092,0.08299994468688965,1638381652.522,11,below,disgust,dusk,below,disgust,below,disgust,dusk,below,disgust,1936.9799168109894,2021-12-01T18:00:52.522000,1638379715.5420833
14,11,27,11,Random,-9999,190fa01594431cd2,1.559999942779541,0.14100003242492676,1638381654.161,27,disgust,dusk,sad,disgust,dusk,disgust,dusk,sad,disgust,dusk,1938.6189167499542,2021-12-01T18:00:54.161000,1638379715.5420833
27,11,9,9,Random,-9999,190fa01594431cd2,1.8439998626708984,0.08599996566772461,1638381656.092,11,disgust,near,dusk,near,disgust,disgust,near,dusk,near,disgust,1940.5499167442322,2021-12-01T18:00:56.092000,1638379715.5420833
26,5,23,23,Random,-9999,190fa01594431cd2,1.817000150680542,0.08299994468688965,1638381657.993,5,above,sky,day,sky,above,above,sky,day,sky,above,1942.4509167671204,2021-12-01T18:00:57.993000,1638379715.5420833
14,27,3,27,Random,-9999,190fa01594431cd2,2.114000082015991,0.08099985122680664,1638381660.27,3,dusk,shoes,sad,dusk,shoes,dusk,shoes,sad,dusk,shoes,1944.7279167175293,2021-12-01T18:01:00.270000,1638379715.5420833
28,17,14,14,Random,-9999,190fa01594431cd2,1.6630001068115234,0.15899991989135742,1638381662.006,17,mango,sad,night,sad,mango,mango,sad,night,sad,mango,1946.4639167785645,2021-12-01T18:01:02.006000,1638379715.5420833
18,8,7,8,Random,-9999,190fa01594431cd2,2.6530001163482666,0.07999992370605469,1638381664.799,7,far,beside,strawberry,far,beside,far,beside,strawberry,far,beside,1949.2569167613983,2021-12-01T18:01:04.799000,1638379715.5420833
20,13,17,13,Random,-9999,190fa01594431cd2,2.0429999828338623,0.6050000190734863,1638381667.447,17,happy,mango,beach,happy,mango,happy,mango,beach,happy,mango,1951.9049167633057,2021-12-01T18:01:07.447000,1638379715.5420833
21,22,2,22,Random,-9999,190fa01594431cd2,1.502000093460083,0.1419999599456787,1638381669.033,2,ocean,shirt,field,ocean,shirt,ocean,shirt,field,ocean,shirt,1953.4909167289734,2021-12-01T18:01:09.033000,1638379715.5420833
20,12,27,27,Random,-9999,190fa01594431cd2,1.5449998378753662,0.08700013160705566,1638381670.662,12,fearful,dusk,beach,dusk,fearful,fearful,dusk,beach,dusk,fearful,1955.119916677475,2021-12-01T18:01:10.662000,1638379715.5420833
18,17,26,17,Random,-9999,190fa01594431cd2,1.4729998111724854,0.08000016212463379,1638381672.217,26,mango,day,strawberry,mango,day,mango,day,strawberry,mango,day,1956.6749167442322,2021-12-01T18:01:12.217000,1638379715.5420833
1,6,18,6,Random,-9999,190fa01594431cd2,29.639999866485596,0.08000016212463379,1638381701.994,18,below,strawberry,pants,below,strawberry,below,strawberry,pants,below,strawberry,1986.451916694641,2021-12-01T18:01:41.994000,1638379715.5420833
4,9,5,5,Random,-9999,190fa01594431cd2,1.7019999027252197,0.14100003242492676,1638381703.778,9,near,above,socks,above,near,near,above,socks,above,near,1988.235916852951,2021-12-01T18:01:43.778000,1638379715.5420833
16,11,18,18,Random,-9999,190fa01594431cd2,1.5939998626708984,0.08100008964538574,1638381705.453,11,disgust,strawberry,lemon,strawberry,disgust,disgust,strawberry,lemon,strawberry,disgust,1989.9109168052673,2021-12-01T18:01:45.453000,1638379715.5420833
19,29,28,29,Random,-9999,190fa01594431cd2,2.125999927520752,0.07800006866455078,1638381707.722,28,noon,night,watermelon,noon,night,noon,night,watermelon,noon,night,1992.1799166202545,2021-12-01T18:01:47.722000,1638379715.5420833
17,3,10,10,Random,-9999,190fa01594431cd2,2.433000087738037,0.14499998092651367,1638381710.293,3,shoes,angry,mango,angry,shoes,shoes,angry,mango,angry,shoes,1994.7509167194366,2021-12-01T18:01:50.293000,1638379715.5420833
26,8,7,7,Random,-9999,190fa01594431cd2,1.7179999351501465,0.1399998664855957,1638381712.092,8,far,beside,day,beside,far,far,beside,day,beside,far,1996.5499167442322,2021-12-01T18:01:52.092000,1638379715.5420833
8,12,18,12,Random,-9999,190fa01594431cd2,1.5149998664855957,0.07900023460388184,1638381713.687,18,fearful,strawberry,far,fearful,strawberry,fearful,strawberry,far,fearful,strawberry,1998.1449167728424,2021-12-01T18:01:53.687000,1638379715.5420833
25,1,14,14,Random,-9999,190fa01594431cd2,2.7189998626708984,0.07800006866455078,1638381716.542,1,pants,sad,dawn,sad,pants,pants,sad,dawn,sad,pants,2000.999916791916,2021-12-01T18:01:56.542000,1638379715.5420833
4,8,17,8,Random,-9999,190fa01594431cd2,2.2280001640319824,0.1380000114440918,1638381718.905,17,far,mango,socks,far,mango,far,mango,socks,far,mango,2003.3629167079926,2021-12-01T18:01:58.905000,1638379715.5420833
2,13,25,13,Random,-9999,190fa01594431cd2,54.79800009727478,0.1380000114440918,1638381773.843,25,happy,dawn,shirt,happy,dawn,happy,dawn,shirt,happy,dawn,2058.300916671753,2021-12-01T18:02:53.843000,1638379715.5420833
10,4,12,12,Random,-9999,190fa01594431cd2,1.9049999713897705,0.14399981498718262,1638381775.831,4,socks,fearful,angry,fearful,socks,socks,fearful,angry,fearful,socks,2060.288916826248,2021-12-01T18:02:55.831000,1638379715.5420833
27,10,12,12,Random,-9999,190fa01594431cd2,2.385999917984009,0.08000016212463379,1638381778.354,10,angry,fearful,dusk,fearful,angry,angry,fearful,dusk,fearful,angry,2062.8119168281555,2021-12-01T18:02:58.354000,1638379715.5420833
17,12,1,1,Random,-9999,190fa01594431cd2,10.897000074386597,0.14499998092651367,1638381789.394,12,fearful,pants,mango,pants,fearful,fearful,pants,mango,pants,fearful,2073.8519167900085,2021-12-01T18:03:09.394000,1638379715.5420833
11,1,17,1,Random,-9999,190fa01594431cd2,7.448999881744385,0.13700008392333984,1638381796.983,17,pants,mango,disgust,pants,mango,pants,mango,disgust,pants,mango,2081.440916776657,2021-12-01T18:03:16.983000,1638379715.5420833
29,28,16,28,Random,-9999,190fa01594431cd2,1.432999849319458,0.14300012588500977,1638381798.5,16,night,lemon,noon,night,lemon,night,lemon,noon,night,lemon,2082.957916736603,2021-12-01T18:03:18.500000,1638379715.5420833
10,11,28,11,Random,-9999,190fa01594431cd2,1.2170000076293945,0.07700014114379883,1638381799.793,28,disgust,night,angry,disgust,night,disgust,night,angry,disgust,night,2084.2509167194366,2021-12-01T18:03:19.793000,1638379715.5420833
26,6,13,13,Random,-9999,190fa01594431cd2,1.5190000534057617,0.07800006866455078,1638381801.389,6,below,happy,day,happy,below,below,happy,day,happy,below,2085.8469166755676,2021-12-01T18:03:21.389000,1638379715.5420833
18,3,9,9,Random,-9999,190fa01594431cd2,1.7769999504089355,0.08300018310546875,1638381803.249,3,shoes,near,strawberry,near,shoes,shoes,near,strawberry,near,shoes,2087.706916809082,2021-12-01T18:03:23.249000,1638379715.5420833
5,8,26,8,Random,-9999,190fa01594431cd2,1.874000072479248,0.07999992370605469,1638381805.201,26,far,day,above,far,day,far,day,above,far,day,2089.6589167118073,2021-12-01T18:03:25.201000,1638379715.5420833
26,5,21,21,Random,-9999,190fa01594431cd2,1.5750000476837158,0.07799983024597168,1638381806.853,5,above,field,day,field,above,above,field,day,field,above,2091.310916662216,2021-12-01T18:03:26.853000,1638379715.5420833
29,16,10,16,Random,-9999,190fa01594431cd2,2.4720001220703125,0.07899999618530273,1638381809.465,10,lemon,angry,noon,lemon,angry,lemon,angry,noon,lemon,angry,2093.922916650772,2021-12-01T18:03:29.465000,1638379715.5420833
9,0,18,18,Random,-9999,190fa01594431cd2,1.4609999656677246,0.1399998664855957,1638381811.005,0,dress,strawberry,near,strawberry,dress,dress,strawberry,near,strawberry,dress,2095.4629168510437,2021-12-01T18:03:31.005000,1638379715.5420833
6,27,9,27,Random,-9999,190fa01594431cd2,1.8939998149871826,0.07700014114379883,1638381812.977,9,dusk,near,below,dusk,near,dusk,near,below,dusk,near,2097.4349167346954,2021-12-01T18:03:32.977000,1638379715.5420833
26,21,15,21,Random,-9999,190fa01594431cd2,1.5800001621246338,0.07999992370605469,1638381814.639,15,field,blueberry,day,field,blueberry,field,blueberry,day,field,blueberry,2099.0969166755676,2021-12-01T18:03:34.639000,1638379715.5420833
13,29,1,29,Random,-9999,190fa01594431cd2,1.940000057220459,0.07999992370605469,1638381816.769,1,noon,pants,happy,noon,pants,noon,pants,happy,noon,pants,2101.2269167900085,2021-12-01T18:03:36.769000,1638379715.5420833
4,1,7,1,Random,-9999,190fa01594431cd2,1.3619999885559082,0.1919999122619629,1638381818.211,7,pants,beside,socks,pants,beside,pants,beside,socks,pants,beside,2102.6689167022705,2021-12-01T18:03:38.211000,1638379715.5420833
27,15,6,6,Random,-9999,190fa01594431cd2,1.8859999179840088,0.0840001106262207,1638381820.181,15,blueberry,below,dusk,below,blueberry,blueberry,below,dusk,below,blueberry,2104.6389167308807,2021-12-01T18:03:40.181000,1638379715.5420833
16,1,11,11,Random,-9999,190fa01594431cd2,8.347000122070312,0.07999992370605469,1638381828.666,1,pants,disgust,lemon,disgust,pants,pants,disgust,lemon,disgust,pants,2113.1239166259766,2021-12-01T18:03:48.666000,1638379715.5420833
25,15,3,15,Random,-9999,190fa01594431cd2,1.5999999046325684,0.13700008392333984,1638381830.345,3,blueberry,shoes,dawn,blueberry,shoes,blueberry,shoes,dawn,blueberry,shoes,2114.802916765213,2021-12-01T18:03:50.345000,1638379715.5420833
15,0,1,1,Random,-9999,190fa01594431cd2,1.6129999160766602,0.0820000171661377,1638381832.041,0,dress,pants,blueberry,pants,dress,dress,pants,blueberry,pants,dress,2116.4989166259766,2021-12-01T18:03:52.041000,1638379715.5420833
6,29,17,29,Random,-9999,190fa01594431cd2,2.315999984741211,0.08000016212463379,1638381834.5,17,noon,mango,below,noon,mango,noon,mango,below,noon,mango,2118.957916736603,2021-12-01T18:03:54.500000,1638379715.5420833
22,18,10,18,Random,-9999,190fa01594431cd2,6.111999988555908,0.14600014686584473,1638381840.751,10,strawberry,angry,ocean,strawberry,angry,strawberry,angry,ocean,strawberry,angry,2125.2089166641235,2021-12-01T18:04:00.751000,1638379715.5420833
21,7,11,7,Random,-9999,190fa01594431cd2,8.407999992370605,0.14499998092651367,1638381849.301,11,beside,disgust,field,beside,disgust,beside,disgust,field,beside,disgust,2133.7589168548584,2021-12-01T18:04:09.301000,1638379715.5420833
2,6,9,9,Random,-9999,190fa01594431cd2,1.6050000190734863,0.14099979400634766,1638381850.988,6,below,near,shirt,near,below,below,near,shirt,near,below,2135.4459166526794,2021-12-01T18:04:10.988000,1638379715.5420833
20,1,23,23,Random,-9999,190fa01594431cd2,1.9200000762939453,0.07800006866455078,1638381852.987,1,pants,sky,beach,sky,pants,pants,sky,beach,sky,pants,2137.4449167251587,2021-12-01T18:04:12.987000,1638379715.5420833
11,23,9,23,Random,-9999,190fa01594431cd2,5.687000036239624,0.0820000171661377,1638381858.812,9,sky,near,disgust,sky,near,sky,near,disgust,sky,near,2143.2699167728424,2021-12-01T18:04:18.812000,1638379715.5420833
9,1,21,21,Random,-9999,190fa01594431cd2,1.8829998970031738,0.1380000114440918,1638381860.783,1,pants,field,near,field,pants,pants,field,near,field,pants,2145.2409167289734,2021-12-01T18:04:20.783000,1638379715.5420833
8,15,22,22,Random,-9999,be474acd32b83ee1,8.676999807357788,0.1550002098083496,1638381866.573,15,blueberry,ocean,far,ocean,blueberry,blueberry,ocean,far,ocean,blueberry,2151.0309166908264,2021-12-01T18:04:26.573000,1638379715.5420833
14,18,25,25,Random,-9999,be474acd32b83ee1,3.311000108718872,0.1399998664855957,1638381870.097,18,strawberry,dawn,sad,dawn,strawberry,strawberry,dawn,sad,dawn,strawberry,2154.5549166202545,2021-12-01T18:04:30.097000,1638379715.5420833
6,19,15,19,Random,-9999,be474acd32b83ee1,8.657000064849854,0.14299988746643066,1638381878.891,15,watermelon,blueberry,below,watermelon,blueberry,watermelon,blueberry,below,watermelon,blueberry,2163.3489167690277,2021-12-01T18:04:38.891000,1638379715.5420833
8,26,2,26,Random,-9999,be474acd32b83ee1,2.634000062942505,0.14100003242492676,1638381881.663,2,day,shirt,far,day,shirt,day,shirt,far,day,shirt,2166.1209168434143,2021-12-01T18:04:41.663000,1638379715.5420833
12,1,13,1,Random,-9999,be474acd32b83ee1,2.2720000743865967,0.13899993896484375,1638381884.076,13,pants,happy,fearful,pants,happy,pants,happy,fearful,pants,happy,2168.5339167118073,2021-12-01T18:04:44.076000,1638379715.5420833
9,17,11,17,Random,-9999,be474acd32b83ee1,2.944000005722046,0.1419999599456787,1638381887.168,11,mango,disgust,near,mango,disgust,mango,disgust,near,mango,disgust,2171.6259167194366,2021-12-01T18:04:47.168000,1638379715.5420833
8,19,29,29,Random,-9999,be474acd32b83ee1,2.1559998989105225,0.1419999599456787,1638381889.452,19,watermelon,noon,far,noon,watermelon,watermelon,noon,far,noon,watermelon,2173.909916639328,2021-12-01T18:04:49.452000,1638379715.5420833
8,22,17,22,Random,-9999,be474acd32b83ee1,1.5219998359680176,0.14300012588500977,1638381891.063,17,ocean,mango,far,ocean,mango,ocean,mango,far,ocean,mango,2175.520916700363,2021-12-01T18:04:51.063000,1638379715.5420833
20,4,11,4,Random,-9999,be474acd32b83ee1,2.328000068664551,0.07899999618530273,1638381893.534,11,socks,disgust,beach,socks,disgust,socks,disgust,beach,socks,disgust,2177.991916656494,2021-12-01T18:04:53.534000,1638379715.5420833
3,6,15,6,Random,-9999,be474acd32b83ee1,1.9300000667572021,0.13199996948242188,1638381897.669,15,below,blueberry,shoes,below,blueberry,below,blueberry,shoes,below,blueberry,2182.1269166469574,2021-12-01T18:04:57.669000,1638379715.5420833
20,3,10,3,Random,-9999,be474acd32b83ee1,2.424999952316284,0.1400001049041748,1638381900.298,10,shoes,angry,beach,shoes,angry,shoes,angry,beach,shoes,angry,2184.7559168338776,2021-12-01T18:05:00.298000,1638379715.5420833
14,21,5,21,Random,-9999,be474acd32b83ee1,2.2660000324249268,0.14100003242492676,1638381902.698,5,field,above,sad,field,above,field,above,sad,field,above,2187.1559166908264,2021-12-01T18:05:02.698000,1638379715.5420833
24,11,16,16,Random,-9999,be474acd32b83ee1,2.694000005722046,0.1360001564025879,1638381905.532,11,disgust,lemon,sunset,lemon,disgust,disgust,lemon,sunset,lemon,disgust,2189.9899168014526,2021-12-01T18:05:05.532000,1638379715.5420833
18,0,20,0,Random,-9999,be474acd32b83ee1,2.4730000495910645,0.1399998664855957,1638381908.153,20,dress,beach,strawberry,dress,beach,dress,beach,strawberry,dress,beach,2192.610916852951,2021-12-01T18:05:08.153000,1638379715.5420833
21,4,8,8,Random,-9999,be474acd32b83ee1,2.443000078201294,0.14499998092651367,1638381910.727,4,socks,far,field,far,socks,socks,far,field,far,socks,2195.1849167346954,2021-12-01T18:05:10.727000,1638379715.5420833
0,7,17,7,Random,-9999,9deb154c4a2ac4da,8.532999992370605,0.9670000076293945,1638381911.907,17,beside,mango,dress,beside,mango,beside,mango,dress,beside,mango,2196.3649168014526,2021-12-01T18:05:11.907000,1638379715.5420833
17,15,8,15,Random,-9999,be474acd32b83ee1,1.7039999961853027,0.13499999046325684,1638381912.517,8,blueberry,far,mango,blueberry,far,blueberry,far,mango,blueberry,far,2196.9749166965485,2021-12-01T18:05:12.517000,1638379715.5420833
0,18,24,24,Random,-9999,be474acd32b83ee1,1.434000015258789,0.07899999618530273,1638381914.031,18,strawberry,sunset,dress,sunset,strawberry,strawberry,sunset,dress,sunset,strawberry,2198.4889166355133,2021-12-01T18:05:14.031000,1638379715.5420833
7,10,23,23,Random,-9999,9deb154c4a2ac4da,3.009999990463257,0.22300004959106445,1638381915.42,10,angry,sky,beside,sky,angry,angry,sky,beside,sky,angry,2199.8779168128967,2021-12-01T18:05:15.420000,1638379715.5420833
20,2,3,2,Random,-9999,be474acd32b83ee1,1.5079998970031738,0.08100008964538574,1638381915.617,3,shirt,shoes,beach,shirt,shoes,shirt,shoes,beach,shirt,shoes,2200.0749168395996,2021-12-01T18:05:15.617000,1638379715.5420833
15,2,21,2,Random,-9999,be474acd32b83ee1,1.4850001335144043,0.07699990272521973,1638381917.182,21,shirt,field,blueberry,shirt,field,shirt,field,blueberry,shirt,field,2201.6399166584015,2021-12-01T18:05:17.182000,1638379715.5420833
9,7,0,7,Random,-9999,9deb154c4a2ac4da,2.3420000076293945,0.2560000419616699,1638381918.031,0,beside,dress,near,beside,dress,beside,dress,near,beside,dress,2202.4889166355133,2021-12-01T18:05:18.031000,1638379715.5420833
22,16,20,20,Random,-9999,be474acd32b83ee1,1.3849999904632568,0.07999992370605469,1638381918.646,16,lemon,beach,ocean,beach,lemon,lemon,beach,ocean,beach,lemon,2203.10391664505,2021-12-01T18:05:18.646000,1638379715.5420833
24,7,22,22,Random,-9999,be474acd32b83ee1,0.9279999732971191,0.08000016212463379,1638381919.654,7,beside,ocean,sunset,ocean,beside,beside,ocean,sunset,ocean,beside,2204.111916780472,2021-12-01T18:05:19.654000,1638379715.5420833
13,7,0,0,Random,-9999,9deb154c4a2ac4da,2.2890000343322754,0.5179998874664307,1638381920.863,7,beside,dress,happy,dress,beside,beside,dress,happy,dress,beside,2205.3209166526794,2021-12-01T18:05:20.863000,1638379715.5420833
8,15,27,27,Random,-9999,be474acd32b83ee1,1.866999864578247,0.07899999618530273,1638381921.604,15,blueberry,dusk,far,dusk,blueberry,blueberry,dusk,far,dusk,blueberry,2206.0619168281555,2021-12-01T18:05:21.604000,1638379715.5420833
5,22,9,9,Random,-9999,be474acd32b83ee1,1.687000036239624,0.0839998722076416,1638381923.37,22,ocean,near,above,near,ocean,ocean,near,above,near,ocean,2207.827916622162,2021-12-01T18:05:23.370000,1638379715.5420833
21,19,13,19,Random,-9999,9deb154c4a2ac4da,2.3030002117156982,0.5439999103546143,1638381923.379,13,watermelon,happy,field,watermelon,happy,watermelon,happy,field,watermelon,happy,2207.8369166851044,2021-12-01T18:05:23.379000,1638379715.5420833
4,22,20,20,Random,-9999,be474acd32b83ee1,2.071000099182129,0.07899999618530273,1638381925.572,22,ocean,beach,socks,beach,ocean,ocean,beach,socks,beach,ocean,2210.0299167633057,2021-12-01T18:05:25.572000,1638379715.5420833
23,11,21,21,Random,-9999,be474acd32b83ee1,1.5280001163482666,0.1359999179840088,1638381927.178,11,disgust,field,sky,field,disgust,disgust,field,sky,field,disgust,2211.6359167099,2021-12-01T18:05:27.178000,1638379715.5420833
26,17,19,19,Random,-9999,9deb154c4a2ac4da,4.242000102996826,0.21399998664855957,1638381928.14,17,mango,watermelon,day,watermelon,mango,mango,watermelon,day,watermelon,mango,2212.597916841507,2021-12-01T18:05:28.140000,1638379715.5420833
26,6,21,21,Random,-9999,be474acd32b83ee1,1.7929999828338623,0.0820000171661377,1638381929.046,6,below,field,day,field,below,below,field,day,field,below,2213.5039167404175,2021-12-01T18:05:29.046000,1638379715.5420833
28,12,21,12,Random,-9999,9deb154c4a2ac4da,1.866999864578247,0.5290000438690186,1638381930.129,21,fearful,field,night,fearful,field,fearful,field,night,fearful,field,2214.5869166851044,2021-12-01T18:05:30.129000,1638379715.5420833
4,19,16,19,Random,-9999,be474acd32b83ee1,1.7690000534057617,0.0710000991821289,1638381930.897,16,watermelon,lemon,socks,watermelon,lemon,watermelon,lemon,socks,watermelon,lemon,2215.3549168109894,2021-12-01T18:05:30.897000,1638379715.5420833
14,1,3,3,Random,-9999,be474acd32b83ee1,1.74399995803833,0.0840001106262207,1638381932.717,1,pants,shoes,sad,shoes,pants,pants,shoes,sad,shoes,pants,2217.174916744232,2021-12-01T18:05:32.717000,1638379715.5420833
29,2,21,2,Random,-9999,be474acd32b83ee1,1.124000072479248,0.07599997520446777,1638381933.921,21,shirt,field,noon,shirt,field,shirt,field,noon,shirt,field,2218.3789167404175,2021-12-01T18:05:33.921000,1638379715.5420833
4,17,19,17,Random,-9999,9deb154c4a2ac4da,3.9089999198913574,0.12900018692016602,1638381934.551,19,mango,watermelon,socks,mango,watermelon,mango,watermelon,socks,mango,watermelon,2219.0089168548584,2021-12-01T18:05:34.551000,1638379715.5420833
6,26,19,19,Random,-9999,be474acd32b83ee1,1.186000108718872,0.08699989318847656,1638381935.194,26,day,watermelon,below,watermelon,day,day,watermelon,below,watermelon,day,2219.651916742325,2021-12-01T18:05:35.194000,1638379715.5420833
24,16,18,18,Random,-9999,9deb154c4a2ac4da,2.4860000610351562,0.2089998722076416,1638381937.264,16,lemon,strawberry,sunset,strawberry,lemon,lemon,strawberry,sunset,strawberry,lemon,2221.7219166755676,2021-12-01T18:05:37.264000,1638379715.5420833
27,24,15,24,Random,-9999,be474acd32b83ee1,2.251999855041504,0.08100008964538574,1638381937.582,15,sunset,blueberry,dusk,sunset,blueberry,sunset,blueberry,dusk,sunset,blueberry,2222.039916753769,2021-12-01T18:05:37.582000,1638379715.5420833
23,4,13,13,Random,-9999,9deb154c4a2ac4da,1.7200000286102295,0.2109999656677246,1638381938.791,4,socks,happy,sky,happy,socks,socks,happy,sky,happy,socks,2223.2489166259766,2021-12-01T18:05:38.791000,1638379715.5420833
28,21,6,6,Random,-9999,be474acd32b83ee1,1.1659998893737793,0.13400006294250488,1638381938.831,21,field,below,night,below,field,field,below,night,below,field,2223.288916826248,2021-12-01T18:05:38.831000,1638379715.5420833
22,19,17,19,Random,-9999,be474acd32b83ee1,1.0380001068115234,0.07899999618530273,1638381939.948,17,watermelon,mango,ocean,watermelon,mango,watermelon,mango,ocean,watermelon,mango,2224.4059166908264,2021-12-01T18:05:39.948000,1638379715.5420833
17,15,19,19,Random,-9999,be474acd32b83ee1,1.1530001163482666,0.07999992370605469,1638381941.182,15,blueberry,watermelon,mango,watermelon,blueberry,blueberry,watermelon,mango,watermelon,blueberry,2225.6399166584015,2021-12-01T18:05:41.182000,1638379715.5420833
26,2,20,2,Random,-9999,be474acd32b83ee1,1.4229998588562012,0.07999992370605469,1638381942.681,20,shirt,beach,day,shirt,beach,shirt,beach,day,shirt,beach,2227.1389167308807,2021-12-01T18:05:42.681000,1638379715.5420833
21,0,5,5,Random,-9999,9deb154c4a2ac4da,3.7250001430511475,0.1119999885559082,1638381943.024,0,dress,above,field,above,dress,dress,above,field,above,dress,2227.481916666031,2021-12-01T18:05:43.024000,1638379715.5420833
23,17,2,2,Random,-9999,be474acd32b83ee1,1.1579999923706055,0.07600021362304688,1638381943.919,17,mango,shirt,sky,shirt,mango,mango,shirt,sky,shirt,mango,2228.3769166469574,2021-12-01T18:05:43.919000,1638379715.5420833
17,11,10,11,Random,-9999,be474acd32b83ee1,1.3599998950958252,0.07999992370605469,1638381945.357,10,disgust,angry,mango,disgust,angry,disgust,angry,mango,disgust,angry,2229.8149168491364,2021-12-01T18:05:45.357000,1638379715.5420833
12,24,10,10,Random,-9999,9deb154c4a2ac4da,2.2919998168945312,0.21700000762939453,1638381945.531,24,sunset,angry,fearful,angry,sunset,sunset,angry,fearful,angry,sunset,2229.9889166355133,2021-12-01T18:05:45.531000,1638379715.5420833
0,27,11,27,Random,-9999,be474acd32b83ee1,1.2009999752044678,0.07999992370605469,1638381946.635,11,dusk,disgust,dress,dusk,disgust,dusk,disgust,dress,dusk,disgust,2231.092916727066,2021-12-01T18:05:46.635000,1638379715.5420833
9,6,14,14,Random,-9999,be474acd32b83ee1,1.5290000438690186,0.07700014114379883,1638381948.241,6,below,sad,near,sad,below,below,sad,near,sad,below,2232.6989166736603,2021-12-01T18:05:48.241000,1638379715.5420833
19,13,9,13,Random,-9999,be474acd32b83ee1,2.8429999351501465,0.07699990272521973,1638381951.225,9,happy,near,watermelon,happy,near,happy,near,watermelon,happy,near,2235.6829166412354,2021-12-01T18:05:51.225000,1638379715.5420833
2,10,6,10,Random,-9999,190fa01594431cd2,91.45600008964539,0.07999992370605469,1638381952.372,6,angry,below,shirt,angry,below,angry,below,shirt,angry,below,2236.829916715622,2021-12-01T18:05:52.372000,1638379715.5420833
5,22,24,22,Random,-9999,be474acd32b83ee1,1.6410000324249268,0.14400005340576172,1638381952.945,24,ocean,sunset,above,ocean,sunset,ocean,sunset,above,ocean,sunset,2237.4029166698456,2021-12-01T18:05:52.945000,1638379715.5420833
21,8,18,8,Random,-9999,190fa01594431cd2,1.0889999866485596,0.13899993896484375,1638381953.538,18,far,strawberry,field,far,strawberry,far,strawberry,field,far,strawberry,2237.9959168434143,2021-12-01T18:05:53.538000,1638379715.5420833
12,13,10,10,Random,-9999,be474acd32b83ee1,1.4140000343322754,0.08500003814697266,1638381954.456,13,happy,angry,fearful,angry,happy,happy,angry,fearful,angry,happy,2238.913916826248,2021-12-01T18:05:54.456000,1638379715.5420833
7,20,23,20,Random,-9999,190fa01594431cd2,2.187000036239624,0.07500004768371582,1638381955.859,23,beach,sky,beside,beach,sky,beach,sky,beside,beach,sky,2240.316916704178,2021-12-01T18:05:55.859000,1638379715.5420833
1,12,3,3,Random,-9999,9deb154c4a2ac4da,10.26200008392334,0.22300004959106445,1638381956.024,12,fearful,shoes,pants,shoes,fearful,fearful,shoes,pants,shoes,fearful,2240.481916666031,2021-12-01T18:05:56.024000,1638379715.5420833
19,18,14,18,Random,-9999,be474acd32b83ee1,2.2829999923706055,0.09399986267089844,1638381956.878,14,strawberry,sad,watermelon,strawberry,sad,strawberry,sad,watermelon,strawberry,sad,2241.3359167575836,2021-12-01T18:05:56.878000,1638379715.5420833
22,9,26,9,Random,-9999,190fa01594431cd2,1.2119998931884766,0.1380000114440918,1638381957.149,26,near,day,ocean,near,day,near,day,ocean,near,day,2241.606916666031,2021-12-01T18:05:57.149000,1638379715.5420833
10,8,21,21,Random,-9999,be474acd32b83ee1,1.9019999504089355,0.13499999046325684,1638381958.856,8,far,field,angry,field,far,far,field,angry,field,far,2243.313916683197,2021-12-01T18:05:58.856000,1638379715.5420833
18,13,6,13,Random,-9999,190fa01594431cd2,2.3600001335144043,0.07899999618530273,1638381959.647,6,happy,below,strawberry,happy,below,happy,below,strawberry,happy,below,2244.1049168109894,2021-12-01T18:05:59.647000,1638379715.5420833
3,24,1,24,Random,-9999,be474acd32b83ee1,1.1119999885559082,0.08000016212463379,1638381960.045,1,sunset,pants,shoes,sunset,pants,sunset,pants,shoes,sunset,pants,2244.5029168128967,2021-12-01T18:06:00.045000,1638379715.5420833
3,20,28,20,Random,-9999,9deb154c4a2ac4da,3.81000018119812,0.5169999599456787,1638381960.052,28,beach,night,shoes,beach,night,beach,night,shoes,beach,night,2244.509916782379,2021-12-01T18:06:00.052000,1638379715.5420833
5,28,25,25,Random,-9999,be474acd32b83ee1,1.1029999256134033,0.10500001907348633,1638381961.258,28,night,dawn,above,dawn,night,night,dawn,above,dawn,night,2245.715916633606,2021-12-01T18:06:01.258000,1638379715.5420833
23,29,13,29,Random,-9999,190fa01594431cd2,1.5740001201629639,0.14400005340576172,1638381961.306,13,noon,happy,sky,noon,happy,noon,happy,sky,noon,happy,2245.7639167308807,2021-12-01T18:06:01.306000,1638379715.5420833
19,23,6,23,Random,-9999,9deb154c4a2ac4da,1.7839999198913574,0.24400019645690918,1638381961.998,6,sky,below,watermelon,sky,below,sky,below,watermelon,sky,below,2246.4559166431427,2021-12-01T18:06:01.998000,1638379715.5420833
14,27,21,27,Random,-9999,be474acd32b83ee1,1.2309999465942383,0.0820000171661377,1638381962.566,21,dusk,field,sad,dusk,field,dusk,field,sad,dusk,field,2247.023916721344,2021-12-01T18:06:02.566000,1638379715.5420833
20,11,12,12,Random,-9999,190fa01594431cd2,1.5189998149871826,0.08600020408630371,1638381962.909,11,disgust,fearful,beach,fearful,disgust,disgust,fearful,beach,fearful,disgust,2247.366916656494,2021-12-01T18:06:02.909000,1638379715.5420833
27,12,4,4,Random,-9999,be474acd32b83ee1,1.0839998722076416,0.09100008010864258,1638381963.745,12,fearful,socks,dusk,socks,fearful,fearful,socks,dusk,socks,fearful,2248.202916622162,2021-12-01T18:06:03.745000,1638379715.5420833
9,22,5,22,Random,-9999,190fa01594431cd2,1.5460000038146973,0.07800006866455078,1638381964.535,5,ocean,above,near,ocean,above,ocean,above,near,ocean,above,2248.9929168224335,2021-12-01T18:06:04.535000,1638379715.5420833
2,29,19,29,Random,-9999,be474acd32b83ee1,0.9289999008178711,0.08100008964538574,1638381964.753,19,noon,watermelon,shirt,noon,watermelon,noon,watermelon,shirt,noon,watermelon,2249.2109167575836,2021-12-01T18:06:04.753000,1638379715.5420833
19,9,8,8,Random,-9999,be474acd32b83ee1,0.9599997997283936,0.08000016212463379,1638381965.789,9,near,far,watermelon,far,near,near,far,watermelon,far,near,2250.246916770935,2021-12-01T18:06:05.789000,1638379715.5420833
7,1,16,1,Random,-9999,9deb154c4a2ac4da,3.578000068664551,0.3939998149871826,1638381966.345,16,pants,lemon,beside,pants,lemon,pants,lemon,beside,pants,lemon,2250.802916765213,2021-12-01T18:06:06.345000,1638379715.5420833
7,20,10,20,Random,-9999,be474acd32b83ee1,0.9199998378753662,0.09000015258789062,1638381966.796,10,beach,angry,beside,beach,angry,beach,angry,beside,beach,angry,2251.2539167404175,2021-12-01T18:06:06.796000,1638379715.5420833
10,5,28,28,Random,-9999,be474acd32b83ee1,1.005000114440918,0.07299995422363281,1638381967.877,5,above,night,angry,night,above,above,night,angry,night,above,2252.334916830063,2021-12-01T18:06:07.877000,1638379715.5420833
6,22,1,22,Random,-9999,9deb154c4a2ac4da,1.9170000553131104,0.21499991416931152,1638381968.079,1,ocean,pants,below,ocean,pants,ocean,pants,below,ocean,pants,2252.536916732788,2021-12-01T18:06:08.079000,1638379715.5420833
11,12,1,12,Random,-9999,be474acd32b83ee1,1.0719997882843018,0.07800006866455078,1638381969.031,1,fearful,pants,disgust,fearful,pants,fearful,pants,disgust,fearful,pants,2253.4889166355133,2021-12-01T18:06:09.031000,1638379715.5420833
28,23,10,23,Random,-9999,9deb154c4a2ac4da,1.3570001125335693,0.2109999656677246,1638381969.644,10,sky,angry,night,sky,angry,sky,angry,night,sky,angry,2254.1019167900085,2021-12-01T18:06:09.644000,1638379715.5420833
20,5,18,18,Random,-9999,be474acd32b83ee1,1.4930000305175781,0.07999992370605469,1638381970.6,5,above,strawberry,beach,strawberry,above,above,strawberry,beach,strawberry,above,2255.0579166412354,2021-12-01T18:06:10.600000,1638379715.5420833
22,27,9,27,Random,-9999,9deb154c4a2ac4da,1.3949999809265137,0.4140000343322754,1638381971.452,9,dusk,near,ocean,dusk,near,dusk,near,ocean,dusk,near,2255.909916639328,2021-12-01T18:06:11.452000,1638379715.5420833
15,1,24,1,Random,-9999,be474acd32b83ee1,0.8100001811981201,0.08999991416931152,1638381971.495,24,pants,sunset,blueberry,pants,sunset,pants,sunset,blueberry,pants,sunset,2255.952916622162,2021-12-01T18:06:11.495000,1638379715.5420833
25,23,12,12,Random,-9999,be474acd32b83ee1,0.9539999961853027,0.07999992370605469,1638381972.533,23,sky,fearful,dawn,fearful,sky,sky,fearful,dawn,fearful,sky,2256.9909167289734,2021-12-01T18:06:12.533000,1638379715.5420833
24,13,22,22,Random,-9999,9deb154c4a2ac4da,1.491999864578247,0.11800003051757812,1638381973.061,13,happy,ocean,sunset,ocean,happy,happy,ocean,sunset,ocean,happy,2257.5189168453217,2021-12-01T18:06:13.061000,1638379715.5420833
27,5,0,5,Random,-9999,be474acd32b83ee1,0.8919999599456787,0.07800006866455078,1638381973.517,0,above,dress,dusk,above,dress,above,dress,dusk,above,dress,2257.9749166965485,2021-12-01T18:06:13.517000,1638379715.5420833
9,7,17,17,Random,-9999,be474acd32b83ee1,1.0049998760223389,0.1700000762939453,1638381974.724,7,beside,mango,near,mango,beside,beside,mango,near,mango,beside,2259.1819167137146,2021-12-01T18:06:14.724000,1638379715.5420833
2,18,7,7,Random,-9999,9deb154c4a2ac4da,2.2870001792907715,0.11699986457824707,1638381975.866,18,strawberry,beside,shirt,beside,strawberry,strawberry,beside,shirt,beside,strawberry,2260.3239166736603,2021-12-01T18:06:15.866000,1638379715.5420833
20,13,19,13,Random,-9999,be474acd32b83ee1,0.9539999961853027,0.2369999885559082,1638381975.872,19,happy,watermelon,beach,happy,watermelon,happy,watermelon,beach,happy,watermelon,2260.329916715622,2021-12-01T18:06:15.872000,1638379715.5420833
3,11,23,11,Random,-9999,be474acd32b83ee1,0.7620000839233398,0.08899998664855957,1638381976.721,23,disgust,sky,shoes,disgust,sky,disgust,sky,shoes,disgust,sky,2261.1789166927338,2021-12-01T18:06:16.721000,1638379715.5420833
17,7,10,7,Random,-9999,9deb154c4a2ac4da,1.5190000534057617,0.22699999809265137,1638381977.223,10,beside,angry,mango,beside,angry,beside,angry,mango,beside,angry,2261.680916786194,2021-12-01T18:06:17.223000,1638379715.5420833
13,25,14,25,Random,-9999,0c4c5b719dbfd427,11.770999908447266,0.18600010871887207,1638381977.572,14,dawn,sad,happy,dawn,sad,dawn,sad,happy,dawn,sad,2262.0299167633057,2021-12-01T18:06:17.572000,1638379715.5420833
28,0,15,15,Random,-9999,be474acd32b83ee1,1.0969998836517334,0.08500003814697266,1638381977.903,0,dress,blueberry,night,blueberry,dress,dress,blueberry,night,blueberry,dress,2262.360916852951,2021-12-01T18:06:17.903000,1638379715.5420833
11,15,10,10,Random,-9999,be474acd32b83ee1,1.0490000247955322,0.07800006866455078,1638381979.033,15,blueberry,angry,disgust,angry,blueberry,blueberry,angry,disgust,angry,blueberry,2263.4909167289734,2021-12-01T18:06:19.033000,1638379715.5420833
12,24,14,14,Random,-9999,9deb154c4a2ac4da,1.7640001773834229,0.1419999599456787,1638381979.115,24,sunset,sad,fearful,sad,sunset,sunset,sad,fearful,sad,sunset,2263.5729167461395,2021-12-01T18:06:19.115000,1638379715.5420833
18,7,0,7,Random,-9999,be474acd32b83ee1,0.996999979019165,0.0820000171661377,1638381980.102,0,beside,dress,strawberry,beside,dress,beside,dress,strawberry,beside,dress,2264.5599167346954,2021-12-01T18:06:20.102000,1638379715.5420833
29,23,4,23,Random,-9999,9deb154c4a2ac4da,1.4869999885559082,0.11399984359741211,1638381980.726,4,sky,socks,noon,sky,socks,sky,socks,noon,sky,socks,2265.1839168071747,2021-12-01T18:06:20.726000,1638379715.5420833
11,4,17,17,Random,-9999,be474acd32b83ee1,1.128000020980835,0.07200002670288086,1638381981.309,4,socks,mango,disgust,mango,socks,socks,mango,disgust,mango,socks,2265.7669167518616,2021-12-01T18:06:21.309000,1638379715.5420833
17,23,12,23,Random,-9999,be474acd32b83ee1,1.44100022315979,0.08299994468688965,1638381982.826,12,sky,fearful,mango,sky,fearful,sky,fearful,mango,sky,fearful,2267.2839167118073,2021-12-01T18:06:22.826000,1638379715.5420833
12,5,19,5,Random,-9999,9deb154c4a2ac4da,2.311999797821045,0.27700018882751465,1638381983.59,19,above,watermelon,fearful,above,watermelon,above,watermelon,fearful,above,watermelon,2268.047916650772,2021-12-01T18:06:23.590000,1638379715.5420833
21,26,12,12,Random,-9999,be474acd32b83ee1,0.8459999561309814,0.07299995422363281,1638381983.752,26,day,fearful,field,fearful,day,day,fearful,field,fearful,day,2268.209916830063,2021-12-01T18:06:23.752000,1638379715.5420833
9,22,15,22,Random,-9999,be474acd32b83ee1,0.8329999446868896,0.07999992370605469,1638381984.665,15,ocean,blueberry,near,ocean,blueberry,ocean,blueberry,near,ocean,blueberry,2269.122916698456,2021-12-01T18:06:24.665000,1638379715.5420833
18,13,10,10,Random,-9999,be474acd32b83ee1,1.0810000896453857,0.08500003814697266,1638381985.831,13,happy,angry,strawberry,angry,happy,happy,angry,strawberry,angry,happy,2270.288916826248,2021-12-01T18:06:25.831000,1638379715.5420833
21,12,28,12,Random,-9999,9deb154c4a2ac4da,2.5410001277923584,0.3940000534057617,1638381986.246,28,fearful,night,field,fearful,night,fearful,night,field,fearful,night,2270.703916788101,2021-12-01T18:06:26.246000,1638379715.5420833
2,24,14,14,Random,-9999,be474acd32b83ee1,1.002000093460083,0.08699989318847656,1638381986.919,24,sunset,sad,shirt,sad,sunset,sunset,sad,shirt,sad,sunset,2271.3769166469574,2021-12-01T18:06:26.919000,1638379715.5420833
12,5,19,19,Random,-9999,be474acd32b83ee1,0.9719998836517334,0.07899999618530273,1638381987.971,5,above,watermelon,fearful,watermelon,above,above,watermelon,fearful,watermelon,above,2272.4289166927338,2021-12-01T18:06:27.971000,1638379715.5420833
9,24,0,24,Random,-9999,9deb154c4a2ac4da,1.7639999389648438,0.21399998664855957,1638381988.298,0,sunset,dress,near,sunset,dress,sunset,dress,near,sunset,dress,2272.7559168338776,2021-12-01T18:06:28.298000,1638379715.5420833
21,28,24,24,Random,-9999,be474acd32b83ee1,0.681999921798706,0.08100008964538574,1638381988.734,28,night,sunset,field,sunset,night,night,sunset,field,sunset,night,2273.191916704178,2021-12-01T18:06:28.734000,1638379715.5420833
27,14,22,22,Random,-9999,0c4c5b719dbfd427,11.635999917984009,0.14100003242492676,1638381989.394,14,sad,ocean,dusk,ocean,sad,sad,ocean,dusk,ocean,sad,2273.8519167900085,2021-12-01T18:06:29.394000,1638379715.5420833
20,4,10,4,Random,-9999,be474acd32b83ee1,0.7060000896453857,0.07999992370605469,1638381989.52,10,socks,angry,beach,socks,angry,socks,angry,beach,socks,angry,2273.9779167175293,2021-12-01T18:06:29.520000,1638379715.5420833
13,15,10,10,Random,-9999,be474acd32b83ee1,0.684999942779541,0.0820000171661377,1638381990.28,15,blueberry,angry,happy,angry,blueberry,blueberry,angry,happy,angry,blueberry,2274.7379167079926,2021-12-01T18:06:30.280000,1638379715.5420833
5,25,22,25,Random,-9999,9deb154c4a2ac4da,2.2090001106262207,0.2839999198913574,1638381990.796,22,dawn,ocean,above,dawn,ocean,dawn,ocean,above,dawn,ocean,2275.2539167404175,2021-12-01T18:06:30.796000,1638379715.5420833
27,17,7,17,Random,-9999,be474acd32b83ee1,0.7639999389648438,0.0820000171661377,1638381991.133,7,mango,beside,dusk,mango,beside,mango,beside,dusk,mango,beside,2275.590916633606,2021-12-01T18:06:31.133000,1638379715.5420833
4,14,2,2,Random,-9999,be474acd32b83ee1,0.7230000495910645,0.08000016212463379,1638381991.936,14,sad,shirt,socks,shirt,sad,sad,shirt,socks,shirt,sad,2276.3939168453217,2021-12-01T18:06:31.936000,1638379715.5420833
23,29,17,29,Random,-9999,be474acd32b83ee1,1.3009998798370361,0.08100008964538574,1638381993.318,17,noon,mango,sky,noon,mango,noon,mango,sky,noon,mango,2277.775916814804,2021-12-01T18:06:33.318000,1638379715.5420833
18,6,3,3,Random,-9999,9deb154c4a2ac4da,2.437000036239624,0.8439998626708984,1638381994.093,6,below,shoes,strawberry,shoes,below,below,shoes,strawberry,shoes,below,2278.550916671753,2021-12-01T18:06:34.093000,1638379715.5420833
18,17,28,28,Random,-9999,be474acd32b83ee1,0.7190001010894775,0.08100008964538574,1638381994.119,17,mango,night,strawberry,night,mango,mango,night,strawberry,night,mango,2278.576916694641,2021-12-01T18:06:34.119000,1638379715.5420833
19,14,23,23,Random,-9999,0c4c5b719dbfd427,4.7209999561309814,0.12899994850158691,1638381994.253,14,sad,sky,watermelon,sky,sad,sad,sky,watermelon,sky,sad,2278.7109167575836,2021-12-01T18:06:34.253000,1638379715.5420833
16,29,20,29,Random,-9999,be474acd32b83ee1,0.6809999942779541,0.08299994468688965,1638381994.881,20,noon,beach,lemon,noon,beach,noon,beach,lemon,noon,beach,2279.3389167785645,2021-12-01T18:06:34.881000,1638379715.5420833
15,24,16,16,Random,-9999,be474acd32b83ee1,0.7139999866485596,0.07999992370605469,1638381995.676,24,sunset,lemon,blueberry,lemon,sunset,sunset,lemon,blueberry,lemon,sunset,2280.1339168548584,2021-12-01T18:06:35.676000,1638379715.5420833
18,29,17,17,Random,-9999,9deb154c4a2ac4da,1.6510000228881836,0.6080000400543213,1638381996.256,29,noon,mango,strawberry,mango,noon,noon,mango,strawberry,mango,noon,2280.7139167785645,2021-12-01T18:06:36.256000,1638379715.5420833
21,18,27,18,Random,-9999,be474acd32b83ee1,0.804999828338623,0.08100008964538574,1638381996.56,27,strawberry,dusk,field,strawberry,dusk,strawberry,dusk,field,strawberry,dusk,2281.0179166793823,2021-12-01T18:06:36.560000,1638379715.5420833
8,9,12,9,Random,-9999,be474acd32b83ee1,0.7869999408721924,0.08100008964538574,1638381997.423,12,near,fearful,far,near,fearful,near,fearful,far,near,fearful,2281.8809168338776,2021-12-01T18:06:37.423000,1638379715.5420833
22,19,24,24,Random,-9999,be474acd32b83ee1,1.86899995803833,0.07500004768371582,1638381999.369,19,watermelon,sunset,ocean,sunset,watermelon,watermelon,sunset,ocean,sunset,watermelon,2283.826916694641,2021-12-01T18:06:39.369000,1638379715.5420833
19,4,25,25,Random,-9999,9deb154c4a2ac4da,3.1449999809265137,0.21700000762939453,1638381999.996,4,socks,dawn,watermelon,dawn,socks,socks,dawn,watermelon,dawn,socks,2284.453916788101,2021-12-01T18:06:39.996000,1638379715.5420833
22,11,8,8,Random,-9999,be474acd32b83ee1,1.4439997673034668,0.07700014114379883,1638382000.886,11,disgust,far,ocean,far,disgust,disgust,far,ocean,far,disgust,2285.343916654587,2021-12-01T18:06:40.886000,1638379715.5420833
8,10,9,9,Random,-9999,9deb154c4a2ac4da,1.7309999465942383,0.497999906539917,1638382001.888,10,angry,near,far,near,angry,angry,near,far,near,angry,2286.345916748047,2021-12-01T18:06:41.888000,1638379715.5420833
13,17,4,4,Random,-9999,be474acd32b83ee1,2.2820000648498535,0.07400012016296387,1638382003.309,17,mango,socks,happy,socks,mango,mango,socks,happy,socks,mango,2287.7669167518616,2021-12-01T18:06:43.309000,1638379715.5420833
22,21,16,21,Random,-9999,0c4c5b719dbfd427,9.795000076293945,0.1380000114440918,1638382004.186,16,field,lemon,ocean,field,lemon,field,lemon,ocean,field,lemon,2288.6439168453217,2021-12-01T18:06:44.186000,1638379715.5420833
27,17,5,5,Random,-9999,be474acd32b83ee1,0.8450000286102295,0.13399982452392578,1638382004.228,17,mango,above,dusk,above,mango,mango,above,dusk,above,mango,2288.685916662216,2021-12-01T18:06:44.228000,1638379715.5420833
18,25,19,19,Random,-9999,be474acd32b83ee1,0.9860000610351562,0.08100008964538574,1638382005.295,25,dawn,watermelon,strawberry,watermelon,dawn,dawn,watermelon,strawberry,watermelon,dawn,2289.7529168128967,2021-12-01T18:06:45.295000,1638379715.5420833
0,14,11,14,Random,-9999,be474acd32b83ee1,0.8370001316070557,0.0820000171661377,1638382006.213,11,sad,disgust,dress,sad,disgust,sad,disgust,dress,sad,disgust,2290.6709167957306,2021-12-01T18:06:46.213000,1638379715.5420833
24,10,11,11,Random,-9999,be474acd32b83ee1,0.6449999809265137,0.0969998836517334,1638382006.949,10,angry,disgust,sunset,disgust,angry,angry,disgust,sunset,disgust,angry,2291.406916618347,2021-12-01T18:06:46.949000,1638379715.5420833
16,2,15,2,Random,-9999,0c4c5b719dbfd427,2.944999933242798,0.14100003242492676,1638382007.264,15,shirt,blueberry,lemon,shirt,blueberry,shirt,blueberry,lemon,shirt,blueberry,2291.7219166755676,2021-12-01T18:06:47.264000,1638379715.5420833
0,27,16,27,Random,-9999,be474acd32b83ee1,0.690000057220459,0.08100008964538574,1638382007.72,16,dusk,lemon,dress,dusk,lemon,dusk,lemon,dress,dusk,lemon,2292.177916765213,2021-12-01T18:06:47.720000,1638379715.5420833
24,2,0,0,Random,-9999,be474acd32b83ee1,0.685999870300293,0.07599997520446777,1638382008.483,2,shirt,dress,sunset,dress,shirt,shirt,dress,sunset,dress,shirt,2292.940916776657,2021-12-01T18:06:48.483000,1638379715.5420833
23,2,7,2,Random,-9999,be474acd32b83ee1,0.999000072479248,0.07599997520446777,1638382009.563,7,shirt,beside,sky,shirt,beside,shirt,beside,sky,shirt,beside,2294.020916700363,2021-12-01T18:06:49.563000,1638379715.5420833
11,21,26,26,Random,-9999,be474acd32b83ee1,0.7140002250671387,0.07999992370605469,1638382010.349,21,field,day,disgust,day,field,field,day,disgust,day,field,2294.8069167137146,2021-12-01T18:06:50.349000,1638379715.5420833
2,5,14,5,Random,-9999,9deb154c4a2ac4da,8.725000143051147,0.18799996376037598,1638382010.871,14,above,sad,shirt,above,sad,above,sad,shirt,above,sad,2295.328916788101,2021-12-01T18:06:50.871000,1638379715.5420833
17,22,9,22,Random,-9999,be474acd32b83ee1,1.0600001811981201,0.07199978828430176,1638382011.481,9,ocean,near,mango,ocean,near,ocean,near,mango,ocean,near,2295.938916683197,2021-12-01T18:06:51.481000,1638379715.5420833
22,9,10,10,Random,-9999,be474acd32b83ee1,1.003999948501587,0.18200016021728516,1638382012.674,9,near,angry,ocean,angry,near,near,angry,ocean,angry,near,2297.1319167613983,2021-12-01T18:06:52.674000,1638379715.5420833
25,8,19,8,Random,-9999,be474acd32b83ee1,0.6800000667572021,0.07999992370605469,1638382013.434,19,far,watermelon,dawn,far,watermelon,far,watermelon,dawn,far,watermelon,2297.8919167518616,2021-12-01T18:06:53.434000,1638379715.5420833
20,1,4,4,Random,-9999,9deb154c4a2ac4da,2.055999994277954,0.2349998950958252,1638382013.457,1,pants,socks,beach,socks,pants,pants,socks,beach,socks,pants,2297.914916753769,2021-12-01T18:06:53.457000,1638379715.5420833
22,17,16,17,Random,-9999,0c4c5b719dbfd427,6.134999990463257,0.12899994850158691,1638382013.535,16,mango,lemon,ocean,mango,lemon,mango,lemon,ocean,mango,lemon,2297.9929168224335,2021-12-01T18:06:53.535000,1638379715.5420833
27,26,23,23,Random,-9999,be474acd32b83ee1,0.75,0.0839998722076416,1638382014.261,26,day,sky,dusk,sky,day,day,sky,dusk,sky,day,2298.718916654587,2021-12-01T18:06:54.261000,1638379715.5420833
8,3,23,23,Random,-9999,9deb154c4a2ac4da,3.4019999504089355,0.5309998989105225,1638382017.086,3,shoes,sky,far,sky,shoes,shoes,sky,far,sky,shoes,2301.5439167022705,2021-12-01T18:06:57.086000,1638379715.5420833
24,29,16,29,Random,-9999,9deb154c4a2ac4da,1.5139999389648438,0.2239999771118164,1638382018.714,16,noon,lemon,sunset,noon,lemon,noon,lemon,sunset,noon,lemon,2303.1719167232513,2021-12-01T18:06:58.714000,1638379715.5420833
5,8,15,8,Random,-9999,0c4c5b719dbfd427,5.20199990272522,0.14100003242492676,1638382018.882,15,far,blueberry,above,far,blueberry,far,blueberry,above,far,blueberry,2303.339916706085,2021-12-01T18:06:58.882000,1638379715.5420833
1,15,12,15,Random,-9999,0c4c5b719dbfd427,2.57099986076355,0.14300012588500977,1638382021.591,12,blueberry,fearful,pants,blueberry,fearful,blueberry,fearful,pants,blueberry,fearful,2306.0489168167114,2021-12-01T18:07:01.591000,1638379715.5420833
7,15,27,27,Random,-9999,9deb154c4a2ac4da,3.175999879837036,0.11300015449523926,1638382022.449,15,blueberry,dusk,beside,dusk,blueberry,blueberry,dusk,beside,dusk,blueberry,2306.906916618347,2021-12-01T18:07:02.449000,1638379715.5420833
20,12,27,27,Random,-9999,0c4c5b719dbfd427,2.6649999618530273,0.1490001678466797,1638382024.405,12,fearful,dusk,beach,dusk,fearful,fearful,dusk,beach,dusk,fearful,2308.8629167079926,2021-12-01T18:07:04.405000,1638379715.5420833
12,26,18,18,Random,-9999,9deb154c4a2ac4da,2.763000011444092,0.45399999618530273,1638382025.319,26,day,strawberry,fearful,strawberry,day,day,strawberry,fearful,strawberry,day,2309.776916742325,2021-12-01T18:07:05.319000,1638379715.5420833
22,24,15,15,Random,-9999,0c4c5b719dbfd427,2.5899999141693115,0.13900017738342285,1638382027.126,24,sunset,blueberry,ocean,blueberry,sunset,sunset,blueberry,ocean,blueberry,sunset,2311.5839166641235,2021-12-01T18:07:07.126000,1638379715.5420833
26,23,15,23,Random,-9999,9deb154c4a2ac4da,2.700000047683716,0.5169999599456787,1638382028.832,15,sky,blueberry,day,sky,blueberry,sky,blueberry,day,sky,blueberry,2313.289916753769,2021-12-01T18:07:08.832000,1638379715.5420833
17,20,29,20,Random,-9999,9deb154c4a2ac4da,2.069999933242798,0.21399998664855957,1638382030.724,29,beach,noon,mango,beach,noon,beach,noon,mango,beach,noon,2315.1819167137146,2021-12-01T18:07:10.724000,1638379715.5420833
4,5,1,1,Random,-9999,0c4c5b719dbfd427,4.664000034332275,0.12599992752075195,1638382031.929,5,above,pants,socks,pants,above,above,pants,socks,pants,above,2316.3869166374207,2021-12-01T18:07:11.929000,1638379715.5420833
28,6,19,19,Random,-9999,be474acd32b83ee1,18.317000150680542,0.07500004768371582,1638382032.721,6,below,watermelon,night,watermelon,below,below,watermelon,night,watermelon,below,2317.1789166927338,2021-12-01T18:07:12.721000,1638379715.5420833
22,2,16,2,Random,-9999,be474acd32b83ee1,0.8019998073577881,0.1420001983642578,1638382033.607,16,shirt,lemon,ocean,shirt,lemon,shirt,lemon,ocean,shirt,lemon,2318.0649168491364,2021-12-01T18:07:13.607000,1638379715.5420833
1,19,17,19,Random,-9999,9deb154c4a2ac4da,1.998000144958496,0.5269999504089355,1638382033.758,17,watermelon,mango,pants,watermelon,mango,watermelon,mango,pants,watermelon,mango,2318.215916633606,2021-12-01T18:07:13.758000,1638379715.5420833
3,23,8,8,Random,-9999,be474acd32b83ee1,0.624000072479248,0.07899999618530273,1638382034.31,23,sky,far,shoes,far,sky,sky,far,shoes,far,sky,2318.7679166793823,2021-12-01T18:07:14.310000,1638379715.5420833
29,2,7,2,Random,-9999,be474acd32b83ee1,0.6419999599456787,0.07800006866455078,1638382035.025,7,shirt,beside,noon,shirt,beside,shirt,beside,noon,shirt,beside,2319.48291683197,2021-12-01T18:07:15.025000,1638379715.5420833
5,3,19,19,Random,-9999,9deb154c4a2ac4da,1.2400000095367432,0.625999927520752,1638382035.236,3,shoes,watermelon,above,watermelon,shoes,shoes,watermelon,above,watermelon,shoes,2319.693916797638,2021-12-01T18:07:15.236000,1638379715.5420833
6,28,20,28,Random,-9999,0c4c5b719dbfd427,3.746999979019165,0.1380000114440918,1638382035.807,20,night,beach,below,night,beach,night,beach,below,night,beach,2320.2649166584015,2021-12-01T18:07:15.807000,1638379715.5420833
3,17,20,17,Random,-9999,9deb154c4a2ac4da,0.5659999847412109,0.2369999885559082,1638382036.039,20,mango,beach,shoes,mango,beach,mango,beach,shoes,mango,beach,2320.496916770935,2021-12-01T18:07:16.039000,1638379715.5420833
22,11,18,18,Random,-9999,be474acd32b83ee1,1.1319999694824219,0.07999992370605469,1638382036.238,11,disgust,strawberry,ocean,strawberry,disgust,disgust,strawberry,ocean,strawberry,disgust,2320.6959166526794,2021-12-01T18:07:16.238000,1638379715.5420833
23,7,19,7,Random,-9999,9deb154c4a2ac4da,0.6449999809265137,0.3040001392364502,1638382036.883,19,beside,watermelon,sky,beside,watermelon,beside,watermelon,sky,beside,watermelon,2321.340916633606,2021-12-01T18:07:16.883000,1638379715.5420833
15,28,26,28,Random,-9999,be474acd32b83ee1,1.305999994277954,0.07500004768371582,1638382037.622,26,night,day,blueberry,night,day,night,day,blueberry,night,day,2322.079916715622,2021-12-01T18:07:17.622000,1638379715.5420833
21,11,4,4,Random,-9999,9deb154c4a2ac4da,0.6119999885559082,0.20799994468688965,1638382037.693,11,disgust,socks,field,socks,disgust,disgust,socks,field,socks,disgust,2322.150916814804,2021-12-01T18:07:17.693000,1638379715.5420833
12,27,0,27,Random,-9999,9deb154c4a2ac4da,0.5029997825622559,0.11700010299682617,1638382038.311,0,dusk,dress,fearful,dusk,dress,dusk,dress,fearful,dusk,dress,2322.7689168453217,2021-12-01T18:07:18.311000,1638379715.5420833
5,21,2,21,Random,-9999,be474acd32b83ee1,0.7909998893737793,0.07800006866455078,1638382038.49,2,field,shirt,above,field,shirt,field,shirt,above,field,shirt,2322.9479167461395,2021-12-01T18:07:18.490000,1638379715.5420833
10,17,6,17,Random,-9999,0c4c5b719dbfd427,2.5969998836517334,0.13700008392333984,1638382038.546,6,mango,below,angry,mango,below,mango,below,angry,mango,below,2323.0039167404175,2021-12-01T18:07:18.546000,1638379715.5420833
12,20,16,16,Random,-9999,9deb154c4a2ac4da,0.46200013160705566,0.125,1638382038.888,20,beach,lemon,fearful,lemon,beach,beach,lemon,fearful,lemon,beach,2323.345916748047,2021-12-01T18:07:18.888000,1638379715.5420833
9,22,16,22,Random,-9999,be474acd32b83ee1,0.6690001487731934,0.07599997520446777,1638382039.237,16,ocean,lemon,near,ocean,lemon,ocean,lemon,near,ocean,lemon,2323.6949167251587,2021-12-01T18:07:19.237000,1638379715.5420833
22,27,10,27,Random,-9999,9deb154c4a2ac4da,0.501000165939331,0.1099998950958252,1638382039.505,10,dusk,angry,ocean,dusk,angry,dusk,angry,ocean,dusk,angry,2323.9629168510437,2021-12-01T18:07:19.505000,1638379715.5420833
10,2,29,2,Random,-9999,be474acd32b83ee1,0.6640000343322754,0.0839998722076416,1638382039.985,29,shirt,noon,angry,shirt,noon,shirt,noon,angry,shirt,noon,2324.4429166316986,2021-12-01T18:07:19.985000,1638379715.5420833
16,29,0,29,Random,-9999,9deb154c4a2ac4da,0.8849999904632568,0.11299991607666016,1638382040.498,0,noon,dress,lemon,noon,dress,noon,dress,lemon,noon,dress,2324.9559166431427,2021-12-01T18:07:20.498000,1638379715.5420833
16,4,19,4,Random,-9999,be474acd32b83ee1,0.6309998035430908,0.08100008964538574,1638382040.706,19,socks,watermelon,lemon,socks,watermelon,socks,watermelon,lemon,socks,watermelon,2325.163916826248,2021-12-01T18:07:20.706000,1638379715.5420833
20,10,25,10,Random,-9999,9deb154c4a2ac4da,0.5580000877380371,0.10899996757507324,1638382041.167,25,angry,dawn,beach,angry,dawn,angry,dawn,beach,angry,dawn,2325.624916791916,2021-12-01T18:07:21.167000,1638379715.5420833
9,11,29,11,Random,-9999,be474acd32b83ee1,0.6549999713897705,0.10600018501281738,1638382041.457,29,disgust,noon,near,disgust,noon,disgust,noon,near,disgust,noon,2325.914916753769,2021-12-01T18:07:21.457000,1638379715.5420833
22,7,5,7,Random,-9999,9deb154c4a2ac4da,0.41899991035461426,0.1119999885559082,1638382041.697,5,beside,above,ocean,beside,above,beside,above,ocean,beside,above,2326.1549167633057,2021-12-01T18:07:21.697000,1638379715.5420833
20,18,27,27,Random,-9999,be474acd32b83ee1,0.5920000076293945,0.07799983024597168,1638382042.125,18,strawberry,dusk,beach,dusk,strawberry,strawberry,dusk,beach,dusk,strawberry,2326.582916736603,2021-12-01T18:07:22.125000,1638379715.5420833
2,5,11,5,Random,-9999,9deb154c4a2ac4da,0.37199997901916504,0.11100006103515625,1638382042.188,11,above,disgust,shirt,above,disgust,above,disgust,shirt,above,disgust,2326.645916700363,2021-12-01T18:07:22.188000,1638379715.5420833
15,24,7,24,Random,-9999,be474acd32b83ee1,0.44499993324279785,0.07600021362304688,1638382042.65,7,sunset,beside,blueberry,sunset,beside,sunset,beside,blueberry,sunset,beside,2327.10791683197,2021-12-01T18:07:22.650000,1638379715.5420833
10,16,3,16,Random,-9999,9deb154c4a2ac4da,0.375,0.11500000953674316,1638382042.67,3,lemon,shoes,angry,lemon,shoes,lemon,shoes,angry,lemon,shoes,2327.1279168128967,2021-12-01T18:07:22.670000,1638379715.5420833
28,17,12,12,Random,-9999,be474acd32b83ee1,0.4830000400543213,0.07999992370605469,1638382043.212,17,mango,fearful,night,fearful,mango,mango,fearful,night,fearful,mango,2327.6699166297913,2021-12-01T18:07:23.212000,1638379715.5420833
25,3,16,3,Random,-9999,9deb154c4a2ac4da,0.5460000038146973,0.11299991607666016,1638382043.331,16,shoes,lemon,dawn,shoes,lemon,shoes,lemon,dawn,shoes,lemon,2327.788916826248,2021-12-01T18:07:23.331000,1638379715.5420833
27,19,23,19,Random,-9999,be474acd32b83ee1,0.48399996757507324,0.07899999618530273,1638382043.774,23,watermelon,sky,dusk,watermelon,sky,watermelon,sky,dusk,watermelon,sky,2328.231916666031,2021-12-01T18:07:23.774000,1638379715.5420833
10,9,22,9,Random,-9999,9deb154c4a2ac4da,0.3940000534057617,0.11299991607666016,1638382043.835,22,near,ocean,angry,near,ocean,near,ocean,angry,near,ocean,2328.2929167747498,2021-12-01T18:07:23.835000,1638379715.5420833
11,17,25,17,Random,-9999,0c4c5b719dbfd427,5.557000160217285,0.1399998664855957,1638382044.24,25,mango,dawn,disgust,mango,dawn,mango,dawn,disgust,mango,dawn,2328.6979167461395,2021-12-01T18:07:24.240000,1638379715.5420833
16,17,25,17,Random,-9999,9deb154c4a2ac4da,0.39800000190734863,0.10899996757507324,1638382044.344,25,mango,dawn,lemon,mango,dawn,mango,dawn,lemon,mango,dawn,2328.8019168376923,2021-12-01T18:07:24.344000,1638379715.5420833
16,4,12,12,Random,-9999,be474acd32b83ee1,0.7060000896453857,0.07899999618530273,1638382044.559,4,socks,fearful,lemon,fearful,socks,socks,fearful,lemon,fearful,socks,2329.0169167518616,2021-12-01T18:07:24.559000,1638379715.5420833
25,3,6,3,Random,-9999,9deb154c4a2ac4da,0.4200000762939453,0.11299991607666016,1638382044.882,6,shoes,below,dawn,shoes,below,shoes,below,dawn,shoes,below,2329.339916706085,2021-12-01T18:07:24.882000,1638379715.5420833
16,2,10,2,Random,-9999,be474acd32b83ee1,0.6170001029968262,0.07799983024597168,1638382045.25,10,shirt,angry,lemon,shirt,angry,shirt,angry,lemon,shirt,angry,2329.707916736603,2021-12-01T18:07:25.250000,1638379715.5420833
11,10,26,10,Random,-9999,9deb154c4a2ac4da,0.44700002670288086,0.11500000953674316,1638382045.44,26,angry,day,disgust,angry,day,angry,day,disgust,angry,day,2329.8979167938232,2021-12-01T18:07:25.440000,1638379715.5420833
1,29,5,5,Random,-9999,be474acd32b83ee1,0.5869998931884766,0.07500004768371582,1638382045.916,29,noon,above,pants,above,noon,noon,above,pants,above,noon,2330.3739166259766,2021-12-01T18:07:25.916000,1638379715.5420833
28,21,13,21,Random,-9999,9deb154c4a2ac4da,0.442000150680542,0.12399983406066895,1638382046.006,13,field,happy,night,field,happy,field,happy,night,field,happy,2330.4639167785645,2021-12-01T18:07:26.006000,1638379715.5420833
9,0,29,0,Random,-9999,be474acd32b83ee1,0.49000000953674316,0.07700014114379883,1638382046.477,29,dress,noon,near,dress,noon,dress,noon,near,dress,noon,2330.9349167346954,2021-12-01T18:07:26.477000,1638379715.5420833
13,28,23,28,Random,-9999,9deb154c4a2ac4da,0.48399996757507324,0.11999988555908203,1638382046.601,23,night,sky,happy,night,sky,night,sky,happy,night,sky,2331.0589168071747,2021-12-01T18:07:26.601000,1638379715.5420833
7,29,13,29,Random,-9999,9deb154c4a2ac4da,0.28600001335144043,0.11700010299682617,1638382047.004,13,noon,happy,beside,noon,happy,noon,happy,beside,noon,happy,2331.4619166851044,2021-12-01T18:07:27.004000,1638379715.5420833
26,6,12,12,Random,-9999,be474acd32b83ee1,0.5260000228881836,0.07299995422363281,1638382047.082,6,below,fearful,day,fearful,below,below,fearful,day,fearful,below,2331.539916753769,2021-12-01T18:07:27.082000,1638379715.5420833
7,11,21,11,Random,-9999,9deb154c4a2ac4da,0.40400004386901855,0.11100006103515625,1638382047.524,21,disgust,field,beside,disgust,field,disgust,field,beside,disgust,field,2331.981916666031,2021-12-01T18:07:27.524000,1638379715.5420833
27,6,19,6,Random,-9999,be474acd32b83ee1,0.7720000743865967,0.07999992370605469,1638382047.936,19,below,watermelon,dusk,below,watermelon,below,watermelon,dusk,below,watermelon,2332.3939168453217,2021-12-01T18:07:27.936000,1638379715.5420833
13,27,4,4,Random,-9999,9deb154c4a2ac4da,0.4849998950958252,0.11100006103515625,1638382048.114,27,dusk,socks,happy,socks,dusk,dusk,socks,happy,socks,dusk,2332.571916818619,2021-12-01T18:07:28.114000,1638379715.5420833
19,7,11,11,Random,-9999,be474acd32b83ee1,0.4739999771118164,0.07999992370605469,1638382048.49,7,beside,disgust,watermelon,disgust,beside,beside,disgust,watermelon,disgust,beside,2332.9479167461395,2021-12-01T18:07:28.490000,1638379715.5420833
11,22,2,2,Random,-9999,9deb154c4a2ac4da,0.8390002250671387,0.11099982261657715,1638382049.062,22,ocean,shirt,disgust,shirt,ocean,ocean,shirt,disgust,shirt,ocean,2333.5199167728424,2021-12-01T18:07:29.062000,1638379715.5420833
21,1,17,1,Random,-9999,be474acd32b83ee1,0.6289999485015869,0.08100008964538574,1638382049.199,17,pants,mango,field,pants,mango,pants,mango,field,pants,mango,2333.656916618347,2021-12-01T18:07:29.199000,1638379715.5420833
10,29,20,29,Random,-9999,9deb154c4a2ac4da,0.44299983978271484,0.11300015449523926,1638382049.62,20,noon,beach,angry,noon,beach,noon,beach,angry,noon,beach,2334.077916622162,2021-12-01T18:07:29.620000,1638379715.5420833
10,25,13,13,Random,-9999,be474acd32b83ee1,0.5260000228881836,0.07800006866455078,1638382049.802,25,dawn,happy,angry,happy,dawn,dawn,happy,angry,happy,dawn,2334.259916782379,2021-12-01T18:07:29.802000,1638379715.5420833
23,10,26,26,Random,-9999,9deb154c4a2ac4da,0.3860001564025879,0.11299991607666016,1638382050.114,10,angry,day,sky,day,angry,angry,day,sky,day,angry,2334.571916818619,2021-12-01T18:07:30.114000,1638379715.5420833
16,23,8,23,Random,-9999,be474acd32b83ee1,0.617999792098999,0.07899999618530273,1638382050.499,8,sky,far,lemon,sky,far,sky,far,lemon,sky,far,2334.956916809082,2021-12-01T18:07:30.499000,1638379715.5420833
8,29,3,29,Random,-9999,9deb154c4a2ac4da,0.3399999141693115,0.1099998950958252,1638382050.569,3,noon,shoes,far,noon,shoes,noon,shoes,far,noon,shoes,2335.026916742325,2021-12-01T18:07:30.569000,1638379715.5420833
6,13,28,28,Random,-9999,be474acd32b83ee1,0.5230000019073486,0.08000016212463379,1638382051.101,13,happy,night,below,night,happy,happy,night,below,night,happy,2335.5589168071747,2021-12-01T18:07:31.101000,1638379715.5420833
18,9,20,9,Random,-9999,9deb154c4a2ac4da,0.8270001411437988,0.11400008201599121,1638382051.506,20,near,beach,strawberry,near,beach,near,beach,strawberry,near,beach,2335.9639167785645,2021-12-01T18:07:31.506000,1638379715.5420833
4,24,13,24,Random,-9999,be474acd32b83ee1,0.5520000457763672,0.07799983024597168,1638382051.72,13,sunset,happy,socks,sunset,happy,sunset,happy,socks,sunset,happy,2336.177916765213,2021-12-01T18:07:31.720000,1638379715.5420833
28,6,3,3,Random,-9999,9deb154c4a2ac4da,0.4249999523162842,0.11500000953674316,1638382052.047,6,below,shoes,night,shoes,below,below,shoes,night,shoes,below,2336.5049166679382,2021-12-01T18:07:32.047000,1638379715.5420833
7,12,18,18,Random,-9999,0c4c5b719dbfd427,7.861000061035156,0.14100003242492676,1638382052.233,12,fearful,strawberry,beside,strawberry,fearful,fearful,strawberry,beside,strawberry,fearful,2336.690916776657,2021-12-01T18:07:32.233000,1638379715.5420833
9,16,2,2,Random,-9999,be474acd32b83ee1,0.5150001049041748,0.07299995422363281,1638382052.314,16,lemon,shirt,near,shirt,lemon,lemon,shirt,near,shirt,lemon,2336.771916627884,2021-12-01T18:07:32.314000,1638379715.5420833
14,27,20,27,Random,-9999,9deb154c4a2ac4da,0.4070000648498535,0.11500000953674316,1638382052.576,20,dusk,beach,sad,dusk,beach,dusk,beach,sad,dusk,beach,2337.0339167118073,2021-12-01T18:07:32.576000,1638379715.5420833
22,0,23,0,Random,-9999,be474acd32b83ee1,0.5049998760223389,0.07299995422363281,1638382052.898,23,dress,sky,ocean,dress,sky,dress,sky,ocean,dress,sky,2337.35591673851,2021-12-01T18:07:32.898000,1638379715.5420833
0,13,7,7,Random,-9999,9deb154c4a2ac4da,0.3619999885559082,0.11299991607666016,1638382053.048,13,happy,beside,dress,beside,happy,happy,beside,dress,beside,happy,2337.5059168338776,2021-12-01T18:07:33.048000,1638379715.5420833
29,25,3,3,Random,-9999,be474acd32b83ee1,0.45799994468688965,0.07900023460388184,1638382053.434,25,dawn,shoes,noon,shoes,dawn,dawn,shoes,noon,shoes,dawn,2337.8919167518616,2021-12-01T18:07:33.434000,1638379715.5420833
4,6,17,17,Random,-9999,9deb154c4a2ac4da,0.375,0.11500000953674316,1638382053.532,6,below,mango,socks,mango,below,below,mango,socks,mango,below,2337.9899168014526,2021-12-01T18:07:33.532000,1638379715.5420833
25,10,23,10,Random,-9999,be474acd32b83ee1,0.44500017166137695,0.07799983024597168,1638382053.954,23,angry,sky,dawn,angry,sky,angry,sky,dawn,angry,sky,2338.411916732788,2021-12-01T18:07:33.954000,1638379715.5420833
15,3,21,3,Random,-9999,9deb154c4a2ac4da,0.5160000324249268,0.1119999885559082,1638382054.159,21,shoes,field,blueberry,shoes,field,shoes,field,blueberry,shoes,field,2338.616916656494,2021-12-01T18:07:34.159000,1638379715.5420833
29,19,12,12,Random,-9999,be474acd32b83ee1,0.4830000400543213,0.07699990272521973,1638382054.518,19,watermelon,fearful,noon,fearful,watermelon,watermelon,fearful,noon,fearful,watermelon,2338.975916624069,2021-12-01T18:07:34.518000,1638379715.5420833
1,9,14,14,Random,-9999,9deb154c4a2ac4da,0.3490002155303955,0.1099998950958252,1638382054.627,9,near,sad,pants,sad,near,near,sad,pants,sad,near,2339.084916830063,2021-12-01T18:07:34.627000,1638379715.5420833
24,18,12,18,Random,-9999,0c4c5b719dbfd427,2.4139997959136963,0.13100004196166992,1638382054.787,12,strawberry,fearful,sunset,strawberry,fearful,strawberry,fearful,sunset,strawberry,fearful,2339.244916677475,2021-12-01T18:07:34.787000,1638379715.5420833
15,24,26,24,Random,-9999,be474acd32b83ee1,0.4440000057220459,0.07999992370605469,1638382055.041,26,sunset,day,blueberry,sunset,day,sunset,day,blueberry,sunset,day,2339.4989166259766,2021-12-01T18:07:35.041000,1638379715.5420833
6,21,29,21,Random,-9999,9deb154c4a2ac4da,0.34200000762939453,0.1100001335144043,1638382055.072,29,field,noon,below,field,noon,field,noon,below,field,noon,2339.5299167633057,2021-12-01T18:07:35.072000,1638379715.5420833
29,5,2,2,Random,-9999,9deb154c4a2ac4da,0.33100008964538574,0.12800002098083496,1638382055.524,5,above,shirt,noon,shirt,above,above,shirt,noon,shirt,above,2339.981916666031,2021-12-01T18:07:35.524000,1638379715.5420833
17,5,21,21,Random,-9999,be474acd32b83ee1,0.5139999389648438,0.0820000171661377,1638382055.636,5,above,field,mango,field,above,above,field,mango,field,above,2340.093916654587,2021-12-01T18:07:35.636000,1638379715.5420833
4,10,22,10,Random,-9999,9deb154c4a2ac4da,0.31799983978271484,0.10899996757507324,1638382055.973,22,angry,ocean,socks,angry,ocean,angry,ocean,socks,angry,ocean,2340.430916786194,2021-12-01T18:07:35.973000,1638379715.5420833
17,10,7,10,Random,-9999,be474acd32b83ee1,0.44300007820129395,0.07899999618530273,1638382056.158,7,angry,beside,mango,angry,beside,angry,beside,mango,angry,beside,2340.6159167289734,2021-12-01T18:07:36.158000,1638379715.5420833
7,10,22,10,Random,-9999,9deb154c4a2ac4da,0.34599995613098145,0.12000012397766113,1638382056.422,22,angry,ocean,beside,angry,ocean,angry,ocean,beside,angry,ocean,2340.8799166679382,2021-12-01T18:07:36.422000,1638379715.5420833
23,3,2,2,Random,-9999,be474acd32b83ee1,0.5479998588562012,0.07999992370605469,1638382056.787,3,shoes,shirt,sky,shirt,shoes,shoes,shirt,sky,shirt,shoes,2341.244916677475,2021-12-01T18:07:36.787000,1638379715.5420833
6,9,13,9,Random,-9999,9deb154c4a2ac4da,0.40200018882751465,0.11299991607666016,1638382057.051,13,near,happy,below,near,happy,near,happy,below,near,happy,2341.5089168548584,2021-12-01T18:07:37.051000,1638379715.5420833
19,21,9,21,Random,-9999,0c4c5b719dbfd427,3.3450000286102295,0.14700007438659668,1638382058.275,9,field,near,watermelon,field,near,field,near,watermelon,field,near,2342.73291683197,2021-12-01T18:07:38.275000,1638379715.5420833
27,3,5,5,Random,-9999,be474acd32b83ee1,1.4849998950958252,0.08000016212463379,1638382058.353,3,shoes,above,dusk,above,shoes,shoes,above,dusk,above,shoes,2342.810916662216,2021-12-01T18:07:38.353000,1638379715.5420833
7,27,29,29,Random,-9999,9deb154c4a2ac4da,1.2420001029968262,0.23000001907348633,1638382058.63,27,dusk,noon,beside,noon,dusk,dusk,noon,beside,noon,dusk,2343.0879168510437,2021-12-01T18:07:38.630000,1638379715.5420833
11,13,5,5,Random,-9999,be474acd32b83ee1,0.39499998092651367,0.0820000171661377,1638382058.824,13,happy,above,disgust,above,happy,happy,above,disgust,above,happy,2343.281916618347,2021-12-01T18:07:38.824000,1638379715.5420833
19,20,26,20,Random,-9999,9deb154c4a2ac4da,0.47699999809265137,0.3269999027252197,1638382059.215,26,beach,day,watermelon,beach,day,beach,day,watermelon,beach,day,2343.672916650772,2021-12-01T18:07:39.215000,1638379715.5420833
14,18,1,1,Random,-9999,9deb154c4a2ac4da,0.3900001049041748,0.10899996757507324,1638382059.708,18,strawberry,pants,sad,pants,strawberry,strawberry,pants,sad,pants,strawberry,2344.1659166812897,2021-12-01T18:07:39.708000,1638379715.5420833
0,2,27,2,Random,-9999,9deb154c4a2ac4da,0.3900001049041748,0.10899996757507324,1638382060.217,27,shirt,dusk,dress,shirt,dusk,shirt,dusk,dress,shirt,dusk,2344.674916744232,2021-12-01T18:07:40.217000,1638379715.5420833
20,6,19,19,Random,-9999,9deb154c4a2ac4da,0.43200016021728516,0.11500000953674316,1638382060.753,6,below,watermelon,beach,watermelon,below,below,watermelon,beach,watermelon,below,2345.2109167575836,2021-12-01T18:07:40.753000,1638379715.5420833
18,23,29,29,Random,-9999,9deb154c4a2ac4da,0.8819999694824219,0.11500000953674316,1638382061.756,23,sky,noon,strawberry,noon,sky,sky,noon,strawberry,noon,sky,2346.2139167785645,2021-12-01T18:07:41.756000,1638379715.5420833
14,19,27,27,Random,-9999,0c4c5b719dbfd427,3.360999822616577,0.13400006294250488,1638382061.776,19,watermelon,dusk,sad,dusk,watermelon,watermelon,dusk,sad,dusk,watermelon,2346.233916759491,2021-12-01T18:07:41.776000,1638379715.5420833
22,21,16,16,Random,-9999,be474acd32b83ee1,0.7420001029968262,0.18400001525878906,1638382061.775,21,field,lemon,ocean,lemon,field,field,lemon,ocean,lemon,field,2346.23291683197,2021-12-01T18:07:41.775000,1638379715.5420833
16,2,23,2,Random,-9999,9deb154c4a2ac4da,0.37400007247924805,0.11699986457824707,1638382062.257,23,shirt,sky,lemon,shirt,sky,shirt,sky,lemon,shirt,sky,2346.714916706085,2021-12-01T18:07:42.257000,1638379715.5420833
8,12,25,25,Random,-9999,be474acd32b83ee1,0.6690001487731934,0.13299989700317383,1638382062.578,12,fearful,dawn,far,dawn,fearful,fearful,dawn,far,dawn,fearful,2347.0359168052673,2021-12-01T18:07:42.578000,1638379715.5420833
8,5,1,1,Random,-9999,9deb154c4a2ac4da,0.3530001640319824,0.11299991607666016,1638382062.757,5,above,pants,far,pants,above,above,pants,far,pants,above,2347.214916706085,2021-12-01T18:07:42.757000,1638379715.5420833
12,7,0,0,Random,-9999,be474acd32b83ee1,0.6710000038146973,0.07699990272521973,1638382063.327,7,beside,dress,fearful,dress,beside,beside,dress,fearful,dress,beside,2347.784916639328,2021-12-01T18:07:43.327000,1638379715.5420833
0,24,3,3,Random,-9999,9deb154c4a2ac4da,0.8910000324249268,0.16299986839294434,1638382063.805,24,sunset,shoes,dress,shoes,sunset,sunset,shoes,dress,shoes,sunset,2348.26291680336,2021-12-01T18:07:43.805000,1638379715.5420833
29,14,17,14,Random,-9999,9deb154c4a2ac4da,0.36500000953674316,0.14899992942810059,1638382064.282,17,sad,mango,noon,sad,mango,sad,mango,noon,sad,mango,2348.7399168014526,2021-12-01T18:07:44.282000,1638379715.5420833
27,5,21,21,Random,-9999,be474acd32b83ee1,0.9549999237060547,0.07899999618530273,1638382064.361,5,above,field,dusk,field,above,above,field,dusk,field,above,2348.818916797638,2021-12-01T18:07:44.361000,1638379715.5420833
27,15,2,15,Random,-9999,0c4c5b719dbfd427,2.4690001010894775,0.14700007438659668,1638382064.384,2,blueberry,shirt,dusk,blueberry,shirt,blueberry,shirt,dusk,blueberry,shirt,2348.8419167995453,2021-12-01T18:07:44.384000,1638379715.5420833
12,9,2,2,Random,-9999,9deb154c4a2ac4da,0.3880000114440918,0.11100006103515625,1638382064.862,9,near,shirt,fearful,shirt,near,near,shirt,fearful,shirt,near,2349.3199167251587,2021-12-01T18:07:44.862000,1638379715.5420833
6,28,21,21,Random,-9999,be474acd32b83ee1,0.6959998607635498,0.07800006866455078,1638382065.129,28,night,field,below,field,night,night,field,below,field,night,2349.5869166851044,2021-12-01T18:07:45.129000,1638379715.5420833
22,13,17,13,Random,-9999,9deb154c4a2ac4da,0.7280001640319824,0.18999981880187988,1638382065.698,17,happy,mango,ocean,happy,mango,happy,mango,ocean,happy,mango,2350.1559166908264,2021-12-01T18:07:45.698000,1638379715.5420833
11,1,8,8,Random,-9999,be474acd32b83ee1,0.7250001430511475,0.07200002670288086,1638382065.928,1,pants,far,disgust,far,pants,pants,far,disgust,far,pants,2350.3859167099,2021-12-01T18:07:45.928000,1638379715.5420833
22,8,28,28,Random,-9999,0c4c5b719dbfd427,2.075000047683716,0.1359999179840088,1638382066.592,8,far,night,ocean,night,far,far,night,ocean,night,far,2351.049916744232,2021-12-01T18:07:46.592000,1638379715.5420833
25,9,20,20,Random,-9999,be474acd32b83ee1,0.6530001163482666,0.07699990272521973,1638382066.661,9,near,beach,dawn,beach,near,near,beach,dawn,beach,near,2351.118916749954,2021-12-01T18:07:46.661000,1638379715.5420833
6,24,26,26,Random,-9999,9deb154c4a2ac4da,0.8940000534057617,0.21700000762939453,1638382066.943,24,sunset,day,below,day,sunset,sunset,day,below,day,sunset,2351.400916814804,2021-12-01T18:07:46.943000,1638379715.5420833
26,27,13,13,Random,-9999,be474acd32b83ee1,0.6000001430511475,0.07899999618530273,1638382067.339,27,dusk,happy,day,happy,dusk,dusk,happy,day,happy,dusk,2351.7969167232513,2021-12-01T18:07:47.339000,1638379715.5420833
14,15,21,15,Random,-9999,9deb154c4a2ac4da,0.31999993324279785,0.2590000629425049,1638382067.385,21,blueberry,field,sad,blueberry,field,blueberry,field,sad,blueberry,field,2351.842916727066,2021-12-01T18:07:47.385000,1638379715.5420833
0,8,6,6,Random,-9999,9deb154c4a2ac4da,0.38700008392333984,0.11899995803833008,1638382067.999,8,far,below,dress,below,far,far,below,dress,below,far,2352.456916809082,2021-12-01T18:07:47.999000,1638379715.5420833
29,13,25,25,Random,-9999,be474acd32b83ee1,0.7699999809265137,0.08100008964538574,1638382068.183,13,happy,dawn,noon,dawn,happy,happy,dawn,noon,dawn,happy,2352.640916824341,2021-12-01T18:07:48.183000,1638379715.5420833
25,13,2,13,Random,-9999,0c4c5b719dbfd427,1.9240000247955322,0.13199996948242188,1638382068.589,2,happy,shirt,dawn,happy,shirt,happy,shirt,dawn,happy,shirt,2353.0469167232513,2021-12-01T18:07:48.589000,1638379715.5420833
27,29,1,29,Random,-9999,9deb154c4a2ac4da,0.6059999465942383,0.21399998664855957,1638382068.71,1,noon,pants,dusk,noon,pants,noon,pants,dusk,noon,pants,2353.1679167747498,2021-12-01T18:07:48.710000,1638379715.5420833
22,14,6,6,Random,-9999,be474acd32b83ee1,0.746999979019165,0.07399988174438477,1638382069.006,14,sad,below,ocean,below,sad,sad,below,ocean,below,sad,2353.4639167785645,2021-12-01T18:07:49.006000,1638379715.5420833
17,11,2,2,Random,-9999,9deb154c4a2ac4da,0.49500012397766113,0.10899996757507324,1638382069.317,11,disgust,shirt,mango,shirt,disgust,disgust,shirt,mango,shirt,disgust,2353.7749166488647,2021-12-01T18:07:49.317000,1638379715.5420833
25,19,28,28,Random,-9999,be474acd32b83ee1,0.5520000457763672,0.07700014114379883,1638382069.639,19,watermelon,night,dawn,night,watermelon,watermelon,night,dawn,night,watermelon,2354.0969166755676,2021-12-01T18:07:49.639000,1638379715.5420833
28,11,18,11,Random,-9999,9deb154c4a2ac4da,0.4569997787475586,0.1380000114440918,1638382069.903,18,disgust,strawberry,night,disgust,strawberry,disgust,strawberry,night,disgust,strawberry,2354.360916852951,2021-12-01T18:07:49.903000,1638379715.5420833
4,26,25,25,Random,-9999,be474acd32b83ee1,0.6589999198913574,0.08500003814697266,1638382070.376,26,day,dawn,socks,dawn,day,day,dawn,socks,dawn,day,2354.8339166641235,2021-12-01T18:07:50.376000,1638379715.5420833
5,29,25,25,Random,-9999,9deb154c4a2ac4da,0.3470001220703125,0.20000004768371582,1638382070.489,29,noon,dawn,above,dawn,noon,noon,dawn,above,dawn,noon,2354.946916818619,2021-12-01T18:07:50.489000,1638379715.5420833
25,6,11,11,Random,-9999,be474acd32b83ee1,0.5299999713897705,0.07299995422363281,1638382070.986,6,below,disgust,dawn,disgust,below,below,disgust,dawn,disgust,below,2355.443916797638,2021-12-01T18:07:50.986000,1638379715.5420833
9,10,1,10,Random,-9999,9deb154c4a2ac4da,0.41100001335144043,0.1530001163482666,1638382071.143,1,angry,pants,near,angry,pants,angry,pants,near,angry,pants,2355.600916624069,2021-12-01T18:07:51.143000,1638379715.5420833
27,19,12,19,Random,-9999,0c4c5b719dbfd427,2.561000108718872,0.0709998607635498,1638382071.287,12,watermelon,fearful,dusk,watermelon,fearful,watermelon,fearful,dusk,watermelon,fearful,2355.744916677475,2021-12-01T18:07:51.287000,1638379715.5420833
23,24,8,8,Random,-9999,be474acd32b83ee1,0.6070001125335693,0.07899999618530273,1638382071.668,24,sunset,far,sky,far,sunset,sunset,far,sky,far,sunset,2356.1259167194366,2021-12-01T18:07:51.668000,1638379715.5420833
28,26,16,16,Random,-9999,9deb154c4a2ac4da,0.5249998569488525,0.2390000820159912,1638382071.783,26,day,lemon,night,lemon,day,day,lemon,night,lemon,day,2356.2409167289734,2021-12-01T18:07:51.783000,1638379715.5420833
11,5,13,5,Random,-9999,9deb154c4a2ac4da,0.40599989891052246,0.10899996757507324,1638382072.295,13,above,happy,disgust,above,happy,above,happy,disgust,above,happy,2356.7529168128967,2021-12-01T18:07:52.295000,1638379715.5420833
0,12,20,20,Random,-9999,be474acd32b83ee1,0.6070001125335693,0.07399988174438477,1638382072.352,12,fearful,beach,dress,beach,fearful,fearful,beach,dress,beach,fearful,2356.8099167346954,2021-12-01T18:07:52.352000,1638379715.5420833
12,6,10,10,Random,-9999,9deb154c4a2ac4da,0.40400004386901855,0.11100006103515625,1638382072.809,6,below,angry,fearful,angry,below,below,angry,fearful,angry,below,2357.2669167518616,2021-12-01T18:07:52.809000,1638379715.5420833
11,28,13,28,Random,-9999,9deb154c4a2ac4da,0.47499990463256836,0.11400008201599121,1638382073.429,13,night,happy,disgust,night,happy,night,happy,disgust,night,happy,2357.8869166374207,2021-12-01T18:07:53.429000,1638379715.5420833
4,20,5,20,Random,-9999,be474acd32b83ee1,1.3610000610351562,0.07899999618530273,1638382073.797,5,beach,above,socks,beach,above,beach,above,socks,beach,above,2358.2549166679382,2021-12-01T18:07:53.797000,1638379715.5420833
24,20,26,26,Random,-9999,9deb154c4a2ac4da,0.3280000686645508,0.1380000114440918,1638382073.859,20,beach,day,sunset,day,beach,beach,day,sunset,day,beach,2358.316916704178,2021-12-01T18:07:53.859000,1638379715.5420833
26,9,25,25,Random,-9999,0c4c5b719dbfd427,2.4820001125335693,0.14499998092651367,1638382073.91,9,near,dawn,day,dawn,near,near,dawn,day,dawn,near,2358.3679168224335,2021-12-01T18:07:53.910000,1638379715.5420833
28,2,3,2,Random,-9999,9deb154c4a2ac4da,0.39800000190734863,0.10899996757507324,1638382074.387,3,shirt,shoes,night,shirt,shoes,shirt,shoes,night,shirt,shoes,2358.844916820526,2021-12-01T18:07:54.387000,1638379715.5420833
18,12,29,29,Random,-9999,be474acd32b83ee1,0.6119999885559082,0.0989999771118164,1638382074.506,12,fearful,noon,strawberry,noon,fearful,fearful,noon,strawberry,noon,fearful,2358.9639167785645,2021-12-01T18:07:54.506000,1638379715.5420833
6,27,16,16,Random,-9999,be474acd32b83ee1,0.6630001068115234,0.0820000171661377,1638382075.247,27,dusk,lemon,below,lemon,dusk,dusk,lemon,below,lemon,dusk,2359.704916715622,2021-12-01T18:07:55.247000,1638379715.5420833
21,12,9,9,Random,-9999,9deb154c4a2ac4da,1.253000020980835,0.1230001449584961,1638382075.747,12,fearful,near,field,near,fearful,fearful,near,field,near,fearful,2360.204916715622,2021-12-01T18:07:55.747000,1638379715.5420833
7,4,8,8,Random,-9999,be474acd32b83ee1,0.7569999694824219,0.07899999618530273,1638382076.084,4,socks,far,beside,far,socks,socks,far,beside,far,socks,2360.541916847229,2021-12-01T18:07:56.084000,1638379715.5420833
9,18,17,18,Random,-9999,9deb154c4a2ac4da,0.39100003242492676,0.11399984359741211,1638382076.617,17,strawberry,mango,near,strawberry,mango,strawberry,mango,near,strawberry,mango,2361.0749168395996,2021-12-01T18:07:56.617000,1638379715.5420833
13,15,21,21,Random,-9999,0c4c5b719dbfd427,2.572999954223633,0.13299989700317383,1638382076.621,15,blueberry,field,happy,field,blueberry,blueberry,field,happy,field,blueberry,2361.078916788101,2021-12-01T18:07:56.621000,1638379715.5420833
22,23,0,0,Random,-9999,be474acd32b83ee1,0.48800015449523926,0.08099985122680664,1638382076.646,23,sky,dress,ocean,dress,sky,sky,dress,ocean,dress,sky,2361.10391664505,2021-12-01T18:07:56.646000,1638379715.5420833
13,14,12,12,Random,-9999,9deb154c4a2ac4da,0.5800001621246338,0.24099993705749512,1638382077.084,14,sad,fearful,happy,fearful,sad,sad,fearful,happy,fearful,sad,2361.541916847229,2021-12-01T18:07:57.084000,1638379715.5420833
27,17,7,17,Random,-9999,9deb154c4a2ac4da,0.4780001640319824,0.11699986457824707,1638382077.671,7,mango,beside,dusk,mango,beside,mango,beside,dusk,mango,beside,2362.1289167404175,2021-12-01T18:07:57.671000,1638379715.5420833
7,4,17,17,Random,-9999,be474acd32b83ee1,1.3580000400543213,0.07299995422363281,1638382078.083,4,socks,mango,beside,mango,socks,socks,mango,beside,mango,socks,2362.5409166812897,2021-12-01T18:07:58.083000,1638379715.5420833
26,17,12,17,Random,-9999,9deb154c4a2ac4da,0.41499996185302734,0.17199993133544922,1638382078.256,12,mango,fearful,day,mango,fearful,mango,fearful,day,mango,fearful,2362.7139167785645,2021-12-01T18:07:58.256000,1638379715.5420833
29,21,3,21,Random,-9999,9deb154c4a2ac4da,0.3619999885559082,0.24099993705749512,1638382078.881,3,field,shoes,noon,field,shoes,field,shoes,noon,field,shoes,2363.3389167785645,2021-12-01T18:07:58.881000,1638379715.5420833
13,17,25,25,Random,-9999,be474acd32b83ee1,0.8570001125335693,0.07799983024597168,1638382079.017,17,mango,dawn,happy,dawn,mango,mango,dawn,happy,dawn,mango,2363.4749166965485,2021-12-01T18:07:59.017000,1638379715.5420833
10,17,25,17,Random,-9999,0c4c5b719dbfd427,2.743000030517578,0.14400005340576172,1638382079.514,25,mango,dawn,angry,mango,dawn,mango,dawn,angry,mango,dawn,2363.9719166755676,2021-12-01T18:07:59.514000,1638379715.5420833
10,0,14,14,Random,-9999,be474acd32b83ee1,0.6679999828338623,0.07699990272521973,1638382079.76,0,dress,sad,angry,sad,dress,dress,sad,angry,sad,dress,2364.217916727066,2021-12-01T18:07:59.760000,1638379715.5420833
20,23,19,23,Random,-9999,9deb154c4a2ac4da,1.245999813079834,0.13000011444091797,1638382080.24,19,sky,watermelon,beach,sky,watermelon,sky,watermelon,beach,sky,watermelon,2364.6979167461395,2021-12-01T18:08:00.240000,1638379715.5420833
27,2,8,8,Random,-9999,be474acd32b83ee1,0.6619999408721924,0.07500004768371582,1638382080.506,2,shirt,far,dusk,far,shirt,shirt,far,dusk,far,shirt,2364.9639167785645,2021-12-01T18:08:00.506000,1638379715.5420833
28,20,0,0,Random,-9999,9deb154c4a2ac4da,0.3810000419616699,0.11700010299682617,1638382080.733,20,beach,dress,night,dress,beach,beach,dress,night,dress,beach,2365.190916776657,2021-12-01T18:08:00.733000,1638379715.5420833
24,27,18,18,Random,-9999,be474acd32b83ee1,0.5989999771118164,0.08700013160705566,1638382081.184,27,dusk,strawberry,sunset,strawberry,dusk,dusk,strawberry,sunset,strawberry,dusk,2365.6419167518616,2021-12-01T18:08:01.184000,1638379715.5420833
5,8,21,8,Random,-9999,9deb154c4a2ac4da,0.37800002098083496,0.11299991607666016,1638382081.223,21,far,field,above,far,field,far,field,above,far,field,2365.680916786194,2021-12-01T18:08:01.223000,1638379715.5420833
6,27,1,1,Random,-9999,9deb154c4a2ac4da,0.35899996757507324,0.11599993705749512,1638382081.717,27,dusk,pants,below,pants,dusk,dusk,pants,below,pants,dusk,2366.174916744232,2021-12-01T18:08:01.717000,1638379715.5420833
4,28,9,9,Random,-9999,be474acd32b83ee1,0.6500000953674316,0.08699989318847656,1638382081.919,28,night,near,socks,near,night,night,near,socks,near,night,2366.3769166469574,2021-12-01T18:08:01.919000,1638379715.5420833
22,21,17,21,Random,-9999,9deb154c4a2ac4da,0.3529999256134033,0.1380000114440918,1638382082.195,17,field,mango,ocean,field,mango,field,mango,ocean,field,mango,2366.6529166698456,2021-12-01T18:08:02.195000,1638379715.5420833
3,17,26,26,Random,-9999,be474acd32b83ee1,0.5520000457763672,0.07599997520446777,1638382082.556,17,mango,day,shoes,day,mango,mango,day,shoes,day,mango,2367.0139167308807,2021-12-01T18:08:02.556000,1638379715.5420833
27,18,15,18,Random,-9999,9deb154c4a2ac4da,0.41299986839294434,0.11700010299682617,1638382082.721,15,strawberry,blueberry,dusk,strawberry,blueberry,strawberry,blueberry,dusk,strawberry,blueberry,2367.1789166927338,2021-12-01T18:08:02.721000,1638379715.5420833
19,8,1,1,Random,-9999,be474acd32b83ee1,0.568000078201294,0.09399986267089844,1638382083.21,8,far,pants,watermelon,pants,far,far,pants,watermelon,pants,far,2367.6679167747498,2021-12-01T18:08:03.210000,1638379715.5420833
20,7,4,4,Random,-9999,9deb154c4a2ac4da,0.4219999313354492,0.12600016593933105,1638382083.265,7,beside,socks,beach,socks,beside,beside,socks,beach,socks,beside,2367.722916841507,2021-12-01T18:08:03.265000,1638379715.5420833
24,15,22,22,Random,-9999,0c4c5b719dbfd427,3.736999988555908,0.1549999713897705,1638382083.389,15,blueberry,ocean,sunset,ocean,blueberry,blueberry,ocean,sunset,ocean,blueberry,2367.8469166755676,2021-12-01T18:08:03.389000,1638379715.5420833
26,22,21,21,Random,-9999,be474acd32b83ee1,0.6500000953674316,0.08599996566772461,1638382083.949,22,ocean,field,day,field,ocean,ocean,field,day,field,ocean,2368.406916618347,2021-12-01T18:08:03.949000,1638379715.5420833
21,24,23,24,Random,-9999,9deb154c4a2ac4da,0.5789999961853027,0.11299991607666016,1638382083.956,23,sunset,sky,field,sunset,sky,sunset,sky,field,sunset,sky,2368.413916826248,2021-12-01T18:08:03.956000,1638379715.5420833
3,6,0,0,Random,-9999,be474acd32b83ee1,0.6429998874664307,0.07899999618530273,1638382084.669,6,below,dress,shoes,dress,below,below,dress,shoes,dress,below,2369.1269166469574,2021-12-01T18:08:04.669000,1638379715.5420833
2,4,9,4,Random,-9999,9deb154c4a2ac4da,0.5479998588562012,0.1770000457763672,1638382084.779,9,socks,near,shirt,socks,near,socks,near,shirt,socks,near,2369.236916780472,2021-12-01T18:08:04.779000,1638379715.5420833
28,2,1,2,Random,-9999,9deb154c4a2ac4da,0.35700011253356934,0.21399998664855957,1638382085.251,1,shirt,pants,night,shirt,pants,shirt,pants,night,shirt,pants,2369.7089166641235,2021-12-01T18:08:05.251000,1638379715.5420833
7,18,5,5,Random,-9999,be474acd32b83ee1,0.622999906539917,0.07800006866455078,1638382085.371,18,strawberry,above,beside,above,strawberry,strawberry,above,beside,above,strawberry,2369.828916788101,2021-12-01T18:08:05.371000,1638379715.5420833
12,20,9,20,Random,-9999,9deb154c4a2ac4da,0.504000186920166,0.11399984359741211,1638382085.869,9,beach,near,fearful,beach,near,beach,near,fearful,beach,near,2370.326916694641,2021-12-01T18:08:05.869000,1638379715.5420833
15,4,27,27,Random,-9999,be474acd32b83ee1,0.6590001583099365,0.07899999618530273,1638382086.105,4,socks,dusk,blueberry,dusk,socks,socks,dusk,blueberry,dusk,socks,2370.5629167556763,2021-12-01T18:08:06.105000,1638379715.5420833
24,19,15,19,Random,-9999,0c4c5b719dbfd427,2.8459999561309814,0.12800002098083496,1638382086.373,15,watermelon,blueberry,sunset,watermelon,blueberry,watermelon,blueberry,sunset,watermelon,blueberry,2370.8309166431427,2021-12-01T18:08:06.373000,1638379715.5420833
26,28,4,28,Random,-9999,9deb154c4a2ac4da,0.4330000877380371,0.10699987411499023,1638382086.409,4,night,socks,day,night,socks,night,socks,day,night,socks,2370.866916656494,2021-12-01T18:08:06.409000,1638379715.5420833
5,3,21,21,Random,-9999,be474acd32b83ee1,0.6050000190734863,0.07299995422363281,1638382086.788,3,shoes,field,above,field,shoes,shoes,field,above,field,shoes,2371.2459168434143,2021-12-01T18:08:06.788000,1638379715.5420833
1,23,25,23,Random,-9999,9deb154c4a2ac4da,0.40199995040893555,0.11300015449523926,1638382086.926,25,sky,dawn,pants,sky,dawn,sky,dawn,pants,sky,dawn,2371.3839168548584,2021-12-01T18:08:06.926000,1638379715.5420833
22,24,9,9,Random,-9999,9deb154c4a2ac4da,0.37400007247924805,0.11599993705749512,1638382087.407,24,sunset,near,ocean,near,sunset,sunset,near,ocean,near,sunset,2371.8649168014526,2021-12-01T18:08:07.407000,1638379715.5420833
4,3,2,2,Random,-9999,be474acd32b83ee1,0.6559998989105225,0.07899999618530273,1638382087.521,3,shoes,shirt,socks,shirt,shoes,shoes,shirt,socks,shirt,shoes,2371.97891664505,2021-12-01T18:08:07.521000,1638379715.5420833
25,19,27,27,Random,-9999,9deb154c4a2ac4da,0.3580000400543213,0.10899996757507324,1638382087.924,19,watermelon,dusk,dawn,dusk,watermelon,watermelon,dusk,dawn,dusk,watermelon,2372.3819167613983,2021-12-01T18:08:07.924000,1638379715.5420833
2,23,14,23,Random,-9999,be474acd32b83ee1,0.5420000553131104,0.07999992370605469,1638382088.143,14,sky,sad,shirt,sky,sad,sky,sad,shirt,sky,sad,2372.600916624069,2021-12-01T18:08:08.143000,1638379715.5420833
27,2,6,6,Random,-9999,9deb154c4a2ac4da,0.4049999713897705,0.15799999237060547,1638382088.454,2,shirt,below,dusk,below,shirt,shirt,below,dusk,below,shirt,2372.911916732788,2021-12-01T18:08:08.454000,1638379715.5420833
9,11,15,15,Random,-9999,be474acd32b83ee1,0.564000129699707,0.08599996566772461,1638382088.785,11,disgust,blueberry,near,blueberry,disgust,disgust,blueberry,near,blueberry,disgust,2373.2429168224335,2021-12-01T18:08:08.785000,1638379715.5420833
12,0,9,9,Random,-9999,9deb154c4a2ac4da,0.44499993324279785,0.11899995803833008,1638382089.006,0,dress,near,fearful,near,dress,dress,near,fearful,near,dress,2373.4639167785645,2021-12-01T18:08:09.006000,1638379715.5420833
26,12,2,12,Random,-9999,be474acd32b83ee1,0.48799991607666016,0.06999993324279785,1638382089.352,2,fearful,shirt,day,fearful,shirt,fearful,shirt,day,fearful,shirt,2373.8099167346954,2021-12-01T18:08:09.352000,1638379715.5420833
20,12,1,1,Random,-9999,9deb154c4a2ac4da,0.5529999732971191,0.11500000953674316,1638382089.677,12,fearful,pants,beach,pants,fearful,fearful,pants,beach,pants,fearful,2374.134916782379,2021-12-01T18:08:09.677000,1638379715.5420833
13,22,7,7,Random,-9999,be474acd32b83ee1,0.44900012016296387,0.08100008964538574,1638382089.882,22,ocean,beside,happy,beside,ocean,ocean,beside,happy,beside,ocean,2374.339916706085,2021-12-01T18:08:09.882000,1638379715.5420833
18,3,28,3,Random,-9999,0c4c5b719dbfd427,3.5139999389648438,0.14100003242492676,1638382090.02,28,shoes,night,strawberry,shoes,night,shoes,night,strawberry,shoes,night,2374.4779167175293,2021-12-01T18:08:10.020000,1638379715.5420833
15,27,17,17,Random,-9999,be474acd32b83ee1,0.48399996757507324,0.07799983024597168,1638382090.445,27,dusk,mango,blueberry,mango,dusk,dusk,mango,blueberry,mango,dusk,2374.9029166698456,2021-12-01T18:08:10.445000,1638379715.5420833
3,14,7,7,Random,-9999,9deb154c4a2ac4da,0.8230001926422119,0.11099982261657715,1638382090.617,14,sad,beside,shoes,beside,sad,sad,beside,shoes,beside,sad,2375.0749168395996,2021-12-01T18:08:10.617000,1638379715.5420833
21,26,20,20,Random,-9999,9deb154c4a2ac4da,0.6380000114440918,0.1099998950958252,1638382091.354,26,day,beach,field,beach,day,day,beach,field,beach,day,2375.8119168281555,2021-12-01T18:08:11.354000,1638379715.5420833
26,7,3,3,Random,-9999,be474acd32b83ee1,0.9019999504089355,0.07800006866455078,1638382091.414,7,beside,shoes,day,shoes,beside,beside,shoes,day,shoes,beside,2375.871916770935,2021-12-01T18:08:11.414000,1638379715.5420833
16,27,10,27,Random,-9999,9deb154c4a2ac4da,0.3810000419616699,0.11899995803833008,1638382091.855,10,dusk,angry,lemon,dusk,angry,dusk,angry,lemon,dusk,angry,2376.3129167556763,2021-12-01T18:08:11.855000,1638379715.5420833
12,24,17,17,Random,-9999,be474acd32b83ee1,0.6510000228881836,0.07299995422363281,1638382092.146,24,sunset,mango,fearful,mango,sunset,sunset,mango,fearful,mango,sunset,2376.60391664505,2021-12-01T18:08:12.146000,1638379715.5420833
1,19,9,19,Random,-9999,190fa01594431cd2,127.85800004005432,0.0820000171661377,1638382092.53,9,watermelon,near,pants,watermelon,near,watermelon,near,pants,watermelon,near,2376.9879167079926,2021-12-01T18:08:12.530000,1638379715.5420833
13,10,24,10,Random,-9999,9deb154c4a2ac4da,0.7990000247955322,0.26999998092651367,1638382092.925,24,angry,sunset,happy,angry,sunset,angry,sunset,happy,angry,sunset,2377.382916688919,2021-12-01T18:08:12.925000,1638379715.5420833
19,5,22,22,Random,-9999,be474acd32b83ee1,0.7099997997283936,0.07600021362304688,1638382092.934,5,above,ocean,watermelon,ocean,above,above,ocean,watermelon,ocean,above,2377.3919167518616,2021-12-01T18:08:12.934000,1638379715.5420833
11,0,8,8,Random,-9999,9deb154c4a2ac4da,0.3769998550415039,0.25,1638382093.559,0,dress,far,disgust,far,dress,dress,far,disgust,far,dress,2378.0169167518616,2021-12-01T18:08:13.559000,1638379715.5420833
5,8,0,0,Random,-9999,be474acd32b83ee1,0.8399999141693115,0.07800006866455078,1638382093.852,8,far,dress,above,dress,far,far,dress,above,dress,far,2378.3099167346954,2021-12-01T18:08:13.852000,1638379715.5420833
15,18,12,18,Random,-9999,9deb154c4a2ac4da,0.3960001468658447,0.11899995803833008,1638382094.213,12,strawberry,fearful,blueberry,strawberry,fearful,strawberry,fearful,blueberry,strawberry,fearful,2378.6709167957306,2021-12-01T18:08:14.213000,1638379715.5420833
0,29,15,29,Random,-9999,9deb154c4a2ac4da,0.3940000534057617,0.25799989700317383,1638382094.71,15,noon,blueberry,dress,noon,blueberry,noon,blueberry,dress,noon,blueberry,2379.1679167747498,2021-12-01T18:08:14.710000,1638379715.5420833
17,25,5,25,Random,-9999,9deb154c4a2ac4da,0.4140000343322754,0.13299989700317383,1638382095.26,5,dawn,above,mango,dawn,above,dawn,above,mango,dawn,above,2379.717916727066,2021-12-01T18:08:15.260000,1638379715.5420833
1,27,24,24,Random,-9999,be474acd32b83ee1,1.5850000381469727,0.07800006866455078,1638382095.516,27,dusk,sunset,pants,sunset,dusk,dusk,sunset,pants,sunset,dusk,2379.9739167690277,2021-12-01T18:08:15.516000,1638379715.5420833
23,16,18,16,Random,-9999,9deb154c4a2ac4da,0.44699978828430176,0.1230001449584961,1638382095.829,18,lemon,strawberry,sky,lemon,strawberry,lemon,strawberry,sky,lemon,strawberry,2380.286916732788,2021-12-01T18:08:15.829000,1638379715.5420833
6,24,8,24,Random,-9999,9deb154c4a2ac4da,0.45200014114379883,0.1119999885559082,1638382096.398,8,sunset,far,below,sunset,far,sunset,far,below,sunset,far,2380.85591673851,2021-12-01T18:08:16.398000,1638379715.5420833
13,19,21,19,Random,-9999,9deb154c4a2ac4da,0.437999963760376,0.125,1638382096.968,21,watermelon,field,happy,watermelon,field,watermelon,field,happy,watermelon,field,2381.425916671753,2021-12-01T18:08:16.968000,1638379715.5420833
28,11,3,3,Random,-9999,be474acd32b83ee1,1.6009998321533203,0.07800006866455078,1638382097.195,11,disgust,shoes,night,shoes,disgust,disgust,shoes,night,shoes,disgust,2381.6529166698456,2021-12-01T18:08:17.195000,1638379715.5420833
11,29,25,29,Random,-9999,9deb154c4a2ac4da,0.4460000991821289,0.11699986457824707,1638382097.524,25,noon,dawn,disgust,noon,dawn,noon,dawn,disgust,noon,dawn,2381.981916666031,2021-12-01T18:08:17.524000,1638379715.5420833
24,1,13,1,Random,-9999,9deb154c4a2ac4da,0.4930000305175781,0.1099998950958252,1638382098.12,13,pants,happy,sunset,pants,happy,pants,happy,sunset,pants,happy,2382.577916622162,2021-12-01T18:08:18.120000,1638379715.5420833
25,10,29,29,Random,-9999,be474acd32b83ee1,1.2210001945495605,0.07899999618530273,1638382098.493,10,angry,noon,dawn,noon,angry,angry,noon,dawn,noon,angry,2382.9509167671204,2021-12-01T18:08:18.493000,1638379715.5420833
3,6,21,6,Random,-9999,9deb154c4a2ac4da,0.4869999885559082,0.10899996757507324,1638382098.796,21,below,field,shoes,below,field,below,field,shoes,below,field,2383.2539167404175,2021-12-01T18:08:18.796000,1638379715.5420833
16,23,2,2,Random,-9999,be474acd32b83ee1,0.6719999313354492,0.07899999618530273,1638382099.244,23,sky,shirt,lemon,shirt,sky,sky,shirt,lemon,shirt,sky,2383.701916694641,2021-12-01T18:08:19.244000,1638379715.5420833
23,28,14,28,Random,-9999,9deb154c4a2ac4da,0.4119999408721924,0.19099998474121094,1638382099.461,14,night,sad,sky,night,sad,night,sad,sky,night,sad,2383.9189167022705,2021-12-01T18:08:19.461000,1638379715.5420833
7,11,6,11,Random,-9999,9deb154c4a2ac4da,0.32400012016296387,0.24699997901916504,1638382099.894,6,disgust,below,beside,disgust,below,disgust,below,beside,disgust,below,2384.3519167900085,2021-12-01T18:08:19.894000,1638379715.5420833
27,18,23,23,Random,-9999,be474acd32b83ee1,0.7579998970031738,0.07999992370605469,1638382100.082,18,strawberry,sky,dusk,sky,strawberry,strawberry,sky,dusk,sky,strawberry,2384.539916753769,2021-12-01T18:08:20.082000,1638379715.5420833
17,25,26,25,Random,-9999,9deb154c4a2ac4da,0.4530000686645508,0.1099998950958252,1638382100.455,26,dawn,day,mango,dawn,day,dawn,day,mango,dawn,day,2384.912916660309,2021-12-01T18:08:20.455000,1638379715.5420833
23,4,16,16,Random,-9999,be474acd32b83ee1,0.46900010108947754,0.07800006866455078,1638382100.629,4,socks,lemon,sky,lemon,socks,socks,lemon,sky,lemon,socks,2385.0869166851044,2021-12-01T18:08:20.629000,1638379715.5420833
28,4,17,4,Random,-9999,9deb154c4a2ac4da,0.32399988174438477,0.1100001335144043,1638382100.885,17,socks,mango,night,socks,mango,socks,mango,night,socks,mango,2385.342916727066,2021-12-01T18:08:20.885000,1638379715.5420833
2,14,3,3,Random,-9999,be474acd32b83ee1,0.4679999351501465,0.07699990272521973,1638382101.173,14,sad,shoes,shirt,shoes,sad,sad,shoes,shirt,shoes,sad,2385.6309168338776,2021-12-01T18:08:21.173000,1638379715.5420833
24,1,19,1,Random,-9999,9deb154c4a2ac4da,0.559999942779541,0.10899996757507324,1638382101.56,19,pants,watermelon,sunset,pants,watermelon,pants,watermelon,sunset,pants,watermelon,2386.0179166793823,2021-12-01T18:08:21.560000,1638379715.5420833
1,20,21,21,Random,-9999,be474acd32b83ee1,0.47499990463256836,0.07700014114379883,1638382101.719,20,beach,field,pants,field,beach,beach,field,pants,field,beach,2386.1769168376923,2021-12-01T18:08:21.719000,1638379715.5420833
22,26,24,24,Random,-9999,be474acd32b83ee1,0.5260000228881836,0.07200002670288086,1638382102.324,26,day,sunset,ocean,sunset,day,day,sunset,ocean,sunset,day,2386.781916618347,2021-12-01T18:08:22.324000,1638379715.5420833
28,12,7,12,Random,-9999,9deb154c4a2ac4da,0.7170000076293945,0.11100006103515625,1638382102.382,7,fearful,beside,night,fearful,beside,fearful,beside,night,fearful,beside,2386.839916706085,2021-12-01T18:08:22.382000,1638379715.5420833
20,28,24,28,Random,-9999,9deb154c4a2ac4da,0.3169999122619629,0.10899996757507324,1638382102.807,24,night,sunset,beach,night,sunset,night,sunset,beach,night,sunset,2387.2649166584015,2021-12-01T18:08:22.807000,1638379715.5420833
11,15,3,3,Random,-9999,be474acd32b83ee1,0.5429999828338623,0.07800006866455078,1638382102.945,15,blueberry,shoes,disgust,shoes,blueberry,blueberry,shoes,disgust,shoes,blueberry,2387.4029166698456,2021-12-01T18:08:22.945000,1638379715.5420833
9,7,14,7,Random,-9999,9deb154c4a2ac4da,0.38000011444091797,0.11100006103515625,1638382103.3,14,beside,sad,near,beside,sad,beside,sad,near,beside,sad,2387.757916688919,2021-12-01T18:08:23.300000,1638379715.5420833
26,24,2,2,Random,-9999,be474acd32b83ee1,0.5329999923706055,0.07899999618530273,1638382103.553,24,sunset,shirt,day,shirt,sunset,sunset,shirt,day,shirt,sunset,2388.0109167099,2021-12-01T18:08:23.553000,1638379715.5420833
18,10,28,10,Random,-9999,9deb154c4a2ac4da,0.3529999256134033,0.11400008201599121,1638382103.763,28,angry,night,strawberry,angry,night,angry,night,strawberry,angry,night,2388.220916748047,2021-12-01T18:08:23.763000,1638379715.5420833
20,14,5,5,Random,-9999,be474acd32b83ee1,0.5179998874664307,0.07600021362304688,1638382104.149,14,sad,above,beach,above,sad,sad,above,beach,above,sad,2388.606916666031,2021-12-01T18:08:24.149000,1638379715.5420833
14,19,27,19,Random,-9999,9deb154c4a2ac4da,0.3639998435974121,0.1100001335144043,1638382104.24,27,watermelon,dusk,sad,watermelon,dusk,watermelon,dusk,sad,watermelon,dusk,2388.6979167461395,2021-12-01T18:08:24.240000,1638379715.5420833
23,17,10,17,Random,-9999,9deb154c4a2ac4da,0.33500003814697266,0.10899996757507324,1638382104.681,10,mango,angry,sky,mango,angry,mango,angry,sky,mango,angry,2389.1389167308807,2021-12-01T18:08:24.681000,1638379715.5420833
13,19,11,11,Random,-9999,be474acd32b83ee1,0.46199989318847656,0.07800006866455078,1638382104.69,19,watermelon,disgust,happy,disgust,watermelon,watermelon,disgust,happy,disgust,watermelon,2389.1479167938232,2021-12-01T18:08:24.690000,1638379715.5420833
1,26,29,26,Random,-9999,9deb154c4a2ac4da,0.3410000801086426,0.10899996757507324,1638382105.132,29,day,noon,pants,day,noon,day,noon,pants,day,noon,2389.589916706085,2021-12-01T18:08:25.132000,1638379715.5420833
8,17,29,29,Random,-9999,be474acd32b83ee1,0.7579998970031738,0.07800006866455078,1638382105.525,17,mango,noon,far,noon,mango,mango,noon,far,noon,mango,2389.98291683197,2021-12-01T18:08:25.525000,1638379715.5420833
27,3,25,3,Random,-9999,9deb154c4a2ac4da,0.34999990463256836,0.10800004005432129,1638382105.589,25,shoes,dawn,dusk,shoes,dawn,shoes,dawn,dusk,shoes,dawn,2390.0469167232513,2021-12-01T18:08:25.589000,1638379715.5420833
22,8,19,8,Random,-9999,9deb154c4a2ac4da,0.3659999370574951,0.10800004005432129,1638382106.073,19,far,watermelon,ocean,far,watermelon,far,watermelon,ocean,far,watermelon,2390.5309166908264,2021-12-01T18:08:26.073000,1638379715.5420833
5,17,4,4,Random,-9999,be474acd32b83ee1,0.6869997978210449,0.08100008964538574,1638382106.285,17,mango,socks,above,socks,mango,mango,socks,above,socks,mango,2390.7429168224335,2021-12-01T18:08:26.285000,1638379715.5420833
28,16,26,16,Random,-9999,9deb154c4a2ac4da,0.3620002269744873,0.11299991607666016,1638382106.537,26,lemon,day,night,lemon,day,lemon,day,night,lemon,day,2390.994916677475,2021-12-01T18:08:26.537000,1638379715.5420833
27,29,20,20,Random,-9999,be474acd32b83ee1,0.4930000305175781,0.0710000991821289,1638382106.856,29,noon,beach,dusk,beach,noon,noon,beach,dusk,beach,noon,2391.313916683197,2021-12-01T18:08:26.856000,1638379715.5420833
16,1,26,1,Random,-9999,9deb154c4a2ac4da,0.42100000381469727,0.1099998950958252,1638382107.076,26,pants,day,lemon,pants,day,pants,day,lemon,pants,day,2391.5339167118073,2021-12-01T18:08:27.076000,1638379715.5420833
17,0,20,0,Random,-9999,9deb154c4a2ac4da,0.38900017738342285,0.1099998950958252,1638382107.578,20,dress,beach,mango,dress,beach,dress,beach,mango,dress,beach,2392.0359168052673,2021-12-01T18:08:27.578000,1638379715.5420833
0,20,19,19,Random,-9999,9deb154c4a2ac4da,0.4500000476837158,0.1119999885559082,1638382108.136,20,beach,watermelon,dress,watermelon,beach,beach,watermelon,dress,watermelon,beach,2392.593916654587,2021-12-01T18:08:28.136000,1638379715.5420833
28,13,7,7,Random,-9999,9deb154c4a2ac4da,0.31399989128112793,0.11299991607666016,1638382108.558,13,happy,beside,night,beside,happy,happy,beside,night,beside,happy,2393.015916824341,2021-12-01T18:08:28.558000,1638379715.5420833
2,13,9,9,Random,-9999,9deb154c4a2ac4da,0.4590001106262207,0.1119999885559082,1638382109.13,13,happy,near,shirt,near,happy,happy,near,shirt,near,happy,2393.5879168510437,2021-12-01T18:08:29.130000,1638379715.5420833
18,0,27,27,Random,-9999,be474acd32b83ee1,2.5360000133514404,0.07800006866455078,1638382109.533,0,dress,dusk,strawberry,dusk,dress,dress,dusk,strawberry,dusk,dress,2393.9909167289734,2021-12-01T18:08:29.533000,1638379715.5420833
17,12,11,11,Random,-9999,9deb154c4a2ac4da,0.3149998188018799,0.1119999885559082,1638382109.572,12,fearful,disgust,mango,disgust,fearful,fearful,disgust,mango,disgust,fearful,2394.0299167633057,2021-12-01T18:08:29.572000,1638379715.5420833
0,17,13,13,Random,-9999,9deb154c4a2ac4da,0.2890000343322754,0.12100005149841309,1638382109.963,17,mango,happy,dress,happy,mango,mango,happy,dress,happy,mango,2394.4209167957306,2021-12-01T18:08:29.963000,1638379715.5420833
6,27,15,15,Random,-9999,be474acd32b83ee1,0.6289999485015869,0.13899993896484375,1638382110.237,27,dusk,blueberry,below,blueberry,dusk,dusk,blueberry,below,blueberry,dusk,2394.6949167251587,2021-12-01T18:08:30.237000,1638379715.5420833
25,6,0,0,Random,-9999,9deb154c4a2ac4da,0.3259999752044678,0.10800004005432129,1638382110.398,6,below,dress,dawn,dress,below,below,dress,dawn,dress,below,2394.85591673851,2021-12-01T18:08:30.398000,1638379715.5420833
13,27,11,11,Random,-9999,9deb154c4a2ac4da,0.32899999618530273,0.12199997901916504,1638382110.853,27,dusk,disgust,happy,disgust,dusk,dusk,disgust,happy,disgust,dusk,2395.310916662216,2021-12-01T18:08:30.853000,1638379715.5420833
17,28,20,20,Random,-9999,9deb154c4a2ac4da,0.35500001907348633,0.11100006103515625,1638382111.316,28,night,beach,mango,beach,night,night,beach,mango,beach,night,2395.773916721344,2021-12-01T18:08:31.316000,1638379715.5420833
6,24,22,22,Random,-9999,be474acd32b83ee1,1.191999912261963,0.07899999618530273,1638382111.503,24,sunset,ocean,below,ocean,sunset,sunset,ocean,below,ocean,sunset,2395.9609167575836,2021-12-01T18:08:31.503000,1638379715.5420833
9,12,15,15,Random,-9999,9deb154c4a2ac4da,0.38000011444091797,0.1099998950958252,1638382111.806,12,fearful,blueberry,near,blueberry,fearful,fearful,blueberry,near,blueberry,fearful,2396.2639167308807,2021-12-01T18:08:31.806000,1638379715.5420833
8,18,4,4,Random,-9999,be474acd32b83ee1,0.6909999847412109,0.07300019264221191,1638382112.271,18,strawberry,socks,far,socks,strawberry,strawberry,socks,far,socks,strawberry,2396.72891664505,2021-12-01T18:08:32.271000,1638379715.5420833
1,2,17,17,Random,-9999,9deb154c4a2ac4da,0.35700011253356934,0.1099998950958252,1638382112.277,2,shirt,mango,pants,mango,shirt,shirt,mango,pants,mango,shirt,2396.7349166870117,2021-12-01T18:08:32.277000,1638379715.5420833
4,16,3,3,Random,-9999,190fa01594431cd2,20.056999921798706,0.1419999599456787,1638382112.726,16,lemon,shoes,socks,shoes,lemon,lemon,shoes,socks,shoes,lemon,2397.1839168071747,2021-12-01T18:08:32.726000,1638379715.5420833
7,4,16,16,Random,-9999,9deb154c4a2ac4da,0.377000093460083,0.11399984359741211,1638382112.763,4,socks,lemon,beside,lemon,socks,socks,lemon,beside,lemon,socks,2397.220916748047,2021-12-01T18:08:32.763000,1638379715.5420833
17,29,19,19,Random,-9999,be474acd32b83ee1,0.628000020980835,0.08500003814697266,1638382112.983,29,noon,watermelon,mango,watermelon,noon,noon,watermelon,mango,watermelon,noon,2397.440916776657,2021-12-01T18:08:32.983000,1638379715.5420833
4,25,23,23,Random,-9999,9deb154c4a2ac4da,0.3819999694824219,0.10800004005432129,1638382113.26,25,dawn,sky,socks,sky,dawn,dawn,sky,socks,sky,dawn,2397.717916727066,2021-12-01T18:08:33.260000,1638379715.5420833
5,3,21,21,Random,-9999,9deb154c4a2ac4da,0.3860001564025879,0.11299991607666016,1638382113.753,3,shoes,field,above,field,shoes,shoes,field,above,field,shoes,2398.2109167575836,2021-12-01T18:08:33.753000,1638379715.5420833
2,20,19,19,Random,-9999,9deb154c4a2ac4da,0.3899998664855957,0.11599993705749512,1638382114.258,20,beach,watermelon,shirt,watermelon,beach,beach,watermelon,shirt,watermelon,beach,2398.715916633606,2021-12-01T18:08:34.258000,1638379715.5420833
4,0,7,0,Random,-9999,9deb154c4a2ac4da,0.8329999446868896,0.10900020599365234,1638382115.208,7,dress,beside,socks,dress,beside,dress,beside,socks,dress,beside,2399.6659166812897,2021-12-01T18:08:35.208000,1638379715.5420833
3,29,20,20,Random,-9999,190fa01594431cd2,2.5199999809265137,0.13700008392333984,1638382115.386,29,noon,beach,shoes,beach,noon,noon,beach,shoes,beach,noon,2399.843916654587,2021-12-01T18:08:35.386000,1638379715.5420833
10,5,27,5,Random,-9999,9deb154c4a2ac4da,0.8300001621246338,0.11100006103515625,1638382116.144,27,above,dusk,angry,above,dusk,above,dusk,angry,above,dusk,2400.6019167900085,2021-12-01T18:08:36.144000,1638379715.5420833
3,26,29,29,Random,-9999,9deb154c4a2ac4da,0.5109999179840088,0.11699986457824707,1638382116.772,26,day,noon,shoes,noon,day,day,noon,shoes,noon,day,2401.2299168109894,2021-12-01T18:08:36.772000,1638379715.5420833
26,3,19,19,Random,-9999,190fa01594431cd2,1.491999864578247,0.14100003242492676,1638382116.96,3,shoes,watermelon,day,watermelon,shoes,shoes,watermelon,day,watermelon,shoes,2401.4179167747498,2021-12-01T18:08:36.960000,1638379715.5420833
26,12,1,12,Random,-9999,9deb154c4a2ac4da,0.5469999313354492,0.11400008201599121,1638382117.427,1,fearful,pants,day,fearful,pants,fearful,pants,day,fearful,pants,2401.884916782379,2021-12-01T18:08:37.427000,1638379715.5420833
9,3,29,29,Random,-9999,9deb154c4a2ac4da,0.44300007820129395,0.1119999885559082,1638382117.988,3,shoes,noon,near,noon,shoes,shoes,noon,near,noon,shoes,2402.4459166526794,2021-12-01T18:08:37.988000,1638379715.5420833
1,2,0,0,Random,-9999,9deb154c4a2ac4da,0.4549999237060547,0.11599993705749512,1638382118.56,2,shirt,dress,pants,dress,shirt,shirt,dress,pants,dress,shirt,2403.0179166793823,2021-12-01T18:08:38.560000,1638379715.5420833
21,8,13,13,Random,-9999,9deb154c4a2ac4da,0.29200005531311035,0.11999988555908203,1638382118.963,8,far,happy,field,happy,far,far,happy,field,happy,far,2403.4209167957306,2021-12-01T18:08:38.963000,1638379715.5420833
27,15,7,7,Random,-9999,190fa01594431cd2,2.0189998149871826,0.08000016212463379,1638382119.125,15,blueberry,beside,dusk,beside,blueberry,blueberry,beside,dusk,beside,blueberry,2403.582916736603,2021-12-01T18:08:39.125000,1638379715.5420833
22,25,16,16,Random,-9999,9deb154c4a2ac4da,0.30900001525878906,0.10899996757507324,1638382119.381,25,dawn,lemon,ocean,lemon,dawn,dawn,lemon,ocean,lemon,dawn,2403.8389167785645,2021-12-01T18:08:39.381000,1638379715.5420833
27,24,21,21,Random,-9999,9deb154c4a2ac4da,0.3259999752044678,0.10800004005432129,1638382119.818,24,sunset,field,dusk,field,sunset,sunset,field,dusk,field,sunset,2404.275916814804,2021-12-01T18:08:39.818000,1638379715.5420833
20,28,29,29,Random,-9999,9deb154c4a2ac4da,0.8480000495910645,0.125,1638382120.794,28,night,noon,beach,noon,night,night,noon,beach,noon,night,2405.2519166469574,2021-12-01T18:08:40.794000,1638379715.5420833
20,7,21,7,Random,-9999,190fa01594431cd2,1.8619999885559082,0.14700007438659668,1638382121.067,21,beside,field,beach,beside,field,beside,field,beach,beside,field,2405.5249166488647,2021-12-01T18:08:41.067000,1638379715.5420833
28,0,2,2,Random,-9999,9deb154c4a2ac4da,1.3650000095367432,0.11499977111816406,1638382122.275,0,dress,shirt,night,shirt,dress,dress,shirt,night,shirt,dress,2406.73291683197,2021-12-01T18:08:42.275000,1638379715.5420833
2,29,0,0,Random,-9999,190fa01594431cd2,1.5140001773834229,0.08099985122680664,1638382122.662,29,noon,dress,shirt,dress,noon,noon,dress,shirt,dress,noon,2407.119916677475,2021-12-01T18:08:42.662000,1638379715.5420833
22,3,11,11,Random,-9999,9deb154c4a2ac4da,0.3259999752044678,0.11600017547607422,1638382122.714,3,shoes,disgust,ocean,disgust,shoes,shoes,disgust,ocean,disgust,shoes,2407.1719167232513,2021-12-01T18:08:42.714000,1638379715.5420833
4,23,22,22,Random,-9999,9deb154c4a2ac4da,0.312999963760376,0.1549999713897705,1638382123.192,23,sky,ocean,socks,ocean,sky,sky,ocean,socks,ocean,sky,2407.6499166488647,2021-12-01T18:08:43.192000,1638379715.5420833
16,17,10,10,Random,-9999,9deb154c4a2ac4da,0.3320000171661377,0.11800003051757812,1638382123.634,17,mango,angry,lemon,angry,mango,mango,angry,lemon,angry,mango,2408.0919167995453,2021-12-01T18:08:43.634000,1638379715.5420833
15,19,4,4,Random,-9999,9deb154c4a2ac4da,0.4140000343322754,0.1100001335144043,1638382124.152,19,watermelon,socks,blueberry,socks,watermelon,watermelon,socks,blueberry,socks,watermelon,2408.6099166870117,2021-12-01T18:08:44.152000,1638379715.5420833
8,28,18,18,Random,-9999,9deb154c4a2ac4da,0.40599989891052246,0.11700010299682617,1638382124.692,28,night,strawberry,far,strawberry,night,night,strawberry,far,strawberry,night,2409.1499166488647,2021-12-01T18:08:44.692000,1638379715.5420833
28,21,6,6,Random,-9999,190fa01594431cd2,2.0209999084472656,0.07899999618530273,1638382124.827,21,field,below,night,below,field,field,below,night,below,field,2409.284916639328,2021-12-01T18:08:44.827000,1638379715.5420833
26,2,13,13,Random,-9999,9deb154c4a2ac4da,0.40799999237060547,0.13900017738342285,1638382125.223,2,shirt,happy,day,happy,shirt,shirt,happy,day,happy,shirt,2409.680916786194,2021-12-01T18:08:45.223000,1638379715.5420833
1,25,10,10,Random,-9999,9deb154c4a2ac4da,0.4829998016357422,0.11300015449523926,1638382125.821,25,dawn,angry,pants,angry,dawn,dawn,angry,pants,angry,dawn,2410.278916835785,2021-12-01T18:08:45.821000,1638379715.5420833
9,13,8,8,Random,-9999,9deb154c4a2ac4da,0.3970000743865967,0.11700010299682617,1638382126.348,13,happy,far,near,far,happy,happy,far,near,far,happy,2410.805916786194,2021-12-01T18:08:46.348000,1638379715.5420833
24,15,25,25,Random,-9999,190fa01594431cd2,1.690999984741211,0.1399998664855957,1638382126.593,15,blueberry,dawn,sunset,dawn,blueberry,blueberry,dawn,sunset,dawn,blueberry,2411.050916671753,2021-12-01T18:08:46.593000,1638379715.5420833
11,27,29,29,Random,-9999,9deb154c4a2ac4da,0.43400001525878906,0.12099981307983398,1638382126.889,27,dusk,noon,disgust,noon,dusk,dusk,noon,disgust,noon,dusk,2411.3469166755676,2021-12-01T18:08:46.889000,1638379715.5420833
29,15,26,26,Random,-9999,9deb154c4a2ac4da,0.3940000534057617,0.11300015449523926,1638382127.398,15,blueberry,day,noon,day,blueberry,blueberry,day,noon,day,blueberry,2411.85591673851,2021-12-01T18:08:47.398000,1638379715.5420833
6,2,15,15,Random,-9999,9deb154c4a2ac4da,0.4200000762939453,0.11099982261657715,1638382127.929,2,shirt,blueberry,below,blueberry,shirt,shirt,blueberry,below,blueberry,shirt,2412.3869166374207,2021-12-01T18:08:47.929000,1638379715.5420833
5,4,13,13,Random,-9999,9deb154c4a2ac4da,0.3689999580383301,0.12199997901916504,1638382128.415,4,socks,happy,above,happy,socks,socks,happy,above,happy,socks,2412.872916698456,2021-12-01T18:08:48.415000,1638379715.5420833
16,21,28,21,Random,-9999,9deb154c4a2ac4da,0.7409999370574951,0.11100006103515625,1638382129.281,28,field,night,lemon,field,night,field,night,lemon,field,night,2413.7389166355133,2021-12-01T18:08:49.281000,1638379715.5420833
20,5,3,5,Random,-9999,190fa01594431cd2,2.6700000762939453,0.07899999618530273,1638382129.399,3,above,shoes,beach,above,shoes,above,shoes,beach,above,shoes,2413.856916666031,2021-12-01T18:08:49.399000,1638379715.5420833
19,24,29,29,Random,-9999,9deb154c4a2ac4da,0.5469999313354492,0.12100005149841309,1638382129.937,24,sunset,noon,watermelon,noon,sunset,sunset,noon,watermelon,noon,sunset,2414.3949167728424,2021-12-01T18:08:49.937000,1638379715.5420833
17,15,25,15,Random,-9999,9deb154c4a2ac4da,0.5900001525878906,0.1099998950958252,1638382130.634,25,blueberry,dawn,mango,blueberry,dawn,blueberry,dawn,mango,blueberry,dawn,2415.0919167995453,2021-12-01T18:08:50.634000,1638379715.5420833
27,26,23,26,Random,-9999,190fa01594431cd2,1.8489999771118164,0.14600014686584473,1638382131.332,23,day,sky,dusk,day,sky,day,sky,dusk,day,sky,2415.789916753769,2021-12-01T18:08:51.332000,1638379715.5420833
17,24,23,24,Random,-9999,421749c195d3321c,0.9950001239776611,0.307999849319458,1638382147.711,23,sunset,sky,mango,sunset,sky,sunset,sky,mango,sunset,sky,2432.1689167022705,2021-12-01T18:09:07.711000,1638379715.5420833
19,9,8,9,Random,-9999,421749c195d3321c,0.3539998531341553,0.11300015449523926,1638382148.188,8,near,far,watermelon,near,far,near,far,watermelon,near,far,2432.645916700363,2021-12-01T18:09:08.188000,1638379715.5420833
7,16,0,16,Random,-9999,421749c195d3321c,0.39100003242492676,0.12400007247924805,1638382148.697,0,lemon,dress,beside,lemon,dress,lemon,dress,beside,lemon,dress,2433.1549167633057,2021-12-01T18:09:08.697000,1638379715.5420833
19,29,17,29,Random,-9999,421749c195d3321c,0.40799999237060547,0.11599993705749512,1638382149.219,17,noon,mango,watermelon,noon,mango,noon,mango,watermelon,noon,mango,2433.6769168376923,2021-12-01T18:09:09.219000,1638379715.5420833
28,9,10,9,Random,-9999,421749c195d3321c,0.43000006675720215,0.11699986457824707,1638382149.762,10,near,angry,night,near,angry,near,angry,night,near,angry,2434.219916820526,2021-12-01T18:09:09.762000,1638379715.5420833
22,1,13,1,Random,-9999,421749c195d3321c,0.42600011825561523,0.11399984359741211,1638382150.303,13,pants,happy,ocean,pants,happy,pants,happy,ocean,pants,happy,2434.7609167099,2021-12-01T18:09:10.303000,1638379715.5420833
12,14,22,14,Random,-9999,421749c195d3321c,0.44700002670288086,0.11700010299682617,1638382150.877,22,sad,ocean,fearful,sad,ocean,sad,ocean,fearful,sad,ocean,2435.334916830063,2021-12-01T18:09:10.877000,1638379715.5420833
8,15,7,15,Random,-9999,421749c195d3321c,0.43599987030029297,0.13499999046325684,1638382151.429,7,blueberry,beside,far,blueberry,beside,blueberry,beside,far,blueberry,beside,2435.8869166374207,2021-12-01T18:09:11.429000,1638379715.5420833
28,9,11,9,Random,-9999,421749c195d3321c,0.4479999542236328,0.11500000953674316,1638382151.998,11,near,disgust,night,near,disgust,near,disgust,night,near,disgust,2436.4559166431427,2021-12-01T18:09:11.998000,1638379715.5420833
20,4,27,4,Random,-9999,421749c195d3321c,0.44300007820129395,0.1119999885559082,1638382152.558,27,socks,dusk,beach,socks,dusk,socks,dusk,beach,socks,dusk,2437.015916824341,2021-12-01T18:09:12.558000,1638379715.5420833
4,15,23,15,Random,-9999,421749c195d3321c,0.4249999523162842,0.12299990653991699,1638382153.096,23,blueberry,sky,socks,blueberry,sky,blueberry,sky,socks,blueberry,sky,2437.5539166927338,2021-12-01T18:09:13.096000,1638379715.5420833
1,29,2,29,Random,-9999,421749c195d3321c,0.4380002021789551,0.1099998950958252,1638382153.639,2,noon,shirt,pants,noon,shirt,noon,shirt,pants,noon,shirt,2438.0969166755676,2021-12-01T18:09:13.639000,1638379715.5420833
14,3,21,3,Random,-9999,421749c195d3321c,0.4679999351501465,0.11100006103515625,1638382154.217,21,shoes,field,sad,shoes,field,shoes,field,sad,shoes,field,2438.674916744232,2021-12-01T18:09:14.217000,1638379715.5420833
13,4,26,4,Random,-9999,421749c195d3321c,0.4330000877380371,0.11400008201599121,1638382154.776,26,socks,day,happy,socks,day,socks,day,happy,socks,day,2439.233916759491,2021-12-01T18:09:14.776000,1638379715.5420833
12,0,13,0,Random,-9999,421749c195d3321c,0.42799997329711914,0.12399983406066895,1638382155.317,13,dress,happy,fearful,dress,happy,dress,happy,fearful,dress,happy,2439.7749166488647,2021-12-01T18:09:15.317000,1638379715.5420833
7,16,22,16,Random,-9999,421749c195d3321c,0.2709999084472656,0.18500018119812012,1638382155.805,22,lemon,ocean,beside,lemon,ocean,lemon,ocean,beside,lemon,ocean,2440.26291680336,2021-12-01T18:09:15.805000,1638379715.5420833
9,7,26,7,Random,-9999,421749c195d3321c,0.21300005912780762,0.13400006294250488,1638382156.241,26,beside,day,near,beside,day,beside,day,near,beside,day,2440.6989166736603,2021-12-01T18:09:16.241000,1638379715.5420833
17,23,5,23,Random,-9999,421749c195d3321c,0.037000179290771484,0.20799994468688965,1638382156.811,5,sky,above,mango,sky,above,sky,above,mango,sky,above,2441.2689168453217,2021-12-01T18:09:16.811000,1638379715.5420833
28,24,11,24,Random,-9999,421749c195d3321c,0.046000003814697266,0.20299983024597168,1638382157.177,11,sunset,disgust,night,sunset,disgust,sunset,disgust,night,sunset,disgust,2441.634916782379,2021-12-01T18:09:17.177000,1638379715.5420833
28,24,11,24,Random,-9999,421749c195d3321c,0.2970001697540283,0.20299983024597168,1638382157.347,11,sunset,disgust,night,sunset,disgust,sunset,disgust,night,sunset,disgust,2441.8049166202545,2021-12-01T18:09:17.347000,1638379715.5420833
17,28,16,28,Random,-9999,421749c195d3321c,0.47499990463256836,0.0280001163482666,1638382158.029,16,night,lemon,mango,night,lemon,night,lemon,mango,night,lemon,2442.486916780472,2021-12-01T18:09:18.029000,1638379715.5420833
7,4,21,4,Random,-9999,421749c195d3321c,0.21299982070922852,0.03600001335144043,1638382158.554,21,socks,field,beside,socks,field,socks,field,beside,socks,field,2443.0119166374207,2021-12-01T18:09:18.554000,1638379715.5420833
20,11,5,11,Random,-9999,421749c195d3321c,0.04499983787536621,0.20800018310546875,1638382158.77,5,disgust,above,beach,disgust,above,disgust,above,beach,disgust,above,2443.2279167175293,2021-12-01T18:09:18.770000,1638379715.5420833
20,11,5,11,Random,-9999,421749c195d3321c,0.2990000247955322,0.20800018310546875,1638382159.584,5,disgust,above,beach,disgust,above,disgust,above,beach,disgust,above,2444.041916847229,2021-12-01T18:09:19.584000,1638379715.5420833
8,6,17,6,Random,-9999,421749c195d3321c,0.3279998302459717,0.17499995231628418,1638382159.585,17,below,mango,far,below,mango,below,mango,far,below,mango,2444.0429167747498,2021-12-01T18:09:19.585000,1638379715.5420833
13,0,19,0,Random,-9999,421749c195d3321c,0.33100008964538574,0.17300009727478027,1638382160.106,19,dress,watermelon,happy,dress,watermelon,dress,watermelon,happy,dress,watermelon,2444.563916683197,2021-12-01T18:09:20.106000,1638379715.5420833
14,5,10,5,Random,-9999,421749c195d3321c,0.13700008392333984,0.11599993705749512,1638382160.617,10,above,angry,sad,above,angry,above,angry,sad,above,angry,2445.0749168395996,2021-12-01T18:09:20.617000,1638379715.5420833
3,5,7,5,Random,-9999,421749c195d3321c,0.06200003623962402,0.19099998474121094,1638382160.79,7,above,beside,shoes,above,beside,above,beside,shoes,above,beside,2445.247916698456,2021-12-01T18:09:20.790000,1638379715.5420833
5,9,7,9,Random,-9999,421749c195d3321c,0.1399998664855957,0.1119999885559082,1638382161.153,7,near,beside,above,near,beside,near,beside,above,near,beside,2445.610916852951,2021-12-01T18:09:21.153000,1638379715.5420833
18,1,22,1,Random,-9999,421749c195d3321c,0.023000001907348633,0.22800016403198242,1638382161.298,22,pants,ocean,strawberry,pants,ocean,pants,ocean,strawberry,pants,ocean,2445.7559168338776,2021-12-01T18:09:21.298000,1638379715.5420833
3,14,8,14,Random,-9999,421749c195d3321c,0.1380000114440918,0.11400008201599121,1638382161.671,8,sad,far,shoes,sad,far,sad,far,shoes,sad,far,2446.1289167404175,2021-12-01T18:09:21.671000,1638379715.5420833
10,8,7,8,Random,-9999,421749c195d3321c,0.01399993896484375,0.2369999885559082,1638382161.803,7,far,beside,angry,far,beside,far,beside,angry,far,beside,2446.2609167099,2021-12-01T18:09:21.803000,1638379715.5420833
16,4,20,4,Random,-9999,421749c195d3321c,0.14100003242492676,0.1119999885559082,1638382162.198,20,socks,beach,lemon,socks,beach,socks,beach,lemon,socks,beach,2446.6559166908264,2021-12-01T18:09:22.198000,1638379715.5420833
16,4,20,4,Random,-9999,421749c195d3321c,0.39300012588500977,0.1119999885559082,1638382162.3,20,socks,beach,lemon,socks,beach,socks,beach,lemon,socks,beach,2446.757916688919,2021-12-01T18:09:22.300000,1638379715.5420833
11,25,4,25,Random,-9999,421749c195d3321c,0.1399998664855957,0.1119999885559082,1638382162.733,4,dawn,socks,disgust,dawn,socks,dawn,socks,disgust,dawn,socks,2447.190916776657,2021-12-01T18:09:22.733000,1638379715.5420833
11,25,4,25,Random,-9999,421749c195d3321c,0.3919999599456787,0.1119999885559082,1638382162.811,4,dawn,socks,disgust,dawn,socks,dawn,socks,disgust,dawn,socks,2447.2689168453217,2021-12-01T18:09:22.811000,1638379715.5420833
9,10,17,10,Random,-9999,421749c195d3321c,0.10699987411499023,0.14300012588500977,1638382163.253,17,angry,mango,near,angry,mango,angry,mango,near,angry,mango,2447.7109167575836,2021-12-01T18:09:23.253000,1638379715.5420833
9,10,17,10,Random,-9999,421749c195d3321c,0.3599998950958252,0.14300012588500977,1638382163.311,17,angry,mango,near,angry,mango,angry,mango,near,angry,mango,2447.7689168453217,2021-12-01T18:09:23.311000,1638379715.5420833
16,23,8,23,Random,-9999,421749c195d3321c,0.10399985313415527,0.14700007438659668,1638382163.563,8,sky,far,lemon,sky,far,sky,far,lemon,sky,far,2448.020916700363,2021-12-01T18:09:23.563000,1638379715.5420833
20,15,23,15,Random,-9999,421749c195d3321c,0.13400006294250488,0.11700010299682617,1638382163.836,23,blueberry,sky,beach,blueberry,sky,blueberry,sky,beach,blueberry,sky,2448.2939167022705,2021-12-01T18:09:23.836000,1638379715.5420833
14,9,6,6,Random,-9999,a4bcbd180aa381e6,35.72699999809265,0.19300007820129395,1638382164.242,9,near,below,sad,below,near,near,below,sad,below,near,2448.6999168395996,2021-12-01T18:09:24.242000,1638379715.5420833
29,26,28,26,Random,-9999,421749c195d3321c,0.372999906539917,0.12899994850158691,1638382164.357,28,day,night,noon,day,night,day,night,noon,day,night,2448.8149168491364,2021-12-01T18:09:24.357000,1638379715.5420833
29,26,28,26,Random,-9999,421749c195d3321c,0.11999988555908203,0.12899994850158691,1638382164.361,28,day,night,noon,day,night,day,night,noon,day,night,2448.818916797638,2021-12-01T18:09:24.361000,1638379715.5420833
26,3,29,3,Random,-9999,421749c195d3321c,0.2560000419616699,0.25,1638382164.89,29,shoes,noon,day,shoes,noon,shoes,noon,day,shoes,noon,2449.347916841507,2021-12-01T18:09:24.890000,1638379715.5420833
16,22,4,22,Random,-9999,421749c195d3321c,0.32200002670288086,0.17999982833862305,1638382165.416,4,ocean,socks,lemon,ocean,socks,ocean,socks,lemon,ocean,socks,2449.8739166259766,2021-12-01T18:09:25.416000,1638379715.5420833
5,1,24,1,Random,-9999,421749c195d3321c,0.14299988746643066,0.10600018501281738,1638382165.862,24,pants,sunset,above,pants,sunset,pants,sunset,above,pants,sunset,2450.3199167251587,2021-12-01T18:09:25.862000,1638379715.5420833
18,26,14,26,Random,-9999,a4bcbd180aa381e6,1.6760001182556152,0.1359999179840088,1638382166.051,14,day,sad,strawberry,day,sad,day,sad,strawberry,day,sad,2450.5089168548584,2021-12-01T18:09:26.051000,1638379715.5420833
22,4,5,4,Random,-9999,421749c195d3321c,0.08999991416931152,0.16000008583068848,1638382166.076,5,socks,above,ocean,socks,above,socks,above,ocean,socks,above,2450.5339167118073,2021-12-01T18:09:26.076000,1638379715.5420833
22,4,5,4,Random,-9999,421749c195d3321c,0.3409998416900635,0.16000008583068848,1638382166.464,5,socks,above,ocean,socks,above,socks,above,ocean,socks,above,2450.9219167232513,2021-12-01T18:09:26.464000,1638379715.5420833
3,12,10,12,Random,-9999,421749c195d3321c,0.14299988746643066,0.10700011253356934,1638382166.904,10,fearful,angry,shoes,fearful,angry,fearful,angry,shoes,fearful,angry,2451.361916780472,2021-12-01T18:09:26.904000,1638379715.5420833
10,9,6,9,Random,-9999,421749c195d3321c,0.0409998893737793,0.2090001106262207,1638382167.074,6,near,below,angry,near,below,near,below,angry,near,below,2451.531916618347,2021-12-01T18:09:27.074000,1638379715.5420833
5,16,13,16,Random,-9999,421749c195d3321c,0.14100003242492676,0.10899996757507324,1638382167.44,13,lemon,happy,above,lemon,happy,lemon,happy,above,lemon,happy,2451.8979167938232,2021-12-01T18:09:27.440000,1638379715.5420833
28,11,17,11,Random,-9999,421749c195d3321c,0.018999814987182617,0.23100018501281738,1638382167.579,17,disgust,mango,night,disgust,mango,disgust,mango,night,disgust,mango,2452.036916732788,2021-12-01T18:09:27.579000,1638379715.5420833
28,0,17,0,Random,-9999,421749c195d3321c,0.13499999046325684,0.11500000953674316,1638382167.962,17,dress,mango,night,dress,mango,dress,mango,night,dress,mango,2452.4199166297913,2021-12-01T18:09:27.962000,1638379715.5420833
28,0,17,0,Random,-9999,421749c195d3321c,0.3840000629425049,0.11500000953674316,1638382168.072,17,dress,mango,night,dress,mango,dress,mango,night,dress,mango,2452.5299167633057,2021-12-01T18:09:28.072000,1638379715.5420833
0,16,14,16,Random,-9999,a4bcbd180aa381e6,1.996999979019165,0.07500004768371582,1638382168.189,14,lemon,sad,dress,lemon,sad,lemon,sad,dress,lemon,sad,2452.646916627884,2021-12-01T18:09:28.189000,1638379715.5420833
29,3,23,3,Random,-9999,421749c195d3321c,0.13399982452392578,0.11700010299682617,1638382168.484,23,shoes,sky,noon,shoes,sky,shoes,sky,noon,shoes,sky,2452.941916704178,2021-12-01T18:09:28.484000,1638379715.5420833
29,3,23,3,Random,-9999,421749c195d3321c,0.3839998245239258,0.11700010299682617,1638382168.589,23,shoes,sky,noon,shoes,sky,shoes,sky,noon,shoes,sky,2453.0469167232513,2021-12-01T18:09:28.589000,1638379715.5420833
5,2,23,2,Random,-9999,421749c195d3321c,0.12800002098083496,0.12400007247924805,1638382168.819,23,shirt,sky,above,shirt,sky,shirt,sky,above,shirt,sky,2453.276916742325,2021-12-01T18:09:28.819000,1638379715.5420833
27,2,6,2,Random,-9999,421749c195d3321c,0.05099987983703613,0.1960000991821289,1638382169.072,6,shirt,below,dusk,shirt,below,shirt,below,dusk,shirt,below,2453.5299167633057,2021-12-01T18:09:29.072000,1638379715.5420833
10,18,25,18,Random,-9999,421749c195d3321c,0.13699984550476074,0.11400008201599121,1638382169.531,25,strawberry,dawn,angry,strawberry,dawn,strawberry,dawn,angry,strawberry,dawn,2453.9889166355133,2021-12-01T18:09:29.531000,1638379715.5420833
10,18,25,18,Random,-9999,421749c195d3321c,0.3880000114440918,0.11400008201599121,1638382170.052,25,strawberry,dawn,angry,strawberry,dawn,strawberry,dawn,angry,strawberry,dawn,2454.509916782379,2021-12-01T18:09:30.052000,1638379715.5420833
19,11,6,11,Random,-9999,421749c195d3321c,0.010999917984008789,0.24100017547607422,1638382170.076,6,disgust,below,watermelon,disgust,below,disgust,below,watermelon,disgust,below,2454.5339167118073,2021-12-01T18:09:30.076000,1638379715.5420833
1,18,2,18,Random,-9999,421749c195d3321c,0.13899993896484375,0.11399984359741211,1638382170.328,2,strawberry,shirt,pants,strawberry,shirt,strawberry,shirt,pants,strawberry,shirt,2454.7859168052673,2021-12-01T18:09:30.328000,1638379715.5420833
1,18,2,18,Random,-9999,421749c195d3321c,0.3880000114440918,0.11399984359741211,1638382170.579,2,strawberry,shirt,pants,strawberry,shirt,strawberry,shirt,pants,strawberry,shirt,2455.036916732788,2021-12-01T18:09:30.579000,1638379715.5420833
26,3,16,3,Random,-9999,421749c195d3321c,0.1359999179840088,0.12100005149841309,1638382170.837,16,shoes,lemon,day,shoes,lemon,shoes,lemon,day,shoes,lemon,2455.2949166297913,2021-12-01T18:09:30.837000,1638379715.5420833
23,18,8,18,Random,-9999,421749c195d3321c,0.1380000114440918,0.10800004005432129,1638382171.102,8,strawberry,far,sky,strawberry,far,strawberry,far,sky,strawberry,far,2455.5599167346954,2021-12-01T18:09:31.102000,1638379715.5420833
8,4,6,4,Random,-9999,421749c195d3321c,0.11500000953674316,0.13700008392333984,1638382171.331,6,socks,below,far,socks,below,socks,below,far,socks,below,2455.788916826248,2021-12-01T18:09:31.331000,1638379715.5420833
10,11,5,11,Random,-9999,a4bcbd180aa381e6,3.1989998817443848,0.14100003242492676,1638382171.53,5,disgust,above,angry,disgust,above,disgust,above,angry,disgust,above,2455.9879167079926,2021-12-01T18:09:31.530000,1638379715.5420833
24,28,22,28,Random,-9999,421749c195d3321c,0.07999992370605469,0.17400002479553223,1638382171.596,22,night,ocean,sunset,night,ocean,night,ocean,sunset,night,ocean,2456.0539166927338,2021-12-01T18:09:31.596000,1638379715.5420833
0,2,6,2,Random,-9999,421749c195d3321c,0.1360001564025879,0.11599993705749512,1638382171.841,6,shirt,below,dress,shirt,below,shirt,below,dress,shirt,below,2456.2989168167114,2021-12-01T18:09:31.841000,1638379715.5420833
19,9,5,9,Random,-9999,421749c195d3321c,0.14400005340576172,0.10699987411499023,1638382172.151,5,near,above,watermelon,near,above,near,above,watermelon,near,above,2456.608916759491,2021-12-01T18:09:32.151000,1638379715.5420833
9,1,24,1,Random,-9999,421749c195d3321c,0.07700014114379883,0.17599987983703613,1638382172.351,24,pants,sunset,near,pants,sunset,pants,sunset,near,pants,sunset,2456.8089168071747,2021-12-01T18:09:32.351000,1638379715.5420833
28,21,22,21,Random,-9999,421749c195d3321c,0.03500008583068848,0.21599984169006348,1638382172.594,22,field,ocean,night,field,ocean,field,ocean,night,field,ocean,2457.0519168376923,2021-12-01T18:09:32.594000,1638379715.5420833
1,6,0,0,Random,-9999,421749c195d3321c,0.46200013160705566,0.10299992561340332,1638382173.203,6,below,dress,pants,dress,below,below,dress,pants,dress,below,2457.6609168052673,2021-12-01T18:09:33.203000,1638379715.5420833
19,3,25,3,Random,-9999,421749c195d3321c,0.026999950408935547,0.2239999771118164,1638382173.734,25,shoes,dawn,watermelon,shoes,dawn,shoes,dawn,watermelon,shoes,dawn,2458.191916704178,2021-12-01T18:09:33.734000,1638379715.5420833
9,0,7,7,Random,-9999,421749c195d3321c,0.19099998474121094,0.11400008201599121,1638382174.041,0,dress,beside,near,beside,dress,dress,beside,near,beside,dress,2458.4989166259766,2021-12-01T18:09:34.041000,1638379715.5420833
27,9,15,9,Random,-9999,421749c195d3321c,0.06699991226196289,0.2239999771118164,1638382174.332,15,near,blueberry,dusk,near,blueberry,near,blueberry,dusk,near,blueberry,2458.789916753769,2021-12-01T18:09:34.332000,1638379715.5420833
2,28,12,28,Random,-9999,a4bcbd180aa381e6,2.809999942779541,0.1400001049041748,1638382174.474,12,night,fearful,shirt,night,fearful,night,fearful,shirt,night,fearful,2458.9319167137146,2021-12-01T18:09:34.474000,1638379715.5420833
13,0,11,11,Random,-9999,421749c195d3321c,0.1830000877380371,0.1100001335144043,1638382174.642,0,dress,disgust,happy,disgust,dress,dress,disgust,happy,disgust,dress,2459.0999166965485,2021-12-01T18:09:34.642000,1638379715.5420833
14,16,22,16,Random,-9999,421749c195d3321c,0.14100003242492676,0.13399982452392578,1638382174.897,22,lemon,ocean,sad,lemon,ocean,lemon,ocean,sad,lemon,ocean,2459.3549168109894,2021-12-01T18:09:34.897000,1638379715.5420833
24,20,4,4,Random,-9999,421749c195d3321c,0.18000006675720215,0.10800004005432129,1638382175.298,20,beach,socks,sunset,socks,beach,beach,socks,sunset,socks,beach,2459.7559168338776,2021-12-01T18:09:35.298000,1638379715.5420833
11,4,5,4,Random,-9999,421749c195d3321c,0.06399989128112793,0.22699999809265137,1638382175.471,5,socks,above,disgust,socks,above,socks,above,disgust,socks,above,2459.9289166927338,2021-12-01T18:09:35.471000,1638379715.5420833
12,9,2,2,Random,-9999,421749c195d3321c,0.1960000991821289,0.10899996757507324,1638382175.776,9,near,shirt,fearful,shirt,near,near,shirt,fearful,shirt,near,2460.233916759491,2021-12-01T18:09:35.776000,1638379715.5420833
15,17,28,28,Random,-9999,421749c195d3321c,0.2720000743865967,0.1099998950958252,1638382176.163,17,mango,night,blueberry,night,mango,mango,night,blueberry,night,mango,2460.6209168434143,2021-12-01T18:09:36.163000,1638379715.5420833
19,22,27,27,Random,-9999,a4bcbd180aa381e6,1.875,0.13400006294250488,1638382176.425,22,ocean,dusk,watermelon,dusk,ocean,ocean,dusk,watermelon,dusk,ocean,2460.882916688919,2021-12-01T18:09:36.425000,1638379715.5420833
15,20,12,12,Random,-9999,421749c195d3321c,0.1919999122619629,0.10800004005432129,1638382176.741,20,beach,fearful,blueberry,fearful,beach,beach,fearful,blueberry,fearful,beach,2461.1989166736603,2021-12-01T18:09:36.741000,1638379715.5420833
16,24,5,5,Random,-9999,421749c195d3321c,0.09299993515014648,0.11800003051757812,1638382176.952,24,sunset,above,lemon,above,sunset,sunset,above,lemon,above,sunset,2461.409916639328,2021-12-01T18:09:36.952000,1638379715.5420833
26,7,5,5,Random,-9999,421749c195d3321c,0.567000150680542,0.12199997901916504,1638382177.636,7,beside,above,day,above,beside,beside,above,day,above,beside,2462.093916654587,2021-12-01T18:09:37.636000,1638379715.5420833
9,2,3,2,Random,-9999,421749c195d3321c,0.21199989318847656,0.16100001335144043,1638382178.007,3,shirt,shoes,near,shirt,shoes,shirt,shoes,near,shirt,shoes,2462.464916706085,2021-12-01T18:09:38.007000,1638379715.5420833
29,9,26,9,Random,-9999,421749c195d3321c,0.3989999294281006,0.10800004005432129,1638382178.518,26,near,day,noon,near,day,near,day,noon,near,day,2462.975916624069,2021-12-01T18:09:38.518000,1638379715.5420833
6,19,28,28,Random,-9999,a4bcbd180aa381e6,2.0300002098083496,0.07599997520446777,1638382178.578,19,watermelon,night,below,night,watermelon,watermelon,night,below,night,watermelon,2463.0359168052673,2021-12-01T18:09:38.578000,1638379715.5420833
16,12,2,2,Random,-9999,421749c195d3321c,0.1640000343322754,0.14599990844726562,1638382178.84,12,fearful,shirt,lemon,shirt,fearful,fearful,shirt,lemon,shirt,fearful,2463.297916650772,2021-12-01T18:09:38.840000,1638379715.5420833
9,19,0,0,Random,-9999,421749c195d3321c,0.11400008201599121,0.12999987602233887,1638382179.069,19,watermelon,dress,near,dress,watermelon,watermelon,dress,near,dress,watermelon,2463.526916742325,2021-12-01T18:09:39.069000,1638379715.5420833
17,10,8,10,Random,-9999,421749c195d3321c,0.10899996757507324,0.11599993705749512,1638382179.294,8,angry,far,mango,angry,far,angry,far,mango,angry,far,2463.7519166469574,2021-12-01T18:09:39.294000,1638379715.5420833
13,25,17,17,Random,-9999,421749c195d3321c,0.03900003433227539,0.21399998664855957,1638382179.546,25,dawn,mango,happy,mango,dawn,dawn,mango,happy,mango,dawn,2464.0039167404175,2021-12-01T18:09:39.546000,1638379715.5420833
15,5,20,20,Random,-9999,421749c195d3321c,0.13300013542175293,0.1099998950958252,1638382179.791,5,above,beach,blueberry,beach,above,above,beach,blueberry,beach,above,2464.2489166259766,2021-12-01T18:09:39.791000,1638379715.5420833
8,15,11,11,Random,-9999,421749c195d3321c,0.13100004196166992,0.11399984359741211,1638382180.034,15,blueberry,disgust,far,disgust,blueberry,blueberry,disgust,far,disgust,blueberry,2464.491916656494,2021-12-01T18:09:40.034000,1638379715.5420833
25,10,9,9,Random,-9999,421749c195d3321c,0.1100001335144043,0.1119999885559082,1638382180.255,10,angry,near,dawn,near,angry,angry,near,dawn,near,angry,2464.7129168510437,2021-12-01T18:09:40.255000,1638379715.5420833
18,24,20,24,Random,-9999,421749c195d3321c,0.12999987602233887,0.11500000953674316,1638382180.537,20,sunset,beach,strawberry,sunset,beach,sunset,beach,strawberry,sunset,beach,2464.994916677475,2021-12-01T18:09:40.537000,1638379715.5420833
11,4,25,4,Random,-9999,421749c195d3321c,0.08500003814697266,0.14999985694885254,1638382180.733,25,socks,dawn,disgust,socks,dawn,socks,dawn,disgust,socks,dawn,2465.190916776657,2021-12-01T18:09:40.733000,1638379715.5420833
5,1,14,14,Random,-9999,421749c195d3321c,0.12599992752075195,0.20799994468688965,1638382181.065,1,pants,sad,above,sad,pants,pants,sad,above,sad,pants,2465.5229167938232,2021-12-01T18:09:41.065000,1638379715.5420833
21,22,3,22,Random,-9999,a4bcbd180aa381e6,2.743000030517578,0.13400006294250488,1638382181.463,3,ocean,shoes,field,ocean,shoes,ocean,shoes,field,ocean,shoes,2465.9209167957306,2021-12-01T18:09:41.463000,1638379715.5420833
18,28,20,28,Random,-9999,421749c195d3321c,0.28600001335144043,0.10800004005432129,1638382181.588,20,night,beach,strawberry,night,beach,night,beach,strawberry,night,beach,2466.0459167957306,2021-12-01T18:09:41.588000,1638379715.5420833
16,11,4,4,Random,-9999,421749c195d3321c,0.15799999237060547,0.10899996757507324,1638382181.983,11,disgust,socks,lemon,socks,disgust,disgust,socks,lemon,socks,disgust,2466.440916776657,2021-12-01T18:09:41.983000,1638379715.5420833
6,3,25,25,Random,-9999,421749c195d3321c,0.12899994850158691,0.1100001335144043,1638382182.223,3,shoes,dawn,below,dawn,shoes,shoes,dawn,below,dawn,shoes,2466.680916786194,2021-12-01T18:09:42.223000,1638379715.5420833
25,3,4,4,Random,-9999,421749c195d3321c,0.11800003051757812,0.1119999885559082,1638382182.452,3,shoes,socks,dawn,socks,shoes,shoes,socks,dawn,socks,shoes,2466.909916639328,2021-12-01T18:09:42.452000,1638379715.5420833
10,26,8,8,Random,-9999,421749c195d3321c,0.12600016593933105,0.10699987411499023,1638382182.689,26,day,far,angry,far,day,day,far,angry,far,day,2467.146916627884,2021-12-01T18:09:42.689000,1638379715.5420833
3,1,0,0,Random,-9999,421749c195d3321c,0.11600017547607422,0.11399984359741211,1638382182.916,1,pants,dress,shoes,dress,pants,pants,dress,shoes,dress,pants,2467.3739166259766,2021-12-01T18:09:42.916000,1638379715.5420833
6,28,25,28,Random,-9999,421749c195d3321c,0.10300016403198242,0.11099982261657715,1638382183.139,25,night,dawn,below,night,dawn,night,dawn,below,night,dawn,2467.5969166755676,2021-12-01T18:09:43.139000,1638379715.5420833
9,0,11,11,Random,-9999,421749c195d3321c,0.21700000762939453,0.12199997901916504,1638382183.47,0,dress,disgust,near,disgust,dress,dress,disgust,near,disgust,dress,2467.927916765213,2021-12-01T18:09:43.470000,1638379715.5420833
4,20,9,20,Random,-9999,a4bcbd180aa381e6,2.246000051498413,0.1359999179840088,1638382183.84,9,beach,near,socks,beach,near,beach,near,socks,beach,near,2468.297916650772,2021-12-01T18:09:43.840000,1638379715.5420833
4,26,12,12,Random,-9999,421749c195d3321c,0.13299989700317383,0.10899996757507324,1638382183.952,26,day,fearful,socks,fearful,day,day,fearful,socks,fearful,day,2468.409916639328,2021-12-01T18:09:43.952000,1638379715.5420833
9,24,12,24,Random,-9999,421749c195d3321c,0.21699976921081543,0.11300015449523926,1638382184.283,12,sunset,fearful,near,sunset,fearful,sunset,fearful,near,sunset,fearful,2468.7409167289734,2021-12-01T18:09:44.283000,1638379715.5420833
11,27,16,27,Random,-9999,421749c195d3321c,0.28999996185302734,0.1100001335144043,1638382184.692,16,dusk,lemon,disgust,dusk,lemon,dusk,lemon,disgust,dusk,lemon,2469.1499166488647,2021-12-01T18:09:44.692000,1638379715.5420833
6,12,24,12,Random,-9999,421749c195d3321c,0.13900017738342285,0.11299991607666016,1638382185.174,24,fearful,sunset,below,fearful,sunset,fearful,sunset,below,fearful,sunset,2469.6319167613983,2021-12-01T18:09:45.174000,1638379715.5420833
1,28,0,28,Random,-9999,421749c195d3321c,0.125,0.11699986457824707,1638382185.408,0,night,dress,pants,night,dress,night,dress,pants,night,dress,2469.8659167289734,2021-12-01T18:09:45.408000,1638379715.5420833
3,0,16,0,Random,-9999,421749c195d3321c,0.10599994659423828,0.1119999885559082,1638382185.623,16,dress,lemon,shoes,dress,lemon,dress,lemon,shoes,dress,lemon,2470.0809166431427,2021-12-01T18:09:45.623000,1638379715.5420833
16,7,11,7,Random,-9999,421749c195d3321c,0.11999988555908203,0.1100001335144043,1638382185.853,11,beside,disgust,lemon,beside,disgust,beside,disgust,lemon,beside,disgust,2470.310916662216,2021-12-01T18:09:45.853000,1638379715.5420833
25,6,9,9,Random,-9999,421749c195d3321c,0.22099995613098145,0.1119999885559082,1638382186.186,6,below,near,dawn,near,below,below,near,dawn,near,below,2470.6439168453217,2021-12-01T18:09:46.186000,1638379715.5420833
28,24,11,11,Random,-9999,a4bcbd180aa381e6,2.5439999103546143,0.13199996948242188,1638382186.522,24,sunset,disgust,night,disgust,sunset,sunset,disgust,night,disgust,sunset,2470.9799168109894,2021-12-01T18:09:46.522000,1638379715.5420833
29,11,24,24,Random,-9999,421749c195d3321c,0.10899996757507324,0.1100001335144043,1638382186.632,11,disgust,sunset,noon,sunset,disgust,disgust,sunset,noon,sunset,disgust,2471.089916706085,2021-12-01T18:09:46.632000,1638379715.5420833
11,12,20,20,Random,-9999,421749c195d3321c,0.09800004959106445,0.11800003051757812,1638382186.842,12,fearful,beach,disgust,beach,fearful,fearful,beach,disgust,beach,fearful,2471.299916744232,2021-12-01T18:09:46.842000,1638379715.5420833
21,3,27,27,Random,-9999,421749c195d3321c,0.1400001049041748,0.10799980163574219,1638382187.092,3,shoes,dusk,field,dusk,shoes,shoes,dusk,field,dusk,shoes,2471.549916744232,2021-12-01T18:09:47.092000,1638379715.5420833
14,1,5,5,Random,-9999,421749c195d3321c,0.12599992752075195,0.11100006103515625,1638382187.332,1,pants,above,sad,above,pants,pants,above,sad,above,pants,2471.789916753769,2021-12-01T18:09:47.332000,1638379715.5420833
24,19,2,2,Random,-9999,421749c195d3321c,0.11899995803833008,0.11400008201599121,1638382187.562,19,watermelon,shirt,sunset,shirt,watermelon,watermelon,shirt,sunset,shirt,watermelon,2472.0199167728424,2021-12-01T18:09:47.562000,1638379715.5420833
25,22,1,1,Random,-9999,421749c195d3321c,0.11500000953674316,0.11100006103515625,1638382187.787,22,ocean,pants,dawn,pants,ocean,ocean,pants,dawn,pants,ocean,2472.244916677475,2021-12-01T18:09:47.787000,1638379715.5420833
23,25,28,28,Random,-9999,421749c195d3321c,0.1400001049041748,0.10799980163574219,1638382188.034,25,dawn,night,sky,night,dawn,dawn,night,sky,night,dawn,2472.491916656494,2021-12-01T18:09:48.034000,1638379715.5420833
28,0,22,22,Random,-9999,a4bcbd180aa381e6,1.627000093460083,0.1380000114440918,1638382188.222,0,dress,ocean,night,ocean,dress,dress,ocean,night,ocean,dress,2472.6799166202545,2021-12-01T18:09:48.222000,1638379715.5420833
3,9,25,25,Random,-9999,421749c195d3321c,0.12000012397766113,0.11299991607666016,1638382188.271,9,near,dawn,shoes,dawn,near,near,dawn,shoes,dawn,near,2472.72891664505,2021-12-01T18:09:48.271000,1638379715.5420833
8,28,12,12,Random,-9999,421749c195d3321c,0.12899994850158691,0.1119999885559082,1638382188.513,28,night,fearful,far,fearful,night,night,fearful,far,fearful,night,2472.970916748047,2021-12-01T18:09:48.513000,1638379715.5420833
2,1,7,7,Random,-9999,421749c195d3321c,0.12199997901916504,0.11100006103515625,1638382188.74,1,pants,beside,shirt,beside,pants,pants,beside,shirt,beside,pants,2473.1979167461395,2021-12-01T18:09:48.740000,1638379715.5420833
7,14,2,2,Random,-9999,421749c195d3321c,0.1659998893737793,0.10800004005432129,1638382189.019,14,sad,shirt,beside,shirt,sad,sad,shirt,beside,shirt,sad,2473.4769167900085,2021-12-01T18:09:49.019000,1638379715.5420833
12,25,17,17,Random,-9999,421749c195d3321c,0.12800002098083496,0.11300015449523926,1638382189.255,25,dawn,mango,fearful,mango,dawn,dawn,mango,fearful,mango,dawn,2473.7129168510437,2021-12-01T18:09:49.255000,1638379715.5420833
9,18,12,12,Random,-9999,421749c195d3321c,0.12800002098083496,0.10899996757507324,1638382189.497,18,strawberry,fearful,near,fearful,strawberry,strawberry,fearful,near,fearful,strawberry,2473.954916715622,2021-12-01T18:09:49.497000,1638379715.5420833
21,17,4,4,Random,-9999,421749c195d3321c,0.10899996757507324,0.11099982261657715,1638382189.718,17,mango,socks,field,socks,mango,mango,socks,field,socks,mango,2474.175916671753,2021-12-01T18:09:49.718000,1638379715.5420833
1,8,0,0,Random,-9999,421749c195d3321c,0.10299992561340332,0.1100001335144043,1638382189.93,8,far,dress,pants,dress,far,far,dress,pants,dress,far,2474.38791680336,2021-12-01T18:09:49.930000,1638379715.5420833
22,8,10,10,Random,-9999,421749c195d3321c,0.09399986267089844,0.11700010299682617,1638382190.142,8,far,angry,ocean,angry,far,far,angry,ocean,angry,far,2474.5999166965485,2021-12-01T18:09:50.142000,1638379715.5420833
6,29,21,21,Random,-9999,421749c195d3321c,0.09799981117248535,0.11600017547607422,1638382190.355,29,noon,field,below,field,noon,noon,field,below,field,noon,2474.8129167556763,2021-12-01T18:09:50.355000,1638379715.5420833
8,28,0,0,Random,-9999,421749c195d3321c,0.12299990653991699,0.11300015449523926,1638382190.592,28,night,dress,far,dress,night,night,dress,far,dress,night,2475.049916744232,2021-12-01T18:09:50.592000,1638379715.5420833
1,26,16,16,Random,-9999,421749c195d3321c,0.12999987602233887,0.1119999885559082,1638382190.83,26,day,lemon,pants,lemon,day,day,lemon,pants,lemon,day,2475.287916660309,2021-12-01T18:09:50.830000,1638379715.5420833
19,20,25,25,Random,-9999,421749c195d3321c,0.10900020599365234,0.1119999885559082,1638382191.057,20,beach,dawn,watermelon,dawn,beach,beach,dawn,watermelon,dawn,beach,2475.5149166584015,2021-12-01T18:09:51.057000,1638379715.5420833
29,6,3,3,Random,-9999,a4bcbd180aa381e6,2.817000150680542,0.07399988174438477,1638382191.178,6,below,shoes,noon,shoes,below,below,shoes,noon,shoes,below,2475.6359167099,2021-12-01T18:09:51.178000,1638379715.5420833
0,14,16,16,Random,-9999,421749c195d3321c,0.1549999713897705,0.12099981307983398,1638382191.323,14,sad,lemon,dress,lemon,sad,sad,lemon,dress,lemon,sad,2475.7809166908264,2021-12-01T18:09:51.323000,1638379715.5420833
2,1,4,4,Random,-9999,421749c195d3321c,0.10800004005432129,0.10800004005432129,1638382191.544,1,pants,socks,shirt,socks,pants,pants,socks,shirt,socks,pants,2476.0019166469574,2021-12-01T18:09:51.544000,1638379715.5420833
0,17,19,19,Random,-9999,421749c195d3321c,0.13100004196166992,0.11800003051757812,1638382191.789,17,mango,watermelon,dress,watermelon,mango,mango,watermelon,dress,watermelon,mango,2476.246916770935,2021-12-01T18:09:51.789000,1638379715.5420833
4,9,23,23,Random,-9999,421749c195d3321c,0.13100004196166992,0.10599994659423828,1638382192.025,9,near,sky,socks,sky,near,near,sky,socks,sky,near,2476.48291683197,2021-12-01T18:09:52.025000,1638379715.5420833
29,3,10,10,Random,-9999,421749c195d3321c,0.12900018692016602,0.1099998950958252,1638382192.269,3,shoes,angry,noon,angry,shoes,shoes,angry,noon,angry,shoes,2476.7269167900085,2021-12-01T18:09:52.269000,1638379715.5420833
27,4,8,8,Random,-9999,421749c195d3321c,0.13299989700317383,0.11600017547607422,1638382192.519,4,socks,far,dusk,far,socks,socks,far,dusk,far,socks,2476.9769167900085,2021-12-01T18:09:52.519000,1638379715.5420833
8,26,15,15,Random,-9999,421749c195d3321c,0.10500001907348633,0.11500000953674316,1638382192.735,26,day,blueberry,far,blueberry,day,day,blueberry,far,blueberry,day,2477.1929166316986,2021-12-01T18:09:52.735000,1638379715.5420833
10,25,23,23,Random,-9999,421749c195d3321c,0.11500000953674316,0.11699986457824707,1638382192.966,25,dawn,sky,angry,sky,dawn,dawn,sky,angry,sky,dawn,2477.4239168167114,2021-12-01T18:09:52.966000,1638379715.5420833
0,24,25,25,Random,-9999,421749c195d3321c,0.12400007247924805,0.11100006103515625,1638382193.207,24,sunset,dawn,dress,dawn,sunset,sunset,dawn,dress,dawn,sunset,2477.664916753769,2021-12-01T18:09:53.207000,1638379715.5420833
23,25,8,8,Random,-9999,421749c195d3321c,0.1099998950958252,0.12000012397766113,1638382193.435,25,dawn,far,sky,far,dawn,dawn,far,sky,far,dawn,2477.8929166793823,2021-12-01T18:09:53.435000,1638379715.5420833
1,4,16,16,Random,-9999,421749c195d3321c,0.1419999599456787,0.11600017547607422,1638382193.688,4,socks,lemon,pants,lemon,socks,socks,lemon,pants,lemon,socks,2478.145916700363,2021-12-01T18:09:53.688000,1638379715.5420833
13,3,29,29,Random,-9999,a4bcbd180aa381e6,2.5990002155303955,0.1399998664855957,1638382193.918,3,shoes,noon,happy,noon,shoes,shoes,noon,happy,noon,shoes,2478.3759167194366,2021-12-01T18:09:53.918000,1638379715.5420833
27,3,17,3,Random,-9999,421749c195d3321c,0.24300003051757812,0.1119999885559082,1638382194.048,17,shoes,mango,dusk,shoes,mango,shoes,mango,dusk,shoes,mango,2478.5059168338776,2021-12-01T18:09:54.048000,1638379715.5420833
14,4,25,4,Random,-9999,421749c195d3321c,0.15700006484985352,0.10500001907348633,1638382194.555,25,socks,dawn,sad,socks,dawn,socks,dawn,sad,socks,dawn,2479.01291680336,2021-12-01T18:09:54.555000,1638379715.5420833
24,4,20,20,Random,-9999,421749c195d3321c,0.2049999237060547,0.11299991607666016,1638382194.869,4,socks,beach,sunset,beach,socks,socks,beach,sunset,beach,socks,2479.326916694641,2021-12-01T18:09:54.869000,1638379715.5420833
21,0,25,25,Random,-9999,421749c195d3321c,0.25500011444091797,0.10800004005432129,1638382195.237,0,dress,dawn,field,dawn,dress,dress,dawn,field,dawn,dress,2479.6949167251587,2021-12-01T18:09:55.237000,1638379715.5420833
16,25,24,24,Random,-9999,421749c195d3321c,0.24600005149841309,0.1119999885559082,1638382195.594,25,dawn,sunset,lemon,sunset,dawn,dawn,sunset,lemon,sunset,dawn,2480.0519168376923,2021-12-01T18:09:55.594000,1638379715.5420833
2,19,6,6,Random,-9999,421749c195d3321c,0.14299988746643066,0.10400009155273438,1638382196.068,19,watermelon,below,shirt,below,watermelon,watermelon,below,shirt,below,watermelon,2480.525916814804,2021-12-01T18:09:56.068000,1638379715.5420833
1,24,0,0,Random,-9999,421749c195d3321c,0.13700008392333984,0.1100001335144043,1638382196.313,24,sunset,dress,pants,dress,sunset,sunset,dress,pants,dress,sunset,2480.770916700363,2021-12-01T18:09:56.313000,1638379715.5420833
27,6,22,6,Random,-9999,421749c195d3321c,0.17199993133544922,0.1119999885559082,1638382196.6,22,below,ocean,dusk,below,ocean,below,ocean,dusk,below,ocean,2481.0579166412354,2021-12-01T18:09:56.600000,1638379715.5420833
9,0,4,4,Random,-9999,a4bcbd180aa381e6,2.736999988555908,0.1399998664855957,1638382196.788,0,dress,socks,near,socks,dress,dress,socks,near,socks,dress,2481.2459168434143,2021-12-01T18:09:56.788000,1638379715.5420833
13,22,6,6,Random,-9999,421749c195d3321c,0.19099998474121094,0.11299991607666016,1638382196.902,22,ocean,below,happy,below,ocean,ocean,below,happy,below,ocean,2481.3599166870117,2021-12-01T18:09:56.902000,1638379715.5420833
15,1,8,1,Random,-9999,421749c195d3321c,0.27699995040893555,0.10800004005432129,1638382197.286,8,pants,far,blueberry,pants,far,pants,far,blueberry,pants,far,2481.743916749954,2021-12-01T18:09:57.286000,1638379715.5420833
12,5,17,5,Random,-9999,421749c195d3321c,0.10599994659423828,0.10700011253356934,1638382197.759,17,above,mango,fearful,above,mango,above,mango,fearful,above,mango,2482.2169167995453,2021-12-01T18:09:57.759000,1638379715.5420833
5,3,22,3,Random,-9999,421749c195d3321c,0.12899994850158691,0.11700010299682617,1638382198.004,22,shoes,ocean,above,shoes,ocean,shoes,ocean,above,shoes,ocean,2482.4619166851044,2021-12-01T18:09:58.004000,1638379715.5420833
2,10,23,10,Random,-9999,421749c195d3321c,0.12199997901916504,0.12599992752075195,1638382198.252,23,angry,sky,shirt,angry,sky,angry,sky,shirt,angry,sky,2482.709916830063,2021-12-01T18:09:58.252000,1638379715.5420833
25,23,0,23,Random,-9999,421749c195d3321c,0.12600016593933105,0.11299991607666016,1638382198.489,0,sky,dress,dawn,sky,dress,sky,dress,dawn,sky,dress,2482.946916818619,2021-12-01T18:09:58.489000,1638379715.5420833
0,21,5,21,Random,-9999,421749c195d3321c,0.13200020790100098,0.1119999885559082,1638382198.738,5,field,above,dress,field,above,field,above,dress,field,above,2483.1959166526794,2021-12-01T18:09:58.738000,1638379715.5420833
21,17,8,17,Random,-9999,421749c195d3321c,0.08699989318847656,0.1530001163482666,1638382199.032,8,mango,far,field,mango,far,mango,far,field,mango,far,2483.4899168014526,2021-12-01T18:09:59.032000,1638379715.5420833
10,11,19,11,Random,-9999,421749c195d3321c,0.04200005531311035,0.19000005722045898,1638382199.207,19,disgust,watermelon,angry,disgust,watermelon,disgust,watermelon,angry,disgust,watermelon,2483.664916753769,2021-12-01T18:09:59.207000,1638379715.5420833
23,22,11,22,Random,-9999,421749c195d3321c,0.09599995613098145,0.14299988746643066,1638382199.447,11,ocean,disgust,sky,ocean,disgust,ocean,disgust,sky,ocean,disgust,2483.9049167633057,2021-12-01T18:09:59.447000,1638379715.5420833
16,11,9,11,Random,-9999,421749c195d3321c,0.0989999771118164,0.13100004196166992,1638382199.672,9,disgust,near,lemon,disgust,near,disgust,near,lemon,disgust,near,2484.1299166679382,2021-12-01T18:09:59.672000,1638379715.5420833
21,2,26,2,Random,-9999,421749c195d3321c,0.13100004196166992,0.10800004005432129,1638382199.91,26,shirt,day,field,shirt,day,shirt,day,field,shirt,day,2484.3679168224335,2021-12-01T18:09:59.910000,1638379715.5420833
26,16,27,16,Random,-9999,421749c195d3321c,0.125,0.10800004005432129,1638382200.157,27,lemon,dusk,day,lemon,dusk,lemon,dusk,day,lemon,dusk,2484.6149168014526,2021-12-01T18:10:00.157000,1638379715.5420833
25,7,18,7,Random,-9999,421749c195d3321c,0.0969998836517334,0.13400006294250488,1638382200.372,18,beside,strawberry,dawn,beside,strawberry,beside,strawberry,dawn,beside,strawberry,2484.829916715622,2021-12-01T18:10:00.372000,1638379715.5420833
24,15,5,5,Random,-9999,a4bcbd180aa381e6,3.4850001335144043,0.13299989700317383,1638382200.409,15,blueberry,above,sunset,above,blueberry,blueberry,above,sunset,above,blueberry,2484.866916656494,2021-12-01T18:10:00.409000,1638379715.5420833
6,26,9,26,Random,-9999,421749c195d3321c,0.13199996948242188,0.10899996757507324,1638382200.618,9,day,near,below,day,near,day,near,below,day,near,2485.0759167671204,2021-12-01T18:10:00.618000,1638379715.5420833
24,17,18,17,Random,-9999,421749c195d3321c,0.13100004196166992,0.11700010299682617,1638382200.869,18,mango,strawberry,sunset,mango,strawberry,mango,strawberry,sunset,mango,strawberry,2485.326916694641,2021-12-01T18:10:00.869000,1638379715.5420833
14,1,4,1,Random,-9999,421749c195d3321c,0.1359999179840088,0.1119999885559082,1638382201.112,4,pants,socks,sad,pants,socks,pants,socks,sad,pants,socks,2485.5699167251587,2021-12-01T18:10:01.112000,1638379715.5420833
23,10,5,10,Random,-9999,421749c195d3321c,0.12899994850158691,0.11800003051757812,1638382201.359,5,angry,above,sky,angry,above,angry,above,sky,angry,above,2485.816916704178,2021-12-01T18:10:01.359000,1638379715.5420833
12,10,3,10,Random,-9999,421749c195d3321c,0.1419999599456787,0.10800004005432129,1638382201.621,3,angry,shoes,fearful,angry,shoes,angry,shoes,fearful,angry,shoes,2486.078916788101,2021-12-01T18:10:01.621000,1638379715.5420833
12,15,16,16,Random,-9999,421749c195d3321c,0.1100001335144043,0.17300009727478027,1638382201.889,15,blueberry,lemon,fearful,lemon,blueberry,blueberry,lemon,fearful,lemon,blueberry,2486.3469166755676,2021-12-01T18:10:01.889000,1638379715.5420833
19,16,28,28,Random,-9999,421749c195d3321c,0.21600008010864258,0.12599992752075195,1638382202.23,16,lemon,night,watermelon,night,lemon,lemon,night,watermelon,night,lemon,2486.6879167556763,2021-12-01T18:10:02.230000,1638379715.5420833
14,0,4,4,Random,-9999,421749c195d3321c,0.1380000114440918,0.11400008201599121,1638382202.718,0,dress,socks,sad,socks,dress,dress,socks,sad,socks,dress,2487.175916671753,2021-12-01T18:10:02.718000,1638379715.5420833
19,28,29,29,Random,-9999,a4bcbd180aa381e6,2.187000036239624,0.14599990844726562,1638382202.733,28,night,noon,watermelon,noon,night,night,noon,watermelon,noon,night,2487.190916776657,2021-12-01T18:10:02.733000,1638379715.5420833
3,23,6,6,Random,-9999,421749c195d3321c,0.1660001277923584,0.11999988555908203,1638382202.998,23,sky,below,shoes,below,sky,sky,below,shoes,below,sky,2487.4559166431427,2021-12-01T18:10:02.998000,1638379715.5420833
12,1,26,1,Random,-9999,421749c195d3321c,0.2740001678466797,0.11099982261657715,1638382203.393,26,pants,day,fearful,pants,day,pants,day,fearful,pants,day,2487.850916624069,2021-12-01T18:10:03.393000,1638379715.5420833
29,20,28,20,Random,-9999,421749c195d3321c,0.2560000419616699,0.11500000953674316,1638382203.757,28,beach,night,noon,beach,night,beach,night,noon,beach,night,2488.214916706085,2021-12-01T18:10:03.757000,1638379715.5420833
25,19,13,19,Random,-9999,421749c195d3321c,0.2870001792907715,0.10899996757507324,1638382204.152,13,watermelon,happy,dawn,watermelon,happy,watermelon,happy,dawn,watermelon,happy,2488.6099166870117,2021-12-01T18:10:04.152000,1638379715.5420833
6,8,29,8,Random,-9999,421749c195d3321c,0.20799994468688965,0.10699987411499023,1638382204.467,29,far,noon,below,far,noon,far,noon,below,far,noon,2488.924916744232,2021-12-01T18:10:04.467000,1638379715.5420833
10,26,17,26,Random,-9999,421749c195d3321c,0.13499999046325684,0.10399985313415527,1638382204.944,17,day,mango,angry,day,mango,day,mango,angry,day,mango,2489.401916742325,2021-12-01T18:10:04.944000,1638379715.5420833
27,22,0,22,Random,-9999,421749c195d3321c,0.1679999828338623,0.1100001335144043,1638382205.225,0,ocean,dress,dusk,ocean,dress,ocean,dress,dusk,ocean,dress,2489.6829166412354,2021-12-01T18:10:05.225000,1638379715.5420833
25,0,4,0,Random,-9999,421749c195d3321c,0.13100004196166992,0.11999988555908203,1638382205.473,4,dress,socks,dawn,dress,socks,dress,socks,dawn,dress,socks,2489.930916786194,2021-12-01T18:10:05.473000,1638379715.5420833
23,17,7,17,Random,-9999,421749c195d3321c,0.14999985694885254,0.11100006103515625,1638382205.729,7,mango,beside,sky,mango,beside,mango,beside,sky,mango,beside,2490.1869168281555,2021-12-01T18:10:05.729000,1638379715.5420833
19,1,5,5,Random,-9999,a4bcbd180aa381e6,2.925999879837036,0.12800002098083496,1638382205.792,1,pants,above,watermelon,above,pants,pants,above,watermelon,above,pants,2490.249916791916,2021-12-01T18:10:05.792000,1638379715.5420833
8,29,19,29,Random,-9999,421749c195d3321c,0.12999987602233887,0.12600016593933105,1638382205.989,19,noon,watermelon,far,noon,watermelon,noon,watermelon,far,noon,watermelon,2490.446916818619,2021-12-01T18:10:05.989000,1638379715.5420833
29,20,12,20,Random,-9999,421749c195d3321c,0.1380000114440918,0.11500000953674316,1638382206.244,12,beach,fearful,noon,beach,fearful,beach,fearful,noon,beach,fearful,2490.701916694641,2021-12-01T18:10:06.244000,1638379715.5420833
18,20,11,20,Random,-9999,421749c195d3321c,0.16200017929077148,0.11399984359741211,1638382206.511,11,beach,disgust,strawberry,beach,disgust,beach,disgust,strawberry,beach,disgust,2490.968916654587,2021-12-01T18:10:06.511000,1638379715.5420833
26,22,15,22,Random,-9999,421749c195d3321c,0.16199994087219238,0.11300015449523926,1638382206.786,15,ocean,blueberry,day,ocean,blueberry,ocean,blueberry,day,ocean,blueberry,2491.243916749954,2021-12-01T18:10:06.786000,1638379715.5420833
12,11,17,11,Random,-9999,421749c195d3321c,0.14299988746643066,0.12100005149841309,1638382207.052,17,disgust,mango,fearful,disgust,mango,disgust,mango,fearful,disgust,mango,2491.509916782379,2021-12-01T18:10:07.052000,1638379715.5420833
16,28,4,28,Random,-9999,421749c195d3321c,0.13899993896484375,0.11500000953674316,1638382207.312,4,night,socks,lemon,night,socks,night,socks,lemon,night,socks,2491.7699167728424,2021-12-01T18:10:07.312000,1638379715.5420833
28,12,23,12,Random,-9999,421749c195d3321c,0.12999987602233887,0.11900019645690918,1638382207.558,23,fearful,sky,night,fearful,sky,fearful,sky,night,fearful,sky,2492.015916824341,2021-12-01T18:10:07.558000,1638379715.5420833
4,16,9,16,Random,-9999,421749c195d3321c,0.14800000190734863,0.10899996757507324,1638382207.815,9,lemon,near,socks,lemon,near,lemon,near,socks,lemon,near,2492.2729167938232,2021-12-01T18:10:07.815000,1638379715.5420833
10,19,22,19,Random,-9999,421749c195d3321c,0.125,0.11500000953674316,1638382208.055,22,watermelon,ocean,angry,watermelon,ocean,watermelon,ocean,angry,watermelon,ocean,2492.51291680336,2021-12-01T18:10:08.055000,1638379715.5420833
8,20,28,20,Random,-9999,421749c195d3321c,0.13900017738342285,0.1099998950958252,1638382208.298,28,beach,night,far,beach,night,beach,night,far,beach,night,2492.7559168338776,2021-12-01T18:10:08.298000,1638379715.5420833
15,29,11,29,Random,-9999,421749c195d3321c,0.17400002479553223,0.10899996757507324,1638382208.581,11,noon,disgust,blueberry,noon,disgust,noon,disgust,blueberry,noon,disgust,2493.038916826248,2021-12-01T18:10:08.581000,1638379715.5420833
27,24,14,24,Random,-9999,421749c195d3321c,0.13899993896484375,0.10899996757507324,1638382208.832,14,sunset,sad,dusk,sunset,sad,sunset,sad,dusk,sunset,sad,2493.289916753769,2021-12-01T18:10:08.832000,1638379715.5420833
9,13,7,13,Random,-9999,421749c195d3321c,0.15599989891052246,0.11400008201599121,1638382209.106,7,happy,beside,near,happy,beside,happy,beside,near,happy,beside,2493.563916683197,2021-12-01T18:10:09.106000,1638379715.5420833
15,19,8,8,Random,-9999,421749c195d3321c,0.21600008010864258,0.11800003051757812,1638382209.436,19,watermelon,far,blueberry,far,watermelon,watermelon,far,blueberry,far,watermelon,2493.8939168453217,2021-12-01T18:10:09.436000,1638379715.5420833
24,27,4,27,Random,-9999,a4bcbd180aa381e6,3.621999979019165,0.13300013542175293,1638382209.554,4,dusk,socks,sunset,dusk,socks,dusk,socks,sunset,dusk,socks,2494.0119166374207,2021-12-01T18:10:09.554000,1638379715.5420833
1,19,20,20,Random,-9999,421749c195d3321c,0.24699997901916504,0.1120002269744873,1638382210.018,19,watermelon,beach,pants,beach,watermelon,watermelon,beach,pants,beach,watermelon,2494.475916624069,2021-12-01T18:10:10.018000,1638379715.5420833
10,13,17,17,Random,-9999,421749c195d3321c,0.7610001564025879,0.11099982261657715,1638382210.884,13,happy,mango,angry,mango,happy,happy,mango,angry,mango,happy,2495.3419167995453,2021-12-01T18:10:10.884000,1638379715.5420833
16,22,20,20,Random,-9999,421749c195d3321c,0.2090001106262207,0.1099998950958252,1638382211.207,22,ocean,beach,lemon,beach,ocean,ocean,beach,lemon,beach,ocean,2495.664916753769,2021-12-01T18:10:11.207000,1638379715.5420833
8,15,4,4,Random,-9999,421749c195d3321c,0.20799994468688965,0.10899996757507324,1638382211.52,15,blueberry,socks,far,socks,blueberry,blueberry,socks,far,socks,blueberry,2495.9779167175293,2021-12-01T18:10:11.520000,1638379715.5420833
12,22,23,22,Random,-9999,421749c195d3321c,0.6389999389648438,0.10800004005432129,1638382212.269,23,ocean,sky,fearful,ocean,sky,ocean,sky,fearful,ocean,sky,2496.7269167900085,2021-12-01T18:10:12.269000,1638379715.5420833
22,13,8,13,Random,-9999,a4bcbd180aa381e6,4.510999917984009,0.1380000114440918,1638382214.2,8,happy,far,ocean,happy,far,happy,far,ocean,happy,far,2498.6579167842865,2021-12-01T18:10:14.200000,1638379715.5420833
5,13,25,13,Random,-9999,a4bcbd180aa381e6,4.937999963760376,0.1380000114440918,1638382219.275,25,happy,dawn,above,happy,dawn,happy,dawn,above,happy,dawn,2503.73291683197,2021-12-01T18:10:19.275000,1638379715.5420833
10,19,25,19,Random,-9999,a4bcbd180aa381e6,5.430000066757202,0.1380000114440918,1638382224.85,25,watermelon,dawn,angry,watermelon,dawn,watermelon,dawn,angry,watermelon,dawn,2509.3079166412354,2021-12-01T18:10:24.850000,1638379715.5420833
16,1,5,5,Random,-9999,a4bcbd180aa381e6,2.491000175476074,0.14399981498718262,1638382227.481,1,pants,above,lemon,above,pants,pants,above,lemon,above,pants,2511.938916683197,2021-12-01T18:10:27.481000,1638379715.5420833
17,27,18,27,Random,-9999,a4bcbd180aa381e6,2.120000123977661,0.14699983596801758,1638382229.738,18,dusk,strawberry,mango,dusk,strawberry,dusk,strawberry,mango,dusk,strawberry,2514.1959166526794,2021-12-01T18:10:29.738000,1638379715.5420833
11,6,21,21,Random,-9999,a4bcbd180aa381e6,2.7200000286102295,0.13299989700317383,1638382232.601,6,below,field,disgust,field,below,below,field,disgust,field,below,2517.0589168071747,2021-12-01T18:10:32.601000,1638379715.5420833
8,24,26,24,Random,-9999,a4bcbd180aa381e6,3.6590001583099365,0.13899993896484375,1638382236.4,26,sunset,day,far,sunset,day,sunset,day,far,sunset,day,2520.85791683197,2021-12-01T18:10:36.400000,1638379715.5420833
14,27,4,27,Random,-9999,a4bcbd180aa381e6,4.02400016784668,0.14299988746643066,1638382240.557,4,dusk,socks,sad,dusk,socks,dusk,socks,sad,dusk,socks,2525.0149166584015,2021-12-01T18:10:40.557000,1638379715.5420833
14,9,25,25,Random,-9999,a4bcbd180aa381e6,5.41100001335144,0.13299989700317383,1638382246.109,9,near,dawn,sad,dawn,near,near,dawn,sad,dawn,near,2530.566916704178,2021-12-01T18:10:46.109000,1638379715.5420833
11,1,3,3,Random,-9999,a4bcbd180aa381e6,3.8489999771118164,0.1380000114440918,1638382250.099,1,pants,shoes,disgust,shoes,pants,pants,shoes,disgust,shoes,pants,2534.5569167137146,2021-12-01T18:10:50.099000,1638379715.5420833
11,9,7,7,Random,-9999,a4bcbd180aa381e6,2.934999942779541,0.14400005340576172,1638382253.166,9,near,beside,disgust,beside,near,near,beside,disgust,beside,near,2537.6239166259766,2021-12-01T18:10:53.166000,1638379715.5420833
6,8,17,8,Random,-9999,a4bcbd180aa381e6,6.496999979019165,0.12599992752075195,1638382259.792,17,far,mango,below,far,mango,far,mango,below,far,mango,2544.249916791916,2021-12-01T18:10:59.792000,1638379715.5420833
4,16,28,28,Random,-9999,a4bcbd180aa381e6,2.382999897003174,0.24400019645690918,1638382262.564,16,lemon,night,socks,night,lemon,lemon,night,socks,night,lemon,2547.021916627884,2021-12-01T18:11:02.564000,1638379715.5420833
12,5,6,6,Random,-9999,a4bcbd180aa381e6,2.7880001068115234,0.2779998779296875,1638382265.484,5,above,below,fearful,below,above,above,below,fearful,below,above,2549.941916704178,2021-12-01T18:11:05.484000,1638379715.5420833
14,29,27,27,Random,-9999,a4bcbd180aa381e6,2.4679999351501465,0.13199996948242188,1638382268.088,29,noon,dusk,sad,dusk,noon,noon,dusk,sad,dusk,noon,2552.5459167957306,2021-12-01T18:11:08.088000,1638379715.5420833
17,12,9,9,Random,-9999,a4bcbd180aa381e6,2.7840001583099365,0.13499999046325684,1638382271.01,12,fearful,near,mango,near,fearful,fearful,near,mango,near,fearful,2555.467916727066,2021-12-01T18:11:11.010000,1638379715.5420833
23,26,27,26,Random,-9999,a4bcbd180aa381e6,14.271999835968018,0.14100003242492676,1638382285.418,27,day,dusk,sky,day,dusk,day,dusk,sky,day,dusk,2569.8759167194366,2021-12-01T18:11:25.418000,1638379715.5420833
22,25,28,28,Random,-9999,a4bcbd180aa381e6,3.177000045776367,0.13700008392333984,1638382288.737,25,dawn,night,ocean,night,dawn,dawn,night,ocean,night,dawn,2573.1949167251587,2021-12-01T18:11:28.737000,1638379715.5420833
21,2,8,8,Random,-9999,a4bcbd180aa381e6,6.56000018119812,0.13699984550476074,1638382295.441,2,shirt,far,field,far,shirt,shirt,far,field,far,shirt,2579.898916721344,2021-12-01T18:11:35.441000,1638379715.5420833
1,26,28,28,Random,-9999,a4bcbd180aa381e6,3.5160000324249268,0.14599990844726562,1638382299.09,26,day,night,pants,night,day,day,night,pants,night,day,2583.547916650772,2021-12-01T18:11:39.090000,1638379715.5420833
27,12,10,10,Random,-9999,a4bcbd180aa381e6,2.6460001468658447,0.15199995040893555,1638382301.895,12,fearful,angry,dusk,angry,fearful,fearful,angry,dusk,angry,fearful,2586.3529167175293,2021-12-01T18:11:41.895000,1638379715.5420833
24,20,10,20,Random,-9999,a4bcbd180aa381e6,2.1460001468658447,0.13699984550476074,1638382304.173,10,beach,angry,sunset,beach,angry,beach,angry,sunset,beach,angry,2588.6309168338776,2021-12-01T18:11:44.173000,1638379715.5420833
5,7,10,7,Random,-9999,a4bcbd180aa381e6,5.960999965667725,0.13399982452392578,1638382310.264,10,beside,angry,above,beside,angry,beside,angry,above,beside,angry,2594.7219166755676,2021-12-01T18:11:50.264000,1638379715.5420833
16,5,23,23,Random,-9999,a4bcbd180aa381e6,2.6010000705718994,0.13199996948242188,1638382313.008,5,above,sky,lemon,sky,above,above,sky,lemon,sky,above,2597.465916633606,2021-12-01T18:11:53.008000,1638379715.5420833
7,8,13,13,Random,-9999,a4bcbd180aa381e6,3.75600004196167,0.1419999599456787,1638382316.903,8,far,happy,beside,happy,far,far,happy,beside,happy,far,2601.360916852951,2021-12-01T18:11:56.903000,1638379715.5420833
28,0,18,0,Random,-9999,a4bcbd180aa381e6,2.5360000133514404,0.13700008392333984,1638382319.571,18,dress,strawberry,night,dress,strawberry,dress,strawberry,night,dress,strawberry,2604.028916835785,2021-12-01T18:11:59.571000,1638379715.5420833
14,22,18,22,Random,-9999,a4bcbd180aa381e6,2.371999979019165,0.13199996948242188,1638382322.075,18,ocean,strawberry,sad,ocean,strawberry,ocean,strawberry,sad,ocean,strawberry,2606.5329167842865,2021-12-01T18:12:02.075000,1638379715.5420833
27,16,23,16,Random,-9999,a4bcbd180aa381e6,46.42899990081787,0.13899993896484375,1638382368.649,23,lemon,sky,dusk,lemon,sky,lemon,sky,dusk,lemon,sky,2653.106916666031,2021-12-01T18:12:48.649000,1638379715.5420833
18,7,12,12,Random,-9999,a4bcbd180aa381e6,4.526000022888184,0.13900017738342285,1638382373.313,7,beside,fearful,strawberry,fearful,beside,beside,fearful,strawberry,fearful,beside,2657.770916700363,2021-12-01T18:12:53.313000,1638379715.5420833
27,18,24,24,Random,-9999,a4bcbd180aa381e6,4.227999925613403,0.1400001049041748,1638382377.674,18,strawberry,sunset,dusk,sunset,strawberry,strawberry,sunset,dusk,sunset,strawberry,2662.1319167613983,2021-12-01T18:12:57.674000,1638379715.5420833
8,5,24,24,Random,-9999,a4bcbd180aa381e6,2.4260001182556152,0.1359999179840088,1638382380.244,5,above,sunset,far,sunset,above,above,sunset,far,sunset,above,2664.701916694641,2021-12-01T18:13:00.244000,1638379715.5420833
11,20,23,23,Random,-9999,a4bcbd180aa381e6,2.6670000553131104,0.1359999179840088,1638382383.044,20,beach,sky,disgust,sky,beach,beach,sky,disgust,sky,beach,2667.5019166469574,2021-12-01T18:13:03.044000,1638379715.5420833
17,23,24,24,Random,-9999,a4bcbd180aa381e6,1.8020000457763672,0.14099979400634766,1638382384.924,23,sky,sunset,mango,sunset,sky,sky,sunset,mango,sunset,sky,2669.3819167613983,2021-12-01T18:13:04.924000,1638379715.5420833
8,6,21,21,Random,-9999,a4bcbd180aa381e6,2.2019999027252197,0.07400012016296387,1638382387.253,6,below,field,far,field,below,below,field,far,field,below,2671.7109167575836,2021-12-01T18:13:07.253000,1638379715.5420833
13,8,17,17,Random,-9999,a4bcbd180aa381e6,1.6590001583099365,0.12899994850158691,1638382388.983,8,far,mango,happy,mango,far,far,mango,happy,mango,far,2673.440916776657,2021-12-01T18:13:08.983000,1638379715.5420833
7,22,3,22,Random,-9999,a4bcbd180aa381e6,2.0850000381469727,0.0709998607635498,1638382391.217,3,ocean,shoes,beside,ocean,shoes,ocean,shoes,beside,ocean,shoes,2675.674916744232,2021-12-01T18:13:11.217000,1638379715.5420833
7,14,11,14,Random,-9999,a4bcbd180aa381e6,2.1670000553131104,0.14899992942810059,1638382393.512,11,sad,disgust,beside,sad,disgust,sad,disgust,beside,sad,disgust,2677.969916820526,2021-12-01T18:13:13.512000,1638379715.5420833
5,23,2,23,Random,-9999,a4bcbd180aa381e6,12.470999956130981,0.13400006294250488,1638382406.129,2,sky,shirt,above,sky,shirt,sky,shirt,above,sky,shirt,2690.5869166851044,2021-12-01T18:13:26.129000,1638379715.5420833
19,24,14,24,Random,-9999,a4bcbd180aa381e6,1.7960000038146973,0.14600014686584473,1638382407.999,14,sunset,sad,watermelon,sunset,sad,sunset,sad,watermelon,sunset,sad,2692.456916809082,2021-12-01T18:13:27.999000,1638379715.5420833
0,12,29,29,Random,-9999,a4bcbd180aa381e6,7.113000154495239,0.07699990272521973,1638382415.255,12,fearful,noon,dress,noon,fearful,fearful,noon,dress,noon,fearful,2699.7129168510437,2021-12-01T18:13:35.255000,1638379715.5420833
28,29,14,14,Random,-9999,a4bcbd180aa381e6,1.9900000095367432,0.13899993896484375,1638382417.389,29,noon,sad,night,sad,noon,noon,sad,night,sad,noon,2701.8469166755676,2021-12-01T18:13:37.389000,1638379715.5420833
21,27,1,27,Random,-9999,a4bcbd180aa381e6,2.061000108718872,0.14299988746643066,1638382419.583,1,dusk,pants,field,dusk,pants,dusk,pants,field,dusk,pants,2704.0409166812897,2021-12-01T18:13:39.583000,1638379715.5420833
4,0,23,23,Random,-9999,a4bcbd180aa381e6,2.180999994277954,0.13499999046325684,1638382421.897,0,dress,sky,socks,sky,dress,dress,sky,socks,sky,dress,2706.3549168109894,2021-12-01T18:13:41.897000,1638379715.5420833
12,27,13,27,Random,-9999,a4bcbd180aa381e6,1.7790000438690186,0.12999987602233887,1638382423.758,13,dusk,happy,fearful,dusk,happy,dusk,happy,fearful,dusk,happy,2708.215916633606,2021-12-01T18:13:43.758000,1638379715.5420833
15,13,14,14,Random,-9999,a4bcbd180aa381e6,2.005000114440918,0.07599997520446777,1638382425.901,13,happy,sad,blueberry,sad,happy,happy,sad,blueberry,sad,happy,2710.358916759491,2021-12-01T18:13:45.901000,1638379715.5420833
19,3,18,18,Random,-9999,a4bcbd180aa381e6,2.2690000534057617,0.14599990844726562,1638382428.307,3,shoes,strawberry,watermelon,strawberry,shoes,shoes,strawberry,watermelon,strawberry,shoes,2712.7649166584015,2021-12-01T18:13:48.307000,1638379715.5420833
26,20,23,20,Random,-9999,a4bcbd180aa381e6,2.94599986076355,0.13499999046325684,1638382431.386,23,beach,sky,day,beach,sky,beach,sky,day,beach,sky,2715.843916654587,2021-12-01T18:13:51.386000,1638379715.5420833
9,23,24,23,Random,-9999,a4bcbd180aa381e6,3.2619998455047607,0.13300013542175293,1638382434.788,24,sky,sunset,near,sky,sunset,sky,sunset,near,sky,sunset,2719.2459168434143,2021-12-01T18:13:54.788000,1638379715.5420833
17,10,26,26,Random,-9999,a4bcbd180aa381e6,2.7739999294281006,0.13700008392333984,1638382437.688,10,angry,day,mango,day,angry,angry,day,mango,day,angry,2722.145916700363,2021-12-01T18:13:57.688000,1638379715.5420833
2,25,0,25,Random,-9999,a4bcbd180aa381e6,4.421000003814697,0.127000093460083,1638382442.254,0,dawn,dress,shirt,dawn,dress,dawn,dress,shirt,dawn,dress,2726.7119166851044,2021-12-01T18:14:02.254000,1638379715.5420833
9,17,19,17,Random,-9999,a4bcbd180aa381e6,2.5209999084472656,0.14499998092651367,1638382444.904,19,mango,watermelon,near,mango,watermelon,mango,watermelon,near,mango,watermelon,2729.361916780472,2021-12-01T18:14:04.904000,1638379715.5420833
9,17,10,17,Random,-9999,a4bcbd180aa381e6,2.2679998874664307,0.13100004196166992,1638382447.309,10,mango,angry,near,mango,angry,mango,angry,near,mango,angry,2731.7669167518616,2021-12-01T18:14:07.309000,1638379715.5420833
12,21,5,21,Random,-9999,a4bcbd180aa381e6,3.1610000133514404,0.1400001049041748,1638382450.613,5,field,above,fearful,field,above,field,above,fearful,field,above,2735.0709166526794,2021-12-01T18:14:10.613000,1638379715.5420833
3,21,29,29,Random,-9999,a4bcbd180aa381e6,2.2070000171661377,0.13899993896484375,1638382452.95,21,field,noon,shoes,noon,field,field,noon,shoes,noon,field,2737.4079167842865,2021-12-01T18:14:12.950000,1638379715.5420833
9,2,29,29,Random,-9999,a4bcbd180aa381e6,36.35899996757507,0.13199996948242188,1638382489.443,2,shirt,noon,near,noon,shirt,shirt,noon,near,noon,shirt,2773.900916814804,2021-12-01T18:14:49.443000,1638379715.5420833
15,29,18,29,Random,-9999,a4bcbd180aa381e6,2.5990002155303955,0.13199996948242188,1638382492.176,18,noon,strawberry,blueberry,noon,strawberry,noon,strawberry,blueberry,noon,strawberry,2776.6339168548584,2021-12-01T18:14:52.176000,1638379715.5420833
19,4,12,12,Random,-9999,a4bcbd180aa381e6,17.687000036239624,0.1380000114440918,1638382510.008,4,socks,fearful,watermelon,fearful,socks,socks,fearful,watermelon,fearful,socks,2794.465916633606,2021-12-01T18:15:10.008000,1638379715.5420833
20,2,15,2,Random,-9999,a4bcbd180aa381e6,1.9240000247955322,0.15700006484985352,1638382512.019,15,shirt,blueberry,beach,shirt,blueberry,shirt,blueberry,beach,shirt,blueberry,2796.4769167900085,2021-12-01T18:15:12.019000,1638379715.5420833
12,1,28,28,Random,-9999,a4bcbd180aa381e6,3.2639999389648438,0.07399988174438477,1638382515.421,1,pants,night,fearful,night,pants,pants,night,fearful,night,pants,2799.8789167404175,2021-12-01T18:15:15.421000,1638379715.5420833
24,26,7,26,Random,-9999,a4bcbd180aa381e6,9.478999853134155,0.1420001983642578,1638382525.033,7,day,beside,sunset,day,beside,day,beside,sunset,day,beside,2809.4909167289734,2021-12-01T18:15:25.033000,1638379715.5420833
4,1,13,1,Random,-9999,a4bcbd180aa381e6,4.213000059127808,0.13199996948242188,1638382529.385,13,pants,happy,socks,pants,happy,pants,happy,socks,pants,happy,2813.842916727066,2021-12-01T18:15:29.385000,1638379715.5420833
22,17,19,19,Random,-9999,a4bcbd180aa381e6,4.412999868392944,0.13700008392333984,1638382533.938,17,mango,watermelon,ocean,watermelon,mango,mango,watermelon,ocean,watermelon,mango,2818.395916700363,2021-12-01T18:15:33.938000,1638379715.5420833
5,26,13,13,Random,-9999,a4bcbd180aa381e6,8.74400019645691,0.13499999046325684,1638382542.813,26,day,happy,above,happy,day,day,happy,above,happy,day,2827.270916700363,2021-12-01T18:15:42.813000,1638379715.5420833
23,27,4,4,Random,-9999,a4bcbd180aa381e6,32.092000007629395,0.13499999046325684,1638382575.044,27,dusk,socks,sky,socks,dusk,dusk,socks,sky,socks,dusk,2859.5019166469574,2021-12-01T18:16:15.044000,1638379715.5420833
29,16,27,16,Random,-9999,a4bcbd180aa381e6,2.2829999923706055,0.1549999713897705,1638382577.481,27,lemon,dusk,noon,lemon,dusk,lemon,dusk,noon,lemon,dusk,2861.938916683197,2021-12-01T18:16:17.481000,1638379715.5420833
7,12,9,9,Random,-9999,a4bcbd180aa381e6,2.366999864578247,0.1380000114440918,1638382579.987,12,fearful,near,beside,near,fearful,fearful,near,beside,near,fearful,2864.4449167251587,2021-12-01T18:16:19.987000,1638379715.5420833
14,26,27,27,Random,-9999,a4bcbd180aa381e6,2.4250001907348633,0.1419999599456787,1638382582.545,26,day,dusk,sad,dusk,day,day,dusk,sad,dusk,day,2867.0029168128967,2021-12-01T18:16:22.545000,1638379715.5420833
26,23,8,23,Random,-9999,a4bcbd180aa381e6,2.058000087738037,0.12999987602233887,1638382584.738,8,sky,far,day,sky,far,sky,far,day,sky,far,2869.1959166526794,2021-12-01T18:16:24.738000,1638379715.5420833
15,29,17,29,Random,-9999,a4bcbd180aa381e6,5.895000219345093,0.13399982452392578,1638382590.764,17,noon,mango,blueberry,noon,mango,noon,mango,blueberry,noon,mango,2875.2219166755676,2021-12-01T18:16:30.764000,1638379715.5420833
29,23,22,23,Random,-9999,a4bcbd180aa381e6,3.4659998416900635,0.13199996948242188,1638382594.359,22,sky,ocean,noon,sky,ocean,sky,ocean,noon,sky,ocean,2878.816916704178,2021-12-01T18:16:34.359000,1638379715.5420833
25,1,8,1,Random,-9999,a4bcbd180aa381e6,50.07599997520447,0.13000011444091797,1638382644.574,8,pants,far,dawn,pants,far,pants,far,dawn,pants,far,2929.031916618347,2021-12-01T18:17:24.574000,1638379715.5420833
13,28,12,28,Random,-9999,a4bcbd180aa381e6,6.08299994468689,0.13700008392333984,1638382650.792,12,night,fearful,happy,night,fearful,night,fearful,happy,night,fearful,2935.249916791916,2021-12-01T18:17:30.792000,1638379715.5420833
19,2,1,2,Random,-9999,a4bcbd180aa381e6,2.7730000019073486,0.1359999179840088,1638382653.694,1,shirt,pants,watermelon,shirt,pants,shirt,pants,watermelon,shirt,pants,2938.151916742325,2021-12-01T18:17:33.694000,1638379715.5420833
14,9,5,9,Random,-9999,a4bcbd180aa381e6,10.556999921798706,0.14800000190734863,1638382664.412,5,near,above,sad,near,above,near,above,sad,near,above,2948.869916677475,2021-12-01T18:17:44.412000,1638379715.5420833
15,7,10,7,Random,-9999,a4bcbd180aa381e6,4.194999933242798,0.14300012588500977,1638382668.753,10,beside,angry,blueberry,beside,angry,beside,angry,blueberry,beside,angry,2953.2109167575836,2021-12-01T18:17:48.753000,1638379715.5420833
4,17,28,28,Random,-9999,a4bcbd180aa381e6,3.491999864578247,0.14600014686584473,1638382672.383,17,mango,night,socks,night,mango,mango,night,socks,night,mango,2956.840916633606,2021-12-01T18:17:52.383000,1638379715.5420833
15,16,27,27,Random,-9999,a4bcbd180aa381e6,1.6700000762939453,0.13499999046325684,1638382674.137,16,lemon,dusk,blueberry,dusk,lemon,lemon,dusk,blueberry,dusk,lemon,2958.594916820526,2021-12-01T18:17:54.137000,1638379715.5420833
9,17,24,24,Random,-9999,a4bcbd180aa381e6,2.8570001125335693,0.07699990272521973,1638382677.124,17,mango,sunset,near,sunset,mango,mango,sunset,near,sunset,mango,2961.581916809082,2021-12-01T18:17:57.124000,1638379715.5420833
6,8,25,25,Random,-9999,a4bcbd180aa381e6,21.135000228881836,0.13699984550476074,1638382699.784,8,far,dawn,below,dawn,far,far,dawn,below,dawn,far,2984.241916656494,2021-12-01T18:18:19.784000,1638379715.5420833
6,24,19,19,Random,-9999,a4bcbd180aa381e6,6.414000034332275,1.5269999504089355,1638382706.279,24,sunset,watermelon,below,watermelon,sunset,sunset,watermelon,below,watermelon,sunset,2990.736916780472,2021-12-01T18:18:26.279000,1638379715.5420833
25,14,23,23,Random,-9999,a4bcbd180aa381e6,2.6679999828338623,1.1449999809265137,1638382710.164,14,sad,sky,dawn,sky,sad,sad,sky,dawn,sky,sad,2994.621916770935,2021-12-01T18:18:30.164000,1638379715.5420833
23,21,26,26,Random,-9999,a4bcbd180aa381e6,2.5739998817443848,0.16499996185302734,1638382712.888,21,field,day,sky,day,field,field,day,sky,day,field,2997.345916748047,2021-12-01T18:18:32.888000,1638379715.5420833
7,2,19,2,Random,-9999,a4bcbd180aa381e6,3.309999942779541,0.13700008392333984,1638382716.339,19,shirt,watermelon,beside,shirt,watermelon,shirt,watermelon,beside,shirt,watermelon,3000.7969167232513,2021-12-01T18:18:36.339000,1638379715.5420833
22,10,23,23,Random,-9999,a4bcbd180aa381e6,1.744999885559082,0.13900017738342285,1638382718.152,10,angry,sky,ocean,sky,angry,angry,sky,ocean,sky,angry,3002.6099166870117,2021-12-01T18:18:38.152000,1638379715.5420833
16,18,3,3,Random,-9999,a4bcbd180aa381e6,2.5199999809265137,0.07500004768371582,1638382720.816,18,strawberry,shoes,lemon,shoes,strawberry,strawberry,shoes,lemon,shoes,strawberry,3005.273916721344,2021-12-01T18:18:40.816000,1638379715.5420833
19,2,1,2,Random,-9999,a4bcbd180aa381e6,1.7730000019073486,0.13700008392333984,1638382722.662,1,shirt,pants,watermelon,shirt,pants,shirt,pants,watermelon,shirt,pants,3007.119916677475,2021-12-01T18:18:42.662000,1638379715.5420833
11,10,26,10,Random,-9999,a4bcbd180aa381e6,2.5480000972747803,0.07799983024597168,1638382725.349,26,angry,day,disgust,angry,day,angry,day,disgust,angry,day,3009.8069167137146,2021-12-01T18:18:45.349000,1638379715.5420833
3,11,12,11,Random,-9999,a4bcbd180aa381e6,2.2149999141693115,0.13400006294250488,1638382727.693,12,disgust,fearful,shoes,disgust,fearful,disgust,fearful,shoes,disgust,fearful,3012.150916814804,2021-12-01T18:18:47.693000,1638379715.5420833
21,17,11,11,Random,-9999,a4bcbd180aa381e6,1.8690001964569092,0.12999987602233887,1638382729.632,17,mango,disgust,field,disgust,mango,mango,disgust,field,disgust,mango,3014.089916706085,2021-12-01T18:18:49.632000,1638379715.5420833
12,9,28,28,Random,-9999,a4bcbd180aa381e6,2.7960000038146973,0.07399988174438477,1638382732.571,9,near,night,fearful,night,near,near,night,fearful,night,near,3017.028916835785,2021-12-01T18:18:52.571000,1638379715.5420833
7,28,10,28,Random,-9999,a4bcbd180aa381e6,3.8380000591278076,0.13700008392333984,1638382736.537,10,night,angry,beside,night,angry,night,angry,beside,night,angry,3020.994916677475,2021-12-01T18:18:56.537000,1638379715.5420833
4,27,16,27,Random,-9999,a4bcbd180aa381e6,2.8289999961853027,0.13099980354309082,1638382739.51,16,dusk,lemon,socks,dusk,lemon,dusk,lemon,socks,dusk,lemon,3023.967916727066,2021-12-01T18:18:59.510000,1638379715.5420833
8,14,11,11,Random,-9999,a4bcbd180aa381e6,2.3340001106262207,0.14400005340576172,1638382741.986,14,sad,disgust,far,disgust,sad,sad,disgust,far,disgust,sad,3026.443916797638,2021-12-01T18:19:01.986000,1638379715.5420833
22,20,5,20,Random,-9999,a4bcbd180aa381e6,1.9689998626708984,0.14499998092651367,1638382744.117,5,beach,above,ocean,beach,above,beach,above,ocean,beach,above,3028.5749168395996,2021-12-01T18:19:04.117000,1638379715.5420833
19,13,2,13,Random,-9999,a4bcbd180aa381e6,3.555999994277954,0.1549999713897705,1638382747.798,2,happy,shirt,watermelon,happy,shirt,happy,shirt,watermelon,happy,shirt,3032.2559168338776,2021-12-01T18:19:07.798000,1638379715.5420833
2,15,22,22,Random,-9999,a4bcbd180aa381e6,2.8550000190734863,0.12900018692016602,1638382750.799,15,blueberry,ocean,shirt,ocean,blueberry,blueberry,ocean,shirt,ocean,blueberry,3035.2569167613983,2021-12-01T18:19:10.799000,1638379715.5420833
1,17,27,27,Random,-9999,a4bcbd180aa381e6,3.809000015258789,0.14099979400634766,1638382754.744,17,mango,dusk,pants,dusk,mango,mango,dusk,pants,dusk,mango,3039.201916694641,2021-12-01T18:19:14.744000,1638379715.5420833
13,24,1,24,Random,-9999,a4bcbd180aa381e6,3.8989999294281006,0.13900017738342285,1638382758.776,1,sunset,pants,happy,sunset,pants,sunset,pants,happy,sunset,pants,3043.233916759491,2021-12-01T18:19:18.776000,1638379715.5420833
9,8,19,19,Random,-9999,a4bcbd180aa381e6,17.633000135421753,0.1359999179840088,1638382776.549,8,far,watermelon,near,watermelon,far,far,watermelon,near,watermelon,far,3061.0069167613983,2021-12-01T18:19:36.549000,1638379715.5420833
22,1,12,1,Random,-9999,a4bcbd180aa381e6,3.872999906539917,0.13899993896484375,1638382780.553,12,pants,fearful,ocean,pants,fearful,pants,fearful,ocean,pants,fearful,3065.0109167099,2021-12-01T18:19:40.553000,1638379715.5420833
4,5,26,26,Random,-9999,a4bcbd180aa381e6,2.006999969482422,0.13000011444091797,1638382782.723,5,above,day,socks,day,above,above,day,socks,day,above,3067.180916786194,2021-12-01T18:19:42.723000,1638379715.5420833
2,20,9,20,Random,-9999,a4bcbd180aa381e6,17.95799994468689,0.14300012588500977,1638382800.798,9,beach,near,shirt,beach,near,beach,near,shirt,beach,near,3085.2559168338776,2021-12-01T18:20:00.798000,1638379715.5420833
23,5,12,12,Random,-9999,a4bcbd180aa381e6,2.0209999084472656,0.1490001678466797,1638382802.974,5,above,fearful,sky,fearful,above,above,fearful,sky,fearful,above,3087.4319167137146,2021-12-01T18:20:02.974000,1638379715.5420833
0,7,25,25,Random,-9999,a4bcbd180aa381e6,1.818000078201294,0.1419999599456787,1638382804.872,7,beside,dawn,dress,dawn,beside,beside,dawn,dress,dawn,beside,3089.329916715622,2021-12-01T18:20:04.872000,1638379715.5420833
5,27,9,9,Random,-9999,a4bcbd180aa381e6,4.213000059127808,0.0820000171661377,1638382809.214,27,dusk,near,above,near,dusk,dusk,near,above,near,dusk,3093.6719167232513,2021-12-01T18:20:09.214000,1638379715.5420833
22,19,14,14,Random,-9999,a4bcbd180aa381e6,2.1690001487731934,0.13099980354309082,1638382811.514,19,watermelon,sad,ocean,sad,watermelon,watermelon,sad,ocean,sad,watermelon,3095.9719166755676,2021-12-01T18:20:11.514000,1638379715.5420833
2,22,7,22,Random,-9999,a4bcbd180aa381e6,24.993000030517578,0.12800002098083496,1638382836.643,7,ocean,beside,shirt,ocean,beside,ocean,beside,shirt,ocean,beside,3121.100916624069,2021-12-01T18:20:36.643000,1638379715.5420833
20,2,5,2,Random,-9999,a4bcbd180aa381e6,5.552000045776367,0.1359999179840088,1638382842.326,5,shirt,above,beach,shirt,above,shirt,above,beach,shirt,above,3126.7839167118073,2021-12-01T18:20:42.326000,1638379715.5420833
14,17,20,20,Random,-9999,a4bcbd180aa381e6,6.832000017166138,0.13100004196166992,1638382849.293,17,mango,beach,sad,beach,mango,mango,beach,sad,beach,mango,3133.7509167194366,2021-12-01T18:20:49.293000,1638379715.5420833
27,19,0,19,Random,-9999,a4bcbd180aa381e6,4.98799991607666,0.13499999046325684,1638382854.416,0,watermelon,dress,dusk,watermelon,dress,watermelon,dress,dusk,watermelon,dress,3138.8739166259766,2021-12-01T18:20:54.416000,1638379715.5420833
22,25,19,25,Random,-9999,a4bcbd180aa381e6,2.693000078201294,0.13499999046325684,1638382857.246,19,dawn,watermelon,ocean,dawn,watermelon,dawn,watermelon,ocean,dawn,watermelon,3141.703916788101,2021-12-01T18:20:57.246000,1638379715.5420833
23,5,3,5,Random,-9999,a4bcbd180aa381e6,1.8859999179840088,0.13900017738342285,1638382859.211,3,above,shoes,sky,above,shoes,above,shoes,sky,above,shoes,3143.6689167022705,2021-12-01T18:20:59.211000,1638379715.5420833
21,17,1,17,Random,-9999,a4bcbd180aa381e6,3.2250001430511475,0.07699990272521973,1638382862.691,1,mango,pants,field,mango,pants,mango,pants,field,mango,pants,3147.148916721344,2021-12-01T18:21:02.691000,1638379715.5420833
25,13,23,13,Random,-9999,a4bcbd180aa381e6,1.7339999675750732,0.3710000514984131,1638382864.616,23,happy,sky,dawn,happy,sky,happy,sky,dawn,happy,sky,3149.0739166736603,2021-12-01T18:21:04.616000,1638379715.5420833
10,12,19,19,Random,-9999,a4bcbd180aa381e6,1.9070000648498535,0.07599997520446777,1638382866.592,12,fearful,watermelon,angry,watermelon,fearful,fearful,watermelon,angry,watermelon,fearful,3151.049916744232,2021-12-01T18:21:06.592000,1638379715.5420833
7,19,29,29,Random,-9999,a4bcbd180aa381e6,2.052000045776367,0.0710000991821289,1638382868.773,19,watermelon,noon,beside,noon,watermelon,watermelon,noon,beside,noon,watermelon,3153.23091673851,2021-12-01T18:21:08.773000,1638379715.5420833
27,8,25,25,Random,-9999,a4bcbd180aa381e6,1.6670000553131104,0.12799978256225586,1638382870.523,8,far,dawn,dusk,dawn,far,far,dawn,dusk,dawn,far,3154.98091673851,2021-12-01T18:21:10.523000,1638379715.5420833
12,21,13,21,Random,-9999,a4bcbd180aa381e6,20.844000101089478,0.07800006866455078,1638382891.503,13,field,happy,fearful,field,happy,field,happy,fearful,field,happy,3175.9609167575836,2021-12-01T18:21:31.503000,1638379715.5420833
12,3,2,3,Random,-9999,a4bcbd180aa381e6,2.5139999389648438,0.14400005340576172,1638382894.154,2,shoes,shirt,fearful,shoes,shirt,shoes,shirt,fearful,shoes,shirt,3178.611916780472,2021-12-01T18:21:34.154000,1638379715.5420833
26,25,4,25,Random,-9999,a4bcbd180aa381e6,1.676999807357788,0.1360001564025879,1638382895.912,4,dawn,socks,day,dawn,socks,dawn,socks,day,dawn,socks,3180.369916677475,2021-12-01T18:21:35.912000,1638379715.5420833
3,13,6,13,Random,-9999,a4bcbd180aa381e6,2.572999954223633,0.07800006866455078,1638382898.621,6,happy,below,shoes,happy,below,happy,below,shoes,happy,below,3183.078916788101,2021-12-01T18:21:38.621000,1638379715.5420833
2,16,13,13,Random,-9999,a4bcbd180aa381e6,3.6080000400543213,0.1380000114440918,1638382902.363,16,lemon,happy,shirt,happy,lemon,lemon,happy,shirt,happy,lemon,3186.8209166526794,2021-12-01T18:21:42.363000,1638379715.5420833
27,3,12,12,Random,-9999,a4bcbd180aa381e6,2.9680001735687256,0.13699984550476074,1638382905.47,3,shoes,fearful,dusk,fearful,shoes,shoes,fearful,dusk,fearful,shoes,3189.927916765213,2021-12-01T18:21:45.470000,1638379715.5420833
23,17,1,1,Random,-9999,a4bcbd180aa381e6,2.2950000762939453,0.13699984550476074,1638382907.904,17,mango,pants,sky,pants,mango,mango,pants,sky,pants,mango,3192.361916780472,2021-12-01T18:21:47.904000,1638379715.5420833
13,5,24,24,Random,-9999,a4bcbd180aa381e6,3.49399995803833,0.1380000114440918,1638382911.537,5,above,sunset,happy,sunset,above,above,sunset,happy,sunset,above,3195.994916677475,2021-12-01T18:21:51.537000,1638379715.5420833
11,19,4,19,Random,-9999,a4bcbd180aa381e6,2.3930001258850098,0.14299988746643066,1638382914.069,4,watermelon,socks,disgust,watermelon,socks,watermelon,socks,disgust,watermelon,socks,3198.526916742325,2021-12-01T18:21:54.069000,1638379715.5420833
22,23,29,23,Random,-9999,a4bcbd180aa381e6,1.553999900817871,0.13899993896484375,1638382915.696,29,sky,noon,ocean,sky,noon,sky,noon,ocean,sky,noon,3200.153916835785,2021-12-01T18:21:55.696000,1638379715.5420833
13,22,23,23,Random,-9999,a4bcbd180aa381e6,6.144999980926514,0.07200002670288086,1638382921.977,22,ocean,sky,happy,sky,ocean,ocean,sky,happy,sky,ocean,3206.4349167346954,2021-12-01T18:22:01.977000,1638379715.5420833
16,4,10,4,Random,-9999,a4bcbd180aa381e6,2.0390000343322754,0.14999985694885254,1638382924.163,10,socks,angry,lemon,socks,angry,socks,angry,lemon,socks,angry,3208.6209168434143,2021-12-01T18:22:04.163000,1638379715.5420833
8,23,22,22,Random,-9999,a4bcbd180aa381e6,2.3450000286102295,0.13400006294250488,1638382926.645,23,sky,ocean,far,ocean,sky,sky,ocean,far,ocean,sky,3211.1029167175293,2021-12-01T18:22:06.645000,1638379715.5420833
28,16,8,8,Random,-9999,a4bcbd180aa381e6,1.9890000820159912,0.14100003242492676,1638382928.78,16,lemon,far,night,far,lemon,lemon,far,night,far,lemon,3213.2379167079926,2021-12-01T18:22:08.780000,1638379715.5420833
23,20,21,20,Random,-9999,a4bcbd180aa381e6,3.3600001335144043,0.14299988746643066,1638382932.281,21,beach,field,sky,beach,field,beach,field,sky,beach,field,3216.7389166355133,2021-12-01T18:22:12.281000,1638379715.5420833
6,8,12,12,Random,-9999,a4bcbd180aa381e6,4.943000078201294,0.14700007438659668,1638382937.364,8,far,fearful,below,fearful,far,far,fearful,below,fearful,far,3221.821916818619,2021-12-01T18:22:17.364000,1638379715.5420833
16,1,23,23,Random,-9999,a4bcbd180aa381e6,5.158999919891357,0.13400006294250488,1638382942.659,1,pants,sky,lemon,sky,pants,pants,sky,lemon,sky,pants,3227.116916656494,2021-12-01T18:22:22.659000,1638379715.5420833
8,1,19,1,Random,-9999,a4bcbd180aa381e6,4.582000017166138,0.21000003814697266,1638382947.453,19,pants,watermelon,far,pants,watermelon,pants,watermelon,far,pants,watermelon,3231.9109168052673,2021-12-01T18:22:27.453000,1638379715.5420833
20,12,7,7,Random,-9999,a4bcbd180aa381e6,5.329999923706055,0.14100003242492676,1638382952.92,12,fearful,beside,beach,beside,fearful,fearful,beside,beach,beside,fearful,3237.3779168128967,2021-12-01T18:22:32.920000,1638379715.5420833
29,6,4,4,Random,-9999,a4bcbd180aa381e6,3.3510000705718994,0.1419999599456787,1638382956.414,6,below,socks,noon,socks,below,below,socks,noon,socks,below,3240.871916770935,2021-12-01T18:22:36.414000,1638379715.5420833
11,12,22,12,Random,-9999,a4bcbd180aa381e6,4.50600004196167,0.1399998664855957,1638382961.062,22,fearful,ocean,disgust,fearful,ocean,fearful,ocean,disgust,fearful,ocean,3245.5199167728424,2021-12-01T18:22:41.062000,1638379715.5420833
3,23,13,23,Random,-9999,a4bcbd180aa381e6,3.5970001220703125,0.13899993896484375,1638382964.798,13,sky,happy,shoes,sky,happy,sky,happy,shoes,sky,happy,3249.2559168338776,2021-12-01T18:22:44.798000,1638379715.5420833
11,12,21,12,Random,-9999,a4bcbd180aa381e6,2.4000000953674316,0.13699984550476074,1638382967.335,21,fearful,field,disgust,fearful,field,fearful,field,disgust,fearful,field,3251.7929167747498,2021-12-01T18:22:47.335000,1638379715.5420833
6,28,20,28,Random,-9999,a4bcbd180aa381e6,6.332000017166138,0.1359999179840088,1638382973.806,20,night,beach,below,night,beach,night,beach,below,night,beach,3258.2639167308807,2021-12-01T18:22:53.806000,1638379715.5420833
29,6,7,7,Random,-9999,a4bcbd180aa381e6,1.9519999027252197,0.14400005340576172,1638382975.933,6,below,beside,noon,beside,below,below,beside,noon,beside,below,3260.390916824341,2021-12-01T18:22:55.933000,1638379715.5420833
27,24,7,24,Random,-9999,a4bcbd180aa381e6,1.940999984741211,0.17400002479553223,1638382978.062,7,sunset,beside,dusk,sunset,beside,sunset,beside,dusk,sunset,beside,3262.5199167728424,2021-12-01T18:22:58.062000,1638379715.5420833
19,6,18,18,Random,-9999,a4bcbd180aa381e6,2.5230000019073486,0.18499994277954102,1638382980.722,6,below,strawberry,watermelon,strawberry,below,below,strawberry,watermelon,strawberry,below,3265.1799166202545,2021-12-01T18:23:00.722000,1638379715.5420833
28,8,7,8,Random,-9999,a4bcbd180aa381e6,4.302999973297119,0.1400001049041748,1638382985.166,7,far,beside,night,far,beside,far,beside,night,far,beside,3269.6239166259766,2021-12-01T18:23:05.166000,1638379715.5420833
13,11,14,11,Random,-9999,a4bcbd180aa381e6,2.2820000648498535,0.1419999599456787,1638382987.587,14,disgust,sad,happy,disgust,sad,disgust,sad,happy,disgust,sad,3272.0449166297913,2021-12-01T18:23:07.587000,1638379715.5420833
14,29,19,29,Random,-9999,a4bcbd180aa381e6,4.476000070571899,0.14399981498718262,1638382992.198,19,noon,watermelon,sad,noon,watermelon,noon,watermelon,sad,noon,watermelon,3276.6559166908264,2021-12-01T18:23:12.198000,1638379715.5420833
18,23,16,23,Random,-9999,a4bcbd180aa381e6,4.3459999561309814,0.12800002098083496,1638382996.717,16,sky,lemon,strawberry,sky,lemon,sky,lemon,strawberry,sky,lemon,3281.174916744232,2021-12-01T18:23:16.717000,1638379715.5420833
21,27,13,13,Random,-9999,a4bcbd180aa381e6,5.230999946594238,0.17499995231628418,1638383002.083,27,dusk,happy,field,happy,dusk,dusk,happy,field,happy,dusk,3286.5409166812897,2021-12-01T18:23:22.083000,1638379715.5420833
18,9,29,29,Random,-9999,a4bcbd180aa381e6,2.8939998149871826,0.1360001564025879,1638383005.117,9,near,noon,strawberry,noon,near,near,noon,strawberry,noon,near,3289.5749168395996,2021-12-01T18:23:25.117000,1638379715.5420833
17,24,20,24,Random,-9999,a4bcbd180aa381e6,2.245000123977661,0.1380000114440918,1638383007.493,20,sunset,beach,mango,sunset,beach,sunset,beach,mango,sunset,beach,3291.9509167671204,2021-12-01T18:23:27.493000,1638379715.5420833
22,25,27,27,Random,-9999,a4bcbd180aa381e6,3.1579999923706055,0.13299989700317383,1638383010.788,25,dawn,dusk,ocean,dusk,dawn,dawn,dusk,ocean,dusk,dawn,3295.2459168434143,2021-12-01T18:23:30.788000,1638379715.5420833
25,15,26,26,Random,-9999,a4bcbd180aa381e6,2.491000175476074,0.13499999046325684,1638383013.413,15,blueberry,day,dawn,day,blueberry,blueberry,day,dawn,day,blueberry,3297.8709168434143,2021-12-01T18:23:33.413000,1638379715.5420833
18,13,9,13,Random,-9999,a4bcbd180aa381e6,2.183000087738037,0.13399982452392578,1638383015.724,9,happy,near,strawberry,happy,near,happy,near,strawberry,happy,near,3300.1819167137146,2021-12-01T18:23:35.724000,1638379715.5420833
6,13,4,4,Random,-9999,a4bcbd180aa381e6,2.306000232696533,0.13299989700317383,1638383018.172,13,happy,socks,below,socks,happy,happy,socks,below,socks,happy,3302.6299166679382,2021-12-01T18:23:38.172000,1638379715.5420833
24,4,21,4,Random,-9999,a4bcbd180aa381e6,3.0429999828338623,0.1399998664855957,1638383021.359,21,socks,field,sunset,socks,field,socks,field,sunset,socks,field,3305.816916704178,2021-12-01T18:23:41.359000,1638379715.5420833
21,13,7,7,Random,-9999,a4bcbd180aa381e6,2.5889999866485596,0.1419999599456787,1638383024.086,13,happy,beside,field,beside,happy,happy,beside,field,beside,happy,3308.5439167022705,2021-12-01T18:23:44.086000,1638379715.5420833
18,25,11,25,Random,-9999,a4bcbd180aa381e6,2.44599986076355,0.13900017738342285,1638383026.673,11,dawn,disgust,strawberry,dawn,disgust,dawn,disgust,strawberry,dawn,disgust,3311.1309168338776,2021-12-01T18:23:46.673000,1638379715.5420833
6,21,28,28,Random,-9999,a4bcbd180aa381e6,2.0390000343322754,0.1400001049041748,1638383028.857,21,field,night,below,night,field,field,night,below,night,field,3313.3149168491364,2021-12-01T18:23:48.857000,1638379715.5420833
13,0,6,0,Random,-9999,a4bcbd180aa381e6,1.7430000305175781,0.14099979400634766,1638383030.675,6,dress,below,happy,dress,below,dress,below,happy,dress,below,3315.132916688919,2021-12-01T18:23:50.675000,1638379715.5420833
21,28,26,26,Random,-9999,a4bcbd180aa381e6,2.1670000553131104,0.07800006866455078,1638383032.97,28,night,day,field,day,night,night,day,field,day,night,3317.427916765213,2021-12-01T18:23:52.970000,1638379715.5420833
5,16,17,17,Random,-9999,a4bcbd180aa381e6,3.1040000915527344,0.12999987602233887,1638383036.214,16,lemon,mango,above,mango,lemon,lemon,mango,above,mango,lemon,3320.6719167232513,2021-12-01T18:23:56.214000,1638379715.5420833
24,28,1,1,Random,-9999,a4bcbd180aa381e6,2.4760000705718994,0.14100003242492676,1638383038.82,28,night,pants,sunset,pants,night,night,pants,sunset,pants,night,3323.2779166698456,2021-12-01T18:23:58.820000,1638379715.5420833
24,2,19,19,Random,-9999,a4bcbd180aa381e6,1.7160000801086426,0.12799978256225586,1638383040.615,2,shirt,watermelon,sunset,watermelon,shirt,shirt,watermelon,sunset,watermelon,shirt,3325.0729167461395,2021-12-01T18:24:00.615000,1638379715.5420833
28,20,14,14,Random,-9999,a4bcbd180aa381e6,1.7749998569488525,0.08700013160705566,1638383042.481,20,beach,sad,night,sad,beach,beach,sad,night,sad,beach,3326.938916683197,2021-12-01T18:24:02.481000,1638379715.5420833
16,22,25,25,Random,-9999,a4bcbd180aa381e6,2.002000093460083,0.07999992370605469,1638383044.626,22,ocean,dawn,lemon,dawn,ocean,ocean,dawn,lemon,dawn,ocean,3329.0839166641235,2021-12-01T18:24:04.626000,1638379715.5420833
10,16,7,16,Random,-9999,a4bcbd180aa381e6,2.5230000019073486,0.14300012588500977,1638383047.286,7,lemon,beside,angry,lemon,beside,lemon,beside,angry,lemon,beside,3331.743916749954,2021-12-01T18:24:07.286000,1638379715.5420833
8,23,29,23,Random,-9999,a4bcbd180aa381e6,2.621999979019165,0.1419999599456787,1638383050.051,29,sky,noon,far,sky,noon,sky,noon,far,sky,noon,3334.5089168548584,2021-12-01T18:24:10.051000,1638379715.5420833
28,17,20,20,Random,-9999,a4bcbd180aa381e6,2.622999906539917,0.14100003242492676,1638383052.81,17,mango,beach,night,beach,mango,mango,beach,night,beach,mango,3337.2679166793823,2021-12-01T18:24:12.810000,1638379715.5420833
5,18,1,18,Random,-9999,a4bcbd180aa381e6,3.306999921798706,0.14499998092651367,1638383056.269,1,strawberry,pants,above,strawberry,pants,strawberry,pants,above,strawberry,pants,3340.7269167900085,2021-12-01T18:24:16.269000,1638379715.5420833
10,6,5,5,Random,-9999,a4bcbd180aa381e6,6.141000032424927,0.1510000228881836,1638383062.558,6,below,above,angry,above,below,below,above,angry,above,below,3347.015916824341,2021-12-01T18:24:22.558000,1638379715.5420833
4,15,8,15,Random,-9999,a4bcbd180aa381e6,2.375,0.1360001564025879,1638383065.067,8,blueberry,far,socks,blueberry,far,blueberry,far,socks,blueberry,far,3349.5249166488647,2021-12-01T18:24:25.067000,1638379715.5420833
8,9,2,2,Random,-9999,a4bcbd180aa381e6,3.680000066757202,0.13899993896484375,1638383068.884,9,near,shirt,far,shirt,near,near,shirt,far,shirt,near,3353.3419167995453,2021-12-01T18:24:28.884000,1638379715.5420833
3,27,6,6,Random,-9999,a4bcbd180aa381e6,3.7899999618530273,0.14299988746643066,1638383072.819,27,dusk,below,shoes,below,dusk,dusk,below,shoes,below,dusk,3357.276916742325,2021-12-01T18:24:32.819000,1638379715.5420833
8,24,29,24,Random,-9999,a4bcbd180aa381e6,4.045000076293945,0.13899993896484375,1638383077.031,29,sunset,noon,far,sunset,noon,sunset,noon,far,sunset,noon,3361.4889166355133,2021-12-01T18:24:37.031000,1638379715.5420833
9,2,21,2,Random,-9999,a4bcbd180aa381e6,2.8580000400543213,0.16700005531311035,1638383080.027,21,shirt,field,near,shirt,field,shirt,field,near,shirt,field,3364.4849166870117,2021-12-01T18:24:40.027000,1638379715.5420833
23,20,4,20,Random,-9999,a4bcbd180aa381e6,2.437000036239624,0.13900017738342285,1638383082.609,4,beach,socks,sky,beach,socks,beach,socks,sky,beach,socks,3367.066916704178,2021-12-01T18:24:42.609000,1638379715.5420833
4,10,26,26,Random,-9999,a4bcbd180aa381e6,2.0219998359680176,0.14800000190734863,1638383084.794,10,angry,day,socks,day,angry,angry,day,socks,day,angry,3369.2519166469574,2021-12-01T18:24:44.794000,1638379715.5420833
2,1,24,24,Random,-9999,a4bcbd180aa381e6,2.8279998302459717,0.15600013732910156,1638383087.759,1,pants,sunset,shirt,sunset,pants,pants,sunset,shirt,sunset,pants,3372.2169167995453,2021-12-01T18:24:47.759000,1638379715.5420833
17,16,21,16,Random,-9999,a4bcbd180aa381e6,2.8370001316070557,0.13899993896484375,1638383090.73,21,lemon,field,mango,lemon,field,lemon,field,mango,lemon,field,3375.1879167556763,2021-12-01T18:24:50.730000,1638379715.5420833
12,29,6,6,Random,-9999,a4bcbd180aa381e6,2.122999906539917,0.13499999046325684,1638383092.997,29,noon,below,fearful,below,noon,noon,below,fearful,below,noon,3377.454916715622,2021-12-01T18:24:52.997000,1638379715.5420833
29,21,17,17,Random,-9999,a4bcbd180aa381e6,5.016000032424927,0.1400001049041748,1638383098.146,21,field,mango,noon,mango,field,field,mango,noon,mango,field,3382.60391664505,2021-12-01T18:24:58.146000,1638379715.5420833
11,15,14,14,Random,-9999,984aad7007ac52cf,4.620999813079834,0.1530001163482666,1638383652.811,15,blueberry,sad,disgust,sad,blueberry,blueberry,sad,disgust,sad,blueberry,3937.2689168453217,2021-12-01T18:34:12.811000,1638379715.5420833
5,28,20,28,Random,-9999,984aad7007ac52cf,2.302999973297119,0.13200020790100098,1638383655.247,20,night,beach,above,night,beach,night,beach,above,night,beach,3939.704916715622,2021-12-01T18:34:15.247000,1638379715.5420833
27,28,13,28,Random,-9999,984aad7007ac52cf,1.4399998188018799,0.1380000114440918,1638383656.791,13,night,happy,dusk,night,happy,night,happy,dusk,night,happy,3941.2489166259766,2021-12-01T18:34:16.791000,1638379715.5420833
9,23,29,29,Random,-9999,984aad7007ac52cf,2.2739999294281006,0.18600010871887207,1638383659.495,23,sky,noon,near,noon,sky,sky,noon,near,noon,sky,3943.952916622162,2021-12-01T18:34:19.495000,1638379715.5420833
11,20,16,16,Random,-9999,984aad7007ac52cf,2.243000030517578,0.14599990844726562,1638383664.035,20,beach,lemon,disgust,lemon,beach,beach,lemon,disgust,lemon,beach,3948.4929168224335,2021-12-01T18:34:24.035000,1638379715.5420833
14,2,3,2,Random,-9999,984aad7007ac52cf,2.361999988555908,0.24900007247924805,1638383666.702,3,shirt,shoes,sad,shirt,shoes,shirt,shoes,sad,shirt,shoes,3951.159916639328,2021-12-01T18:34:26.702000,1638379715.5420833
0,17,22,17,Random,-9999,984aad7007ac52cf,2.3990001678466797,0.1940000057220459,1638383669.248,22,mango,ocean,dress,mango,ocean,mango,ocean,dress,mango,ocean,3953.7059166431427,2021-12-01T18:34:29.248000,1638379715.5420833
10,11,27,11,Random,-9999,984aad7007ac52cf,1.6410000324249268,0.28600001335144043,1638383671.102,27,disgust,dusk,angry,disgust,dusk,disgust,dusk,angry,disgust,dusk,3955.5599167346954,2021-12-01T18:34:31.102000,1638379715.5420833
21,20,1,20,Random,-9999,984aad7007ac52cf,1.875,0.16499996185302734,1638383675.186,1,beach,pants,field,beach,pants,beach,pants,field,beach,pants,3959.6439168453217,2021-12-01T18:34:35.186000,1638379715.5420833
13,7,0,7,Random,-9999,984aad7007ac52cf,2.8489999771118164,0.1360001564025879,1638383678.235,0,beside,dress,happy,beside,dress,beside,dress,happy,beside,dress,3962.6929166316986,2021-12-01T18:34:38.235000,1638379715.5420833
21,1,0,0,Random,-9999,984aad7007ac52cf,5.221999883651733,0.2650001049041748,1638383685.95,1,pants,dress,field,dress,pants,pants,dress,field,dress,pants,3970.4079167842865,2021-12-01T18:34:45.950000,1638379715.5420833
5,14,22,22,Random,-9999,984aad7007ac52cf,3.009000062942505,0.1380000114440918,1638383689.104,14,sad,ocean,above,ocean,sad,sad,ocean,above,ocean,sad,3973.5619168281555,2021-12-01T18:34:49.104000,1638379715.5420833
24,9,15,9,Random,-9999,984aad7007ac52cf,2.684999942779541,0.14400005340576172,1638383691.926,15,near,blueberry,sunset,near,blueberry,near,blueberry,sunset,near,blueberry,3976.3839168548584,2021-12-01T18:34:51.926000,1638379715.5420833
22,17,27,17,Random,-9999,984aad7007ac52cf,2.486999988555908,0.1380000114440918,1638383694.679,27,mango,dusk,ocean,mango,dusk,mango,dusk,ocean,mango,dusk,3979.1369166374207,2021-12-01T18:34:54.679000,1638379715.5420833
24,21,26,26,Random,-9999,984aad7007ac52cf,1.694000005722046,0.27300000190734863,1638383696.45,21,field,day,sunset,day,field,field,day,sunset,day,field,3980.9079167842865,2021-12-01T18:34:56.450000,1638379715.5420833
17,24,1,24,Random,-9999,984aad7007ac52cf,1.6659998893737793,0.33500003814697266,1638383700.486,1,sunset,pants,mango,sunset,pants,sunset,pants,mango,sunset,pants,3984.943916797638,2021-12-01T18:35:00.486000,1638379715.5420833
24,10,7,7,Random,-9999,984aad7007ac52cf,2.4810001850128174,0.1359999179840088,1638383703.181,10,angry,beside,sunset,beside,angry,angry,beside,sunset,beside,angry,3987.6389167308807,2021-12-01T18:35:03.181000,1638379715.5420833
21,0,15,0,Random,-9999,984aad7007ac52cf,2.3450000286102295,0.14299988746643066,1638383705.651,15,dress,blueberry,field,dress,blueberry,dress,blueberry,field,dress,blueberry,3990.108916759491,2021-12-01T18:35:05.651000,1638379715.5420833
9,24,0,24,Random,-9999,984aad7007ac52cf,3.2250001430511475,0.13899993896484375,1638383709.028,0,sunset,dress,near,sunset,dress,sunset,dress,near,sunset,dress,3993.485916852951,2021-12-01T18:35:09.028000,1638379715.5420833
24,2,21,21,Random,-9999,984aad7007ac52cf,1.6649999618530273,0.15599989891052246,1638383710.777,2,shirt,field,sunset,field,shirt,shirt,field,sunset,field,shirt,3995.2349166870117,2021-12-01T18:35:10.777000,1638379715.5420833
17,19,14,19,Random,-9999,984aad7007ac52cf,1.8559999465942383,0.07899999618530273,1638383712.712,14,watermelon,sad,mango,watermelon,sad,watermelon,sad,mango,watermelon,sad,3997.1699166297913,2021-12-01T18:35:12.712000,1638379715.5420833
29,14,22,22,Random,-9999,984aad7007ac52cf,1.6140000820159912,0.13499999046325684,1638383714.537,14,sad,ocean,noon,ocean,sad,sad,ocean,noon,ocean,sad,3998.994916677475,2021-12-01T18:35:14.537000,1638379715.5420833
11,18,14,14,Random,-9999,984aad7007ac52cf,1.4909999370574951,0.15999984741210938,1638383718.255,18,strawberry,sad,disgust,sad,strawberry,strawberry,sad,disgust,sad,strawberry,4002.7129168510437,2021-12-01T18:35:18.255000,1638379715.5420833
28,1,4,1,Random,-9999,984aad7007ac52cf,3.0829999446868896,0.15900015830993652,1638383721.558,4,pants,socks,night,pants,socks,pants,socks,night,pants,socks,4006.015916824341,2021-12-01T18:35:21.558000,1638379715.5420833
19,18,12,18,Random,-9999,984aad7007ac52cf,1.4240000247955322,0.14599990844726562,1638383723.065,12,strawberry,fearful,watermelon,strawberry,fearful,strawberry,fearful,watermelon,strawberry,fearful,4007.5229167938232,2021-12-01T18:35:23.065000,1638379715.5420833
3,20,22,20,Random,-9999,984aad7007ac52cf,2.694000005722046,0.2980000972747803,1638383728.187,22,beach,ocean,shoes,beach,ocean,beach,ocean,shoes,beach,ocean,4012.6449167728424,2021-12-01T18:35:28.187000,1638379715.5420833
12,0,6,6,Random,-9999,984aad7007ac52cf,2.13700008392334,0.20599985122680664,1638383732.607,0,dress,below,fearful,below,dress,dress,below,fearful,below,dress,4017.0649168491364,2021-12-01T18:35:32.607000,1638379715.5420833
21,25,7,25,Random,-9999,984aad7007ac52cf,1.8379998207092285,0.24600005149841309,1638383736.704,7,dawn,beside,field,dawn,beside,dawn,beside,field,dawn,beside,4021.161916732788,2021-12-01T18:35:36.704000,1638379715.5420833
17,12,11,12,Random,-9999,984aad7007ac52cf,2.8529999256134033,0.13700008392333984,1638383739.781,11,fearful,disgust,mango,fearful,disgust,fearful,disgust,mango,fearful,disgust,4024.2389166355133,2021-12-01T18:35:39.781000,1638379715.5420833
1,16,8,8,Random,-9999,984aad7007ac52cf,2.184000015258789,0.16499996185302734,1638383742.211,16,lemon,far,pants,far,lemon,lemon,far,pants,far,lemon,4026.6689167022705,2021-12-01T18:35:42.211000,1638379715.5420833
13,11,23,23,Random,-9999,984aad7007ac52cf,3.30400013923645,0.24099993705749512,1638383745.65,11,disgust,sky,happy,sky,disgust,disgust,sky,happy,sky,disgust,4030.10791683197,2021-12-01T18:35:45.650000,1638379715.5420833
24,18,8,18,Random,-9999,984aad7007ac52cf,2.128999948501587,0.13300013542175293,1638383747.912,8,strawberry,far,sunset,strawberry,far,strawberry,far,sunset,strawberry,far,4032.369916677475,2021-12-01T18:35:47.912000,1638379715.5420833
1,5,11,5,Random,-9999,984aad7007ac52cf,2.0490000247955322,0.26799988746643066,1638383750.266,11,above,disgust,pants,above,disgust,above,disgust,pants,above,disgust,4034.7239167690277,2021-12-01T18:35:50.266000,1638379715.5420833
16,15,29,15,Random,-9999,984aad7007ac52cf,1.6599998474121094,0.1770000457763672,1638383752.005,29,blueberry,noon,lemon,blueberry,noon,blueberry,noon,lemon,blueberry,noon,4036.4629168510437,2021-12-01T18:35:52.005000,1638379715.5420833
6,8,21,21,Random,-9999,984aad7007ac52cf,2.1419999599456787,0.07800006866455078,1638383754.283,8,far,field,below,field,far,far,field,below,field,far,4038.7409167289734,2021-12-01T18:35:54.283000,1638379715.5420833
29,22,5,5,Random,-9999,984aad7007ac52cf,1.4909999370574951,0.192000150680542,1638383755.911,22,ocean,above,noon,above,ocean,ocean,above,noon,above,ocean,4040.368916749954,2021-12-01T18:35:55.911000,1638379715.5420833
20,5,6,6,Random,-9999,984aad7007ac52cf,2.428999900817871,0.08299994468688965,1638383758.479,5,above,below,beach,below,above,above,below,beach,below,above,4042.9369168281555,2021-12-01T18:35:58.479000,1638379715.5420833
21,11,8,8,Random,-9999,984aad7007ac52cf,2.0809998512268066,0.14600014686584473,1638383760.703,11,disgust,far,field,far,disgust,disgust,far,field,far,disgust,4045.1609168052673,2021-12-01T18:36:00.703000,1638379715.5420833
12,1,20,20,Random,-9999,984aad7007ac52cf,2.611999988555908,0.13700008392333984,1638383763.458,1,pants,beach,fearful,beach,pants,pants,beach,fearful,beach,pants,4047.9159166812897,2021-12-01T18:36:03.458000,1638379715.5420833
20,18,12,12,Random,-9999,984aad7007ac52cf,3.1369998455047607,0.1380000114440918,1638383766.727,18,strawberry,fearful,beach,fearful,strawberry,strawberry,fearful,beach,fearful,strawberry,4051.1849167346954,2021-12-01T18:36:06.727000,1638379715.5420833
29,23,3,23,Random,-9999,984aad7007ac52cf,3.1409997940063477,0.13700008392333984,1638383770.208,3,sky,shoes,noon,sky,shoes,sky,shoes,noon,sky,shoes,4054.6659166812897,2021-12-01T18:36:10.208000,1638379715.5420833
9,19,29,29,Random,-9999,984aad7007ac52cf,1.6800000667572021,0.33500003814697266,1638383771.966,19,watermelon,noon,near,noon,watermelon,watermelon,noon,near,noon,watermelon,4056.4239168167114,2021-12-01T18:36:11.966000,1638379715.5420833
20,9,19,19,Random,-9999,984aad7007ac52cf,2.4560000896453857,0.07899999618530273,1638383774.553,9,near,watermelon,beach,watermelon,near,near,watermelon,beach,watermelon,near,4059.0109167099,2021-12-01T18:36:14.553000,1638379715.5420833
20,1,16,16,Random,-9999,984aad7007ac52cf,3.4050002098083496,0.21199989318847656,1638383780.314,1,pants,lemon,beach,lemon,pants,pants,lemon,beach,lemon,pants,4064.771916627884,2021-12-01T18:36:20.314000,1638379715.5420833
16,18,4,18,Random,-9999,984aad7007ac52cf,1.2760000228881836,0.1549999713897705,1638383781.673,4,strawberry,socks,lemon,strawberry,socks,strawberry,socks,lemon,strawberry,socks,4066.1309168338776,2021-12-01T18:36:21.673000,1638379715.5420833
11,12,1,12,Random,-9999,984aad7007ac52cf,1.4029998779296875,0.0840001106262207,1638383783.154,1,fearful,pants,disgust,fearful,pants,fearful,pants,disgust,fearful,pants,4067.611916780472,2021-12-01T18:36:23.154000,1638379715.5420833
26,24,22,24,Random,-9999,984aad7007ac52cf,1.3499999046325684,0.08000016212463379,1638383784.583,22,sunset,ocean,day,sunset,ocean,sunset,ocean,day,sunset,ocean,4069.0409166812897,2021-12-01T18:36:24.583000,1638379715.5420833
1,9,14,9,Random,-9999,984aad7007ac52cf,2.1680002212524414,0.07699990272521973,1638383786.966,14,near,sad,pants,near,sad,near,sad,pants,near,sad,4071.4239168167114,2021-12-01T18:36:26.966000,1638379715.5420833
7,19,17,17,Random,-9999,984aad7007ac52cf,2.180999994277954,0.1419999599456787,1638383791.502,19,watermelon,mango,beside,mango,watermelon,watermelon,mango,beside,mango,watermelon,4075.959916830063,2021-12-01T18:36:31.502000,1638379715.5420833
8,20,3,20,Random,-9999,984aad7007ac52cf,1.8980000019073486,0.21700000762939453,1638383793.479,3,beach,shoes,far,beach,shoes,beach,shoes,far,beach,shoes,4077.9369168281555,2021-12-01T18:36:33.479000,1638379715.5420833
1,14,4,4,Random,-9999,984aad7007ac52cf,1.753000020980835,0.13399982452392578,1638383795.359,14,sad,socks,pants,socks,sad,sad,socks,pants,socks,sad,4079.816916704178,2021-12-01T18:36:35.359000,1638379715.5420833
10,13,5,13,Random,-9999,984aad7007ac52cf,2.315000057220459,0.07599997520446777,1638383797.876,5,happy,above,angry,happy,above,happy,above,angry,happy,above,4082.3339166641235,2021-12-01T18:36:37.876000,1638379715.5420833
0,13,27,13,Random,-9999,984aad7007ac52cf,2.3489999771118164,0.20199990272521973,1638383800.367,27,happy,dusk,dress,happy,dusk,happy,dusk,dress,happy,dusk,4084.8249168395996,2021-12-01T18:36:40.367000,1638379715.5420833
8,25,27,27,Random,-9999,984aad7007ac52cf,1.7430000305175781,0.2569999694824219,1638383802.32,25,dawn,dusk,far,dusk,dawn,dawn,dusk,far,dusk,dawn,4086.7779166698456,2021-12-01T18:36:42.320000,1638379715.5420833
14,24,1,1,Random,-9999,984aad7007ac52cf,2.5349998474121094,0.12400007247924805,1638383805.155,24,sunset,pants,sad,pants,sunset,sunset,pants,sad,pants,sunset,4089.6129167079926,2021-12-01T18:36:45.155000,1638379715.5420833
0,14,12,14,Random,-9999,984aad7007ac52cf,2.38100004196167,0.2779998779296875,1638383807.678,12,sad,fearful,dress,sad,fearful,sad,fearful,dress,sad,fearful,4092.1359167099,2021-12-01T18:36:47.678000,1638379715.5420833
7,6,1,6,Random,-9999,984aad7007ac52cf,1.806999921798706,0.29200005531311035,1638383811.802,1,below,pants,beside,below,pants,below,pants,beside,below,pants,4096.259916782379,2021-12-01T18:36:51.802000,1638379715.5420833
5,1,26,26,Random,-9999,984aad7007ac52cf,2.2840001583099365,0.2909998893737793,1638383814.437,1,pants,day,above,day,pants,pants,day,above,day,pants,4098.894916772842,2021-12-01T18:36:54.437000,1638379715.5420833
17,19,16,19,Random,-9999,984aad7007ac52cf,1.315999984741211,0.2049999237060547,1638383815.904,16,watermelon,lemon,mango,watermelon,lemon,watermelon,lemon,mango,watermelon,lemon,4100.361916780472,2021-12-01T18:36:55.904000,1638379715.5420833
4,3,16,3,Random,-9999,984aad7007ac52cf,3.0959999561309814,0.10800004005432129,1638383819.182,16,shoes,lemon,socks,shoes,lemon,shoes,lemon,socks,shoes,lemon,4103.6399166584015,2021-12-01T18:36:59.182000,1638379715.5420833
5,4,27,27,Random,-9999,984aad7007ac52cf,1.8489999771118164,0.17599987983703613,1638383821.128,4,socks,dusk,above,dusk,socks,socks,dusk,above,dusk,socks,4105.585916757584,2021-12-01T18:37:01.128000,1638379715.5420833
23,28,20,28,Random,-9999,984aad7007ac52cf,1.746000051498413,0.0839998722076416,1638383822.952,20,night,beach,sky,night,beach,night,beach,sky,night,beach,4107.409916639328,2021-12-01T18:37:02.952000,1638379715.5420833
8,28,12,12,Random,-9999,984aad7007ac52cf,2.822999954223633,0.14400005340576172,1638383828.064,28,night,fearful,far,fearful,night,night,fearful,far,fearful,night,4112.521916627884,2021-12-01T18:37:08.064000,1638379715.5420833
8,29,18,29,Random,-9999,984aad7007ac52cf,1.691999912261963,0.1380000114440918,1638383829.833,18,noon,strawberry,far,noon,strawberry,noon,strawberry,far,noon,strawberry,4114.29091668129,2021-12-01T18:37:09.833000,1638379715.5420833
22,20,8,20,Random,-9999,984aad7007ac52cf,1.6090002059936523,0.07299995422363281,1638383831.523,8,beach,far,ocean,beach,far,beach,far,ocean,beach,far,4115.98091673851,2021-12-01T18:37:11.523000,1638379715.5420833
0,9,23,9,Random,-9999,984aad7007ac52cf,2.2659997940063477,0.09200000762939453,1638383833.94,23,near,sky,dress,near,sky,near,sky,dress,near,sky,4118.397916793823,2021-12-01T18:37:13.940000,1638379715.5420833
3,18,13,13,Random,-9999,984aad7007ac52cf,1.8269999027252197,0.13900017738342285,1638383835.842,18,strawberry,happy,shoes,happy,strawberry,strawberry,happy,shoes,happy,strawberry,4120.299916744232,2021-12-01T18:37:15.842000,1638379715.5420833
16,19,18,18,Random,-9999,984aad7007ac52cf,1.8840000629425049,0.07699990272521973,1638383837.8,19,watermelon,strawberry,lemon,strawberry,watermelon,watermelon,strawberry,lemon,strawberry,watermelon,4122.257916688919,2021-12-01T18:37:17.800000,1638379715.5420833
25,1,15,1,Random,-9999,984aad7007ac52cf,3.322000026702881,0.07500004768371582,1638383841.261,15,pants,blueberry,dawn,pants,blueberry,pants,blueberry,dawn,pants,blueberry,4125.718916654587,2021-12-01T18:37:21.261000,1638379715.5420833
16,15,0,15,Random,-9999,984aad7007ac52cf,1.1460001468658447,0.14699983596801758,1638383842.494,0,blueberry,dress,lemon,blueberry,dress,blueberry,dress,lemon,blueberry,dress,4126.951916694641,2021-12-01T18:37:22.494000,1638379715.5420833
10,13,7,13,Random,-9999,984aad7007ac52cf,1.3350000381469727,0.08100008964538574,1638383843.91,7,happy,beside,angry,happy,beside,happy,beside,angry,happy,beside,4128.3679168224335,2021-12-01T18:37:23.910000,1638379715.5420833
12,18,4,4,Random,-9999,984aad7007ac52cf,1.4800000190734863,0.08099985122680664,1638383845.47,18,strawberry,socks,fearful,socks,strawberry,strawberry,socks,fearful,socks,strawberry,4129.927916765213,2021-12-01T18:37:25.470000,1638379715.5420833
16,21,6,21,Random,-9999,984aad7007ac52cf,2.57099986076355,0.08800005912780762,1638383848.194,6,field,below,lemon,field,below,field,below,lemon,field,below,4132.651916742325,2021-12-01T18:37:28.194000,1638379715.5420833
9,5,25,5,Random,-9999,984aad7007ac52cf,1.6449999809265137,0.14400005340576172,1638383849.92,25,above,dawn,near,above,dawn,above,dawn,near,above,dawn,4134.377916812897,2021-12-01T18:37:29.920000,1638379715.5420833
4,29,26,29,Random,-9999,984aad7007ac52cf,2.6600000858306885,0.2329998016357422,1638383854.926,26,noon,day,socks,noon,day,noon,day,socks,noon,day,4139.383916854858,2021-12-01T18:37:34.926000,1638379715.5420833
22,10,19,19,Random,-9999,984aad7007ac52cf,7.270999908447266,0.33100008964538574,1638383862.546,10,angry,watermelon,ocean,watermelon,angry,angry,watermelon,ocean,watermelon,angry,4147.0039167404175,2021-12-01T18:37:42.546000,1638379715.5420833
28,4,25,25,Random,-9999,984aad7007ac52cf,1.50600004196167,0.15799999237060547,1638383864.156,4,socks,dawn,night,dawn,socks,socks,dawn,night,dawn,socks,4148.613916635513,2021-12-01T18:37:44.156000,1638379715.5420833
25,19,3,19,Random,-9999,984aad7007ac52cf,1.6369998455047607,0.10400009155273438,1638383865.872,3,watermelon,shoes,dawn,watermelon,shoes,watermelon,shoes,dawn,watermelon,shoes,4150.329916715622,2021-12-01T18:37:45.872000,1638379715.5420833
3,13,10,10,Random,-9999,984aad7007ac52cf,3.0899999141693115,0.18000006675720215,1638383869.243,13,happy,angry,shoes,angry,happy,happy,angry,shoes,angry,happy,4153.70091676712,2021-12-01T18:37:49.243000,1638379715.5420833
23,0,6,0,Random,-9999,984aad7007ac52cf,2.3949999809265137,0.18199992179870605,1638383871.94,6,dress,below,sky,dress,below,dress,below,sky,dress,below,4156.397916793823,2021-12-01T18:37:51.940000,1638379715.5420833
25,6,20,6,Random,-9999,984aad7007ac52cf,1.7200000286102295,0.30499982833862305,1638383873.767,20,below,beach,dawn,below,beach,below,beach,dawn,below,beach,4158.2249166965485,2021-12-01T18:37:53.767000,1638379715.5420833
20,10,0,10,Random,-9999,984aad7007ac52cf,2.2759997844696045,0.10600018501281738,1638383876.195,0,angry,dress,beach,angry,dress,angry,dress,beach,angry,dress,4160.652916669846,2021-12-01T18:37:56.195000,1638379715.5420833
8,9,23,9,Random,-9999,984aad7007ac52cf,1.871000051498413,0.14499998092651367,1638383880.347,23,near,sky,far,near,sky,near,sky,far,near,sky,4164.8049166202545,2021-12-01T18:38:00.347000,1638379715.5420833
28,9,17,9,Random,-9999,984aad7007ac52cf,1.568000078201294,0.1399998664855957,1638383882.061,17,near,mango,night,near,mango,near,mango,night,near,mango,4166.518916845322,2021-12-01T18:38:02.061000,1638379715.5420833
24,19,4,19,Random,-9999,984aad7007ac52cf,1.7179999351501465,0.07899999618530273,1638383883.87,4,watermelon,socks,sunset,watermelon,socks,watermelon,socks,sunset,watermelon,socks,4168.327916622162,2021-12-01T18:38:03.870000,1638379715.5420833
3,6,24,6,Random,-9999,984aad7007ac52cf,1.5739998817443848,0.09500002861022949,1638383885.569,24,below,sunset,shoes,below,sunset,below,sunset,shoes,below,sunset,4170.026916742325,2021-12-01T18:38:05.569000,1638379715.5420833
13,1,9,1,Random,-9999,984aad7007ac52cf,1.816999912261963,0.125,1638383887.458,9,pants,near,happy,pants,near,pants,near,happy,pants,near,4171.91591668129,2021-12-01T18:38:07.458000,1638379715.5420833
26,9,25,25,Random,-9999,984aad7007ac52cf,1.7430000305175781,0.2330000400543213,1638383889.44,9,near,dawn,day,dawn,near,near,dawn,day,dawn,near,4173.897916793823,2021-12-01T18:38:09.440000,1638379715.5420833
16,27,9,27,Random,-9999,984aad7007ac52cf,1.7409999370574951,0.07999992370605469,1638383891.26,9,dusk,near,lemon,dusk,near,dusk,near,lemon,dusk,near,4175.717916727066,2021-12-01T18:38:11.260000,1638379715.5420833
7,22,4,22,Random,-9999,984aad7007ac52cf,2.9059998989105225,0.13900017738342285,1638383898.576,4,ocean,socks,beside,ocean,socks,ocean,socks,beside,ocean,socks,4183.033916711807,2021-12-01T18:38:18.576000,1638379715.5420833
3,4,16,4,Random,-9999,984aad7007ac52cf,1.505000114440918,0.1359999179840088,1638383900.158,16,socks,lemon,shoes,socks,lemon,socks,lemon,shoes,socks,lemon,4184.615916728973,2021-12-01T18:38:20.158000,1638379715.5420833
10,28,19,28,Random,-9999,984aad7007ac52cf,2.4000000953674316,0.07999992370605469,1638383902.707,19,night,watermelon,angry,night,watermelon,night,watermelon,angry,night,watermelon,4187.164916753769,2021-12-01T18:38:22.707000,1638379715.5420833
7,1,0,1,Random,-9999,984aad7007ac52cf,4.312999963760376,0.14499998092651367,1638383907.163,0,pants,dress,beside,pants,dress,pants,dress,beside,pants,dress,4191.620916843414,2021-12-01T18:38:27.163000,1638379715.5420833
23,22,24,22,Random,-9999,984aad7007ac52cf,1.3630001544952393,0.1419999599456787,1638383908.716,24,ocean,sunset,sky,ocean,sunset,ocean,sunset,sky,ocean,sunset,4193.173916816711,2021-12-01T18:38:28.716000,1638379715.5420833
23,9,11,9,Random,-9999,984aad7007ac52cf,2.2039999961853027,0.1939997673034668,1638383911.277,11,near,disgust,sky,near,disgust,near,disgust,sky,near,disgust,4195.734916687012,2021-12-01T18:38:31.277000,1638379715.5420833
27,26,12,26,Random,-9999,984aad7007ac52cf,1.636000156402588,0.35500001907348633,1638383912.985,12,day,fearful,dusk,day,fearful,day,fearful,dusk,day,fearful,4197.442916631699,2021-12-01T18:38:32.985000,1638379715.5420833
13,19,14,14,Random,-9999,984aad7007ac52cf,1.807999849319458,0.16000008583068848,1638383917.007,19,watermelon,sad,happy,sad,watermelon,watermelon,sad,happy,sad,watermelon,4201.464916706085,2021-12-01T18:38:37.007000,1638379715.5420833
10,18,25,25,Random,-9999,984aad7007ac52cf,2.0180001258850098,0.1380000114440918,1638383919.219,18,strawberry,dawn,angry,dawn,strawberry,strawberry,dawn,angry,dawn,strawberry,4203.676916837692,2021-12-01T18:38:39.219000,1638379715.5420833
4,11,7,11,Random,-9999,984aad7007ac52cf,2.5959999561309814,0.1360001564025879,1638383921.95,7,disgust,beside,socks,disgust,beside,disgust,beside,socks,disgust,beside,4206.4079167842865,2021-12-01T18:38:41.950000,1638379715.5420833
21,15,22,15,Random,-9999,984aad7007ac52cf,1.8020000457763672,0.13899993896484375,1638383923.829,22,blueberry,ocean,field,blueberry,ocean,blueberry,ocean,field,blueberry,ocean,4208.286916732788,2021-12-01T18:38:43.829000,1638379715.5420833
26,29,3,29,Random,-9999,984aad7007ac52cf,1.5500001907348633,0.09299993515014648,1638383925.477,3,noon,shoes,day,noon,shoes,noon,shoes,day,noon,shoes,4209.934916734695,2021-12-01T18:38:45.477000,1638379715.5420833
5,21,10,21,Random,-9999,984aad7007ac52cf,1.6019999980926514,0.0820000171661377,1638383927.159,10,field,angry,above,field,angry,field,angry,above,field,angry,4211.616916656494,2021-12-01T18:38:47.159000,1638379715.5420833
15,6,25,25,Random,-9999,984aad7007ac52cf,1.9019999504089355,0.08100008964538574,1638383929.142,6,below,dawn,blueberry,dawn,below,below,dawn,blueberry,dawn,below,4213.5999166965485,2021-12-01T18:38:49.142000,1638379715.5420833
1,21,12,12,Random,-9999,984aad7007ac52cf,2.8519999980926514,0.2049999237060547,1638383934.471,21,field,fearful,pants,fearful,field,field,fearful,pants,fearful,field,4218.928916692734,2021-12-01T18:38:54.471000,1638379715.5420833
27,12,22,12,Random,-9999,984aad7007ac52cf,1.7900002002716064,0.18599987030029297,1638383938.538,22,fearful,ocean,dusk,fearful,ocean,fearful,ocean,dusk,fearful,ocean,4222.995916843414,2021-12-01T18:38:58.538000,1638379715.5420833
11,10,28,10,Random,-9999,984aad7007ac52cf,2.1570000648498535,0.1919999122619629,1638383940.889,28,angry,night,disgust,angry,night,angry,night,disgust,angry,night,4225.346916675568,2021-12-01T18:39:00.889000,1638379715.5420833
23,22,1,22,Random,-9999,984aad7007ac52cf,2.3450000286102295,0.1360001564025879,1638383943.37,1,ocean,pants,sky,ocean,pants,ocean,pants,sky,ocean,pants,4227.827916622162,2021-12-01T18:39:03.370000,1638379715.5420833
6,17,7,7,Random,-9999,984aad7007ac52cf,1.9149999618530273,0.14100003242492676,1638383945.367,17,mango,beside,below,beside,mango,mango,beside,below,beside,mango,4229.8249168396,2021-12-01T18:39:05.367000,1638379715.5420833
26,28,6,28,Random,-9999,984aad7007ac52cf,1.2390000820159912,0.07699990272521973,1638383946.681,6,night,below,day,night,below,night,below,day,night,below,4231.138916730881,2021-12-01T18:39:06.681000,1638379715.5420833
4,23,0,0,Random,-9999,984aad7007ac52cf,1.5350000858306885,0.12399983406066895,1638383948.497,23,sky,dress,socks,dress,sky,sky,dress,socks,dress,sky,4232.954916715622,2021-12-01T18:39:08.497000,1638379715.5420833
28,4,20,20,Random,-9999,984aad7007ac52cf,2.3470001220703125,0.23799991607666016,1638383951.047,4,socks,beach,night,beach,socks,socks,beach,night,beach,socks,4235.504916667938,2021-12-01T18:39:11.047000,1638379715.5420833
29,21,10,21,Random,-9999,984aad7007ac52cf,1.754000186920166,0.13399982452392578,1638383957.255,10,field,angry,noon,field,angry,field,angry,noon,field,angry,4241.712916851044,2021-12-01T18:39:17.255000,1638379715.5420833
9,26,1,26,Random,-9999,984aad7007ac52cf,2.236999988555908,0.1360001564025879,1638383959.683,1,day,pants,near,day,pants,day,pants,near,day,pants,4244.140916824341,2021-12-01T18:39:19.683000,1638379715.5420833
10,0,7,7,Random,-9999,984aad7007ac52cf,3.8559999465942383,0.16100001335144043,1638383965.864,0,dress,beside,angry,beside,dress,dress,beside,angry,beside,dress,4250.321916818619,2021-12-01T18:39:25.864000,1638379715.5420833
17,1,29,29,Random,-9999,984aad7007ac52cf,1.5439999103546143,0.15600013732910156,1638383967.488,1,pants,noon,mango,noon,pants,pants,noon,mango,noon,pants,4251.945916652679,2021-12-01T18:39:27.488000,1638379715.5420833
18,4,19,19,Random,-9999,984aad7007ac52cf,1.5260000228881836,0.0839998722076416,1638383969.088,4,socks,watermelon,strawberry,watermelon,socks,socks,watermelon,strawberry,watermelon,socks,4253.545916795731,2021-12-01T18:39:29.088000,1638379715.5420833
4,28,7,28,Random,-9999,984aad7007ac52cf,2.0959999561309814,0.07400012016296387,1638383971.323,7,night,beside,socks,night,beside,night,beside,socks,night,beside,4255.780916690826,2021-12-01T18:39:31.323000,1638379715.5420833
1,28,21,21,Random,-9999,984aad7007ac52cf,1.6720001697540283,0.13399982452392578,1638383973.071,28,night,field,pants,field,night,night,field,pants,field,night,4257.528916835785,2021-12-01T18:39:33.071000,1638379715.5420833
27,0,24,24,Random,-9999,984aad7007ac52cf,2.1700000762939453,0.08099985122680664,1638383975.382,0,dress,sunset,dusk,sunset,dress,dress,sunset,dusk,sunset,dress,4259.839916706085,2021-12-01T18:39:35.382000,1638379715.5420833
23,9,1,1,Random,-9999,984aad7007ac52cf,1.75,0.15400004386901855,1638383977.225,9,near,pants,sky,pants,near,near,pants,sky,pants,near,4261.682916641235,2021-12-01T18:39:37.225000,1638379715.5420833
5,3,24,24,Random,-9999,984aad7007ac52cf,2.696000099182129,0.09099984169006348,1638383980.081,3,shoes,sunset,above,sunset,shoes,shoes,sunset,above,sunset,shoes,4264.538916826248,2021-12-01T18:39:40.081000,1638379715.5420833
15,23,21,21,Random,-9999,984aad7007ac52cf,2.36299991607666,0.14499998092651367,1638383982.576,23,sky,field,blueberry,field,sky,sky,field,blueberry,field,sky,4267.033916711807,2021-12-01T18:39:42.576000,1638379715.5420833
26,14,21,14,Random,-9999,984aad7007ac52cf,2.4579999446868896,0.1360001564025879,1638383985.181,21,sad,field,day,sad,field,sad,field,day,sad,field,4269.638916730881,2021-12-01T18:39:45.181000,1638379715.5420833
18,22,15,15,Random,-9999,984aad7007ac52cf,1.4909999370574951,0.1419999599456787,1638383986.756,22,ocean,blueberry,strawberry,blueberry,ocean,ocean,blueberry,strawberry,blueberry,ocean,4271.213916778564,2021-12-01T18:39:46.756000,1638379715.5420833
25,0,14,14,Random,-9999,984aad7007ac52cf,1.6140000820159912,0.09500002861022949,1638383988.454,0,dress,sad,dawn,sad,dress,dress,sad,dawn,sad,dress,4272.911916732788,2021-12-01T18:39:48.454000,1638379715.5420833
24,0,1,0,Random,-9999,984aad7007ac52cf,2.3559999465942383,0.08300018310546875,1638383990.957,1,dress,pants,sunset,dress,pants,dress,pants,sunset,dress,pants,4275.414916753769,2021-12-01T18:39:50.957000,1638379715.5420833
2,25,26,25,Random,-9999,984aad7007ac52cf,3.8899998664855957,0.14899992942810059,1638383994.988,26,dawn,day,shirt,dawn,day,dawn,day,shirt,dawn,day,4279.445916652679,2021-12-01T18:39:54.988000,1638379715.5420833
16,4,5,5,Random,-9999,984aad7007ac52cf,1.566999912261963,0.1400001049041748,1638383996.643,4,socks,above,lemon,above,socks,socks,above,lemon,above,socks,4281.100916624069,2021-12-01T18:39:56.643000,1638379715.5420833
24,22,26,26,Random,-9999,984aad7007ac52cf,2.4000000953674316,0.08099985122680664,1638383999.181,22,ocean,day,sunset,day,ocean,ocean,day,sunset,day,ocean,4283.638916730881,2021-12-01T18:39:59.181000,1638379715.5420833
27,16,18,18,Random,-9999,984aad7007ac52cf,3.182000160217285,0.15199995040893555,1638384004.713,16,lemon,strawberry,dusk,strawberry,lemon,lemon,strawberry,dusk,strawberry,lemon,4289.170916795731,2021-12-01T18:40:04.713000,1638379715.5420833
22,10,4,10,Random,-9999,984aad7007ac52cf,2.5349998474121094,0.14400005340576172,1638384007.383,4,angry,socks,ocean,angry,socks,angry,socks,ocean,angry,socks,4291.840916633606,2021-12-01T18:40:07.383000,1638379715.5420833
10,15,12,12,Random,-9999,984aad7007ac52cf,1.821000099182129,0.13899993896484375,1638384009.28,15,blueberry,fearful,angry,fearful,blueberry,blueberry,fearful,angry,fearful,blueberry,4293.737916707993,2021-12-01T18:40:09.280000,1638379715.5420833
18,6,9,9,Random,-9999,984aad7007ac52cf,2.171999931335449,0.08800005912780762,1638384011.623,6,below,near,strawberry,near,below,below,near,strawberry,near,below,4296.080916643143,2021-12-01T18:40:11.623000,1638379715.5420833
6,24,23,23,Random,-9999,984aad7007ac52cf,1.6969997882843018,0.15800023078918457,1638384013.456,24,sunset,sky,below,sky,sunset,sunset,sky,below,sky,sunset,4297.913916826248,2021-12-01T18:40:13.456000,1638379715.5420833
25,6,3,6,Random,-9999,984aad7007ac52cf,2.3970000743865967,0.2049999237060547,1638384016.285,3,below,shoes,dawn,below,shoes,below,shoes,dawn,below,shoes,4300.7429168224335,2021-12-01T18:40:16.285000,1638379715.5420833
26,24,7,24,Random,-9999,984aad7007ac52cf,1.4600000381469727,0.36100006103515625,1638384017.82,7,sunset,beside,day,sunset,beside,sunset,beside,day,sunset,beside,4302.277916669846,2021-12-01T18:40:17.820000,1638379715.5420833
4,10,7,10,Random,-9999,984aad7007ac52cf,2.1100001335144043,0.1510000228881836,1638384022.463,7,angry,beside,socks,angry,beside,angry,beside,socks,angry,beside,4306.920916795731,2021-12-01T18:40:22.463000,1638379715.5420833
17,7,25,25,Random,-9999,984aad7007ac52cf,2.427000045776367,0.31399989128112793,1638384025.137,7,beside,dawn,mango,dawn,beside,beside,dawn,mango,dawn,beside,4309.594916820526,2021-12-01T18:40:25.137000,1638379715.5420833
25,18,23,23,Random,-9999,984aad7007ac52cf,1.7330000400543213,0.25,1638384026.965,18,strawberry,sky,dawn,sky,strawberry,strawberry,sky,dawn,sky,strawberry,4311.422916650772,2021-12-01T18:40:26.965000,1638379715.5420833
24,6,27,6,Random,-9999,984aad7007ac52cf,1.2829999923706055,0.254000186920166,1638384028.483,27,below,dusk,sunset,below,dusk,below,dusk,sunset,below,dusk,4312.940916776657,2021-12-01T18:40:28.483000,1638379715.5420833
20,22,9,22,Random,-9999,984aad7007ac52cf,1.5969998836517334,0.15199995040893555,1638384030.333,9,ocean,near,beach,ocean,near,ocean,near,beach,ocean,near,4314.79091668129,2021-12-01T18:40:30.333000,1638379715.5420833
16,8,22,8,Random,-9999,984aad7007ac52cf,2.503000020980835,0.1789999008178711,1638384032.969,22,far,ocean,lemon,far,ocean,far,ocean,lemon,far,ocean,4317.426916837692,2021-12-01T18:40:32.969000,1638379715.5420833
6,22,25,25,Random,-9999,984aad7007ac52cf,1.88100004196167,0.1359999179840088,1638384034.926,22,ocean,dawn,below,dawn,ocean,ocean,dawn,below,dawn,ocean,4319.383916854858,2021-12-01T18:40:34.926000,1638379715.5420833
1,29,6,6,Random,-9999,984aad7007ac52cf,2.183000087738037,0.07599997520446777,1638384037.245,29,noon,below,pants,below,noon,noon,below,pants,below,noon,4321.702916622162,2021-12-01T18:40:37.245000,1638379715.5420833
9,14,22,22,Random,-9999,984aad7007ac52cf,1.869999885559082,0.13700008392333984,1638384039.19,14,sad,ocean,near,ocean,sad,sad,ocean,near,ocean,sad,4323.647916793823,2021-12-01T18:40:39.190000,1638379715.5420833
6,24,0,0,Random,-9999,984aad7007ac52cf,2.1439998149871826,0.4810001850128174,1638384043.766,24,sunset,dress,below,dress,sunset,sunset,dress,below,dress,sunset,4328.223916769028,2021-12-01T18:40:43.766000,1638379715.5420833
8,21,4,21,Random,-9999,984aad7007ac52cf,1.374000072479248,0.35000014305114746,1638384045.544,4,field,socks,far,field,socks,field,socks,far,field,socks,4330.001916646957,2021-12-01T18:40:45.544000,1638379715.5420833
18,7,23,23,Random,-9999,984aad7007ac52cf,2.3509998321533203,0.2669999599456787,1638384048.166,7,beside,sky,strawberry,sky,beside,beside,sky,strawberry,sky,beside,4332.623916625977,2021-12-01T18:40:48.166000,1638379715.5420833
27,24,9,24,Random,-9999,984aad7007ac52cf,3.734999895095825,0.2720000743865967,1638384052.047,9,sunset,near,dusk,sunset,near,sunset,near,dusk,sunset,near,4336.504916667938,2021-12-01T18:40:52.047000,1638379715.5420833
9,13,27,13,Random,-9999,984aad7007ac52cf,1.9079999923706055,0.14100003242492676,1638384054.029,27,happy,dusk,near,happy,dusk,happy,dusk,near,happy,dusk,4338.486916780472,2021-12-01T18:40:54.029000,1638379715.5420833
3,4,20,4,Random,-9999,984aad7007ac52cf,1.3880000114440918,0.09099984169006348,1638384055.51,20,socks,beach,shoes,socks,beach,socks,beach,shoes,socks,beach,4339.967916727066,2021-12-01T18:40:55.510000,1638379715.5420833
9,13,1,1,Random,-9999,984aad7007ac52cf,1.7960000038146973,0.0820000171661377,1638384057.392,13,happy,pants,near,pants,happy,happy,pants,near,pants,happy,4341.8499166965485,2021-12-01T18:40:57.392000,1638379715.5420833
23,28,26,28,Random,-9999,984aad7007ac52cf,1.5859999656677246,0.22600007057189941,1638384059.196,26,night,day,sky,night,day,night,day,sky,night,day,4343.653916835785,2021-12-01T18:40:59.196000,1638379715.5420833
5,25,1,25,Random,-9999,984aad7007ac52cf,2.615999937057495,0.07500004768371582,1638384061.957,1,dawn,pants,above,dawn,pants,dawn,pants,above,dawn,pants,4346.414916753769,2021-12-01T18:41:01.957000,1638379715.5420833
12,25,26,26,Random,-9999,984aad7007ac52cf,1.694000005722046,0.14499998092651367,1638384063.729,25,dawn,day,fearful,day,dawn,dawn,day,fearful,day,dawn,4348.1869168281555,2021-12-01T18:41:03.729000,1638379715.5420833
20,14,10,14,Random,-9999,984aad7007ac52cf,2.2049999237060547,0.07899999618530273,1638384066.071,10,sad,angry,beach,sad,angry,sad,angry,beach,sad,angry,4350.528916835785,2021-12-01T18:41:06.071000,1638379715.5420833
26,8,23,8,Random,-9999,984aad7007ac52cf,2.1549999713897705,0.1360001564025879,1638384068.359,23,far,sky,day,far,sky,far,sky,day,far,sky,4352.816916704178,2021-12-01T18:41:08.359000,1638379715.5420833
21,8,10,8,Random,-9999,984aad7007ac52cf,3.5249998569488525,0.13499999046325684,1638384072.037,10,far,angry,field,far,angry,far,angry,field,far,angry,4356.494916677475,2021-12-01T18:41:12.037000,1638379715.5420833
18,1,2,2,Random,-9999,984aad7007ac52cf,1.3970000743865967,0.14800000190734863,1638384073.51,1,pants,shirt,strawberry,shirt,pants,pants,shirt,strawberry,shirt,pants,4357.967916727066,2021-12-01T18:41:13.510000,1638379715.5420833
29,9,0,9,Random,-9999,984aad7007ac52cf,1.6549999713897705,0.08500003814697266,1638384075.247,0,near,dress,noon,near,dress,near,dress,noon,near,dress,4359.704916715622,2021-12-01T18:41:15.247000,1638379715.5420833
10,16,28,28,Random,-9999,984aad7007ac52cf,1.5709998607635498,0.07800006866455078,1638384076.901,16,lemon,night,angry,night,lemon,lemon,night,angry,night,lemon,4361.358916759491,2021-12-01T18:41:16.901000,1638379715.5420833
27,25,3,25,Random,-9999,984aad7007ac52cf,1.2170000076293945,0.18900012969970703,1638384078.301,3,dawn,shoes,dusk,dawn,shoes,dawn,shoes,dusk,dawn,shoes,4362.758916854858,2021-12-01T18:41:18.301000,1638379715.5420833
25,13,16,13,Random,-9999,984aad7007ac52cf,2.1659998893737793,0.07899999618530273,1638384081.72,16,happy,lemon,dawn,happy,lemon,happy,lemon,dawn,happy,lemon,4366.177916765213,2021-12-01T18:41:21.720000,1638379715.5420833
6,4,14,4,Random,-9999,984aad7007ac52cf,1.6349999904632568,0.3320000171661377,1638384082.527,14,socks,sad,below,socks,sad,socks,sad,below,socks,sad,4366.984916687012,2021-12-01T18:41:22.527000,1638379715.5420833
13,28,8,28,Random,-9999,984aad7007ac52cf,2.6730000972747803,0.09200000762939453,1638384085.454,8,night,far,happy,night,far,night,far,happy,night,far,4369.911916732788,2021-12-01T18:41:25.454000,1638379715.5420833
1,11,0,0,Random,-9999,984aad7007ac52cf,2.432000160217285,0.25799989700317383,1638384088.085,11,disgust,dress,pants,dress,disgust,disgust,dress,pants,dress,disgust,4372.54291677475,2021-12-01T18:41:28.085000,1638379715.5420833
28,4,2,4,Random,-9999,984aad7007ac52cf,1.4790000915527344,0.1960000991821289,1638384089.645,2,socks,shirt,night,socks,shirt,socks,shirt,night,socks,shirt,4374.102916717529,2021-12-01T18:41:29.645000,1638379715.5420833
20,2,9,9,Random,-9999,984aad7007ac52cf,4.385999917984009,0.08499979972839355,1638384094.327,2,shirt,near,beach,near,shirt,shirt,near,beach,near,shirt,4378.784916639328,2021-12-01T18:41:34.327000,1638379715.5420833
7,0,14,0,Random,-9999,984aad7007ac52cf,2.059000015258789,0.2990000247955322,1638384096.531,14,dress,sad,beside,dress,sad,dress,sad,beside,dress,sad,4380.988916635513,2021-12-01T18:41:36.531000,1638379715.5420833
14,15,8,8,Random,-9999,984aad7007ac52cf,1.819000005722046,0.1400001049041748,1638384098.532,15,blueberry,far,sad,far,blueberry,blueberry,far,sad,far,blueberry,4382.989916801453,2021-12-01T18:41:38.532000,1638379715.5420833
13,7,6,7,Random,-9999,984aad7007ac52cf,2.6549999713897705,0.1809999942779541,1638384101.331,6,beside,below,happy,beside,below,beside,below,happy,beside,below,4385.788916826248,2021-12-01T18:41:41.331000,1638379715.5420833
27,10,25,25,Random,-9999,984aad7007ac52cf,4.061999797821045,0.15000009536743164,1638384105.538,10,angry,dawn,dusk,dawn,angry,angry,dawn,dusk,dawn,angry,4389.995916843414,2021-12-01T18:41:45.538000,1638379715.5420833
22,20,7,20,Random,-9999,984aad7007ac52cf,1.180999994277954,0.1420001983642578,1638384106.8,7,beach,beside,ocean,beach,beside,beach,beside,ocean,beach,beside,4391.257916688919,2021-12-01T18:41:46.800000,1638379715.5420833
18,25,3,25,Random,-9999,984aad7007ac52cf,1.7279999256134033,0.07899999618530273,1638384108.601,3,dawn,shoes,strawberry,dawn,shoes,dawn,shoes,strawberry,dawn,shoes,4393.058916807175,2021-12-01T18:41:48.601000,1638379715.5420833
3,0,9,0,Random,-9999,84df8aaf60b69222,6.16100001335144,0.13099980354309082,1638384476.468,9,dress,near,shoes,dress,near,dress,near,shoes,dress,near,4760.925916671753,2021-12-01T18:47:56.468000,1638379715.5420833
12,5,13,5,Random,-9999,84df8aaf60b69222,3.056999921798706,0.13499999046325684,1638384479.765,13,above,happy,fearful,above,happy,above,happy,fearful,above,happy,4764.222916841507,2021-12-01T18:47:59.765000,1638379715.5420833
7,17,0,17,Random,-9999,84df8aaf60b69222,3.134000062942505,0.29200005531311035,1638384483.055,0,mango,dress,beside,mango,dress,mango,dress,beside,mango,dress,4767.51291680336,2021-12-01T18:48:03.055000,1638379715.5420833
23,6,18,6,Random,-9999,84df8aaf60b69222,2.5899999141693115,0.13299989700317383,1638384485.777,18,below,strawberry,sky,below,strawberry,below,strawberry,sky,below,strawberry,4770.234916687012,2021-12-01T18:48:05.777000,1638379715.5420833
11,7,6,6,Random,-9999,84df8aaf60b69222,2.633000135421753,0.14100003242492676,1638384488.555,7,beside,below,disgust,below,beside,beside,below,disgust,below,beside,4773.01291680336,2021-12-01T18:48:08.555000,1638379715.5420833
2,13,6,13,Random,-9999,84df8aaf60b69222,2.0470001697540283,0.13699984550476074,1638384490.74,6,happy,below,shirt,happy,below,happy,below,shirt,happy,below,4775.1979167461395,2021-12-01T18:48:10.740000,1638379715.5420833
11,8,3,8,Random,-9999,84df8aaf60b69222,2.072999954223633,0.13100004196166992,1638384492.937,3,far,shoes,disgust,far,shoes,far,shoes,disgust,far,shoes,4777.394916772842,2021-12-01T18:48:12.937000,1638379715.5420833
22,18,11,18,Random,-9999,84df8aaf60b69222,2.077000141143799,0.13299989700317383,1638384495.166,11,strawberry,disgust,ocean,strawberry,disgust,strawberry,disgust,ocean,strawberry,disgust,4779.623916625977,2021-12-01T18:48:15.166000,1638379715.5420833
25,23,12,23,Random,-9999,84df8aaf60b69222,1.7829999923706055,0.14299988746643066,1638384497.018,12,sky,fearful,dawn,sky,fearful,sky,fearful,dawn,sky,fearful,4781.475916624069,2021-12-01T18:48:17.018000,1638379715.5420833
0,6,29,29,Random,-9999,84df8aaf60b69222,1.8399999141693115,0.07400012016296387,1638384498.933,6,below,noon,dress,noon,below,below,noon,dress,noon,below,4783.390916824341,2021-12-01T18:48:18.933000,1638379715.5420833
20,18,19,19,Random,-9999,84df8aaf60b69222,1.8539998531341553,0.07500004768371582,1638384500.869,18,strawberry,watermelon,beach,watermelon,strawberry,strawberry,watermelon,beach,watermelon,strawberry,4785.326916694641,2021-12-01T18:48:20.869000,1638379715.5420833
1,24,15,24,Random,-9999,84df8aaf60b69222,1.996000051498413,0.07599997520446777,1638384502.991,15,sunset,blueberry,pants,sunset,blueberry,sunset,blueberry,pants,sunset,blueberry,4787.44891667366,2021-12-01T18:48:22.991000,1638379715.5420833
8,28,0,28,Random,-9999,84df8aaf60b69222,1.61899995803833,0.16199994087219238,1638384504.715,0,night,dress,far,night,dress,night,dress,far,night,dress,4789.172916650772,2021-12-01T18:48:24.715000,1638379715.5420833
27,1,13,13,Random,-9999,84df8aaf60b69222,1.8580000400543213,0.07800006866455078,1638384506.646,1,pants,happy,dusk,happy,pants,pants,happy,dusk,happy,pants,4791.10391664505,2021-12-01T18:48:26.646000,1638379715.5420833
24,13,1,13,Random,-9999,84df8aaf60b69222,1.63100004196167,0.07799983024597168,1638384508.401,1,happy,pants,sunset,happy,pants,happy,pants,sunset,happy,pants,4792.858916759491,2021-12-01T18:48:28.401000,1638379715.5420833
25,23,1,23,Random,-9999,84df8aaf60b69222,1.5310001373291016,0.12199997901916504,1638384510.006,1,sky,pants,dawn,sky,pants,sky,pants,dawn,sky,pants,4794.463916778564,2021-12-01T18:48:30.006000,1638379715.5420833
20,29,1,29,Random,-9999,84df8aaf60b69222,2.0160000324249268,0.07499980926513672,1638384512.161,1,noon,pants,beach,noon,pants,noon,pants,beach,noon,pants,4796.618916749954,2021-12-01T18:48:32.161000,1638379715.5420833
10,24,5,24,Random,-9999,84df8aaf60b69222,1.877000093460083,0.13700008392333984,1638384514.128,5,sunset,above,angry,sunset,above,sunset,above,angry,sunset,above,4798.585916757584,2021-12-01T18:48:34.128000,1638379715.5420833
3,9,7,7,Random,-9999,84df8aaf60b69222,1.9709999561309814,0.07699990272521973,1638384516.22,9,near,beside,shoes,beside,near,near,beside,shoes,beside,near,4800.677916765213,2021-12-01T18:48:36.220000,1638379715.5420833
20,11,16,16,Random,-9999,84df8aaf60b69222,2.2219998836517334,0.18900012969970703,1638384518.629,11,disgust,lemon,beach,lemon,disgust,disgust,lemon,beach,lemon,disgust,4803.086916685104,2021-12-01T18:48:38.629000,1638379715.5420833
29,14,25,25,Random,-9999,84df8aaf60b69222,1.7230000495910645,0.1359999179840088,1638384520.428,14,sad,dawn,noon,dawn,sad,sad,dawn,noon,dawn,sad,4804.8859167099,2021-12-01T18:48:40.428000,1638379715.5420833
27,14,4,14,Random,-9999,84df8aaf60b69222,1.8510000705718994,0.07599997520446777,1638384522.374,4,sad,socks,dusk,sad,socks,sad,socks,dusk,sad,socks,4806.831916809082,2021-12-01T18:48:42.374000,1638379715.5420833
20,13,2,2,Random,-9999,84df8aaf60b69222,2.1019999980926514,0.07599997520446777,1638384524.592,13,happy,shirt,beach,shirt,happy,happy,shirt,beach,shirt,happy,4809.049916744232,2021-12-01T18:48:44.592000,1638379715.5420833
28,2,4,4,Random,-9999,84df8aaf60b69222,1.8459999561309814,0.13100004196166992,1638384526.512,2,shirt,socks,night,socks,shirt,shirt,socks,night,socks,shirt,4810.969916820526,2021-12-01T18:48:46.512000,1638379715.5420833
2,8,27,8,Random,-9999,84df8aaf60b69222,1.8680000305175781,0.07500004768371582,1638384528.451,27,far,dusk,shirt,far,dusk,far,dusk,shirt,far,dusk,4812.908916711807,2021-12-01T18:48:48.451000,1638379715.5420833
3,28,22,28,Random,-9999,84df8aaf60b69222,1.8829998970031738,0.07500004768371582,1638384530.413,22,night,ocean,shoes,night,ocean,night,ocean,shoes,night,ocean,4814.870916843414,2021-12-01T18:48:50.413000,1638379715.5420833
3,5,24,5,Random,-9999,84df8aaf60b69222,2.3400001525878906,0.07599997520446777,1638384532.903,24,above,sunset,shoes,above,sunset,above,sunset,shoes,above,sunset,4817.360916852951,2021-12-01T18:48:52.903000,1638379715.5420833
6,28,1,28,Random,-9999,84df8aaf60b69222,1.6019999980926514,0.13499999046325684,1638384534.564,1,night,pants,below,night,pants,night,pants,below,night,pants,4819.021916627884,2021-12-01T18:48:54.564000,1638379715.5420833
28,29,17,29,Random,-9999,84df8aaf60b69222,1.6030001640319824,0.07199978828430176,1638384536.263,17,noon,mango,night,noon,mango,noon,mango,night,noon,mango,4820.720916748047,2021-12-01T18:48:56.263000,1638379715.5420833
6,12,27,27,Random,-9999,84df8aaf60b69222,1.9070000648498535,0.21199989318847656,1638384538.4,12,fearful,dusk,below,dusk,fearful,fearful,dusk,below,dusk,fearful,4822.85791683197,2021-12-01T18:48:58.400000,1638379715.5420833
11,22,18,22,Random,-9999,84df8aaf60b69222,1.8940000534057617,0.07599997520446777,1638384540.336,18,ocean,strawberry,disgust,ocean,strawberry,ocean,strawberry,disgust,ocean,strawberry,4824.7939167022705,2021-12-01T18:49:00.336000,1638379715.5420833
21,28,27,27,Random,-9999,84df8aaf60b69222,1.9950001239776611,0.07699990272521973,1638384542.468,28,night,dusk,field,dusk,night,night,dusk,field,dusk,night,4826.925916671753,2021-12-01T18:49:02.468000,1638379715.5420833
9,18,20,18,Random,-9999,84df8aaf60b69222,2.0460000038146973,0.15200018882751465,1638384544.661,20,strawberry,beach,near,strawberry,beach,strawberry,beach,near,strawberry,beach,4829.118916749954,2021-12-01T18:49:04.661000,1638379715.5420833
16,11,25,25,Random,-9999,84df8aaf60b69222,2.0350000858306885,0.14099979400634766,1638384546.834,11,disgust,dawn,lemon,dawn,disgust,disgust,dawn,lemon,dawn,disgust,4831.291916847229,2021-12-01T18:49:06.834000,1638379715.5420833
15,7,23,23,Random,-9999,84df8aaf60b69222,1.8399999141693115,0.13100004196166992,1638384548.749,7,beside,sky,blueberry,sky,beside,beside,sky,blueberry,sky,beside,4833.206916809082,2021-12-01T18:49:08.749000,1638379715.5420833
18,13,8,13,Random,-9999,84df8aaf60b69222,2.194000005722046,0.07500004768371582,1638384551.077,8,happy,far,strawberry,happy,far,happy,far,strawberry,happy,far,4835.534916639328,2021-12-01T18:49:11.077000,1638379715.5420833
1,9,3,3,Random,-9999,84df8aaf60b69222,1.8009998798370361,0.14100003242492676,1638384552.96,9,near,shoes,pants,shoes,near,near,shoes,pants,shoes,near,4837.41791677475,2021-12-01T18:49:12.960000,1638379715.5420833
29,28,9,28,Random,-9999,84df8aaf60b69222,1.8960001468658447,0.07500004768371582,1638384554.94,9,night,near,noon,night,near,night,near,noon,night,near,4839.397916793823,2021-12-01T18:49:14.940000,1638379715.5420833
8,24,21,24,Random,-9999,84df8aaf60b69222,1.945000171661377,0.07499980926513672,1638384557.061,21,sunset,field,far,sunset,field,sunset,field,far,sunset,field,4841.518916845322,2021-12-01T18:49:17.061000,1638379715.5420833
29,7,21,21,Random,-9999,84df8aaf60b69222,1.5409998893737793,0.18200016021728516,1638384558.676,7,beside,field,noon,field,beside,beside,field,noon,field,beside,4843.133916854858,2021-12-01T18:49:18.676000,1638379715.5420833
29,23,9,23,Random,-9999,84df8aaf60b69222,1.75,0.07299995422363281,1638384560.491,9,sky,near,noon,sky,near,sky,near,noon,sky,near,4844.94891667366,2021-12-01T18:49:20.491000,1638379715.5420833
12,16,27,27,Random,-9999,84df8aaf60b69222,1.8969998359680176,0.08100008964538574,1638384562.473,16,lemon,dusk,fearful,dusk,lemon,lemon,dusk,fearful,dusk,lemon,4846.930916786194,2021-12-01T18:49:22.473000,1638379715.5420833
22,17,13,17,Random,-9999,84df8aaf60b69222,2.124000072479248,0.0820000171661377,1638384564.733,13,mango,happy,ocean,mango,happy,mango,happy,ocean,mango,happy,4849.190916776657,2021-12-01T18:49:24.733000,1638379715.5420833
16,14,3,14,Random,-9999,84df8aaf60b69222,2.006999969482422,0.14100003242492676,1638384566.877,3,sad,shoes,lemon,sad,shoes,sad,shoes,lemon,sad,shoes,4851.334916830063,2021-12-01T18:49:26.877000,1638379715.5420833
0,24,11,24,Random,-9999,84df8aaf60b69222,1.7869999408721924,0.13299989700317383,1638384568.753,11,sunset,disgust,dress,sunset,disgust,sunset,disgust,dress,sunset,disgust,4853.210916757584,2021-12-01T18:49:28.753000,1638379715.5420833
6,22,19,22,Random,-9999,84df8aaf60b69222,3.2110002040863037,0.07899999618530273,1638384572.095,19,ocean,watermelon,below,ocean,watermelon,ocean,watermelon,below,ocean,watermelon,4856.552916765213,2021-12-01T18:49:32.095000,1638379715.5420833
25,11,2,11,Random,-9999,84df8aaf60b69222,1.6399998664855957,0.13899993896484375,1638384573.815,2,disgust,shirt,dawn,disgust,shirt,disgust,shirt,dawn,disgust,shirt,4858.272916793823,2021-12-01T18:49:33.815000,1638379715.5420833
25,14,20,20,Random,-9999,84df8aaf60b69222,2.1650002002716064,0.07599997520446777,1638384576.111,14,sad,beach,dawn,beach,sad,sad,beach,dawn,beach,sad,4860.568916797638,2021-12-01T18:49:36.111000,1638379715.5420833
7,27,24,24,Random,-9999,84df8aaf60b69222,1.6369998455047607,0.12800002098083496,1638384577.83,27,dusk,sunset,beside,sunset,dusk,dusk,sunset,beside,sunset,dusk,4862.287916660309,2021-12-01T18:49:37.830000,1638379715.5420833
11,23,18,23,Random,-9999,84df8aaf60b69222,1.876000165939331,0.07299995422363281,1638384579.768,18,sky,strawberry,disgust,sky,strawberry,sky,strawberry,disgust,sky,strawberry,4864.225916624069,2021-12-01T18:49:39.768000,1638379715.5420833
16,14,15,15,Random,-9999,84df8aaf60b69222,1.5509998798370361,0.07299995422363281,1638384581.396,14,sad,blueberry,lemon,blueberry,sad,sad,blueberry,lemon,blueberry,sad,4865.85391664505,2021-12-01T18:49:41.396000,1638379715.5420833
0,10,1,1,Random,-9999,84df8aaf60b69222,1.7090001106262207,0.07800006866455078,1638384583.184,10,angry,pants,dress,pants,angry,angry,pants,dress,pants,angry,4867.641916751862,2021-12-01T18:49:43.184000,1638379715.5420833
16,23,7,23,Random,-9999,84df8aaf60b69222,1.939000129699707,0.07399988174438477,1638384585.308,7,sky,beside,lemon,sky,beside,sky,beside,lemon,sky,beside,4869.765916824341,2021-12-01T18:49:45.308000,1638379715.5420833
23,14,24,24,Random,-9999,84df8aaf60b69222,1.508000135421753,0.18599987030029297,1638384586.909,14,sad,sunset,sky,sunset,sad,sad,sunset,sky,sunset,sad,4871.366916656494,2021-12-01T18:49:46.909000,1638379715.5420833
21,26,5,26,Random,-9999,84df8aaf60b69222,1.7349998950958252,0.07399988174438477,1638384588.699,5,day,above,field,day,above,day,above,field,day,above,4873.156916618347,2021-12-01T18:49:48.699000,1638379715.5420833
12,20,29,20,Random,-9999,84df8aaf60b69222,1.7680001258850098,0.07500004768371582,1638384590.534,29,beach,noon,fearful,beach,noon,beach,noon,fearful,beach,noon,4874.991916656494,2021-12-01T18:49:50.534000,1638379715.5420833
1,5,25,5,Random,-9999,84df8aaf60b69222,1.7200000286102295,0.07399988174438477,1638384592.333,25,above,dawn,pants,above,dawn,above,dawn,pants,above,dawn,4876.79091668129,2021-12-01T18:49:52.333000,1638379715.5420833
16,1,13,13,Random,-9999,84df8aaf60b69222,1.5289998054504395,0.07400012016296387,1638384593.932,1,pants,happy,lemon,happy,pants,pants,happy,lemon,happy,pants,4878.3899166584015,2021-12-01T18:49:53.932000,1638379715.5420833
21,17,3,17,Random,-9999,84df8aaf60b69222,1.7080001831054688,0.07299995422363281,1638384595.717,3,mango,shoes,field,mango,shoes,mango,shoes,field,mango,shoes,4880.174916744232,2021-12-01T18:49:55.717000,1638379715.5420833
23,29,1,29,Random,-9999,84df8aaf60b69222,1.6029999256134033,0.07800006866455078,1638384597.391,1,noon,pants,sky,noon,pants,noon,pants,sky,noon,pants,4881.848916769028,2021-12-01T18:49:57.391000,1638379715.5420833
23,4,10,10,Random,-9999,84df8aaf60b69222,2.7090001106262207,0.07500004768371582,1638384600.241,4,socks,angry,sky,angry,socks,socks,angry,sky,angry,socks,4884.69891667366,2021-12-01T18:50:00.241000,1638379715.5420833
27,11,16,11,Random,-9999,84df8aaf60b69222,1.738999843597412,0.13199996948242188,1638384602.053,16,disgust,lemon,dusk,disgust,lemon,disgust,lemon,dusk,disgust,lemon,4886.5109167099,2021-12-01T18:50:02.053000,1638379715.5420833
15,13,4,13,Random,-9999,84df8aaf60b69222,1.6640000343322754,0.07400012016296387,1638384603.796,4,happy,socks,blueberry,happy,socks,happy,socks,blueberry,happy,socks,4888.2539167404175,2021-12-01T18:50:03.796000,1638379715.5420833
13,20,28,20,Random,-9999,84df8aaf60b69222,3.128000020980835,0.07700014114379883,1638384607.056,28,beach,night,happy,beach,night,beach,night,happy,beach,night,4891.513916730881,2021-12-01T18:50:07.056000,1638379715.5420833
13,11,9,9,Random,-9999,84df8aaf60b69222,1.5120000839233398,0.13199996948242188,1638384608.638,11,disgust,near,happy,near,disgust,disgust,near,happy,near,disgust,4893.095916748047,2021-12-01T18:50:08.638000,1638379715.5420833
28,10,21,10,Random,-9999,84df8aaf60b69222,1.5900001525878906,0.08299994468688965,1638384610.327,21,angry,field,night,angry,field,angry,field,night,angry,field,4894.784916639328,2021-12-01T18:50:10.327000,1638379715.5420833
7,20,5,20,Random,-9999,84df8aaf60b69222,2.61899995803833,0.09099984169006348,1638384613.08,5,beach,above,beside,beach,above,beach,above,beside,beach,above,4897.537916660309,2021-12-01T18:50:13.080000,1638379715.5420833
19,7,25,25,Random,-9999,84df8aaf60b69222,1.4279999732971191,0.1380000114440918,1638384614.59,7,beside,dawn,watermelon,dawn,beside,beside,dawn,watermelon,dawn,beside,4899.047916650772,2021-12-01T18:50:14.590000,1638379715.5420833
14,26,4,26,Random,-9999,84df8aaf60b69222,2.0139999389648438,0.07700014114379883,1638384616.736,4,day,socks,sad,day,socks,day,socks,sad,day,socks,4901.193916797638,2021-12-01T18:50:16.736000,1638379715.5420833
23,5,6,5,Random,-9999,84df8aaf60b69222,1.8380000591278076,0.1399998664855957,1638384618.654,6,above,below,sky,above,below,above,below,sky,above,below,4903.111916780472,2021-12-01T18:50:18.654000,1638379715.5420833
4,22,16,22,Random,-9999,84df8aaf60b69222,1.5369999408721924,0.07200002670288086,1638384620.262,16,ocean,lemon,socks,ocean,lemon,ocean,lemon,socks,ocean,lemon,4904.719916820526,2021-12-01T18:50:20.262000,1638379715.5420833
14,5,25,25,Random,-9999,84df8aaf60b69222,2.5379998683929443,0.07000017166137695,1638384622.931,5,above,dawn,sad,dawn,above,above,dawn,sad,dawn,above,4907.388916730881,2021-12-01T18:50:22.931000,1638379715.5420833
15,0,20,0,Random,-9999,84df8aaf60b69222,1.7109999656677246,0.13199996948242188,1638384624.711,20,dress,beach,blueberry,dress,beach,dress,beach,blueberry,dress,beach,4909.1689167022705,2021-12-01T18:50:24.711000,1638379715.5420833
17,20,12,20,Random,-9999,84df8aaf60b69222,1.8880000114440918,0.07500004768371582,1638384626.68,12,beach,fearful,mango,beach,fearful,beach,fearful,mango,beach,fearful,4911.13791680336,2021-12-01T18:50:26.680000,1638379715.5420833
20,11,1,1,Random,-9999,84df8aaf60b69222,3.0260000228881836,0.07800006866455078,1638384629.842,11,disgust,pants,beach,pants,disgust,disgust,pants,beach,pants,disgust,4914.299916744232,2021-12-01T18:50:29.842000,1638379715.5420833
29,11,15,15,Random,-9999,84df8aaf60b69222,2.691999912261963,0.12899994850158691,1638384632.655,11,disgust,blueberry,noon,blueberry,disgust,disgust,blueberry,noon,blueberry,disgust,4917.112916707993,2021-12-01T18:50:32.655000,1638379715.5420833
7,5,12,5,Random,-9999,84df8aaf60b69222,1.567000150680542,0.12899994850158691,1638384634.301,12,above,fearful,beside,above,fearful,above,fearful,beside,above,fearful,4918.758916854858,2021-12-01T18:50:34.301000,1638379715.5420833
0,11,29,11,Random,-9999,84df8aaf60b69222,1.565000057220459,0.0709998607635498,1638384635.928,29,disgust,noon,dress,disgust,noon,disgust,noon,dress,disgust,noon,4920.3859167099,2021-12-01T18:50:35.928000,1638379715.5420833
25,11,6,6,Random,-9999,84df8aaf60b69222,1.7929999828338623,0.07200002670288086,1638384637.802,11,disgust,below,dawn,below,disgust,disgust,below,dawn,below,disgust,4922.259916782379,2021-12-01T18:50:37.802000,1638379715.5420833
17,15,18,18,Random,-9999,84df8aaf60b69222,2.128000020980835,0.07500004768371582,1638384640.066,15,blueberry,strawberry,mango,strawberry,blueberry,blueberry,strawberry,mango,strawberry,blueberry,4924.523916721344,2021-12-01T18:50:40.066000,1638379715.5420833
17,2,1,1,Random,-9999,84df8aaf60b69222,2.630999803543091,0.14800000190734863,1638384642.83,2,shirt,pants,mango,pants,shirt,shirt,pants,mango,pants,shirt,4927.287916660309,2021-12-01T18:50:42.830000,1638379715.5420833
21,15,20,15,Random,-9999,84df8aaf60b69222,2.9820001125335693,0.14400005340576172,1638384645.965,20,blueberry,beach,field,blueberry,beach,blueberry,beach,field,blueberry,beach,4930.422916650772,2021-12-01T18:50:45.965000,1638379715.5420833
25,14,4,14,Random,-9999,84df8aaf60b69222,7.789999961853027,0.12999987602233887,1638384653.885,4,sad,socks,dawn,sad,socks,sad,socks,dawn,sad,socks,4938.342916727066,2021-12-01T18:50:53.885000,1638379715.5420833
15,6,11,11,Random,-9999,84df8aaf60b69222,4.804999828338623,0.12900018692016602,1638384658.819,6,below,disgust,blueberry,disgust,below,below,disgust,blueberry,disgust,below,4943.276916742325,2021-12-01T18:50:58.819000,1638379715.5420833
12,23,27,27,Random,-9999,84df8aaf60b69222,3.13700008392334,0.13700008392333984,1638384662.104,23,sky,dusk,fearful,dusk,sky,sky,dusk,fearful,dusk,sky,4946.5619168281555,2021-12-01T18:51:02.104000,1638379715.5420833
14,6,18,6,Random,-9999,84df8aaf60b69222,1.5350000858306885,0.13099980354309082,1638384663.711,18,below,strawberry,sad,below,strawberry,below,strawberry,sad,below,strawberry,4948.1689167022705,2021-12-01T18:51:03.711000,1638379715.5420833
27,17,28,28,Random,-9999,84df8aaf60b69222,1.2869999408721924,0.08899998664855957,1638384665.113,17,mango,night,dusk,night,mango,mango,night,dusk,night,mango,4949.570916652679,2021-12-01T18:51:05.113000,1638379715.5420833
26,2,10,10,Random,-9999,84df8aaf60b69222,1.630000114440918,0.09100008010864258,1638384666.799,2,shirt,angry,day,angry,shirt,shirt,angry,day,angry,shirt,4951.256916761398,2021-12-01T18:51:06.799000,1638379715.5420833
25,7,27,27,Random,-9999,84df8aaf60b69222,1.687000036239624,0.07799983024597168,1638384668.573,7,beside,dusk,dawn,dusk,beside,beside,dusk,dawn,dusk,beside,4953.030916690826,2021-12-01T18:51:08.573000,1638379715.5420833
27,20,12,20,Random,-9999,84df8aaf60b69222,1.4320001602172852,0.08599996566772461,1638384670.086,12,beach,fearful,dusk,beach,fearful,beach,fearful,dusk,beach,fearful,4954.5439167022705,2021-12-01T18:51:10.086000,1638379715.5420833
13,3,6,3,Random,-9999,84df8aaf60b69222,1.8880000114440918,0.07499980926513672,1638384672.044,6,shoes,below,happy,shoes,below,shoes,below,happy,shoes,below,4956.501916646957,2021-12-01T18:51:12.044000,1638379715.5420833
9,6,11,6,Random,-9999,84df8aaf60b69222,1.6760001182556152,0.07500004768371582,1638384673.801,11,below,disgust,near,below,disgust,below,disgust,near,below,disgust,4958.258916854858,2021-12-01T18:51:13.801000,1638379715.5420833
3,29,1,1,Random,-9999,84df8aaf60b69222,1.4860000610351562,0.07399988174438477,1638384675.352,29,noon,pants,shoes,pants,noon,noon,pants,shoes,pants,noon,4959.809916734695,2021-12-01T18:51:15.352000,1638379715.5420833
4,2,22,2,Random,-9999,84df8aaf60b69222,2.365000009536743,0.07299995422363281,1638384677.855,22,shirt,ocean,socks,shirt,ocean,shirt,ocean,socks,shirt,ocean,4962.312916755676,2021-12-01T18:51:17.855000,1638379715.5420833
6,24,15,24,Random,-9999,84df8aaf60b69222,1.2309999465942383,0.13100004196166992,1638384679.159,15,sunset,blueberry,below,sunset,blueberry,sunset,blueberry,below,sunset,blueberry,4963.616916656494,2021-12-01T18:51:19.159000,1638379715.5420833
18,5,27,5,Random,-9999,84df8aaf60b69222,1.6080000400543213,0.07299995422363281,1638384680.829,27,above,dusk,strawberry,above,dusk,above,dusk,strawberry,above,dusk,4965.286916732788,2021-12-01T18:51:20.829000,1638379715.5420833
26,29,11,29,Random,-9999,84df8aaf60b69222,1.2320001125335693,0.07399988174438477,1638384682.137,11,noon,disgust,day,noon,disgust,noon,disgust,day,noon,disgust,4966.594916820526,2021-12-01T18:51:22.137000,1638379715.5420833
19,29,2,29,Random,-9999,84df8aaf60b69222,1.555999994277954,0.07399988174438477,1638384683.782,2,noon,shirt,watermelon,noon,shirt,noon,shirt,watermelon,noon,shirt,4968.239916801453,2021-12-01T18:51:23.782000,1638379715.5420833
28,3,15,15,Random,-9999,84df8aaf60b69222,1.5139999389648438,0.0820000171661377,1638384685.37,3,shoes,blueberry,night,blueberry,shoes,shoes,blueberry,night,blueberry,shoes,4969.827916622162,2021-12-01T18:51:25.370000,1638379715.5420833
23,11,22,11,Random,-9999,84df8aaf60b69222,1.694000005722046,0.07800006866455078,1638384687.14,22,disgust,ocean,sky,disgust,ocean,disgust,ocean,sky,disgust,ocean,4971.597916841507,2021-12-01T18:51:27.140000,1638379715.5420833
23,20,10,20,Random,-9999,84df8aaf60b69222,1.6140000820159912,0.07999992370605469,1638384688.832,10,beach,angry,sky,beach,angry,beach,angry,sky,beach,angry,4973.289916753769,2021-12-01T18:51:28.832000,1638379715.5420833
10,25,9,25,Random,-9999,84df8aaf60b69222,3.121000051498413,0.07599997520446777,1638384692.08,9,dawn,near,angry,dawn,near,dawn,near,angry,dawn,near,4976.537916660309,2021-12-01T18:51:32.080000,1638379715.5420833
23,10,5,5,Random,-9999,84df8aaf60b69222,4.813999891281128,0.13000011444091797,1638384697.055,10,angry,above,sky,above,angry,angry,above,sky,above,angry,4981.51291680336,2021-12-01T18:51:37.055000,1638379715.5420833
6,11,18,11,Random,-9999,84df8aaf60b69222,1.4159998893737793,0.16500020027160645,1638384698.555,18,disgust,strawberry,below,disgust,strawberry,disgust,strawberry,below,disgust,strawberry,4983.01291680336,2021-12-01T18:51:38.555000,1638379715.5420833
29,3,15,15,Random,-9999,84df8aaf60b69222,1.488999843597412,0.07700014114379883,1638384700.116,3,shoes,blueberry,noon,blueberry,shoes,shoes,blueberry,noon,blueberry,shoes,4984.57391667366,2021-12-01T18:51:40.116000,1638379715.5420833
3,4,25,4,Random,-9999,84df8aaf60b69222,1.2569999694824219,0.07500004768371582,1638384701.448,25,socks,dawn,shoes,socks,dawn,socks,dawn,shoes,socks,dawn,4985.905916690826,2021-12-01T18:51:41.448000,1638379715.5420833
28,22,19,22,Random,-9999,84df8aaf60b69222,1.558000087738037,0.07299995422363281,1638384703.079,19,ocean,watermelon,night,ocean,watermelon,ocean,watermelon,night,ocean,watermelon,4987.536916732788,2021-12-01T18:51:43.079000,1638379715.5420833
5,3,17,17,Random,-9999,84df8aaf60b69222,1.5069999694824219,0.07500004768371582,1638384704.661,3,shoes,mango,above,mango,shoes,shoes,mango,above,mango,shoes,4989.118916749954,2021-12-01T18:51:44.661000,1638379715.5420833
25,13,0,13,Random,-9999,84df8aaf60b69222,1.2309999465942383,0.07200002670288086,1638384705.97,0,happy,dress,dawn,happy,dress,happy,dress,dawn,happy,dress,4990.427916765213,2021-12-01T18:51:45.970000,1638379715.5420833
21,14,13,13,Random,-9999,84df8aaf60b69222,1.3640000820159912,0.08299994468688965,1638384707.412,14,sad,happy,field,happy,sad,sad,happy,field,happy,sad,4991.869916677475,2021-12-01T18:51:47.412000,1638379715.5420833
15,12,8,12,Random,-9999,84df8aaf60b69222,1.4070000648498535,0.07399988174438477,1638384708.893,8,fearful,far,blueberry,fearful,far,fearful,far,blueberry,fearful,far,4993.350916624069,2021-12-01T18:51:48.893000,1638379715.5420833
3,14,25,25,Random,-9999,84df8aaf60b69222,1.7070000171661377,0.07299995422363281,1638384710.673,14,sad,dawn,shoes,dawn,sad,sad,dawn,shoes,dawn,sad,4995.130916833878,2021-12-01T18:51:50.673000,1638379715.5420833
3,17,28,17,Random,-9999,84df8aaf60b69222,1.4720001220703125,0.07299995422363281,1638384712.22,28,mango,night,shoes,mango,night,mango,night,shoes,mango,night,4996.677916765213,2021-12-01T18:51:52.220000,1638379715.5420833
12,8,2,8,Random,-9999,84df8aaf60b69222,2.194999933242798,0.07500004768371582,1638384714.547,2,far,shirt,fearful,far,shirt,far,shirt,fearful,far,shirt,4999.004916667938,2021-12-01T18:51:54.547000,1638379715.5420833
28,0,18,0,Random,-9999,84df8aaf60b69222,2.5820000171661377,0.13199996948242188,1638384717.255,18,dress,strawberry,night,dress,strawberry,dress,strawberry,night,dress,strawberry,5001.712916851044,2021-12-01T18:51:57.255000,1638379715.5420833
5,13,17,13,Random,-9999,84df8aaf60b69222,1.4589998722076416,0.13000011444091797,1638384718.786,17,happy,mango,above,happy,mango,happy,mango,above,happy,mango,5003.243916749954,2021-12-01T18:51:58.786000,1638379715.5420833
16,15,1,15,Random,-9999,84df8aaf60b69222,1.567000150680542,0.06999993324279785,1638384720.436,1,blueberry,pants,lemon,blueberry,pants,blueberry,pants,lemon,blueberry,pants,5004.893916845322,2021-12-01T18:52:00.436000,1638379715.5420833
24,16,29,29,Random,-9999,84df8aaf60b69222,1.7699999809265137,0.07999992370605469,1638384722.322,16,lemon,noon,sunset,noon,lemon,lemon,noon,sunset,noon,lemon,5006.779916763306,2021-12-01T18:52:02.322000,1638379715.5420833
1,3,11,3,Random,-9999,84df8aaf60b69222,1.375,0.07200002670288086,1638384723.758,11,shoes,disgust,pants,shoes,disgust,shoes,disgust,pants,shoes,disgust,5008.215916633606,2021-12-01T18:52:03.758000,1638379715.5420833
5,13,12,13,Random,-9999,84df8aaf60b69222,1.5739998817443848,0.0710000991821289,1638384725.374,12,happy,fearful,above,happy,fearful,happy,fearful,above,happy,fearful,5009.831916809082,2021-12-01T18:52:05.374000,1638379715.5420833
0,24,1,1,Random,-9999,84df8aaf60b69222,1.366999864578247,0.0710000991821289,1638384726.851,24,sunset,pants,dress,pants,sunset,sunset,pants,dress,pants,sunset,5011.308916807175,2021-12-01T18:52:06.851000,1638379715.5420833
5,18,19,19,Random,-9999,84df8aaf60b69222,1.7219998836517334,0.08000016212463379,1638384728.613,18,strawberry,watermelon,above,watermelon,strawberry,strawberry,watermelon,above,watermelon,strawberry,5013.070916652679,2021-12-01T18:52:08.613000,1638379715.5420833
7,8,10,8,Random,-9999,84df8aaf60b69222,1.5299999713897705,0.07200002670288086,1638384730.224,10,far,angry,beside,far,angry,far,angry,beside,far,angry,5014.681916713715,2021-12-01T18:52:10.224000,1638379715.5420833
16,15,23,15,Random,-9999,84df8aaf60b69222,1.065999984741211,0.07599997520446777,1638384731.35,23,blueberry,sky,lemon,blueberry,sky,blueberry,sky,lemon,blueberry,sky,5015.807916641235,2021-12-01T18:52:11.350000,1638379715.5420833
29,10,21,21,Random,-9999,84df8aaf60b69222,1.5069999694824219,0.07299995422363281,1638384732.936,10,angry,field,noon,field,angry,angry,field,noon,field,angry,5017.393916845322,2021-12-01T18:52:12.936000,1638379715.5420833
16,10,7,10,Random,-9999,84df8aaf60b69222,1.5339999198913574,0.07500004768371582,1638384734.54,7,angry,beside,lemon,angry,beside,angry,beside,lemon,angry,beside,5018.997916698456,2021-12-01T18:52:14.540000,1638379715.5420833
4,21,26,21,Random,-9999,84df8aaf60b69222,1.6030001640319824,0.07200002670288086,1638384736.216,26,field,day,socks,field,day,field,day,socks,field,day,5020.673916816711,2021-12-01T18:52:16.216000,1638379715.5420833
10,26,7,26,Random,-9999,84df8aaf60b69222,1.2549998760223389,0.0690000057220459,1638384737.542,7,day,beside,angry,day,beside,day,beside,angry,day,beside,5021.999916791916,2021-12-01T18:52:17.542000,1638379715.5420833
12,10,20,10,Random,-9999,84df8aaf60b69222,1.6099998950958252,0.0710000991821289,1638384739.235,20,angry,beach,fearful,angry,beach,angry,beach,fearful,angry,beach,5023.692916631699,2021-12-01T18:52:19.235000,1638379715.5420833
16,19,4,19,Random,-9999,84df8aaf60b69222,1.2769999504089355,0.08500003814697266,1638384740.582,4,watermelon,socks,lemon,watermelon,socks,watermelon,socks,lemon,watermelon,socks,5025.039916753769,2021-12-01T18:52:20.582000,1638379715.5420833
3,7,10,10,Random,-9999,84df8aaf60b69222,2.1519999504089355,0.07400012016296387,1638384742.867,7,beside,angry,shoes,angry,beside,beside,angry,shoes,angry,beside,5027.3249168396,2021-12-01T18:52:22.867000,1638379715.5420833
10,14,13,14,Random,-9999,84df8aaf60b69222,1.5859999656677246,0.1359999179840088,1638384744.531,13,sad,happy,angry,sad,happy,sad,happy,angry,sad,happy,5028.988916635513,2021-12-01T18:52:24.531000,1638379715.5420833
27,8,19,8,Random,-9999,84df8aaf60b69222,1.4520001411437988,0.07299995422363281,1638384746.056,19,far,watermelon,dusk,far,watermelon,far,watermelon,dusk,far,watermelon,5030.513916730881,2021-12-01T18:52:26.056000,1638379715.5420833
17,21,23,23,Random,-9999,84df8aaf60b69222,1.3239998817443848,0.07299995422363281,1638384747.454,21,field,sky,mango,sky,field,field,sky,mango,sky,field,5031.911916732788,2021-12-01T18:52:27.454000,1638379715.5420833
29,18,22,22,Random,-9999,84df8aaf60b69222,1.628999948501587,0.08000016212463379,1638384749.175,18,strawberry,ocean,noon,ocean,strawberry,strawberry,ocean,noon,ocean,strawberry,5033.632916688919,2021-12-01T18:52:29.175000,1638379715.5420833
2,17,10,10,Random,-9999,84df8aaf60b69222,5.370000123977661,0.07999992370605469,1638384754.669,17,mango,angry,shirt,angry,mango,mango,angry,shirt,angry,mango,5039.126916646957,2021-12-01T18:52:34.669000,1638379715.5420833
4,17,27,27,Random,-9999,84df8aaf60b69222,2.309999942779541,0.12899994850158691,1638384757.108,17,mango,dusk,socks,dusk,mango,mango,dusk,socks,dusk,mango,5041.565916776657,2021-12-01T18:52:37.108000,1638379715.5420833
17,27,23,27,Random,-9999,84df8aaf60b69222,2.499000072479248,0.13199996948242188,1638384759.738,23,dusk,sky,mango,dusk,sky,dusk,sky,mango,dusk,sky,5044.195916652679,2021-12-01T18:52:39.738000,1638379715.5420833
21,15,22,15,Random,-9999,84df8aaf60b69222,2.2350001335144043,0.13099980354309082,1638384762.1,22,blueberry,ocean,field,blueberry,ocean,blueberry,ocean,field,blueberry,ocean,5046.557916641235,2021-12-01T18:52:42.100000,1638379715.5420833
22,7,18,18,Random,-9999,84df8aaf60b69222,1.3389999866485596,0.12999987602233887,1638384763.511,7,beside,strawberry,ocean,strawberry,beside,beside,strawberry,ocean,strawberry,beside,5047.968916654587,2021-12-01T18:52:43.511000,1638379715.5420833
29,25,26,26,Random,-9999,84df8aaf60b69222,1.5280001163482666,0.07500004768371582,1638384765.127,25,dawn,day,noon,day,dawn,dawn,day,noon,day,dawn,5049.584916830063,2021-12-01T18:52:45.127000,1638379715.5420833
19,3,21,21,Random,-9999,84df8aaf60b69222,1.318000078201294,0.07700014114379883,1638384766.51,3,shoes,field,watermelon,field,shoes,shoes,field,watermelon,field,shoes,5050.967916727066,2021-12-01T18:52:46.510000,1638379715.5420833
18,26,0,0,Random,-9999,84df8aaf60b69222,2.0859999656677246,0.07499980926513672,1638384768.741,26,day,dress,strawberry,dress,day,day,dress,strawberry,dress,day,5053.19891667366,2021-12-01T18:52:48.741000,1638379715.5420833
11,13,12,13,Random,-9999,84df8aaf60b69222,1.1519999504089355,0.13200020790100098,1638384769.957,12,happy,fearful,disgust,happy,fearful,happy,fearful,disgust,happy,fearful,5054.414916753769,2021-12-01T18:52:49.957000,1638379715.5420833
12,8,4,8,Random,-9999,84df8aaf60b69222,1.6469998359680176,0.07500004768371582,1638384771.677,4,far,socks,fearful,far,socks,far,socks,fearful,far,socks,5056.134916782379,2021-12-01T18:52:51.677000,1638379715.5420833
7,16,24,24,Random,-9999,84df8aaf60b69222,1.6479997634887695,0.07400012016296387,1638384773.396,16,lemon,sunset,beside,sunset,lemon,lemon,sunset,beside,sunset,lemon,5057.85391664505,2021-12-01T18:52:53.396000,1638379715.5420833
18,26,23,26,Random,-9999,84df8aaf60b69222,4.001999855041504,0.07300019264221191,1638384777.534,23,day,sky,strawberry,day,sky,day,sky,strawberry,day,sky,5061.991916656494,2021-12-01T18:52:57.534000,1638379715.5420833
5,29,27,27,Random,-9999,84df8aaf60b69222,2.2669999599456787,0.13700008392333984,1638384779.941,29,noon,dusk,above,dusk,noon,noon,dusk,above,dusk,noon,5064.398916721344,2021-12-01T18:52:59.941000,1638379715.5420833
19,11,13,13,Random,-9999,84df8aaf60b69222,1.6610000133514404,0.13700008392333984,1638384781.675,11,disgust,happy,watermelon,happy,disgust,disgust,happy,watermelon,happy,disgust,5066.132916688919,2021-12-01T18:53:01.675000,1638379715.5420833
11,17,8,17,Random,-9999,84df8aaf60b69222,1.5279998779296875,0.07599997520446777,1638384783.324,8,mango,far,disgust,mango,far,mango,far,disgust,mango,far,5067.781916618347,2021-12-01T18:53:03.324000,1638379715.5420833
18,29,4,29,Random,-9999,84df8aaf60b69222,1.7260000705718994,0.0840001106262207,1638384785.099,4,noon,socks,strawberry,noon,socks,noon,socks,strawberry,noon,socks,5069.556916713715,2021-12-01T18:53:05.099000,1638379715.5420833
27,19,23,23,Random,-9999,84df8aaf60b69222,1.4750001430511475,0.0819997787475586,1638384786.655,19,watermelon,sky,dusk,sky,watermelon,watermelon,sky,dusk,sky,watermelon,5071.112916707993,2021-12-01T18:53:06.655000,1638379715.5420833
22,9,15,9,Random,-9999,84df8aaf60b69222,1.2810001373291016,0.07999992370605469,1638384788.011,15,near,blueberry,ocean,near,blueberry,near,blueberry,ocean,near,blueberry,5072.468916654587,2021-12-01T18:53:08.011000,1638379715.5420833
29,28,7,28,Random,-9999,84df8aaf60b69222,1.4079999923706055,0.07999992370605469,1638384789.5,7,night,beside,noon,night,beside,night,beside,noon,night,beside,5073.957916736603,2021-12-01T18:53:09.500000,1638379715.5420833
15,4,3,4,Random,-9999,84df8aaf60b69222,1.3980000019073486,0.08299994468688965,1638384790.989,3,socks,shoes,blueberry,socks,shoes,socks,shoes,blueberry,socks,shoes,5075.446916818619,2021-12-01T18:53:10.989000,1638379715.5420833
6,10,16,16,Random,-9999,84df8aaf60b69222,1.7159998416900635,0.0820000171661377,1638384792.777,10,angry,lemon,below,lemon,angry,angry,lemon,below,lemon,angry,5077.234916687012,2021-12-01T18:53:12.777000,1638379715.5420833
14,17,24,24,Random,-9999,84df8aaf60b69222,1.7149999141693115,0.08100008964538574,1638384794.572,17,mango,sunset,sad,sunset,mango,mango,sunset,sad,sunset,mango,5079.029916763306,2021-12-01T18:53:14.572000,1638379715.5420833
1,24,20,20,Random,-9999,84df8aaf60b69222,1.7619998455047607,0.07700014114379883,1638384796.411,24,sunset,beach,pants,beach,sunset,sunset,beach,pants,beach,sunset,5080.868916749954,2021-12-01T18:53:16.411000,1638379715.5420833
27,0,24,24,Random,-9999,84df8aaf60b69222,2.321000099182129,0.07999992370605469,1638384798.875,0,dress,sunset,dusk,sunset,dress,dress,sunset,dusk,sunset,dress,5083.332916736603,2021-12-01T18:53:18.875000,1638379715.5420833
22,16,24,24,Random,-9999,84df8aaf60b69222,1.4220001697540283,0.14599990844726562,1638384800.383,16,lemon,sunset,ocean,sunset,lemon,lemon,sunset,ocean,sunset,lemon,5084.840916633606,2021-12-01T18:53:20.383000,1638379715.5420833
0,21,5,21,Random,-9999,84df8aaf60b69222,2.1619999408721924,0.08299994468688965,1638384802.677,5,field,above,dress,field,above,field,above,dress,field,above,5087.134916782379,2021-12-01T18:53:22.677000,1638379715.5420833
19,20,11,20,Random,-9999,84df8aaf60b69222,1.4539999961853027,0.13299989700317383,1638384804.212,11,beach,disgust,watermelon,beach,disgust,beach,disgust,watermelon,beach,disgust,5088.669916629791,2021-12-01T18:53:24.212000,1638379715.5420833
29,28,5,28,Random,-9999,84df8aaf60b69222,1.307999849319458,0.08000016212463379,1638384805.606,5,night,above,noon,night,above,night,above,noon,night,above,5090.063916683197,2021-12-01T18:53:25.606000,1638379715.5420833
6,0,23,23,Random,-9999,84df8aaf60b69222,2.2039999961853027,0.07899999618530273,1638384807.96,0,dress,sky,below,sky,dress,dress,sky,below,sky,dress,5092.41791677475,2021-12-01T18:53:27.960000,1638379715.5420833
3,7,5,5,Random,-9999,84df8aaf60b69222,1.7020001411437988,0.14800000190734863,1638384809.751,7,beside,above,shoes,above,beside,beside,above,shoes,above,beside,5094.2089166641235,2021-12-01T18:53:29.751000,1638379715.5420833
13,17,7,17,Random,-9999,84df8aaf60b69222,5.947999954223633,0.09999990463256836,1638384815.841,7,mango,beside,happy,mango,beside,mango,beside,happy,mango,beside,5100.298916816711,2021-12-01T18:53:35.841000,1638379715.5420833
28,29,25,29,Random,-9999,84df8aaf60b69222,1.1700000762939453,0.13199996948242188,1638384817.086,25,noon,dawn,night,noon,dawn,noon,dawn,night,noon,dawn,5101.5439167022705,2021-12-01T18:53:37.086000,1638379715.5420833
11,19,8,19,Random,-9999,84df8aaf60b69222,2.187999963760376,0.08599996566772461,1638384819.409,8,watermelon,far,disgust,watermelon,far,watermelon,far,disgust,watermelon,far,5103.866916656494,2021-12-01T18:53:39.409000,1638379715.5420833
26,16,21,21,Random,-9999,84df8aaf60b69222,1.2630000114440918,0.13499999046325684,1638384820.753,16,lemon,field,day,field,lemon,lemon,field,day,field,lemon,5105.210916757584,2021-12-01T18:53:40.753000,1638379715.5420833
7,0,13,13,Random,-9999,84df8aaf60b69222,1.2430000305175781,0.07599997520446777,1638384822.077,0,dress,happy,beside,happy,dress,dress,happy,beside,happy,dress,5106.534916639328,2021-12-01T18:53:42.077000,1638379715.5420833
11,8,26,26,Random,-9999,84df8aaf60b69222,1.0439999103546143,0.07700014114379883,1638384823.19,8,far,day,disgust,day,far,far,day,disgust,day,far,5107.647916793823,2021-12-01T18:53:43.190000,1638379715.5420833
6,28,13,28,Random,-9999,84df8aaf60b69222,0.7820000648498535,0.07399988174438477,1638384824.054,13,night,happy,below,night,happy,night,happy,below,night,happy,5108.511916637421,2021-12-01T18:53:44.054000,1638379715.5420833
12,1,20,1,Random,-9999,84df8aaf60b69222,0.6729998588562012,0.07800006866455078,1638384824.808,20,pants,beach,fearful,pants,beach,pants,beach,fearful,pants,beach,5109.265916824341,2021-12-01T18:53:44.808000,1638379715.5420833
9,11,1,1,Random,-9999,84df8aaf60b69222,0.6740000247955322,0.08700013160705566,1638384825.569,11,disgust,pants,near,pants,disgust,disgust,pants,near,pants,disgust,5110.026916742325,2021-12-01T18:53:45.569000,1638379715.5420833
13,27,1,1,Random,-9999,84df8aaf60b69222,0.6400001049041748,0.08099985122680664,1638384826.284,27,dusk,pants,happy,pants,dusk,dusk,pants,happy,pants,dusk,5110.741916656494,2021-12-01T18:53:46.284000,1638379715.5420833
9,28,18,28,Random,-9999,84df8aaf60b69222,0.632000207901001,0.07799983024597168,1638384826.996,18,night,strawberry,near,night,strawberry,night,strawberry,near,night,strawberry,5111.453916788101,2021-12-01T18:53:46.996000,1638379715.5420833
19,22,29,22,Random,-9999,84df8aaf60b69222,0.6400001049041748,0.0819997787475586,1638384827.727,29,ocean,noon,watermelon,ocean,noon,ocean,noon,watermelon,ocean,noon,5112.184916734695,2021-12-01T18:53:47.727000,1638379715.5420833
26,24,3,3,Random,-9999,84df8aaf60b69222,0.6140000820159912,0.0820000171661377,1638384828.426,24,sunset,shoes,day,shoes,sunset,sunset,shoes,day,shoes,sunset,5112.883916854858,2021-12-01T18:53:48.426000,1638379715.5420833
21,13,9,13,Random,-9999,84df8aaf60b69222,0.5759999752044678,0.09200000762939453,1638384829.083,9,happy,near,field,happy,near,happy,near,field,happy,near,5113.54091668129,2021-12-01T18:53:49.083000,1638379715.5420833
5,3,11,11,Random,-9999,84df8aaf60b69222,0.6380000114440918,0.08099985122680664,1638384829.805,3,shoes,disgust,above,disgust,shoes,shoes,disgust,above,disgust,shoes,5114.26291680336,2021-12-01T18:53:49.805000,1638379715.5420833
25,26,29,26,Random,-9999,84df8aaf60b69222,0.6310000419616699,0.0840001106262207,1638384830.522,29,day,noon,dawn,day,noon,day,noon,dawn,day,noon,5114.979916810989,2021-12-01T18:53:50.522000,1638379715.5420833
6,8,22,8,Random,-9999,84df8aaf60b69222,0.5980000495910645,0.09099984169006348,1638384831.208,22,far,ocean,below,far,ocean,far,ocean,below,far,ocean,5115.66591668129,2021-12-01T18:53:51.208000,1638379715.5420833
2,24,25,24,Random,-9999,84df8aaf60b69222,0.6409997940063477,0.0840001106262207,1638384831.928,25,sunset,dawn,shirt,sunset,dawn,sunset,dawn,shirt,sunset,dawn,5116.3859167099,2021-12-01T18:53:51.928000,1638379715.5420833
16,4,27,27,Random,-9999,84df8aaf60b69222,0.5399999618530273,0.08000016212463379,1638384832.55,4,socks,dusk,lemon,dusk,socks,socks,dusk,lemon,dusk,socks,5117.007916688919,2021-12-01T18:53:52.550000,1638379715.5420833
17,8,13,13,Random,-9999,84df8aaf60b69222,0.6529998779296875,0.07899999618530273,1638384833.279,8,far,happy,mango,happy,far,far,happy,mango,happy,far,5117.736916780472,2021-12-01T18:53:53.279000,1638379715.5420833
7,5,26,5,Random,-9999,84df8aaf60b69222,0.5919997692108154,0.07900023460388184,1638384833.956,26,above,day,beside,above,day,above,day,beside,above,day,5118.413916826248,2021-12-01T18:53:53.956000,1638379715.5420833
29,5,2,2,Random,-9999,84df8aaf60b69222,0.6090002059936523,0.0820000171661377,1638384834.641,5,above,shirt,noon,shirt,above,above,shirt,noon,shirt,above,5119.098916769028,2021-12-01T18:53:54.641000,1638379715.5420833
14,9,0,9,Random,-9999,84df8aaf60b69222,1.309999942779541,0.07899999618530273,1638384836.03,0,near,dress,sad,near,dress,near,dress,sad,near,dress,5120.487916707993,2021-12-01T18:53:56.030000,1638379715.5420833
13,7,11,11,Random,-9999,84df8aaf60b69222,0.7690000534057617,0.08100008964538574,1638384836.881,7,beside,disgust,happy,disgust,beside,beside,disgust,happy,disgust,beside,5121.338916778564,2021-12-01T18:53:56.881000,1638379715.5420833
9,16,19,19,Random,-9999,84df8aaf60b69222,0.679999828338623,0.07800006866455078,1638384837.646,16,lemon,watermelon,near,watermelon,lemon,lemon,watermelon,near,watermelon,lemon,5122.10391664505,2021-12-01T18:53:57.646000,1638379715.5420833
4,21,19,19,Random,-9999,84df8aaf60b69222,0.6470000743865967,0.08299994468688965,1638384838.369,21,field,watermelon,socks,watermelon,field,field,watermelon,socks,watermelon,field,5122.826916694641,2021-12-01T18:53:58.369000,1638379715.5420833
1,0,6,0,Random,-9999,84df8aaf60b69222,0.5780000686645508,0.0820000171661377,1638384839.034,6,dress,below,pants,dress,below,dress,below,pants,dress,below,5123.491916656494,2021-12-01T18:53:59.034000,1638379715.5420833
6,29,18,29,Random,-9999,84df8aaf60b69222,0.6130001544952393,0.08099985122680664,1638384839.721,18,noon,strawberry,below,noon,strawberry,noon,strawberry,below,noon,strawberry,5124.178916692734,2021-12-01T18:53:59.721000,1638379715.5420833
21,11,26,26,Random,-9999,84df8aaf60b69222,0.6289999485015869,0.08099985122680664,1638384840.435,11,disgust,day,field,day,disgust,disgust,day,field,day,disgust,5124.892916679382,2021-12-01T18:54:00.435000,1638379715.5420833
17,10,23,10,Random,-9999,84df8aaf60b69222,0.5900001525878906,0.0820000171661377,1638384841.116,23,angry,sky,mango,angry,sky,angry,sky,mango,angry,sky,5125.57391667366,2021-12-01T18:54:01.116000,1638379715.5420833
21,19,13,13,Random,-9999,84df8aaf60b69222,0.5940001010894775,0.0820000171661377,1638384841.782,19,watermelon,happy,field,happy,watermelon,watermelon,happy,field,happy,watermelon,5126.239916801453,2021-12-01T18:54:01.782000,1638379715.5420833
9,27,28,27,Random,-9999,84df8aaf60b69222,0.5980000495910645,0.08099985122680664,1638384842.489,28,dusk,night,near,dusk,night,dusk,night,near,dusk,night,5126.946916818619,2021-12-01T18:54:02.489000,1638379715.5420833
10,7,23,23,Random,-9999,84df8aaf60b69222,0.625,0.08100008964538574,1638384843.495,7,beside,sky,angry,sky,beside,beside,sky,angry,sky,beside,5127.952916622162,2021-12-01T18:54:03.495000,1638379715.5420833
28,16,22,16,Random,-9999,84df8aaf60b69222,0.6340000629425049,0.07899999618530273,1638384843.877,22,lemon,ocean,night,lemon,ocean,lemon,ocean,night,lemon,ocean,5128.334916830063,2021-12-01T18:54:03.877000,1638379715.5420833
4,0,11,11,Random,-9999,84df8aaf60b69222,0.619999885559082,0.0820000171661377,1638384844.569,0,dress,disgust,socks,disgust,dress,dress,disgust,socks,disgust,dress,5129.026916742325,2021-12-01T18:54:04.569000,1638379715.5420833
24,29,0,29,Random,-9999,a03a0d9b1477b2a1,3.822000026702881,0.1640000343322754,1638387128.391,0,noon,dress,sunset,noon,dress,noon,dress,sunset,noon,dress,7412.848916769028,2021-12-01T19:32:08.391000,1638379715.5420833
24,19,2,19,Random,-9999,a03a0d9b1477b2a1,3.8359999656677246,0.1420001983642578,1638387132.368,2,watermelon,shirt,sunset,watermelon,shirt,watermelon,shirt,sunset,watermelon,shirt,7416.82591676712,2021-12-01T19:32:12.368000,1638379715.5420833
21,22,20,22,Random,-9999,a03a0d9b1477b2a1,8.141000032424927,0.13700008392333984,1638387140.646,20,ocean,beach,field,ocean,beach,ocean,beach,field,ocean,beach,7425.10391664505,2021-12-01T19:32:20.646000,1638379715.5420833
13,25,10,25,Random,-9999,a03a0d9b1477b2a1,2.117000102996826,0.14599990844726562,1638387142.905,10,dawn,angry,happy,dawn,angry,dawn,angry,happy,dawn,angry,7427.362916707993,2021-12-01T19:32:22.905000,1638379715.5420833
29,9,26,26,Random,-9999,a03a0d9b1477b2a1,2.67900013923645,0.1380000114440918,1638387145.725,9,near,day,noon,day,near,near,day,noon,day,near,7430.182916641235,2021-12-01T19:32:25.725000,1638379715.5420833
4,9,14,14,Random,-9999,a03a0d9b1477b2a1,5.447000026702881,0.1400001049041748,1638387151.309,9,near,sad,socks,sad,near,near,sad,socks,sad,near,7435.766916751862,2021-12-01T19:32:31.309000,1638379715.5420833
0,17,26,17,Random,-9999,a03a0d9b1477b2a1,2.0850000381469727,0.13699984550476074,1638387153.528,26,mango,day,dress,mango,day,mango,day,dress,mango,day,7437.985916852951,2021-12-01T19:32:33.528000,1638379715.5420833
11,19,24,19,Random,-9999,a03a0d9b1477b2a1,3.128000020980835,0.13499999046325684,1638387156.794,24,watermelon,sunset,disgust,watermelon,sunset,watermelon,sunset,disgust,watermelon,sunset,7441.251916646957,2021-12-01T19:32:36.794000,1638379715.5420833
20,24,8,24,Random,-9999,a03a0d9b1477b2a1,2.8289999961853027,0.1380000114440918,1638387159.759,8,sunset,far,beach,sunset,far,sunset,far,beach,sunset,far,7444.216916799545,2021-12-01T19:32:39.759000,1638379715.5420833
17,13,0,13,Random,-9999,a03a0d9b1477b2a1,7.000999927520752,0.13700008392333984,1638387166.897,0,happy,dress,mango,happy,dress,happy,dress,mango,happy,dress,7451.354916810989,2021-12-01T19:32:46.897000,1638379715.5420833
14,23,5,23,Random,-9999,a03a0d9b1477b2a1,3.802000045776367,0.13400006294250488,1638387170.839,5,sky,above,sad,sky,above,sky,above,sad,sky,above,7455.296916723251,2021-12-01T19:32:50.839000,1638379715.5420833
14,15,4,15,Random,-9999,a03a0d9b1477b2a1,2.6760001182556152,0.13699984550476074,1638387173.646,4,blueberry,socks,sad,blueberry,socks,blueberry,socks,sad,blueberry,socks,7458.10391664505,2021-12-01T19:32:53.646000,1638379715.5420833
8,7,29,29,Random,-9999,a03a0d9b1477b2a1,6.083999872207642,0.13499999046325684,1638387179.867,7,beside,noon,far,noon,beside,beside,noon,far,noon,beside,7464.3249168396,2021-12-01T19:32:59.867000,1638379715.5420833
0,23,24,24,Random,-9999,a03a0d9b1477b2a1,2.508000135421753,0.14100003242492676,1638387182.515,23,sky,sunset,dress,sunset,sky,sky,sunset,dress,sunset,sky,7466.972916841507,2021-12-01T19:33:02.515000,1638379715.5420833
20,27,26,26,Random,-9999,a03a0d9b1477b2a1,2.7160000801086426,0.14999985694885254,1638387185.379,27,dusk,day,beach,day,dusk,dusk,day,beach,day,dusk,7469.836916685104,2021-12-01T19:33:05.379000,1638379715.5420833
23,26,5,26,Random,-9999,a03a0d9b1477b2a1,2.8559999465942383,0.13499999046325684,1638387188.368,5,day,above,sky,day,above,day,above,sky,day,above,7472.82591676712,2021-12-01T19:33:08.368000,1638379715.5420833
20,26,13,26,Random,-9999,a03a0d9b1477b2a1,4.760999917984009,0.13700008392333984,1638387193.265,13,day,happy,beach,day,happy,day,happy,beach,day,happy,7477.722916841507,2021-12-01T19:33:13.265000,1638379715.5420833
1,6,10,6,Random,-9999,a03a0d9b1477b2a1,3.439000129699707,0.1359999179840088,1638387196.842,10,below,angry,pants,below,angry,below,angry,pants,below,angry,7481.299916744232,2021-12-01T19:33:16.842000,1638379715.5420833
27,29,14,29,Random,-9999,a03a0d9b1477b2a1,3.69100022315979,0.13399982452392578,1638387200.665,14,noon,sad,dusk,noon,sad,noon,sad,dusk,noon,sad,7485.122916698456,2021-12-01T19:33:20.665000,1638379715.5420833
21,2,0,0,Random,-9999,a03a0d9b1477b2a1,3.371999979019165,0.13699984550476074,1638387204.173,2,shirt,dress,field,dress,shirt,shirt,dress,field,dress,shirt,7488.630916833878,2021-12-01T19:33:24.173000,1638379715.5420833
14,9,28,28,Random,-9999,a03a0d9b1477b2a1,3.5169999599456787,0.13400006294250488,1638387207.828,9,near,night,sad,night,near,near,night,sad,night,near,7492.285916805267,2021-12-01T19:33:27.828000,1638379715.5420833
16,14,7,7,Random,-9999,a03a0d9b1477b2a1,3.5190000534057617,0.13499999046325684,1638387211.477,14,sad,beside,lemon,beside,sad,sad,beside,lemon,beside,sad,7495.934916734695,2021-12-01T19:33:31.477000,1638379715.5420833
2,26,18,26,Random,-9999,a03a0d9b1477b2a1,2.6510000228881836,0.1359999179840088,1638387214.266,18,day,strawberry,shirt,day,strawberry,day,strawberry,shirt,day,strawberry,7498.723916769028,2021-12-01T19:33:34.266000,1638379715.5420833
22,13,9,13,Random,-9999,a03a0d9b1477b2a1,2.9600000381469727,0.13899993896484375,1638387217.399,9,happy,near,ocean,happy,near,happy,near,ocean,happy,near,7501.856916666031,2021-12-01T19:33:37.399000,1638379715.5420833
28,22,21,22,Random,-9999,a03a0d9b1477b2a1,2.865000009536743,0.17600011825561523,1638387220.404,21,ocean,field,night,ocean,field,ocean,field,night,ocean,field,7504.861916780472,2021-12-01T19:33:40.404000,1638379715.5420833
16,5,28,5,Random,-9999,a03a0d9b1477b2a1,3.3869998455047607,0.13700008392333984,1638387223.925,28,above,night,lemon,above,night,above,night,lemon,above,night,7508.382916688919,2021-12-01T19:33:43.925000,1638379715.5420833
4,13,0,13,Random,-9999,a03a0d9b1477b2a1,3.0759999752044678,0.13700008392333984,1638387227.136,0,happy,dress,socks,happy,dress,happy,dress,socks,happy,dress,7511.593916654587,2021-12-01T19:33:47.136000,1638379715.5420833
11,8,5,8,Random,-9999,a03a0d9b1477b2a1,4.230000019073486,0.12999987602233887,1638387231.498,5,far,above,disgust,far,above,far,above,disgust,far,above,7515.955916643143,2021-12-01T19:33:51.498000,1638379715.5420833
15,19,18,18,Random,-9999,a03a0d9b1477b2a1,4.545000076293945,0.13400006294250488,1638387236.175,19,watermelon,strawberry,blueberry,strawberry,watermelon,watermelon,strawberry,blueberry,strawberry,watermelon,7520.632916688919,2021-12-01T19:33:56.175000,1638379715.5420833
16,13,9,9,Random,-9999,a03a0d9b1477b2a1,2.73799991607666,0.13499999046325684,1638387239.052,13,happy,near,lemon,near,happy,happy,near,lemon,near,happy,7523.509916782379,2021-12-01T19:33:59.052000,1638379715.5420833
12,6,11,11,Random,-9999,a03a0d9b1477b2a1,4.5940001010894775,0.1359999179840088,1638387243.781,6,below,disgust,fearful,disgust,below,below,disgust,fearful,disgust,below,7528.238916635513,2021-12-01T19:34:03.781000,1638379715.5420833
24,28,18,18,Random,-9999,a03a0d9b1477b2a1,8.122999906539917,0.1380000114440918,1638387252.042,28,night,strawberry,sunset,strawberry,night,night,strawberry,sunset,strawberry,night,7536.499916791916,2021-12-01T19:34:12.042000,1638379715.5420833
23,25,10,25,Random,-9999,a03a0d9b1477b2a1,3.6670000553131104,0.13700008392333984,1638387255.846,10,dawn,angry,sky,dawn,angry,dawn,angry,sky,dawn,angry,7540.303916692734,2021-12-01T19:34:15.846000,1638379715.5420833
4,29,6,6,Random,-9999,a03a0d9b1477b2a1,2.822999954223633,0.1359999179840088,1638387258.809,29,noon,below,socks,below,noon,noon,below,socks,below,noon,7543.266916751862,2021-12-01T19:34:18.809000,1638379715.5420833
11,6,13,6,Random,-9999,a03a0d9b1477b2a1,3.0920000076293945,0.13700008392333984,1638387262.033,13,below,happy,disgust,below,happy,below,happy,disgust,below,happy,7546.490916728973,2021-12-01T19:34:22.033000,1638379715.5420833
9,23,21,21,Random,-9999,a03a0d9b1477b2a1,3.88100004196167,0.1360001564025879,1638387266.049,23,sky,field,near,field,sky,sky,field,near,field,sky,7550.506916761398,2021-12-01T19:34:26.049000,1638379715.5420833
15,21,5,5,Random,-9999,a03a0d9b1477b2a1,7.36899995803833,0.1359999179840088,1638387273.553,21,field,above,blueberry,above,field,field,above,blueberry,above,field,7558.0109167099,2021-12-01T19:34:33.553000,1638379715.5420833
6,2,27,27,Random,-9999,a03a0d9b1477b2a1,4.210999965667725,0.13499999046325684,1638387277.899,2,shirt,dusk,below,dusk,shirt,shirt,dusk,below,dusk,shirt,7562.356916666031,2021-12-01T19:34:37.899000,1638379715.5420833
12,10,7,10,Random,-9999,a03a0d9b1477b2a1,1.8950002193450928,0.13199996948242188,1638387279.873,7,angry,beside,fearful,angry,beside,angry,beside,fearful,angry,beside,7564.330916643143,2021-12-01T19:34:39.873000,1638379715.5420833
2,15,28,15,Random,-9999,a03a0d9b1477b2a1,2.507999897003174,0.07599997520446777,1638387282.511,28,blueberry,night,shirt,blueberry,night,blueberry,night,shirt,blueberry,night,7566.968916654587,2021-12-01T19:34:42.511000,1638379715.5420833
7,29,0,29,Random,-9999,a03a0d9b1477b2a1,5.131999969482422,0.13499999046325684,1638387287.782,0,noon,dress,beside,noon,dress,noon,dress,beside,noon,dress,7572.239916801453,2021-12-01T19:34:47.782000,1638379715.5420833
9,20,2,20,Random,-9999,a03a0d9b1477b2a1,4.171000003814697,0.1419999599456787,1638387292.089,2,beach,shirt,near,beach,shirt,beach,shirt,near,beach,shirt,7576.546916723251,2021-12-01T19:34:52.089000,1638379715.5420833
14,10,24,10,Random,-9999,a03a0d9b1477b2a1,1.9509999752044678,0.13299989700317383,1638387294.217,24,angry,sunset,sad,angry,sunset,angry,sunset,sad,angry,sunset,7578.674916744232,2021-12-01T19:34:54.217000,1638379715.5420833
18,8,20,20,Random,-9999,a03a0d9b1477b2a1,3.0799999237060547,0.17200016975402832,1638387297.424,8,far,beach,strawberry,beach,far,far,beach,strawberry,beach,far,7581.881916761398,2021-12-01T19:34:57.424000,1638379715.5420833
18,19,26,19,Random,-9999,a03a0d9b1477b2a1,2.2380001544952393,0.13399982452392578,1638387299.84,26,watermelon,day,strawberry,watermelon,day,watermelon,day,strawberry,watermelon,day,7584.297916650772,2021-12-01T19:34:59.840000,1638379715.5420833
12,29,5,29,Random,-9999,a03a0d9b1477b2a1,5.558000087738037,0.17299985885620117,1638387305.529,5,noon,above,fearful,noon,above,noon,above,fearful,noon,above,7589.986916780472,2021-12-01T19:35:05.529000,1638379715.5420833
13,4,3,3,Random,-9999,a03a0d9b1477b2a1,1.9200000762939453,0.13499999046325684,1638387307.525,4,socks,shoes,happy,shoes,socks,socks,shoes,happy,shoes,socks,7591.98291683197,2021-12-01T19:35:07.525000,1638379715.5420833
10,26,17,26,Random,-9999,a03a0d9b1477b2a1,4.011000156402588,0.07499980926513672,1638387311.668,17,day,mango,angry,day,mango,day,mango,angry,day,mango,7596.125916719437,2021-12-01T19:35:11.668000,1638379715.5420833
10,3,22,22,Random,-9999,a03a0d9b1477b2a1,3.9689998626708984,0.13499999046325684,1638387315.773,3,shoes,ocean,angry,ocean,shoes,shoes,ocean,angry,ocean,shoes,7600.23091673851,2021-12-01T19:35:15.773000,1638379715.5420833
23,17,12,12,Random,-9999,a03a0d9b1477b2a1,3.9789998531341553,0.13400006294250488,1638387319.886,17,mango,fearful,sky,fearful,mango,mango,fearful,sky,fearful,mango,7604.343916654587,2021-12-01T19:35:19.886000,1638379715.5420833
15,8,10,8,Random,-9999,a03a0d9b1477b2a1,7.341000080108643,0.13499999046325684,1638387327.359,10,far,angry,blueberry,far,angry,far,angry,blueberry,far,angry,7611.816916704178,2021-12-01T19:35:27.359000,1638379715.5420833
7,18,26,26,Random,-9999,a03a0d9b1477b2a1,8.696000099182129,0.13899993896484375,1638387336.192,18,strawberry,day,beside,day,strawberry,strawberry,day,beside,day,strawberry,7620.649916648865,2021-12-01T19:35:36.192000,1638379715.5420833
7,0,17,17,Random,-9999,a03a0d9b1477b2a1,3.739000082015991,0.13499999046325684,1638387340.067,0,dress,mango,beside,mango,dress,dress,mango,beside,mango,dress,7624.524916648865,2021-12-01T19:35:40.067000,1638379715.5420833
17,21,4,21,Random,-9999,a03a0d9b1477b2a1,3.6640000343322754,0.13899993896484375,1638387343.868,4,field,socks,mango,field,socks,field,socks,mango,field,socks,7628.32591676712,2021-12-01T19:35:43.868000,1638379715.5420833
24,3,25,25,Random,-9999,a03a0d9b1477b2a1,2.013000011444092,0.13699984550476074,1638387346.025,3,shoes,dawn,sunset,dawn,shoes,shoes,dawn,sunset,dawn,shoes,7630.48291683197,2021-12-01T19:35:46.025000,1638379715.5420833
4,23,17,23,Random,-9999,a03a0d9b1477b2a1,3.694999933242798,0.14100003242492676,1638387349.859,17,sky,mango,socks,sky,mango,sky,mango,socks,sky,mango,7634.316916704178,2021-12-01T19:35:49.859000,1638379715.5420833
26,13,16,13,Random,-9999,a03a0d9b1477b2a1,4.371000051498413,0.13499999046325684,1638387354.363,16,happy,lemon,day,happy,lemon,happy,lemon,day,happy,lemon,7638.820916652679,2021-12-01T19:35:54.363000,1638379715.5420833
7,15,29,29,Random,-9999,a03a0d9b1477b2a1,4.023999929428101,0.1419999599456787,1638387358.527,15,blueberry,noon,beside,noon,blueberry,blueberry,noon,beside,noon,blueberry,7642.984916687012,2021-12-01T19:35:58.527000,1638379715.5420833
17,23,16,16,Random,-9999,a03a0d9b1477b2a1,2.760999917984009,0.13700008392333984,1638387361.435,23,sky,lemon,mango,lemon,sky,sky,lemon,mango,lemon,sky,7645.892916679382,2021-12-01T19:36:01.435000,1638379715.5420833
23,22,19,22,Random,-9999,a03a0d9b1477b2a1,3.2219998836517334,0.14600014686584473,1638387364.795,19,ocean,watermelon,sky,ocean,watermelon,ocean,watermelon,sky,ocean,watermelon,7649.252916812897,2021-12-01T19:36:04.795000,1638379715.5420833
10,23,20,20,Random,-9999,a03a0d9b1477b2a1,2.763000011444092,0.1380000114440918,1638387367.69,23,sky,beach,angry,beach,sky,sky,beach,angry,beach,sky,7652.147916793823,2021-12-01T19:36:07.690000,1638379715.5420833
0,14,19,19,Random,-9999,a03a0d9b1477b2a1,5.203999996185303,0.1380000114440918,1638387373.044,14,sad,watermelon,dress,watermelon,sad,sad,watermelon,dress,watermelon,sad,7657.501916646957,2021-12-01T19:36:13.044000,1638379715.5420833
27,22,16,22,Random,-9999,a03a0d9b1477b2a1,3.371999979019165,0.1510000228881836,1638387376.559,16,ocean,lemon,dusk,ocean,lemon,ocean,lemon,dusk,ocean,lemon,7661.016916751862,2021-12-01T19:36:16.559000,1638379715.5420833
18,5,25,25,Random,-9999,a03a0d9b1477b2a1,5.181999921798706,0.13499999046325684,1638387381.874,5,above,dawn,strawberry,dawn,above,above,dawn,strawberry,dawn,above,7666.331916809082,2021-12-01T19:36:21.874000,1638379715.5420833
16,28,29,29,Random,-9999,a03a0d9b1477b2a1,3.9710001945495605,0.13399982452392578,1638387385.98,28,night,noon,lemon,noon,night,night,noon,lemon,noon,night,7670.437916755676,2021-12-01T19:36:25.980000,1638379715.5420833
29,2,22,2,Random,-9999,a03a0d9b1477b2a1,6.95799994468689,0.14999985694885254,1638387393.09,22,shirt,ocean,noon,shirt,ocean,shirt,ocean,noon,shirt,ocean,7677.547916650772,2021-12-01T19:36:33.090000,1638379715.5420833
16,13,15,13,Random,-9999,a03a0d9b1477b2a1,2.6070001125335693,0.1380000114440918,1638387395.835,15,happy,blueberry,lemon,happy,blueberry,happy,blueberry,lemon,happy,blueberry,7680.29291677475,2021-12-01T19:36:35.835000,1638379715.5420833
1,18,15,15,Random,-9999,a03a0d9b1477b2a1,10.594000101089478,0.13499999046325684,1638387406.567,18,strawberry,blueberry,pants,blueberry,strawberry,strawberry,blueberry,pants,blueberry,strawberry,7691.024916648865,2021-12-01T19:36:46.567000,1638379715.5420833
11,25,19,19,Random,-9999,a03a0d9b1477b2a1,2.515000104904175,0.13699984550476074,1638387409.213,25,dawn,watermelon,disgust,watermelon,dawn,dawn,watermelon,disgust,watermelon,dawn,7693.670916795731,2021-12-01T19:36:49.213000,1638379715.5420833
29,16,6,16,Random,-9999,a03a0d9b1477b2a1,2.802000045776367,0.13299989700317383,1638387412.15,6,lemon,below,noon,lemon,below,lemon,below,noon,lemon,below,7696.60791683197,2021-12-01T19:36:52.150000,1638379715.5420833
0,2,11,2,Random,-9999,a03a0d9b1477b2a1,3.626000165939331,0.1359999179840088,1638387415.908,11,shirt,disgust,dress,shirt,disgust,shirt,disgust,dress,shirt,disgust,7700.365916728973,2021-12-01T19:36:55.908000,1638379715.5420833
15,27,23,23,Random,-9999,a03a0d9b1477b2a1,5.292999982833862,0.13499999046325684,1638387421.337,27,dusk,sky,blueberry,sky,dusk,dusk,sky,blueberry,sky,dusk,7705.794916629791,2021-12-01T19:37:01.337000,1638379715.5420833
22,6,0,6,Random,-9999,a03a0d9b1477b2a1,3.624000072479248,0.13400006294250488,1638387425.092,0,below,dress,ocean,below,dress,below,dress,ocean,below,dress,7709.549916744232,2021-12-01T19:37:05.092000,1638379715.5420833
4,7,27,27,Random,-9999,a03a0d9b1477b2a1,4.455000162124634,0.14999985694885254,1638387429.703,7,beside,dusk,socks,dusk,beside,beside,dusk,socks,dusk,beside,7714.160916805267,2021-12-01T19:37:09.703000,1638379715.5420833
20,5,19,5,Random,-9999,a03a0d9b1477b2a1,3.6029999256134033,0.1399998664855957,1638387433.447,19,above,watermelon,beach,above,watermelon,above,watermelon,beach,above,watermelon,7717.904916763306,2021-12-01T19:37:13.447000,1638379715.5420833
17,14,9,9,Random,-9999,a03a0d9b1477b2a1,2.8370001316070557,0.1380000114440918,1638387436.424,14,sad,near,mango,near,sad,sad,near,mango,near,sad,7720.881916761398,2021-12-01T19:37:16.424000,1638379715.5420833
24,12,28,12,Random,-9999,a03a0d9b1477b2a1,6.177999973297119,0.1359999179840088,1638387442.742,28,fearful,night,sunset,fearful,night,fearful,night,sunset,fearful,night,7727.1999168396,2021-12-01T19:37:22.742000,1638379715.5420833
11,18,6,6,Random,-9999,a03a0d9b1477b2a1,3.9120001792907715,0.1419999599456787,1638387446.793,18,strawberry,below,disgust,below,strawberry,strawberry,below,disgust,below,strawberry,7731.250916719437,2021-12-01T19:37:26.793000,1638379715.5420833
7,5,11,5,Random,-9999,a03a0d9b1477b2a1,7.642999887466431,0.14100003242492676,1638387454.572,11,above,disgust,beside,above,disgust,above,disgust,beside,above,disgust,7739.029916763306,2021-12-01T19:37:34.572000,1638379715.5420833
11,25,8,8,Random,-9999,a03a0d9b1477b2a1,3.373000144958496,0.13699984550476074,1638387458.084,25,dawn,far,disgust,far,dawn,dawn,far,disgust,far,dawn,7742.541916847229,2021-12-01T19:37:38.084000,1638379715.5420833
0,6,20,20,Random,-9999,a03a0d9b1477b2a1,2.2200000286102295,0.1359999179840088,1638387460.441,6,below,beach,dress,beach,below,below,beach,dress,beach,below,7744.898916721344,2021-12-01T19:37:40.441000,1638379715.5420833
9,6,24,6,Random,-9999,a03a0d9b1477b2a1,6.302999973297119,0.13400006294250488,1638387466.881,24,below,sunset,near,below,sunset,below,sunset,near,below,sunset,7751.338916778564,2021-12-01T19:37:46.881000,1638379715.5420833
7,3,27,3,Random,-9999,a03a0d9b1477b2a1,6.331000089645386,0.1399998664855957,1638387473.346,27,shoes,dusk,beside,shoes,dusk,shoes,dusk,beside,shoes,dusk,7757.803916692734,2021-12-01T19:37:53.346000,1638379715.5420833
27,1,23,1,Random,-9999,a03a0d9b1477b2a1,4.831000089645386,0.1359999179840088,1638387478.312,23,pants,sky,dusk,pants,sky,pants,sky,dusk,pants,sky,7762.769916772842,2021-12-01T19:37:58.312000,1638379715.5420833
19,11,8,8,Random,-9999,a03a0d9b1477b2a1,3.0820000171661377,0.1359999179840088,1638387481.532,11,disgust,far,watermelon,far,disgust,disgust,far,watermelon,far,disgust,7765.989916801453,2021-12-01T19:38:01.532000,1638379715.5420833
3,16,10,16,Random,-9999,a03a0d9b1477b2a1,4.8450000286102295,0.1380000114440918,1638387486.515,10,lemon,angry,shoes,lemon,angry,lemon,angry,shoes,lemon,angry,7770.972916841507,2021-12-01T19:38:06.515000,1638379715.5420833
6,11,16,16,Random,-9999,a03a0d9b1477b2a1,4.865000009536743,0.1380000114440918,1638387491.513,11,disgust,lemon,below,lemon,disgust,disgust,lemon,below,lemon,disgust,7775.970916748047,2021-12-01T19:38:11.513000,1638379715.5420833
19,15,3,15,Random,-9999,a03a0d9b1477b2a1,6.191999912261963,0.13700008392333984,1638387497.839,3,blueberry,shoes,watermelon,blueberry,shoes,blueberry,shoes,watermelon,blueberry,shoes,7782.296916723251,2021-12-01T19:38:17.839000,1638379715.5420833
26,22,2,22,Random,-9999,a03a0d9b1477b2a1,2.1449999809265137,0.1359999179840088,1638387500.121,2,ocean,shirt,day,ocean,shirt,ocean,shirt,day,ocean,shirt,7784.578916788101,2021-12-01T19:38:20.121000,1638379715.5420833
8,5,14,14,Random,-9999,a03a0d9b1477b2a1,3.127000093460083,0.14499998092651367,1638387503.404,5,above,sad,far,sad,above,above,sad,far,sad,above,7787.861916780472,2021-12-01T19:38:23.404000,1638379715.5420833
10,13,26,13,Random,-9999,a03a0d9b1477b2a1,5.371000051498413,0.1419999599456787,1638387508.902,26,happy,day,angry,happy,day,happy,day,angry,happy,day,7793.359916687012,2021-12-01T19:38:28.902000,1638379715.5420833
2,18,25,25,Random,-9999,a03a0d9b1477b2a1,4.807999849319458,0.14400005340576172,1638387513.857,18,strawberry,dawn,shirt,dawn,strawberry,strawberry,dawn,shirt,dawn,strawberry,7798.314916849136,2021-12-01T19:38:33.857000,1638379715.5420833
27,9,24,9,Random,-9999,a03a0d9b1477b2a1,2.2760000228881836,0.13700008392333984,1638387516.268,24,near,sunset,dusk,near,sunset,near,sunset,dusk,near,sunset,7800.725916624069,2021-12-01T19:38:36.268000,1638379715.5420833
22,1,14,14,Random,-9999,a03a0d9b1477b2a1,6.038000106811523,0.13299989700317383,1638387522.441,1,pants,sad,ocean,sad,pants,pants,sad,ocean,sad,pants,7806.898916721344,2021-12-01T19:38:42.441000,1638379715.5420833
3,20,23,20,Random,-9999,a03a0d9b1477b2a1,4.000999927520752,0.13400006294250488,1638387526.574,23,beach,sky,shoes,beach,sky,beach,sky,shoes,beach,sky,7811.031916618347,2021-12-01T19:38:46.574000,1638379715.5420833
14,29,2,29,Random,-9999,a03a0d9b1477b2a1,1.9700000286102295,0.13399982452392578,1638387528.695,2,noon,shirt,sad,noon,shirt,noon,shirt,sad,noon,shirt,7813.152916669846,2021-12-01T19:38:48.695000,1638379715.5420833
0,14,19,19,Random,-9999,a03a0d9b1477b2a1,4.210999965667725,0.14700007438659668,1638387533.035,14,sad,watermelon,dress,watermelon,sad,sad,watermelon,dress,watermelon,sad,7817.4929168224335,2021-12-01T19:38:53.035000,1638379715.5420833
26,9,11,9,Random,-9999,a03a0d9b1477b2a1,3.996999979019165,0.14100003242492676,1638387537.172,11,near,disgust,day,near,disgust,near,disgust,day,near,disgust,7821.629916667938,2021-12-01T19:38:57.172000,1638379715.5420833
22,17,19,19,Random,-9999,a03a0d9b1477b2a1,4.769000053405762,0.1359999179840088,1638387542.077,17,mango,watermelon,ocean,watermelon,mango,mango,watermelon,ocean,watermelon,mango,7826.534916639328,2021-12-01T19:39:02.077000,1638379715.5420833
27,28,26,28,Random,-9999,a03a0d9b1477b2a1,5.016000032424927,0.21199989318847656,1638387547.306,26,night,day,dusk,night,day,night,day,dusk,night,day,7831.763916730881,2021-12-01T19:39:07.306000,1638379715.5420833
20,7,5,5,Random,-9999,a03a0d9b1477b2a1,3.633999824523926,0.13700008392333984,1638387551.076,7,beside,above,beach,above,beside,beside,above,beach,above,beside,7835.533916711807,2021-12-01T19:39:11.076000,1638379715.5420833
13,27,28,28,Random,-9999,a03a0d9b1477b2a1,2.9549999237060547,0.13400006294250488,1638387554.165,27,dusk,night,happy,night,dusk,dusk,night,happy,night,dusk,7838.622916698456,2021-12-01T19:39:14.165000,1638379715.5420833
25,5,22,22,Random,-9999,a03a0d9b1477b2a1,3.4760000705718994,0.14100003242492676,1638387557.788,5,above,ocean,dawn,ocean,above,above,ocean,dawn,ocean,above,7842.245916843414,2021-12-01T19:39:17.788000,1638379715.5420833
27,3,19,3,Random,-9999,a03a0d9b1477b2a1,2.3519999980926514,0.1380000114440918,1638387560.277,19,shoes,watermelon,dusk,shoes,watermelon,shoes,watermelon,dusk,shoes,watermelon,7844.734916687012,2021-12-01T19:39:20.277000,1638379715.5420833
11,15,29,29,Random,-9999,a03a0d9b1477b2a1,2.1540000438690186,0.13899993896484375,1638387562.566,15,blueberry,noon,disgust,noon,blueberry,blueberry,noon,disgust,noon,blueberry,7847.023916721344,2021-12-01T19:39:22.566000,1638379715.5420833
11,5,19,5,Random,-9999,a03a0d9b1477b2a1,3.1050000190734863,0.13499999046325684,1638387565.808,19,above,watermelon,disgust,above,watermelon,above,watermelon,disgust,above,watermelon,7850.265916824341,2021-12-01T19:39:25.808000,1638379715.5420833
13,23,5,23,Random,-9999,a03a0d9b1477b2a1,1.937000036239624,0.15000009536743164,1638387567.933,5,sky,above,happy,sky,above,sky,above,happy,sky,above,7852.390916824341,2021-12-01T19:39:27.933000,1638379715.5420833
21,10,1,1,Random,-9999,a03a0d9b1477b2a1,2.1419999599456787,0.17500019073486328,1638387570.209,10,angry,pants,field,pants,angry,angry,pants,field,pants,angry,7854.666916847229,2021-12-01T19:39:30.209000,1638379715.5420833
16,22,0,0,Random,-9999,a03a0d9b1477b2a1,3.0920000076293945,0.1419999599456787,1638387573.442,22,ocean,dress,lemon,dress,ocean,ocean,dress,lemon,dress,ocean,7857.899916648865,2021-12-01T19:39:33.442000,1638379715.5420833
2,10,23,23,Random,-9999,a03a0d9b1477b2a1,3.3910000324249268,0.1360001564025879,1638387576.969,10,angry,sky,shirt,sky,angry,angry,sky,shirt,sky,angry,7861.426916837692,2021-12-01T19:39:36.969000,1638379715.5420833
26,5,1,5,Random,-9999,a03a0d9b1477b2a1,4.073999881744385,0.13899993896484375,1638387581.182,1,above,pants,day,above,pants,above,pants,day,above,pants,7865.6399166584015,2021-12-01T19:39:41.182000,1638379715.5420833
11,12,3,12,Random,-9999,a03a0d9b1477b2a1,3.2709999084472656,0.1400001049041748,1638387584.587,3,fearful,shoes,disgust,fearful,shoes,fearful,shoes,disgust,fearful,shoes,7869.044916629791,2021-12-01T19:39:44.587000,1638379715.5420833
25,8,13,13,Random,-9999,a03a0d9b1477b2a1,5.480000019073486,0.13299989700317383,1638387590.203,8,far,happy,dawn,happy,far,far,happy,dawn,happy,far,7874.660916805267,2021-12-01T19:39:50.203000,1638379715.5420833
8,21,19,21,Random,-9999,a03a0d9b1477b2a1,4.384000062942505,0.13499999046325684,1638387594.719,19,field,watermelon,far,field,watermelon,field,watermelon,far,field,watermelon,7879.176916837692,2021-12-01T19:39:54.719000,1638379715.5420833
24,17,0,17,Random,-9999,a03a0d9b1477b2a1,3.0379998683929443,0.13300013542175293,1638387597.892,0,mango,dress,sunset,mango,dress,mango,dress,sunset,mango,dress,7882.3499166965485,2021-12-01T19:39:57.892000,1638379715.5420833
20,11,26,26,Random,-9999,a03a0d9b1477b2a1,3.812000036239624,0.1419999599456787,1638387601.849,11,disgust,day,beach,day,disgust,disgust,day,beach,day,disgust,7886.306916713715,2021-12-01T19:40:01.849000,1638379715.5420833
9,2,12,2,Random,-9999,a03a0d9b1477b2a1,4.17300009727478,0.14899992942810059,1638387606.169,12,shirt,fearful,near,shirt,fearful,shirt,fearful,near,shirt,fearful,7890.626916646957,2021-12-01T19:40:06.169000,1638379715.5420833
29,14,25,25,Random,-9999,a03a0d9b1477b2a1,3.058000087738037,0.13499999046325684,1638387609.367,14,sad,dawn,noon,dawn,sad,sad,dawn,noon,dawn,sad,7893.8249168396,2021-12-01T19:40:09.367000,1638379715.5420833
0,18,26,18,Random,-9999,a03a0d9b1477b2a1,2.2790000438690186,0.14499998092651367,1638387611.786,26,strawberry,day,dress,strawberry,day,strawberry,day,dress,strawberry,day,7896.243916749954,2021-12-01T19:40:11.786000,1638379715.5420833
24,23,5,5,Random,-9999,a03a0d9b1477b2a1,5.66100001335144,0.13699984550476074,1638387617.583,23,sky,above,sunset,above,sky,sky,above,sunset,above,sky,7902.04091668129,2021-12-01T19:40:17.583000,1638379715.5420833
14,17,4,4,Random,-9999,a03a0d9b1477b2a1,3.248999834060669,0.13700008392333984,1638387620.968,17,mango,socks,sad,socks,mango,mango,socks,sad,socks,mango,7905.425916671753,2021-12-01T19:40:20.968000,1638379715.5420833
4,12,22,12,Random,-9999,a03a0d9b1477b2a1,3.258000135421753,0.13400006294250488,1638387624.362,22,fearful,ocean,socks,fearful,ocean,fearful,ocean,socks,fearful,ocean,7908.819916725159,2021-12-01T19:40:24.362000,1638379715.5420833
5,11,7,7,Random,-9999,a03a0d9b1477b2a1,4.496000051498413,0.1380000114440918,1638387628.993,11,disgust,beside,above,beside,disgust,disgust,beside,above,beside,disgust,7913.45091676712,2021-12-01T19:40:28.993000,1638379715.5420833
29,9,17,17,Random,-9999,a03a0d9b1477b2a1,2.4649999141693115,0.13700008392333984,1638387631.598,9,near,mango,noon,mango,near,near,mango,noon,mango,near,7916.055916786194,2021-12-01T19:40:31.598000,1638379715.5420833
21,18,7,18,Random,-9999,a03a0d9b1477b2a1,4.033999919891357,0.13400006294250488,1638387635.766,7,strawberry,beside,field,strawberry,beside,strawberry,beside,field,strawberry,beside,7920.223916769028,2021-12-01T19:40:35.766000,1638379715.5420833
13,9,8,9,Random,-9999,a03a0d9b1477b2a1,2.4220001697540283,0.13499999046325684,1638387638.328,8,near,far,happy,near,far,near,far,happy,near,far,7922.785916805267,2021-12-01T19:40:38.328000,1638379715.5420833
4,29,14,14,Random,-9999,a03a0d9b1477b2a1,5.145000219345093,0.1379997730255127,1638387643.608,29,noon,sad,socks,sad,noon,noon,sad,socks,sad,noon,7928.065916776657,2021-12-01T19:40:43.608000,1638379715.5420833
18,12,1,1,Random,-9999,a03a0d9b1477b2a1,2.684000015258789,0.13899993896484375,1638387646.431,12,fearful,pants,strawberry,pants,fearful,fearful,pants,strawberry,pants,fearful,7930.888916730881,2021-12-01T19:40:46.431000,1638379715.5420833
11,9,5,9,Random,-9999,a03a0d9b1477b2a1,3.509999990463257,0.13899993896484375,1638387650.077,5,near,above,disgust,near,above,near,above,disgust,near,above,7934.534916639328,2021-12-01T19:40:50.077000,1638379715.5420833
14,16,4,16,Random,-9999,a03a0d9b1477b2a1,4.355999946594238,0.13700008392333984,1638387654.57,4,lemon,socks,sad,lemon,socks,lemon,socks,sad,lemon,socks,7939.027916669846,2021-12-01T19:40:54.570000,1638379715.5420833
12,29,22,29,Random,-9999,a03a0d9b1477b2a1,6.9670000076293945,0.13499999046325684,1638387661.671,22,noon,ocean,fearful,noon,ocean,noon,ocean,fearful,noon,ocean,7946.1289167404175,2021-12-01T19:41:01.671000,1638379715.5420833
21,12,10,12,Random,-9999,a03a0d9b1477b2a1,7.132999897003174,0.1359999179840088,1638387668.942,10,fearful,angry,field,fearful,angry,fearful,angry,field,fearful,angry,7953.399916648865,2021-12-01T19:41:08.942000,1638379715.5420833
6,2,4,4,Random,-9999,a03a0d9b1477b2a1,3.9650001525878906,0.14499998092651367,1638387673.057,2,shirt,socks,below,socks,shirt,shirt,socks,below,socks,shirt,7957.5149166584015,2021-12-01T19:41:13.057000,1638379715.5420833
21,9,10,9,Random,-9999,a03a0d9b1477b2a1,2.2780001163482666,0.13899993896484375,1638387675.466,10,near,angry,field,near,angry,near,angry,field,near,angry,7959.923916816711,2021-12-01T19:41:15.466000,1638379715.5420833
17,11,9,9,Random,-9999,a03a0d9b1477b2a1,4.108000040054321,0.1399998664855957,1638387679.715,11,disgust,near,mango,near,disgust,disgust,near,mango,near,disgust,7964.172916650772,2021-12-01T19:41:19.715000,1638379715.5420833
16,5,7,5,Random,-9999,a03a0d9b1477b2a1,4.023999929428101,0.1419999599456787,1638387683.888,7,above,beside,lemon,above,beside,above,beside,lemon,above,beside,7968.345916748047,2021-12-01T19:41:23.888000,1638379715.5420833
18,13,21,13,Random,-9999,a03a0d9b1477b2a1,1.5230000019073486,0.14500021934509277,1638387685.493,21,happy,field,strawberry,happy,field,happy,field,strawberry,happy,field,7969.95091676712,2021-12-01T19:41:25.493000,1638379715.5420833
25,1,3,1,Random,-9999,a03a0d9b1477b2a1,4.043999910354614,0.07699990272521973,1638387689.67,3,pants,shoes,dawn,pants,shoes,pants,shoes,dawn,pants,shoes,7974.127916812897,2021-12-01T19:41:29.670000,1638379715.5420833
10,5,21,5,Random,-9999,a03a0d9b1477b2a1,2.8359999656677246,0.13499999046325684,1638387692.639,21,above,field,angry,above,field,above,field,angry,above,field,7977.096916675568,2021-12-01T19:41:32.639000,1638379715.5420833
27,13,17,17,Random,-9999,a03a0d9b1477b2a1,7.150000095367432,0.1380000114440918,1638387699.929,13,happy,mango,dusk,mango,happy,happy,mango,dusk,mango,happy,7984.386916637421,2021-12-01T19:41:39.929000,1638379715.5420833
20,9,2,9,Random,-9999,a03a0d9b1477b2a1,3.4119999408721924,0.13499999046325684,1638387703.478,2,near,shirt,beach,near,shirt,near,shirt,beach,near,shirt,7987.935916662216,2021-12-01T19:41:43.478000,1638379715.5420833
5,6,4,6,Random,-9999,a03a0d9b1477b2a1,2.572000026702881,0.1380000114440918,1638387706.185,4,below,socks,above,below,socks,below,socks,above,below,socks,7990.642916679382,2021-12-01T19:41:46.185000,1638379715.5420833
28,27,9,27,Random,-9999,a03a0d9b1477b2a1,2.486999988555908,0.1360001564025879,1638387708.807,9,dusk,near,night,dusk,near,dusk,near,night,dusk,near,7993.2649166584015,2021-12-01T19:41:48.807000,1638379715.5420833
18,6,10,10,Random,-9999,a03a0d9b1477b2a1,2.6760001182556152,0.1419999599456787,1638387711.627,6,below,angry,strawberry,angry,below,below,angry,strawberry,angry,below,7996.084916830063,2021-12-01T19:41:51.627000,1638379715.5420833
18,9,11,9,Random,-9999,a03a0d9b1477b2a1,2.450000047683716,0.1359999179840088,1638387714.209,11,near,disgust,strawberry,near,disgust,near,disgust,strawberry,near,disgust,7998.666916847229,2021-12-01T19:41:54.209000,1638379715.5420833
11,10,8,10,Random,-9999,a03a0d9b1477b2a1,2.3959999084472656,0.13400006294250488,1638387716.748,8,angry,far,disgust,angry,far,angry,far,disgust,angry,far,8001.205916643143,2021-12-01T19:41:56.748000,1638379715.5420833
9,4,20,20,Random,-9999,a03a0d9b1477b2a1,4.569000005722046,0.14600014686584473,1638387721.458,4,socks,beach,near,beach,socks,socks,beach,near,beach,socks,8005.91591668129,2021-12-01T19:42:01.458000,1638379715.5420833
21,0,29,29,Random,-9999,a03a0d9b1477b2a1,2.4030001163482666,0.14099979400634766,1638387724.001,0,dress,noon,field,noon,dress,dress,noon,field,noon,dress,8008.4589166641235,2021-12-01T19:42:04.001000,1638379715.5420833
9,21,2,21,Random,-9999,a03a0d9b1477b2a1,2.434000015258789,0.14299988746643066,1638387726.578,2,field,shirt,near,field,shirt,field,shirt,near,field,shirt,8011.035916805267,2021-12-01T19:42:06.578000,1638379715.5420833
14,0,17,0,Random,-9999,a03a0d9b1477b2a1,3.757999897003174,0.13499999046325684,1638387730.474,17,dress,mango,sad,dress,mango,dress,mango,sad,dress,mango,8014.931916713715,2021-12-01T19:42:10.474000,1638379715.5420833
25,11,16,11,Random,-9999,8d17c816cffea67a,0.6989998817443848,0.1919999122619629,1638387732.51,16,disgust,lemon,dawn,disgust,lemon,disgust,lemon,dawn,disgust,lemon,8016.967916727066,2021-12-01T19:42:12.510000,1638379715.5420833
20,8,6,8,Random,-9999,8d17c816cffea67a,0.5420000553131104,0.07899999618530273,1638387733.129,6,far,below,beach,far,below,far,below,beach,far,below,8017.586916685104,2021-12-01T19:42:13.129000,1638379715.5420833
7,13,16,13,Random,-9999,8d17c816cffea67a,0.2969999313354492,0.07899999618530273,1638387733.505,16,happy,lemon,beside,happy,lemon,happy,lemon,beside,happy,lemon,8017.962916851044,2021-12-01T19:42:13.505000,1638379715.5420833
15,17,29,17,Random,-9999,8d17c816cffea67a,0.34799981117248535,0.07800006866455078,1638387733.925,29,mango,noon,blueberry,mango,noon,mango,noon,blueberry,mango,noon,8018.382916688919,2021-12-01T19:42:13.925000,1638379715.5420833
2,29,6,29,Random,-9999,8d17c816cffea67a,0.3430001735687256,0.07299995422363281,1638387734.346,6,noon,below,shirt,noon,below,noon,below,shirt,noon,below,8018.803916692734,2021-12-01T19:42:14.346000,1638379715.5420833
5,20,4,20,Random,-9999,8d17c816cffea67a,0.3899998664855957,0.07699990272521973,1638387734.815,4,beach,socks,above,beach,socks,beach,socks,above,beach,socks,8019.272916793823,2021-12-01T19:42:14.815000,1638379715.5420833
27,14,21,14,Random,-9999,8d17c816cffea67a,0.3600001335144043,0.08100008964538574,1638387735.257,21,sad,field,dusk,sad,field,sad,field,dusk,sad,field,8019.714916706085,2021-12-01T19:42:15.257000,1638379715.5420833
10,14,12,14,Random,-9999,8d17c816cffea67a,0.3280000686645508,0.07999992370605469,1638387735.656,12,sad,fearful,angry,sad,fearful,sad,fearful,angry,sad,fearful,8020.113916635513,2021-12-01T19:42:15.656000,1638379715.5420833
21,28,11,28,Random,-9999,8d17c816cffea67a,0.37000012397766113,0.07199978828430176,1638387736.106,11,night,disgust,field,night,disgust,night,disgust,field,night,disgust,8020.563916683197,2021-12-01T19:42:16.106000,1638379715.5420833
3,24,18,24,Random,-9999,a03a0d9b1477b2a1,5.732000112533569,0.1510000228881836,1638387736.352,18,sunset,strawberry,shoes,sunset,strawberry,sunset,strawberry,shoes,sunset,strawberry,8020.809916734695,2021-12-01T19:42:16.352000,1638379715.5420833
27,29,13,29,Random,-9999,8d17c816cffea67a,0.32000017166137695,0.08099985122680664,1638387736.502,13,noon,happy,dusk,noon,happy,noon,happy,dusk,noon,happy,8020.959916830063,2021-12-01T19:42:16.502000,1638379715.5420833
21,28,14,28,Random,-9999,8d17c816cffea67a,0.3250000476837158,0.07499980926513672,1638387736.907,14,night,sad,field,night,sad,night,sad,field,night,sad,8021.364916801453,2021-12-01T19:42:16.907000,1638379715.5420833
3,25,29,25,Random,-9999,8d17c816cffea67a,0.3259999752044678,0.0820000171661377,1638387737.312,29,dawn,noon,shoes,dawn,noon,dawn,noon,shoes,dawn,noon,8021.769916772842,2021-12-01T19:42:17.312000,1638379715.5420833
17,11,24,24,Random,-9999,8d17c816cffea67a,0.5429999828338623,0.07800006866455078,1638387737.934,11,disgust,sunset,mango,sunset,disgust,disgust,sunset,mango,sunset,disgust,8022.391916751862,2021-12-01T19:42:17.934000,1638379715.5420833
12,10,2,2,Random,-9999,8d17c816cffea67a,0.4760000705718994,0.07999992370605469,1638387738.49,10,angry,shirt,fearful,shirt,angry,angry,shirt,fearful,shirt,angry,8022.9479167461395,2021-12-01T19:42:18.490000,1638379715.5420833
10,4,19,19,Random,-9999,a03a0d9b1477b2a1,2.0179998874664307,0.13499999046325684,1638387738.502,4,socks,watermelon,angry,watermelon,socks,socks,watermelon,angry,watermelon,socks,8022.959916830063,2021-12-01T19:42:18.502000,1638379715.5420833
26,27,4,4,Random,-9999,8d17c816cffea67a,0.40400004386901855,0.08000016212463379,1638387738.973,27,dusk,socks,day,socks,dusk,dusk,socks,day,socks,dusk,8023.430916786194,2021-12-01T19:42:18.973000,1638379715.5420833
29,0,23,23,Random,-9999,8d17c816cffea67a,0.3529999256134033,0.08000016212463379,1638387739.405,0,dress,sky,noon,sky,dress,dress,sky,noon,sky,dress,8023.862916707993,2021-12-01T19:42:19.405000,1638379715.5420833
16,29,20,20,Random,-9999,8d17c816cffea67a,0.3639998435974121,0.07800006866455078,1638387739.847,29,noon,beach,lemon,beach,noon,noon,beach,lemon,beach,noon,8024.3049166202545,2021-12-01T19:42:19.847000,1638379715.5420833
17,22,23,23,Random,-9999,8d17c816cffea67a,0.33700013160705566,0.07999992370605469,1638387740.263,22,ocean,sky,mango,sky,ocean,ocean,sky,mango,sky,ocean,8024.720916748047,2021-12-01T19:42:20.263000,1638379715.5420833
14,2,3,3,Random,-9999,8d17c816cffea67a,0.312000036239624,0.07899999618530273,1638387740.654,2,shirt,shoes,sad,shoes,shirt,shirt,shoes,sad,shoes,shirt,8025.111916780472,2021-12-01T19:42:20.654000,1638379715.5420833
0,12,2,2,Random,-9999,8d17c816cffea67a,0.39499998092651367,0.07899999618530273,1638387741.128,12,fearful,shirt,dress,shirt,fearful,fearful,shirt,dress,shirt,fearful,8025.585916757584,2021-12-01T19:42:21.128000,1638379715.5420833
9,10,6,6,Random,-9999,8d17c816cffea67a,0.33899998664855957,0.07899999618530273,1638387741.546,10,angry,below,near,below,angry,angry,below,near,below,angry,8026.0039167404175,2021-12-01T19:42:21.546000,1638379715.5420833
3,12,15,12,Random,-9999,a03a0d9b1477b2a1,3.305000066757202,0.1380000114440918,1638387741.948,15,fearful,blueberry,shoes,fearful,blueberry,fearful,blueberry,shoes,fearful,blueberry,8026.405916690826,2021-12-01T19:42:21.948000,1638379715.5420833
12,21,0,0,Random,-9999,8d17c816cffea67a,0.36999988555908203,0.07899999618530273,1638387741.994,21,field,dress,fearful,dress,field,field,dress,fearful,dress,field,8026.451916694641,2021-12-01T19:42:21.994000,1638379715.5420833
11,6,9,9,Random,-9999,8d17c816cffea67a,0.3940000534057617,0.07899999618530273,1638387742.469,6,below,near,disgust,near,below,below,near,disgust,near,below,8026.926916837692,2021-12-01T19:42:22.469000,1638379715.5420833
8,27,15,15,Random,-9999,8d17c816cffea67a,0.4200000762939453,0.07899999618530273,1638387742.967,27,dusk,blueberry,far,blueberry,dusk,dusk,blueberry,far,blueberry,dusk,8027.424916744232,2021-12-01T19:42:22.967000,1638379715.5420833
4,23,27,23,Random,-9999,8d17c816cffea67a,1.4229998588562012,0.07899999618530273,1638387744.469,27,sky,dusk,socks,sky,dusk,sky,dusk,socks,sky,dusk,8028.926916837692,2021-12-01T19:42:24.469000,1638379715.5420833
18,25,9,25,Random,-9999,8d17c816cffea67a,0.33699989318847656,0.08000016212463379,1638387744.886,9,dawn,near,strawberry,dawn,near,dawn,near,strawberry,dawn,near,8029.343916654587,2021-12-01T19:42:24.886000,1638379715.5420833
9,19,24,19,Random,-9999,8d17c816cffea67a,0.3579998016357422,0.0840001106262207,1638387745.328,24,watermelon,sunset,near,watermelon,sunset,watermelon,sunset,near,watermelon,sunset,8029.785916805267,2021-12-01T19:42:25.328000,1638379715.5420833
5,15,25,15,Random,-9999,8d17c816cffea67a,0.40799999237060547,0.0820000171661377,1638387745.818,25,blueberry,dawn,above,blueberry,dawn,blueberry,dawn,above,blueberry,dawn,8030.275916814804,2021-12-01T19:42:25.818000,1638379715.5420833
24,1,17,17,Random,-9999,a03a0d9b1477b2a1,3.861999988555908,0.1359999179840088,1638387745.94,1,pants,mango,sunset,mango,pants,pants,mango,sunset,mango,pants,8030.397916793823,2021-12-01T19:42:25.940000,1638379715.5420833
28,14,5,14,Random,-9999,8d17c816cffea67a,0.36099982261657715,0.08100008964538574,1638387746.259,5,sad,above,night,sad,above,sad,above,night,sad,above,8030.716916799545,2021-12-01T19:42:26.259000,1638379715.5420833
6,28,15,28,Random,-9999,8d17c816cffea67a,0.4030001163482666,0.07899999618530273,1638387746.74,15,night,blueberry,below,night,blueberry,night,blueberry,below,night,blueberry,8031.1979167461395,2021-12-01T19:42:26.740000,1638379715.5420833
18,2,10,10,Random,-9999,8d17c816cffea67a,0.9409999847412109,0.07999992370605469,1638387747.761,2,shirt,angry,strawberry,angry,shirt,shirt,angry,strawberry,angry,shirt,8032.218916654587,2021-12-01T19:42:27.761000,1638379715.5420833
11,23,7,7,Random,-9999,8d17c816cffea67a,0.35699987411499023,0.0840001106262207,1638387748.204,23,sky,beside,disgust,beside,sky,sky,beside,disgust,beside,sky,8032.661916732788,2021-12-01T19:42:28.204000,1638379715.5420833
12,7,5,5,Random,-9999,8d17c816cffea67a,0.3840000629425049,0.0820000171661377,1638387748.661,7,beside,above,fearful,above,beside,beside,above,fearful,above,beside,8033.118916749954,2021-12-01T19:42:28.661000,1638379715.5420833
5,0,16,16,Random,-9999,8d17c816cffea67a,0.3680000305175781,0.07399988174438477,1638387749.115,0,dress,lemon,above,lemon,dress,dress,lemon,above,lemon,dress,8033.5729167461395,2021-12-01T19:42:29.115000,1638379715.5420833
18,29,6,6,Random,-9999,8d17c816cffea67a,0.312999963760376,0.10500001907348633,1638387749.528,29,noon,below,strawberry,below,noon,noon,below,strawberry,below,noon,8033.985916852951,2021-12-01T19:42:29.528000,1638379715.5420833
6,11,27,27,Random,-9999,8d17c816cffea67a,0.3190000057220459,0.0820000171661377,1638387749.923,11,disgust,dusk,below,dusk,disgust,disgust,dusk,below,dusk,disgust,8034.380916833878,2021-12-01T19:42:29.923000,1638379715.5420833
9,3,23,3,Random,-9999,a03a0d9b1477b2a1,3.8559999465942383,0.13300013542175293,1638387749.935,23,shoes,sky,near,shoes,sky,shoes,sky,near,shoes,sky,8034.392916679382,2021-12-01T19:42:29.935000,1638379715.5420833
29,19,6,6,Random,-9999,8d17c816cffea67a,0.8949999809265137,0.07699990272521973,1638387750.899,19,watermelon,below,noon,below,watermelon,watermelon,below,noon,below,watermelon,8035.356916666031,2021-12-01T19:42:30.899000,1638379715.5420833
2,25,10,25,Random,-9999,8d17c816cffea67a,0.5169999599456787,0.07899999618530273,1638387751.497,10,dawn,angry,shirt,dawn,angry,dawn,angry,shirt,dawn,angry,8035.954916715622,2021-12-01T19:42:31.497000,1638379715.5420833
0,11,24,11,Random,-9999,8d17c816cffea67a,0.4530000686645508,0.09500002861022949,1638387752.046,24,disgust,sunset,dress,disgust,sunset,disgust,sunset,dress,disgust,sunset,8036.5039167404175,2021-12-01T19:42:32.046000,1638379715.5420833
23,10,22,22,Random,-9999,a03a0d9b1477b2a1,2.375999927520752,0.1380000114440918,1638387752.448,10,angry,ocean,sky,ocean,angry,angry,ocean,sky,ocean,angry,8036.905916690826,2021-12-01T19:42:32.448000,1638379715.5420833
20,25,1,25,Random,-9999,8d17c816cffea67a,0.505000114440918,0.08299994468688965,1638387752.624,1,dawn,pants,beach,dawn,pants,dawn,pants,beach,dawn,pants,8037.081916809082,2021-12-01T19:42:32.624000,1638379715.5420833
8,29,15,29,Random,-9999,8d17c816cffea67a,0.48400020599365234,0.07199978828430176,1638387753.187,15,noon,blueberry,far,noon,blueberry,noon,blueberry,far,noon,blueberry,8037.644916772842,2021-12-01T19:42:33.187000,1638379715.5420833
13,8,12,12,Random,-9999,8d17c816cffea67a,0.6640000343322754,0.07999992370605469,1638387753.922,8,far,fearful,happy,fearful,far,far,fearful,happy,fearful,far,8038.379916667938,2021-12-01T19:42:33.922000,1638379715.5420833
25,16,19,19,Random,-9999,8d17c816cffea67a,0.49200010299682617,0.07200002670288086,1638387754.494,16,lemon,watermelon,dawn,watermelon,lemon,lemon,watermelon,dawn,watermelon,lemon,8038.951916694641,2021-12-01T19:42:34.494000,1638379715.5420833
20,7,15,15,Random,-9999,8d17c816cffea67a,0.4590001106262207,0.07999992370605469,1638387755.033,7,beside,blueberry,beach,blueberry,beside,beside,blueberry,beach,blueberry,beside,8039.490916728973,2021-12-01T19:42:35.033000,1638379715.5420833
7,2,21,21,Random,-9999,8d17c816cffea67a,0.4660000801086426,0.08099985122680664,1638387755.578,2,shirt,field,beside,field,shirt,shirt,field,beside,field,shirt,8040.035916805267,2021-12-01T19:42:35.578000,1638379715.5420833
18,4,11,4,Random,-9999,a03a0d9b1477b2a1,3.1419999599456787,0.13499999046325684,1638387755.722,11,socks,disgust,strawberry,socks,disgust,socks,disgust,strawberry,socks,disgust,8040.1799166202545,2021-12-01T19:42:35.722000,1638379715.5420833
11,28,16,16,Random,-9999,8d17c816cffea67a,0.4960000514984131,0.07799983024597168,1638387756.152,28,night,lemon,disgust,lemon,night,night,lemon,disgust,lemon,night,8040.609916687012,2021-12-01T19:42:36.152000,1638379715.5420833
10,2,7,2,Random,-9999,8d17c816cffea67a,1.2179999351501465,0.08100008964538574,1638387757.453,7,shirt,beside,angry,shirt,beside,shirt,beside,angry,shirt,beside,8041.910916805267,2021-12-01T19:42:37.453000,1638379715.5420833
1,9,29,9,Random,-9999,8d17c816cffea67a,0.505000114440918,0.0839998722076416,1638387758.04,29,near,noon,pants,near,noon,near,noon,pants,near,noon,8042.497916698456,2021-12-01T19:42:38.040000,1638379715.5420833
5,19,3,19,Random,-9999,8d17c816cffea67a,0.4849998950958252,0.07999992370605469,1638387758.596,3,watermelon,shoes,above,watermelon,shoes,watermelon,shoes,above,watermelon,shoes,8043.053916692734,2021-12-01T19:42:38.596000,1638379715.5420833
17,9,26,26,Random,-9999,a03a0d9b1477b2a1,2.934000015258789,0.1400001049041748,1638387758.802,9,near,day,mango,day,near,near,day,mango,day,near,8043.259916782379,2021-12-01T19:42:38.802000,1638379715.5420833
29,16,14,16,Random,-9999,8d17c816cffea67a,0.5320000648498535,0.07200002670288086,1638387759.209,14,lemon,sad,noon,lemon,sad,lemon,sad,noon,lemon,sad,8043.666916847229,2021-12-01T19:42:39.209000,1638379715.5420833
13,5,25,5,Random,-9999,8d17c816cffea67a,0.40199995040893555,0.07999992370605469,1638387759.69,25,above,dawn,happy,above,dawn,above,dawn,happy,above,dawn,8044.147916793823,2021-12-01T19:42:39.690000,1638379715.5420833
17,20,3,20,Random,-9999,8d17c816cffea67a,0.3450000286102295,0.08100008964538574,1638387760.115,3,beach,shoes,mango,beach,shoes,beach,shoes,mango,beach,shoes,8044.5729167461395,2021-12-01T19:42:40.115000,1638379715.5420833
17,14,22,14,Random,-9999,8d17c816cffea67a,0.39300012588500977,0.08099985122680664,1638387760.591,22,sad,ocean,mango,sad,ocean,sad,ocean,mango,sad,ocean,8045.048916816711,2021-12-01T19:42:40.591000,1638379715.5420833
18,13,4,13,Random,-9999,8d17c816cffea67a,0.3280000686645508,0.08099985122680664,1638387760.998,4,happy,socks,strawberry,happy,socks,happy,socks,strawberry,happy,socks,8045.455916643143,2021-12-01T19:42:40.998000,1638379715.5420833
24,14,8,8,Random,-9999,8d17c816cffea67a,1.244999885559082,0.07800006866455078,1638387762.322,14,sad,far,sunset,far,sad,sad,far,sunset,far,sad,8046.779916763306,2021-12-01T19:42:42.322000,1638379715.5420833
17,9,0,0,Random,-9999,8d17c816cffea67a,0.3039999008178711,0.08000016212463379,1638387762.705,9,near,dress,mango,dress,near,near,dress,mango,dress,near,8047.162916660309,2021-12-01T19:42:42.705000,1638379715.5420833
20,21,6,6,Random,-9999,a03a0d9b1477b2a1,3.927999973297119,0.1359999179840088,1638387762.858,21,field,below,beach,below,field,field,below,beach,below,field,8047.315916776657,2021-12-01T19:42:42.858000,1638379715.5420833
9,19,11,11,Random,-9999,8d17c816cffea67a,0.312999963760376,0.07899999618530273,1638387763.1,19,watermelon,disgust,near,disgust,watermelon,watermelon,disgust,near,disgust,watermelon,8047.557916641235,2021-12-01T19:42:43.100000,1638379715.5420833
2,14,0,0,Random,-9999,8d17c816cffea67a,0.33300018310546875,0.08299994468688965,1638387763.513,14,sad,dress,shirt,dress,sad,sad,dress,shirt,dress,sad,8047.970916748047,2021-12-01T19:42:43.513000,1638379715.5420833
8,1,26,26,Random,-9999,8d17c816cffea67a,0.39499998092651367,0.07999992370605469,1638387763.988,1,pants,day,far,day,pants,pants,day,far,day,pants,8048.445916652679,2021-12-01T19:42:43.988000,1638379715.5420833
5,26,16,16,Random,-9999,8d17c816cffea67a,0.3510000705718994,0.08299994468688965,1638387764.42,26,day,lemon,above,lemon,day,day,lemon,above,lemon,day,8048.877916812897,2021-12-01T19:42:44.420000,1638379715.5420833
26,2,5,5,Random,-9999,8d17c816cffea67a,0.3689999580383301,0.08100008964538574,1638387764.868,2,shirt,above,day,above,shirt,shirt,above,day,above,shirt,8049.32591676712,2021-12-01T19:42:44.868000,1638379715.5420833
29,9,12,9,Random,-9999,8d17c816cffea67a,0.5839998722076416,0.07800006866455078,1638387765.532,12,near,fearful,noon,near,fearful,near,fearful,noon,near,fearful,8049.989916801453,2021-12-01T19:42:45.532000,1638379715.5420833
9,3,18,3,Random,-9999,8d17c816cffea67a,0.5429999828338623,0.07899999618530273,1638387766.144,18,shoes,strawberry,near,shoes,strawberry,shoes,strawberry,near,shoes,strawberry,8050.6019167900085,2021-12-01T19:42:46.144000,1638379715.5420833
15,17,3,17,Random,-9999,8d17c816cffea67a,0.35199999809265137,0.07299995422363281,1638387766.578,3,mango,shoes,blueberry,mango,shoes,mango,shoes,blueberry,mango,shoes,8051.035916805267,2021-12-01T19:42:46.578000,1638379715.5420833
6,25,16,16,Random,-9999,8d17c816cffea67a,0.5479998588562012,0.08100008964538574,1638387767.207,25,dawn,lemon,below,lemon,dawn,dawn,lemon,below,lemon,dawn,8051.664916753769,2021-12-01T19:42:47.207000,1638379715.5420833
17,15,27,27,Random,-9999,8d17c816cffea67a,0.3279998302459717,0.08000016212463379,1638387767.614,15,blueberry,dusk,mango,dusk,blueberry,blueberry,dusk,mango,dusk,blueberry,8052.071916818619,2021-12-01T19:42:47.614000,1638379715.5420833
29,9,23,23,Random,-9999,8d17c816cffea67a,0.32200002670288086,0.07899999618530273,1638387768.016,9,near,sky,noon,sky,near,near,sky,noon,sky,near,8052.473916769028,2021-12-01T19:42:48.016000,1638379715.5420833
10,1,26,26,Random,-9999,8d17c816cffea67a,0.35500001907348633,0.08599996566772461,1638387768.451,1,pants,day,angry,day,pants,pants,day,angry,day,pants,8052.908916711807,2021-12-01T19:42:48.451000,1638379715.5420833
17,2,10,2,Random,-9999,a03a0d9b1477b2a1,6.206000089645386,0.13499999046325684,1638387769.197,10,shirt,angry,mango,shirt,angry,shirt,angry,mango,shirt,angry,8053.654916763306,2021-12-01T19:42:49.197000,1638379715.5420833
17,8,13,8,Random,-9999,8d17c816cffea67a,0.815000057220459,0.07500004768371582,1638387769.345,13,far,happy,mango,far,happy,far,happy,mango,far,happy,8053.802916765213,2021-12-01T19:42:49.345000,1638379715.5420833
12,24,20,24,Random,-9999,8d17c816cffea67a,0.34599995613098145,0.07899999618530273,1638387769.772,20,sunset,beach,fearful,sunset,beach,sunset,beach,fearful,sunset,beach,8054.229916810989,2021-12-01T19:42:49.772000,1638379715.5420833
0,8,28,8,Random,-9999,8d17c816cffea67a,0.3680000305175781,0.0820000171661377,1638387770.222,28,far,night,dress,far,night,far,night,dress,far,night,8054.6799166202545,2021-12-01T19:42:50.222000,1638379715.5420833
12,28,13,28,Random,-9999,8d17c816cffea67a,0.434999942779541,0.08099985122680664,1638387770.736,13,night,happy,fearful,night,happy,night,happy,fearful,night,happy,8055.193916797638,2021-12-01T19:42:50.736000,1638379715.5420833
4,13,9,9,Random,-9999,8d17c816cffea67a,0.9590001106262207,0.07800006866455078,1638387771.774,13,happy,near,socks,near,happy,happy,near,socks,near,happy,8056.231916666031,2021-12-01T19:42:51.774000,1638379715.5420833
8,0,23,23,Random,-9999,a03a0d9b1477b2a1,2.56600022315979,0.12999987602233887,1638387771.893,0,dress,sky,far,sky,dress,dress,sky,far,sky,dress,8056.350916624069,2021-12-01T19:42:51.893000,1638379715.5420833
3,28,29,29,Random,-9999,8d17c816cffea67a,0.4230000972747803,0.08299994468688965,1638387772.28,28,night,noon,shoes,noon,night,night,noon,shoes,noon,night,8056.737916707993,2021-12-01T19:42:52.280000,1638379715.5420833
28,20,8,8,Random,-9999,8d17c816cffea67a,0.3619999885559082,0.07999992370605469,1638387772.721,20,beach,far,night,far,beach,beach,far,night,far,beach,8057.178916692734,2021-12-01T19:42:52.721000,1638379715.5420833
0,9,22,22,Random,-9999,8d17c816cffea67a,0.34399986267089844,0.08100008964538574,1638387773.138,9,near,ocean,dress,ocean,near,near,ocean,dress,ocean,near,8057.595916748047,2021-12-01T19:42:53.138000,1638379715.5420833
20,16,14,14,Random,-9999,8d17c816cffea67a,0.3599998950958252,0.07200002670288086,1638387773.573,16,lemon,sad,beach,sad,lemon,lemon,sad,beach,sad,lemon,8058.030916690826,2021-12-01T19:42:53.573000,1638379715.5420833
26,1,17,17,Random,-9999,8d17c816cffea67a,0.35000014305114746,0.07500004768371582,1638387774.004,1,pants,mango,day,mango,pants,pants,mango,day,mango,pants,8058.461916685104,2021-12-01T19:42:54.004000,1638379715.5420833
4,18,27,18,Random,-9999,8d17c816cffea67a,0.6559998989105225,0.07999992370605469,1638387774.739,27,strawberry,dusk,socks,strawberry,dusk,strawberry,dusk,socks,strawberry,dusk,8059.196916818619,2021-12-01T19:42:54.739000,1638379715.5420833
22,19,2,19,Random,-9999,8d17c816cffea67a,0.41700005531311035,0.08100008964538574,1638387775.237,2,watermelon,shirt,ocean,watermelon,shirt,watermelon,shirt,ocean,watermelon,shirt,8059.694916725159,2021-12-01T19:42:55.237000,1638379715.5420833
28,22,14,22,Random,-9999,8d17c816cffea67a,0.5250000953674316,0.08100008964538574,1638387775.843,14,ocean,sad,night,ocean,sad,ocean,sad,night,ocean,sad,8060.300916671753,2021-12-01T19:42:55.843000,1638379715.5420833
17,28,9,9,Random,-9999,a03a0d9b1477b2a1,3.9690001010894775,0.12999987602233887,1638387775.997,28,night,near,mango,near,night,night,near,mango,near,night,8060.454916715622,2021-12-01T19:42:55.997000,1638379715.5420833
11,23,0,23,Random,-9999,8d17c816cffea67a,0.4590001106262207,0.08100008964538574,1638387776.379,0,sky,dress,disgust,sky,dress,sky,dress,disgust,sky,dress,8060.836916685104,2021-12-01T19:42:56.379000,1638379715.5420833
5,16,3,16,Random,-9999,8d17c816cffea67a,0.43599987030029297,0.08000016212463379,1638387776.89,3,lemon,shoes,above,lemon,shoes,lemon,shoes,above,lemon,shoes,8061.347916841507,2021-12-01T19:42:56.890000,1638379715.5420833
23,15,5,5,Random,-9999,8d17c816cffea67a,0.8589999675750732,0.07299995422363281,1638387777.827,15,blueberry,above,sky,above,blueberry,blueberry,above,sky,above,blueberry,8062.284916639328,2021-12-01T19:42:57.827000,1638379715.5420833
11,20,14,14,Random,-9999,8d17c816cffea67a,0.37800002098083496,0.07899999618530273,1638387778.281,20,beach,sad,disgust,sad,beach,beach,sad,disgust,sad,beach,8062.738916635513,2021-12-01T19:42:58.281000,1638379715.5420833
0,19,14,19,Random,-9999,8d17c816cffea67a,0.8459999561309814,0.07800006866455078,1638387779.203,14,watermelon,sad,dress,watermelon,sad,watermelon,sad,dress,watermelon,sad,8063.660916805267,2021-12-01T19:42:59.203000,1638379715.5420833
0,17,10,17,Random,-9999,8d17c816cffea67a,0.40799999237060547,0.07499980926513672,1638387779.69,10,mango,angry,dress,mango,angry,mango,angry,dress,mango,angry,8064.147916793823,2021-12-01T19:42:59.690000,1638379715.5420833
29,24,7,24,Random,-9999,8d17c816cffea67a,0.41700005531311035,0.0820000171661377,1638387780.188,7,sunset,beside,noon,sunset,beside,sunset,beside,noon,sunset,beside,8064.645916700363,2021-12-01T19:43:00.188000,1638379715.5420833
10,14,19,14,Random,-9999,8d17c816cffea67a,0.7309999465942383,0.07899999618530273,1638387780.989,19,sad,watermelon,angry,sad,watermelon,sad,watermelon,angry,sad,watermelon,8065.446916818619,2021-12-01T19:43:00.989000,1638379715.5420833
3,2,21,2,Random,-9999,a03a0d9b1477b2a1,5.376000165939331,0.13399982452392578,1638387781.505,21,shirt,field,shoes,shirt,field,shirt,field,shoes,shirt,field,8065.962916851044,2021-12-01T19:43:01.505000,1638379715.5420833
20,9,6,6,Random,-9999,8d17c816cffea67a,0.6449999809265137,0.07399988174438477,1638387781.716,9,near,below,beach,below,near,near,below,beach,below,near,8066.173916816711,2021-12-01T19:43:01.716000,1638379715.5420833
22,6,11,11,Random,-9999,8d17c816cffea67a,0.4289999008178711,0.08700013160705566,1638387782.233,6,below,disgust,ocean,disgust,below,below,disgust,ocean,disgust,below,8066.690916776657,2021-12-01T19:43:02.233000,1638379715.5420833
22,23,24,24,Random,-9999,8d17c816cffea67a,0.3580000400543213,0.08299994468688965,1638387782.671,23,sky,sunset,ocean,sunset,sky,sky,sunset,ocean,sunset,sky,8067.1289167404175,2021-12-01T19:43:02.671000,1638379715.5420833
11,6,21,21,Random,-9999,8d17c816cffea67a,0.4049999713897705,0.07699990272521973,1638387783.155,6,below,field,disgust,field,below,below,field,disgust,field,below,8067.612916707993,2021-12-01T19:43:03.155000,1638379715.5420833
10,20,23,23,Random,-9999,8d17c816cffea67a,0.40800023078918457,0.08299994468688965,1638387783.645,20,beach,sky,angry,sky,beach,beach,sky,angry,sky,beach,8068.102916717529,2021-12-01T19:43:03.645000,1638379715.5420833
4,8,27,8,Random,-9999,8d17c816cffea67a,0.752000093460083,0.0820000171661377,1638387784.479,27,far,dusk,socks,far,dusk,far,dusk,socks,far,dusk,8068.9369168281555,2021-12-01T19:43:04.479000,1638379715.5420833
22,21,1,21,Random,-9999,a03a0d9b1477b2a1,2.997999906539917,0.14499998092651367,1638387784.647,1,field,pants,ocean,field,pants,field,pants,ocean,field,pants,8069.104916810989,2021-12-01T19:43:04.647000,1638379715.5420833
22,4,14,4,Random,-9999,8d17c816cffea67a,0.432999849319458,0.0820000171661377,1638387784.992,14,socks,sad,ocean,socks,sad,socks,sad,ocean,socks,sad,8069.4499168396,2021-12-01T19:43:04.992000,1638379715.5420833
22,7,27,7,Random,-9999,8d17c816cffea67a,0.44299983978271484,0.08000016212463379,1638387785.515,27,beside,dusk,ocean,beside,dusk,beside,dusk,ocean,beside,dusk,8069.972916841507,2021-12-01T19:43:05.515000,1638379715.5420833
9,1,4,1,Random,-9999,8d17c816cffea67a,0.47300004959106445,0.09200000762939453,1638387786.078,4,pants,socks,near,pants,socks,pants,socks,near,pants,socks,8070.535916805267,2021-12-01T19:43:06.078000,1638379715.5420833
16,15,25,25,Random,-9999,8d17c816cffea67a,1.1370000839233398,0.08100008964538574,1638387787.293,15,blueberry,dawn,lemon,dawn,blueberry,blueberry,dawn,lemon,dawn,blueberry,8071.750916719437,2021-12-01T19:43:07.293000,1638379715.5420833
19,4,11,11,Random,-9999,8d17c816cffea67a,0.37199997901916504,0.07699990272521973,1638387787.745,4,socks,disgust,watermelon,disgust,socks,socks,disgust,watermelon,disgust,socks,8072.202916622162,2021-12-01T19:43:07.745000,1638379715.5420833
11,4,18,18,Random,-9999,8d17c816cffea67a,0.4179999828338623,0.08000016212463379,1638387788.243,4,socks,strawberry,disgust,strawberry,socks,socks,strawberry,disgust,strawberry,socks,8072.70091676712,2021-12-01T19:43:08.243000,1638379715.5420833
13,25,22,22,Random,-9999,8d17c816cffea67a,0.4369997978210449,0.07899999618530273,1638387788.758,25,dawn,ocean,happy,ocean,dawn,dawn,ocean,happy,ocean,dawn,8073.215916633606,2021-12-01T19:43:08.758000,1638379715.5420833
28,26,22,22,Random,-9999,8d17c816cffea67a,0.377000093460083,0.07999992370605469,1638387789.215,26,day,ocean,night,ocean,day,day,ocean,night,ocean,day,8073.672916650772,2021-12-01T19:43:09.215000,1638379715.5420833
4,10,15,10,Random,-9999,8d17c816cffea67a,0.5170001983642578,0.07999992370605469,1638387789.812,15,angry,blueberry,socks,angry,blueberry,angry,blueberry,socks,angry,blueberry,8074.269916772842,2021-12-01T19:43:09.812000,1638379715.5420833
6,2,7,2,Random,-9999,8d17c816cffea67a,0.3880000114440918,0.07799983024597168,1638387790.273,7,shirt,beside,below,shirt,beside,shirt,beside,below,shirt,beside,8074.73091673851,2021-12-01T19:43:10.273000,1638379715.5420833
12,1,8,1,Random,-9999,8d17c816cffea67a,0.3659999370574951,0.07500004768371582,1638387790.719,8,pants,far,fearful,pants,far,pants,far,fearful,pants,far,8075.176916837692,2021-12-01T19:43:10.719000,1638379715.5420833
5,3,22,3,Random,-9999,a03a0d9b1477b2a1,6.309000015258789,0.13899993896484375,1638387791.099,22,shoes,ocean,above,shoes,ocean,shoes,ocean,above,shoes,ocean,8075.556916713715,2021-12-01T19:43:11.099000,1638379715.5420833
6,13,8,13,Random,-9999,8d17c816cffea67a,0.3940000534057617,0.07999992370605469,1638387791.184,8,happy,far,below,happy,far,happy,far,below,happy,far,8075.641916751862,2021-12-01T19:43:11.184000,1638379715.5420833
18,14,13,14,Random,-9999,8d17c816cffea67a,0.37599992752075195,0.07400012016296387,1638387791.634,13,sad,happy,strawberry,sad,happy,sad,happy,strawberry,sad,happy,8076.091916799545,2021-12-01T19:43:11.634000,1638379715.5420833
14,12,5,12,Random,-9999,8d17c816cffea67a,0.3819999694824219,0.07599997520446777,1638387792.1,5,fearful,above,sad,fearful,above,fearful,above,sad,fearful,above,8076.557916641235,2021-12-01T19:43:12.100000,1638379715.5420833
6,18,22,18,Random,-9999,8d17c816cffea67a,0.38299989700317383,0.08299994468688965,1638387792.565,22,strawberry,ocean,below,strawberry,ocean,strawberry,ocean,below,strawberry,ocean,8077.022916793823,2021-12-01T19:43:12.565000,1638379715.5420833
28,23,22,23,Random,-9999,8d17c816cffea67a,0.43599987030029297,0.08700013160705566,1638387793.087,22,sky,ocean,night,sky,ocean,sky,ocean,night,sky,ocean,8077.544916629791,2021-12-01T19:43:13.087000,1638379715.5420833
7,22,16,22,Random,-9999,8d17c816cffea67a,0.38699984550476074,0.08000016212463379,1638387793.553,16,ocean,lemon,beside,ocean,lemon,ocean,lemon,beside,ocean,lemon,8078.0109167099,2021-12-01T19:43:13.553000,1638379715.5420833
26,11,19,19,Random,-9999,a03a0d9b1477b2a1,2.4539999961853027,0.14499998092651367,1638387793.694,11,disgust,watermelon,day,watermelon,disgust,disgust,watermelon,day,watermelon,disgust,8078.151916742325,2021-12-01T19:43:13.694000,1638379715.5420833
2,26,15,26,Random,-9999,8d17c816cffea67a,0.44499993324279785,0.07899999618530273,1638387794.076,15,day,blueberry,shirt,day,blueberry,day,blueberry,shirt,day,blueberry,8078.533916711807,2021-12-01T19:43:14.076000,1638379715.5420833
9,10,20,10,Random,-9999,8d17c816cffea67a,0.4119999408721924,0.07899999618530273,1638387794.563,20,angry,beach,near,angry,beach,angry,beach,near,angry,beach,8079.020916700363,2021-12-01T19:43:14.563000,1638379715.5420833
0,9,2,2,Random,-9999,8d17c816cffea67a,0.6010000705718994,0.07699990272521973,1638387795.245,9,near,shirt,dress,shirt,near,near,shirt,dress,shirt,near,8079.702916622162,2021-12-01T19:43:15.245000,1638379715.5420833
9,11,4,4,Random,-9999,8d17c816cffea67a,0.4030001163482666,0.07999992370605469,1638387795.728,11,disgust,socks,near,socks,disgust,disgust,socks,near,socks,disgust,8080.185916662216,2021-12-01T19:43:15.728000,1638379715.5420833
14,16,29,29,Random,-9999,a03a0d9b1477b2a1,1.9679999351501465,0.13700008392333984,1638387795.818,16,lemon,noon,sad,noon,lemon,lemon,noon,sad,noon,lemon,8080.275916814804,2021-12-01T19:43:15.818000,1638379715.5420833
17,9,11,11,Random,-9999,8d17c816cffea67a,0.564000129699707,0.0820000171661377,1638387796.372,9,near,disgust,mango,disgust,near,near,disgust,mango,disgust,near,8080.829916715622,2021-12-01T19:43:16.372000,1638379715.5420833
12,17,16,16,Random,-9999,8d17c816cffea67a,0.4090001583099365,0.08099985122680664,1638387796.863,17,mango,lemon,fearful,lemon,mango,mango,lemon,fearful,lemon,mango,8081.320916652679,2021-12-01T19:43:16.863000,1638379715.5420833
15,21,6,6,Random,-9999,8d17c816cffea67a,0.33700013160705566,0.07999992370605469,1638387797.281,21,field,below,blueberry,below,field,field,below,blueberry,below,field,8081.738916635513,2021-12-01T19:43:17.281000,1638379715.5420833
7,22,17,17,Random,-9999,8d17c816cffea67a,0.3190000057220459,0.08099985122680664,1638387797.68,22,ocean,mango,beside,mango,ocean,ocean,mango,beside,mango,ocean,8082.13791680336,2021-12-01T19:43:17.680000,1638379715.5420833
4,21,14,14,Random,-9999,8d17c816cffea67a,0.36100006103515625,0.08100008964538574,1638387798.121,21,field,sad,socks,sad,field,field,sad,socks,sad,field,8082.578916788101,2021-12-01T19:43:18.121000,1638379715.5420833
5,9,21,21,Random,-9999,8d17c816cffea67a,0.38499999046325684,0.08100008964538574,1638387798.586,9,near,field,above,field,near,near,field,above,field,near,8083.0439167022705,2021-12-01T19:43:18.586000,1638379715.5420833
4,23,3,3,Random,-9999,8d17c816cffea67a,0.42100000381469727,0.08599996566772461,1638387799.093,23,sky,shoes,socks,shoes,sky,sky,shoes,socks,shoes,sky,8083.550916671753,2021-12-01T19:43:19.093000,1638379715.5420833
21,15,8,8,Random,-9999,a03a0d9b1477b2a1,3.6710000038146973,0.15400004386901855,1638387799.621,15,blueberry,far,field,far,blueberry,blueberry,far,field,far,blueberry,8084.078916788101,2021-12-01T19:43:19.621000,1638379715.5420833
20,17,4,4,Random,-9999,a03a0d9b1477b2a1,2.9760000705718994,0.1380000114440918,1638387802.743,17,mango,socks,beach,socks,mango,mango,socks,beach,socks,mango,8087.20091676712,2021-12-01T19:43:22.743000,1638379715.5420833
9,17,24,17,Random,-9999,8d17c816cffea67a,4.1499998569488525,0.08100008964538574,1638387803.384,24,mango,sunset,near,mango,sunset,mango,sunset,near,mango,sunset,8087.841916799545,2021-12-01T19:43:23.384000,1638379715.5420833
19,24,8,24,Random,-9999,8d17c816cffea67a,0.47699999809265137,0.14400005340576172,1638387803.947,8,sunset,far,watermelon,sunset,far,sunset,far,watermelon,sunset,far,8088.404916763306,2021-12-01T19:43:23.947000,1638379715.5420833
14,16,5,16,Random,-9999,8d17c816cffea67a,0.36300015449523926,0.08699989318847656,1638387804.395,5,lemon,above,sad,lemon,above,lemon,above,sad,lemon,above,8088.852916717529,2021-12-01T19:43:24.395000,1638379715.5420833
18,17,24,17,Random,-9999,8d17c816cffea67a,0.35199999809265137,0.07999992370605469,1638387804.829,24,mango,sunset,strawberry,mango,sunset,mango,sunset,strawberry,mango,sunset,8089.286916732788,2021-12-01T19:43:24.829000,1638379715.5420833
10,15,29,15,Random,-9999,8d17c816cffea67a,0.3510000705718994,0.0820000171661377,1638387805.262,29,blueberry,noon,angry,blueberry,noon,blueberry,noon,angry,blueberry,noon,8089.719916820526,2021-12-01T19:43:25.262000,1638379715.5420833
7,26,21,26,Random,-9999,8d17c816cffea67a,0.3410000801086426,0.0839998722076416,1638387805.686,21,day,field,beside,day,field,day,field,beside,day,field,8090.143916845322,2021-12-01T19:43:25.686000,1638379715.5420833
6,15,23,15,Random,-9999,8d17c816cffea67a,0.3970000743865967,0.08599996566772461,1638387806.169,23,blueberry,sky,below,blueberry,sky,blueberry,sky,below,blueberry,sky,8090.626916646957,2021-12-01T19:43:26.169000,1638379715.5420833
8,18,2,18,Random,-9999,8d17c816cffea67a,0.39800000190734863,0.0839998722076416,1638387806.648,2,strawberry,shirt,far,strawberry,shirt,strawberry,shirt,far,strawberry,shirt,8091.10591673851,2021-12-01T19:43:26.648000,1638379715.5420833
11,6,23,6,Random,-9999,8d17c816cffea67a,0.4100000858306885,0.07999992370605469,1638387807.14,23,below,sky,disgust,below,sky,below,sky,disgust,below,sky,8091.597916841507,2021-12-01T19:43:27.140000,1638379715.5420833
16,25,0,25,Random,-9999,8d17c816cffea67a,0.41700005531311035,0.0820000171661377,1638387807.639,0,dawn,dress,lemon,dawn,dress,dawn,dress,lemon,dawn,dress,8092.096916675568,2021-12-01T19:43:27.639000,1638379715.5420833
2,4,12,4,Random,-9999,8d17c816cffea67a,0.44300007820129395,0.07999992370605469,1638387808.161,12,socks,fearful,shirt,socks,fearful,socks,fearful,shirt,socks,fearful,8092.618916749954,2021-12-01T19:43:28.161000,1638379715.5420833
3,18,21,18,Random,-9999,8d17c816cffea67a,0.44099998474121094,0.0820000171661377,1638387808.677,21,strawberry,field,shoes,strawberry,field,strawberry,field,shoes,strawberry,field,8093.134916782379,2021-12-01T19:43:28.677000,1638379715.5420833
14,20,21,20,Random,-9999,a03a0d9b1477b2a1,7.644000053405762,0.1359999179840088,1638387810.532,21,beach,field,sad,beach,field,beach,field,sad,beach,field,8094.989916801453,2021-12-01T19:43:30.532000,1638379715.5420833
7,16,26,26,Random,-9999,8d17c816cffea67a,1.7899999618530273,0.07300019264221191,1638387810.54,16,lemon,day,beside,day,lemon,lemon,day,beside,day,lemon,8094.997916698456,2021-12-01T19:43:30.540000,1638379715.5420833
22,2,29,29,Random,-9999,8d17c816cffea67a,0.36300015449523926,0.07899999618530273,1638387810.989,2,shirt,noon,ocean,noon,shirt,shirt,noon,ocean,noon,shirt,8095.446916818619,2021-12-01T19:43:30.989000,1638379715.5420833
21,20,9,9,Random,-9999,8d17c816cffea67a,0.3599998950958252,0.0820000171661377,1638387811.42,20,beach,near,field,near,beach,beach,near,field,near,beach,8095.877916812897,2021-12-01T19:43:31.420000,1638379715.5420833
16,11,7,7,Random,-9999,8d17c816cffea67a,3.6670000553131104,0.07299995422363281,1638387815.227,11,disgust,beside,lemon,beside,disgust,disgust,beside,lemon,beside,disgust,8099.684916734695,2021-12-01T19:43:35.227000,1638379715.5420833
0,19,21,19,Random,-9999,a03a0d9b1477b2a1,4.918999910354614,0.15400004386901855,1638387815.596,21,watermelon,field,dress,watermelon,field,watermelon,field,dress,watermelon,field,8100.053916692734,2021-12-01T19:43:35.596000,1638379715.5420833
12,29,7,7,Random,-9999,8d17c816cffea67a,0.3970000743865967,0.1419999599456787,1638387815.708,29,noon,beside,fearful,beside,noon,noon,beside,fearful,beside,noon,8100.16591668129,2021-12-01T19:43:35.708000,1638379715.5420833
21,11,2,2,Random,-9999,8d17c816cffea67a,0.4549999237060547,0.08500003814697266,1638387816.252,11,disgust,shirt,field,shirt,disgust,disgust,shirt,field,shirt,disgust,8100.709916830063,2021-12-01T19:43:36.252000,1638379715.5420833
18,29,14,14,Random,-9999,8d17c816cffea67a,0.5120000839233398,0.08299994468688965,1638387816.846,29,noon,sad,strawberry,sad,noon,noon,sad,strawberry,sad,noon,8101.303916692734,2021-12-01T19:43:36.846000,1638379715.5420833
0,27,23,23,Random,-9999,8d17c816cffea67a,0.31099987030029297,0.08300018310546875,1638387817.239,27,dusk,sky,dress,sky,dusk,dusk,sky,dress,sky,dusk,8101.696916818619,2021-12-01T19:43:37.239000,1638379715.5420833
18,5,7,7,Random,-9999,8d17c816cffea67a,0.5799999237060547,0.08299994468688965,1638387817.905,5,above,beside,strawberry,beside,above,above,beside,strawberry,beside,above,8102.362916707993,2021-12-01T19:43:37.905000,1638379715.5420833
13,14,16,14,Random,-9999,8d17c816cffea67a,0.8119997978210449,0.08700013160705566,1638387818.8,16,sad,lemon,happy,sad,lemon,sad,lemon,happy,sad,lemon,8103.257916688919,2021-12-01T19:43:38.800000,1638379715.5420833
7,6,5,6,Random,-9999,a03a0d9b1477b2a1,3.5290000438690186,0.13699984550476074,1638387819.261,5,below,above,beside,below,above,below,above,beside,below,above,8103.718916654587,2021-12-01T19:43:39.261000,1638379715.5420833
6,12,22,12,Random,-9999,8d17c816cffea67a,0.46700000762939453,0.08000016212463379,1638387819.347,22,fearful,ocean,below,fearful,ocean,fearful,ocean,below,fearful,ocean,8103.8049166202545,2021-12-01T19:43:39.347000,1638379715.5420833
25,12,18,12,Random,-9999,8d17c816cffea67a,0.46700000762939453,0.08099985122680664,1638387819.895,18,fearful,strawberry,dawn,fearful,strawberry,fearful,strawberry,dawn,fearful,strawberry,8104.352916717529,2021-12-01T19:43:39.895000,1638379715.5420833
4,17,15,17,Random,-9999,8d17c816cffea67a,0.4549999237060547,0.0840001106262207,1638387820.433,15,mango,blueberry,socks,mango,blueberry,mango,blueberry,socks,mango,blueberry,8104.890916824341,2021-12-01T19:43:40.433000,1638379715.5420833
12,17,1,17,Random,-9999,8d17c816cffea67a,0.47300004959106445,0.0839998722076416,1638387820.992,1,mango,pants,fearful,mango,pants,mango,pants,fearful,mango,pants,8105.4499168396,2021-12-01T19:43:40.992000,1638379715.5420833
5,11,20,11,Random,-9999,8d17c816cffea67a,0.4530000686645508,0.08699989318847656,1638387821.532,20,disgust,beach,above,disgust,beach,disgust,beach,above,disgust,beach,8105.989916801453,2021-12-01T19:43:41.532000,1638379715.5420833
20,15,23,15,Random,-9999,8d17c816cffea67a,0.48400020599365234,0.08699989318847656,1638387822.101,23,blueberry,sky,beach,blueberry,sky,blueberry,sky,beach,blueberry,sky,8106.558916807175,2021-12-01T19:43:42.101000,1638379715.5420833
29,7,17,7,Random,-9999,8d17c816cffea67a,0.3339998722076416,0.08299994468688965,1638387822.517,17,beside,mango,noon,beside,mango,beside,mango,noon,beside,mango,8106.9749166965485,2021-12-01T19:43:42.517000,1638379715.5420833
26,22,24,24,Random,-9999,8d17c816cffea67a,0.7969999313354492,0.08600020408630371,1638387823.4,22,ocean,sunset,day,sunset,ocean,ocean,sunset,day,sunset,ocean,8107.85791683197,2021-12-01T19:43:43.400000,1638379715.5420833
25,19,8,8,Random,-9999,8d17c816cffea67a,0.49000000953674316,0.08299994468688965,1638387823.972,19,watermelon,far,dawn,far,watermelon,watermelon,far,dawn,far,watermelon,8108.4299166202545,2021-12-01T19:43:43.972000,1638379715.5420833
10,20,14,14,Random,-9999,8d17c816cffea67a,0.3339998722076416,0.08300018310546875,1638387824.386,20,beach,sad,angry,sad,beach,beach,sad,angry,sad,beach,8108.843916654587,2021-12-01T19:43:44.386000,1638379715.5420833
6,25,9,9,Random,-9999,8d17c816cffea67a,0.3940000534057617,0.08099985122680664,1638387824.862,25,dawn,near,below,near,dawn,dawn,near,below,near,dawn,8109.319916725159,2021-12-01T19:43:44.862000,1638379715.5420833
0,15,10,10,Random,-9999,8d17c816cffea67a,0.36700010299682617,0.08299994468688965,1638387825.31,15,blueberry,angry,dress,angry,blueberry,blueberry,angry,dress,angry,blueberry,8109.767916679382,2021-12-01T19:43:45.310000,1638379715.5420833
1,2,17,17,Random,-9999,8d17c816cffea67a,0.44899988174438477,0.0820000171661377,1638387825.842,2,shirt,mango,pants,mango,shirt,shirt,mango,pants,mango,shirt,8110.299916744232,2021-12-01T19:43:45.842000,1638379715.5420833
1,14,7,7,Random,-9999,a03a0d9b1477b2a1,6.45199990272522,0.13700008392333984,1638387825.848,14,sad,beside,pants,beside,sad,sad,beside,pants,beside,sad,8110.305916786194,2021-12-01T19:43:45.848000,1638379715.5420833
28,12,26,26,Random,-9999,8d17c816cffea67a,0.3429999351501465,0.0820000171661377,1638387826.26,12,fearful,day,night,day,fearful,fearful,day,night,day,fearful,8110.717916727066,2021-12-01T19:43:46.260000,1638379715.5420833
0,18,11,11,Random,-9999,8d17c816cffea67a,0.3320000171661377,0.07599997520446777,1638387826.67,18,strawberry,disgust,dress,disgust,strawberry,strawberry,disgust,dress,disgust,strawberry,8111.127916812897,2021-12-01T19:43:46.670000,1638379715.5420833
0,10,8,8,Random,-9999,8d17c816cffea67a,0.3169999122619629,0.0840001106262207,1638387827.079,10,angry,far,dress,far,angry,angry,far,dress,far,angry,8111.536916732788,2021-12-01T19:43:47.079000,1638379715.5420833
8,20,2,20,Random,-9999,8d17c816cffea67a,0.40400004386901855,0.08599996566772461,1638387827.568,2,beach,shirt,far,beach,shirt,beach,shirt,far,beach,shirt,8112.025916814804,2021-12-01T19:43:47.568000,1638379715.5420833
15,6,2,6,Random,-9999,8d17c816cffea67a,0.42799997329711914,0.08700013160705566,1638387828.095,2,below,shirt,blueberry,below,shirt,below,shirt,blueberry,below,shirt,8112.552916765213,2021-12-01T19:43:48.095000,1638379715.5420833
24,1,12,1,Random,-9999,8d17c816cffea67a,0.35199999809265137,0.0969998836517334,1638387828.534,12,pants,fearful,sunset,pants,fearful,pants,fearful,sunset,pants,fearful,8112.991916656494,2021-12-01T19:43:48.534000,1638379715.5420833
3,28,4,28,Random,-9999,8d17c816cffea67a,0.315000057220459,0.08599996566772461,1638387828.936,4,night,socks,shoes,night,socks,night,socks,shoes,night,socks,8113.393916845322,2021-12-01T19:43:48.936000,1638379715.5420833
5,19,9,19,Random,-9999,8d17c816cffea67a,0.38699984550476074,0.08800005912780762,1638387829.405,9,watermelon,near,above,watermelon,near,watermelon,near,above,watermelon,near,8113.862916707993,2021-12-01T19:43:49.405000,1638379715.5420833
19,29,17,29,Random,-9999,8d17c816cffea67a,0.3429999351501465,0.0820000171661377,1638387829.829,17,noon,mango,watermelon,noon,mango,noon,mango,watermelon,noon,mango,8114.286916732788,2021-12-01T19:43:49.829000,1638379715.5420833
24,29,17,29,Random,-9999,8d17c816cffea67a,0.45799994468688965,0.0820000171661377,1638387830.368,17,noon,mango,sunset,noon,mango,noon,mango,sunset,noon,mango,8114.82591676712,2021-12-01T19:43:50.368000,1638379715.5420833
3,27,7,27,Random,-9999,8d17c816cffea67a,0.4249999523162842,0.0820000171661377,1638387830.875,7,dusk,beside,shoes,dusk,beside,dusk,beside,shoes,dusk,beside,8115.332916736603,2021-12-01T19:43:50.875000,1638379715.5420833
21,17,28,17,Random,-9999,8d17c816cffea67a,0.3660001754760742,0.0839998722076416,1638387831.323,28,mango,night,field,mango,night,mango,night,field,mango,night,8115.780916690826,2021-12-01T19:43:51.323000,1638379715.5420833
8,7,14,7,Random,-9999,8d17c816cffea67a,0.3919999599456787,0.08299994468688965,1638387831.799,14,beside,sad,far,beside,sad,beside,sad,far,beside,sad,8116.256916761398,2021-12-01T19:43:51.799000,1638379715.5420833
21,7,8,8,Random,-9999,a03a0d9b1477b2a1,6.039000034332275,0.13899993896484375,1638387832.023,7,beside,far,field,far,beside,beside,far,field,far,beside,8116.48091673851,2021-12-01T19:43:52.023000,1638379715.5420833
28,6,7,6,Random,-9999,8d17c816cffea67a,0.3489999771118164,0.0839998722076416,1638387832.231,7,below,beside,night,below,beside,below,beside,night,below,beside,8116.688916683197,2021-12-01T19:43:52.231000,1638379715.5420833
5,27,2,27,Random,-9999,8d17c816cffea67a,0.3430001735687256,0.0820000171661377,1638387832.656,2,dusk,shirt,above,dusk,shirt,dusk,shirt,above,dusk,shirt,8117.113916635513,2021-12-01T19:43:52.656000,1638379715.5420833
2,12,28,12,Random,-9999,8d17c816cffea67a,0.39999985694885254,0.0820000171661377,1638387833.138,28,fearful,night,shirt,fearful,night,fearful,night,shirt,fearful,night,8117.595916748047,2021-12-01T19:43:53.138000,1638379715.5420833
10,16,17,16,Random,-9999,8d17c816cffea67a,0.35899996757507324,0.0820000171661377,1638387833.59,17,lemon,mango,angry,lemon,mango,lemon,mango,angry,lemon,mango,8118.047916650772,2021-12-01T19:43:53.590000,1638379715.5420833
11,12,17,12,Random,-9999,a03a0d9b1477b2a1,1.9110000133514404,0.13300013542175293,1638387834.012,17,fearful,mango,disgust,fearful,mango,fearful,mango,disgust,fearful,mango,8118.469916820526,2021-12-01T19:43:54.012000,1638379715.5420833
2,16,17,17,Random,-9999,8d17c816cffea67a,0.5520000457763672,0.09400010108947754,1638387834.225,16,lemon,mango,shirt,mango,lemon,lemon,mango,shirt,mango,lemon,8118.682916641235,2021-12-01T19:43:54.225000,1638379715.5420833
14,2,27,27,Random,-9999,8d17c816cffea67a,0.5049998760223389,0.08299994468688965,1638387834.811,2,shirt,dusk,sad,dusk,shirt,shirt,dusk,sad,dusk,shirt,8119.268916845322,2021-12-01T19:43:54.811000,1638379715.5420833
16,1,22,22,Random,-9999,8d17c816cffea67a,0.5069999694824219,0.08100008964538574,1638387835.402,1,pants,ocean,lemon,ocean,pants,pants,ocean,lemon,ocean,pants,8119.859916687012,2021-12-01T19:43:55.402000,1638379715.5420833
13,5,0,0,Random,-9999,8d17c816cffea67a,0.3340001106262207,0.08299994468688965,1638387835.818,5,above,dress,happy,dress,above,above,dress,happy,dress,above,8120.275916814804,2021-12-01T19:43:55.818000,1638379715.5420833
27,11,20,20,Random,-9999,8d17c816cffea67a,0.3510000705718994,0.08299994468688965,1638387836.249,11,disgust,beach,dusk,beach,disgust,disgust,beach,dusk,beach,disgust,8120.706916809082,2021-12-01T19:43:56.249000,1638379715.5420833
17,18,11,18,Random,-9999,a03a0d9b1477b2a1,2.4079999923706055,0.07799983024597168,1638387836.564,11,strawberry,disgust,mango,strawberry,disgust,strawberry,disgust,mango,strawberry,disgust,8121.021916627884,2021-12-01T19:43:56.564000,1638379715.5420833
28,9,2,2,Random,-9999,8d17c816cffea67a,0.34399986267089844,0.08100008964538574,1638387836.671,9,near,shirt,night,shirt,near,near,shirt,night,shirt,near,8121.1289167404175,2021-12-01T19:43:56.671000,1638379715.5420833
23,27,11,11,Random,-9999,8d17c816cffea67a,0.40799999237060547,0.08300018310546875,1638387837.165,27,dusk,disgust,sky,disgust,dusk,dusk,disgust,sky,disgust,dusk,8121.622916698456,2021-12-01T19:43:57.165000,1638379715.5420833
24,2,11,11,Random,-9999,8d17c816cffea67a,0.31999993324279785,0.07999992370605469,1638387837.565,2,shirt,disgust,sunset,disgust,shirt,shirt,disgust,sunset,disgust,shirt,8122.022916793823,2021-12-01T19:43:57.565000,1638379715.5420833
19,1,0,1,Random,-9999,8d17c816cffea67a,0.5160000324249268,0.08100008964538574,1638387838.163,0,pants,dress,watermelon,pants,dress,pants,dress,watermelon,pants,dress,8122.620916843414,2021-12-01T19:43:58.163000,1638379715.5420833
26,19,13,19,Random,-9999,8d17c816cffea67a,0.3250000476837158,0.0839998722076416,1638387838.571,13,watermelon,happy,day,watermelon,happy,watermelon,happy,day,watermelon,happy,8123.028916835785,2021-12-01T19:43:58.571000,1638379715.5420833
3,11,17,11,Random,-9999,8d17c816cffea67a,0.3259999752044678,0.0820000171661377,1638387838.98,17,disgust,mango,shoes,disgust,mango,disgust,mango,shoes,disgust,mango,8123.437916755676,2021-12-01T19:43:58.980000,1638379715.5420833
1,11,9,11,Random,-9999,8d17c816cffea67a,0.35899996757507324,0.08299994468688965,1638387839.419,9,disgust,near,pants,disgust,near,disgust,near,pants,disgust,near,8123.876916646957,2021-12-01T19:43:59.419000,1638379715.5420833
16,1,5,5,Random,-9999,a03a0d9b1477b2a1,2.93500018119812,0.14499998092651367,1638387839.638,1,pants,above,lemon,above,pants,pants,above,lemon,above,pants,8124.095916748047,2021-12-01T19:43:59.638000,1638379715.5420833
15,3,16,3,Random,-9999,8d17c816cffea67a,0.4440000057220459,0.07899999618530273,1638387839.944,16,shoes,lemon,blueberry,shoes,lemon,shoes,lemon,blueberry,shoes,lemon,8124.401916742325,2021-12-01T19:43:59.944000,1638379715.5420833
26,22,7,22,Random,-9999,8d17c816cffea67a,0.3660001754760742,0.0839998722076416,1638387840.399,7,ocean,beside,day,ocean,beside,ocean,beside,day,ocean,beside,8124.856916666031,2021-12-01T19:44:00.399000,1638379715.5420833
14,24,12,24,Random,-9999,8d17c816cffea67a,0.4570000171661377,0.08999991416931152,1638387840.941,12,sunset,fearful,sad,sunset,fearful,sunset,fearful,sad,sunset,fearful,8125.398916721344,2021-12-01T19:44:00.941000,1638379715.5420833
29,27,8,27,Random,-9999,8d17c816cffea67a,0.4650001525878906,0.08299994468688965,1638387841.492,8,dusk,far,noon,dusk,far,dusk,far,noon,dusk,far,8125.9499168396,2021-12-01T19:44:01.492000,1638379715.5420833
27,26,29,26,Random,-9999,8d17c816cffea67a,0.560999870300293,0.09300017356872559,1638387842.138,29,day,noon,dusk,day,noon,day,noon,dusk,day,noon,8126.595916748047,2021-12-01T19:44:02.138000,1638379715.5420833
2,5,22,22,Random,-9999,8d17c816cffea67a,0.5180001258850098,0.07899999618530273,1638387842.733,5,above,ocean,shirt,ocean,above,above,ocean,shirt,ocean,above,8127.190916776657,2021-12-01T19:44:02.733000,1638379715.5420833
8,16,17,17,Random,-9999,8d17c816cffea67a,0.5080001354217529,0.1529998779296875,1638387843.483,16,lemon,mango,far,mango,lemon,lemon,mango,far,mango,lemon,8127.940916776657,2021-12-01T19:44:03.483000,1638379715.5420833
13,19,25,25,Random,-9999,8d17c816cffea67a,0.3450000286102295,0.27699995040893555,1638387844.014,19,watermelon,dawn,happy,dawn,watermelon,watermelon,dawn,happy,dawn,watermelon,8128.471916675568,2021-12-01T19:44:04.014000,1638379715.5420833
24,17,18,17,Random,-9999,8d17c816cffea67a,0.6429998874664307,0.18199992179870605,1638387844.842,18,mango,strawberry,sunset,mango,strawberry,mango,strawberry,sunset,mango,strawberry,8129.299916744232,2021-12-01T19:44:04.842000,1638379715.5420833
21,24,15,24,Random,-9999,8d17c816cffea67a,0.4679999351501465,0.16100001335144043,1638387845.474,15,sunset,blueberry,field,sunset,blueberry,sunset,blueberry,field,sunset,blueberry,8129.931916713715,2021-12-01T19:44:05.474000,1638379715.5420833
20,14,1,14,Random,-9999,a03a0d9b1477b2a1,5.870000123977661,0.13399982452392578,1638387845.637,1,sad,pants,beach,sad,pants,sad,pants,beach,sad,pants,8130.094916820526,2021-12-01T19:44:05.637000,1638379715.5420833
28,27,16,27,Random,-9999,8d17c816cffea67a,0.35899996757507324,0.08300018310546875,1638387845.917,16,dusk,lemon,night,dusk,lemon,dusk,lemon,night,dusk,lemon,8130.374916791916,2021-12-01T19:44:05.917000,1638379715.5420833
2,18,25,18,Random,-9999,8d17c816cffea67a,0.3489999771118164,0.0839998722076416,1638387846.341,25,strawberry,dawn,shirt,strawberry,dawn,strawberry,dawn,shirt,strawberry,dawn,8130.798916816711,2021-12-01T19:44:06.341000,1638379715.5420833
28,8,13,8,Random,-9999,8d17c816cffea67a,0.6050000190734863,0.07500004768371582,1638387847.024,13,far,happy,night,far,happy,far,happy,night,far,happy,8131.481916666031,2021-12-01T19:44:07.024000,1638379715.5420833
20,11,16,11,Random,-9999,a03a0d9b1477b2a1,2.310999870300293,0.1380000114440918,1638387848.095,16,disgust,lemon,beach,disgust,lemon,disgust,lemon,beach,disgust,lemon,8132.552916765213,2021-12-01T19:44:08.095000,1638379715.5420833
23,29,15,15,Random,-9999,a03a0d9b1477b2a1,2.13100004196167,0.1380000114440918,1638387850.358,29,noon,blueberry,sky,blueberry,noon,noon,blueberry,sky,blueberry,noon,8134.815916776657,2021-12-01T19:44:10.358000,1638379715.5420833
13,6,4,4,Random,-9999,a03a0d9b1477b2a1,2.889000177383423,0.1359999179840088,1638387853.384,6,below,socks,happy,socks,below,below,socks,happy,socks,below,8137.841916799545,2021-12-01T19:44:13.384000,1638379715.5420833
2,22,20,22,Random,-9999,a03a0d9b1477b2a1,6.104000091552734,0.13899993896484375,1638387859.625,20,ocean,beach,shirt,ocean,beach,ocean,beach,shirt,ocean,beach,8144.082916736603,2021-12-01T19:44:19.625000,1638379715.5420833
5,18,7,18,Random,-9999,a03a0d9b1477b2a1,2.684999942779541,0.13499999046325684,1638387862.446,7,strawberry,beside,above,strawberry,beside,strawberry,beside,above,strawberry,beside,8146.903916835785,2021-12-01T19:44:22.446000,1638379715.5420833
12,25,2,25,Random,-9999,a03a0d9b1477b2a1,5.194000005722046,0.13699984550476074,1638387867.775,2,dawn,shirt,fearful,dawn,shirt,dawn,shirt,fearful,dawn,shirt,8152.23291683197,2021-12-01T19:44:27.775000,1638379715.5420833
14,23,6,6,Random,-9999,a03a0d9b1477b2a1,2.565000057220459,0.13700008392333984,1638387870.478,23,sky,below,sad,below,sky,sky,below,sad,below,sky,8154.935916662216,2021-12-01T19:44:30.478000,1638379715.5420833
14,28,17,28,Random,-9999,a03a0d9b1477b2a1,1.7730000019073486,0.1360001564025879,1638387872.329,17,night,mango,sad,night,mango,night,mango,sad,night,mango,8156.786916732788,2021-12-01T19:44:32.329000,1638379715.5420833
1,18,23,23,Random,-9999,a03a0d9b1477b2a1,1.7440001964569092,0.07499980926513672,1638387874.146,18,strawberry,sky,pants,sky,strawberry,strawberry,sky,pants,sky,strawberry,8158.60391664505,2021-12-01T19:44:34.146000,1638379715.5420833
17,20,14,20,Random,-9999,a03a0d9b1477b2a1,2.11899995803833,0.07999992370605469,1638387876.414,14,beach,sad,mango,beach,sad,beach,sad,mango,beach,sad,8160.871916770935,2021-12-01T19:44:36.414000,1638379715.5420833
27,14,18,18,Random,-9999,a03a0d9b1477b2a1,2.680999994277954,0.15199995040893555,1638387879.234,14,sad,strawberry,dusk,strawberry,sad,sad,strawberry,dusk,strawberry,sad,8163.691916704178,2021-12-01T19:44:39.234000,1638379715.5420833
2,7,21,21,Random,-9999,a03a0d9b1477b2a1,2.4670000076293945,0.1380000114440918,1638387881.841,7,beside,field,shirt,field,beside,beside,field,shirt,field,beside,8166.298916816711,2021-12-01T19:44:41.841000,1638379715.5420833
4,23,5,23,Random,-9999,a03a0d9b1477b2a1,2.0769999027252197,0.1380000114440918,1638387884.058,5,sky,above,socks,sky,above,sky,above,socks,sky,above,8168.515916824341,2021-12-01T19:44:44.058000,1638379715.5420833
23,16,28,28,Random,-9999,a03a0d9b1477b2a1,2.1710000038146973,0.1380000114440918,1638387886.364,16,lemon,night,sky,night,lemon,lemon,night,sky,night,lemon,8170.821916818619,2021-12-01T19:44:46.364000,1638379715.5420833
2,0,15,15,Random,-9999,a03a0d9b1477b2a1,5.30899977684021,0.13700008392333984,1638387891.809,0,dress,blueberry,shirt,blueberry,dress,dress,blueberry,shirt,blueberry,dress,8176.266916751862,2021-12-01T19:44:51.809000,1638379715.5420833
16,25,17,17,Random,-9999,a03a0d9b1477b2a1,4.496999979019165,0.13700008392333984,1638387896.446,25,dawn,mango,lemon,mango,dawn,dawn,mango,lemon,mango,dawn,8180.903916835785,2021-12-01T19:44:56.446000,1638379715.5420833
11,17,22,17,Random,-9999,a03a0d9b1477b2a1,3.5939998626708984,0.1400001049041748,1638387900.182,22,mango,ocean,disgust,mango,ocean,mango,ocean,disgust,mango,ocean,8184.6399166584015,2021-12-01T19:45:00.182000,1638379715.5420833
21,9,14,9,Random,-9999,a03a0d9b1477b2a1,3.5329999923706055,0.15700006484985352,1638387903.865,14,near,sad,field,near,sad,near,sad,field,near,sad,8188.3229167461395,2021-12-01T19:45:03.865000,1638379715.5420833
0,4,10,10,Random,-9999,a03a0d9b1477b2a1,4.058000087738037,0.13299989700317383,1638387908.057,4,socks,angry,dress,angry,socks,socks,angry,dress,angry,socks,8192.514916658401,2021-12-01T19:45:08.057000,1638379715.5420833
1,8,14,14,Random,-9999,a03a0d9b1477b2a1,6.122999906539917,0.13199996948242188,1638387914.31,8,far,sad,pants,sad,far,far,sad,pants,sad,far,8198.767916679382,2021-12-01T19:45:14.310000,1638379715.5420833
29,15,24,24,Random,-9999,a03a0d9b1477b2a1,3.7009999752044678,0.13400006294250488,1638387918.15,15,blueberry,sunset,noon,sunset,blueberry,blueberry,sunset,noon,sunset,blueberry,8202.60791683197,2021-12-01T19:45:18.150000,1638379715.5420833
29,11,5,5,Random,-9999,a03a0d9b1477b2a1,1.8010001182556152,0.1380000114440918,1638387920.027,11,disgust,above,noon,above,disgust,disgust,above,noon,above,disgust,8204.484916687012,2021-12-01T19:45:20.027000,1638379715.5420833
3,24,19,24,Random,-9999,7c7749360dbd74dd,4.615000009536743,0.16500020027160645,1638390797.577,19,sunset,watermelon,shoes,sunset,watermelon,sunset,watermelon,shoes,sunset,watermelon,11082.034916639328,2021-12-01T20:33:17.577000,1638379715.5420833
29,27,2,2,Random,-9999,7c7749360dbd74dd,6.4730000495910645,0.2669999599456787,1638390804.303,27,dusk,shirt,noon,shirt,dusk,dusk,shirt,noon,shirt,dusk,11088.7609167099,2021-12-01T20:33:24.303000,1638379715.5420833
20,1,22,22,Random,-9999,7c7749360dbd74dd,2.4140000343322754,0.15199995040893555,1638390806.862,1,pants,ocean,beach,ocean,pants,pants,ocean,beach,ocean,pants,11091.319916725159,2021-12-01T20:33:26.862000,1638379715.5420833
0,4,10,4,Random,-9999,7c7749360dbd74dd,2.933000087738037,0.1549999713897705,1638390809.952,10,socks,angry,dress,socks,angry,socks,angry,dress,socks,angry,11094.409916639328,2021-12-01T20:33:29.952000,1638379715.5420833
4,7,26,7,Random,-9999,7c7749360dbd74dd,6.038000106811523,0.1529998779296875,1638390816.134,26,beside,day,socks,beside,day,beside,day,socks,beside,day,11100.591916799545,2021-12-01T20:33:36.134000,1638379715.5420833
12,20,10,10,Random,-9999,7c7749360dbd74dd,4.003999948501587,0.13900017738342285,1638390820.281,20,beach,angry,fearful,angry,beach,beach,angry,fearful,angry,beach,11104.738916635513,2021-12-01T20:33:40.281000,1638379715.5420833
16,8,7,7,Random,-9999,7c7749360dbd74dd,2.869999885559082,0.14899992942810059,1638390823.302,8,far,beside,lemon,beside,far,far,beside,lemon,beside,far,11107.75991678238,2021-12-01T20:33:43.302000,1638379715.5420833
23,25,4,25,Random,-9999,7c7749360dbd74dd,2.680000066757202,0.15199995040893555,1638390826.138,4,dawn,socks,sky,dawn,socks,dawn,socks,sky,dawn,socks,11110.595916748047,2021-12-01T20:33:46.138000,1638379715.5420833
20,15,8,15,Random,-9999,7c7749360dbd74dd,2.697999954223633,0.15600013732910156,1638390828.987,8,blueberry,far,beach,blueberry,far,blueberry,far,beach,blueberry,far,11113.444916725159,2021-12-01T20:33:48.987000,1638379715.5420833
27,16,25,16,Random,-9999,7c7749360dbd74dd,6.677999973297119,0.15400004386901855,1638390835.818,25,lemon,dawn,dusk,lemon,dawn,lemon,dawn,dusk,lemon,dawn,11120.275916814804,2021-12-01T20:33:55.818000,1638379715.5420833
28,20,25,25,Random,-9999,7c7749360dbd74dd,3.7179999351501465,0.14700007438659668,1638390839.673,20,beach,dawn,night,dawn,beach,beach,dawn,night,dawn,beach,11124.130916833878,2021-12-01T20:33:59.673000,1638379715.5420833
25,14,9,14,Random,-9999,7c7749360dbd74dd,5.193000078201294,0.13899993896484375,1638390845.005,9,sad,near,dawn,sad,near,sad,near,dawn,sad,near,11129.462916851044,2021-12-01T20:34:05.005000,1638379715.5420833
18,10,1,10,Random,-9999,7c7749360dbd74dd,2.504999876022339,0.14499998092651367,1638390847.652,1,angry,pants,strawberry,angry,pants,angry,pants,strawberry,angry,pants,11132.109916687012,2021-12-01T20:34:07.652000,1638379715.5420833
10,3,24,24,Random,-9999,7c7749360dbd74dd,2.008000135421753,0.13899993896484375,1638390849.808,3,shoes,sunset,angry,sunset,shoes,shoes,sunset,angry,sunset,shoes,11134.26591682434,2021-12-01T20:34:09.808000,1638379715.5420833
13,28,19,19,Random,-9999,7c7749360dbd74dd,2.569999933242798,0.1510000228881836,1638390852.515,28,night,watermelon,happy,watermelon,night,night,watermelon,happy,watermelon,night,11136.972916841507,2021-12-01T20:34:12.515000,1638379715.5420833
1,26,22,26,Random,-9999,7c7749360dbd74dd,4.7809998989105225,0.1360001564025879,1638390857.442,22,day,ocean,pants,day,ocean,day,ocean,pants,day,ocean,11141.899916648865,2021-12-01T20:34:17.442000,1638379715.5420833
24,27,16,27,Random,-9999,7c7749360dbd74dd,6.5299999713897705,0.14700007438659668,1638390864.117,16,dusk,lemon,sunset,dusk,lemon,dusk,lemon,sunset,dusk,lemon,11148.5749168396,2021-12-01T20:34:24.117000,1638379715.5420833
3,1,15,15,Random,-9999,7c7749360dbd74dd,2.3340001106262207,0.14499998092651367,1638390866.592,1,pants,blueberry,shoes,blueberry,pants,pants,blueberry,shoes,blueberry,pants,11151.049916744232,2021-12-01T20:34:26.592000,1638379715.5420833
3,9,2,2,Random,-9999,7c7749360dbd74dd,2.6089999675750732,0.13900017738342285,1638390869.343,9,near,shirt,shoes,shirt,near,near,shirt,shoes,shirt,near,11153.800916671753,2021-12-01T20:34:29.343000,1638379715.5420833
17,0,5,0,Random,-9999,7c7749360dbd74dd,2.754000186920166,0.16100001335144043,1638390872.259,5,dress,above,mango,dress,above,dress,above,mango,dress,above,11156.716916799545,2021-12-01T20:34:32.259000,1638379715.5420833
25,10,14,10,Random,-9999,7c7749360dbd74dd,4.888000011444092,0.15000009536743164,1638390877.294,14,angry,sad,dawn,angry,sad,angry,sad,dawn,angry,sad,11161.751916646957,2021-12-01T20:34:37.294000,1638379715.5420833
22,19,15,15,Random,-9999,7c7749360dbd74dd,1.7079999446868896,0.14800000190734863,1638390879.087,19,watermelon,blueberry,ocean,blueberry,watermelon,watermelon,blueberry,ocean,blueberry,watermelon,11163.544916629791,2021-12-01T20:34:39.087000,1638379715.5420833
11,1,24,1,Random,-9999,7c7749360dbd74dd,3.132999897003174,0.17499995231628418,1638390882.459,24,pants,sunset,disgust,pants,sunset,pants,sunset,disgust,pants,sunset,11166.916916847229,2021-12-01T20:34:42.459000,1638379715.5420833
24,15,11,15,Random,-9999,7c7749360dbd74dd,2.6460001468658447,0.14599990844726562,1638390885.342,11,blueberry,disgust,sunset,blueberry,disgust,blueberry,disgust,sunset,blueberry,disgust,11169.799916744232,2021-12-01T20:34:45.342000,1638379715.5420833
5,21,2,21,Random,-9999,7c7749360dbd74dd,2.8530001640319824,0.2799999713897705,1638390888.378,2,field,shirt,above,field,shirt,field,shirt,above,field,shirt,11172.835916757584,2021-12-01T20:34:48.378000,1638379715.5420833
18,14,4,4,Random,-9999,7c7749360dbd74dd,3.6389999389648438,0.14700007438659668,1638390892.2,14,sad,socks,strawberry,socks,sad,sad,socks,strawberry,socks,sad,11176.657916784286,2021-12-01T20:34:52.200000,1638379715.5420833
26,18,9,18,Random,-9999,7c7749360dbd74dd,4.401000022888184,0.22900009155273438,1638390896.796,9,strawberry,near,day,strawberry,near,strawberry,near,day,strawberry,near,11181.253916740417,2021-12-01T20:34:56.796000,1638379715.5420833
14,17,21,21,Random,-9999,7c7749360dbd74dd,3.2060000896453857,0.14699983596801758,1638390900.144,17,mango,field,sad,field,mango,mango,field,sad,field,mango,11184.601916790009,2021-12-01T20:35:00.144000,1638379715.5420833
1,20,19,20,Random,-9999,7c7749360dbd74dd,3.9210000038146973,0.14499998092651367,1638390904.208,19,beach,watermelon,pants,beach,watermelon,beach,watermelon,pants,beach,watermelon,11188.66591668129,2021-12-01T20:35:04.208000,1638379715.5420833
20,16,21,16,Random,-9999,7c7749360dbd74dd,2.818000078201294,0.1399998664855957,1638390907.168,21,lemon,field,beach,lemon,field,lemon,field,beach,lemon,field,11191.625916719437,2021-12-01T20:35:07.168000,1638379715.5420833
3,2,20,2,Random,-9999,7c7749360dbd74dd,2.63100004196167,0.14800000190734863,1638390909.947,20,shirt,beach,shoes,shirt,beach,shirt,beach,shoes,shirt,beach,11194.404916763306,2021-12-01T20:35:09.947000,1638379715.5420833
29,26,28,26,Random,-9999,7c7749360dbd74dd,3.562000036239624,0.15200018882751465,1638390913.657,28,day,night,noon,day,night,day,night,noon,day,night,11198.114916801453,2021-12-01T20:35:13.657000,1638379715.5420833
18,29,9,29,Random,-9999,7c7749360dbd74dd,2.810999870300293,0.1419999599456787,1638390916.604,9,noon,near,strawberry,noon,near,noon,near,strawberry,noon,near,11201.061916828156,2021-12-01T20:35:16.604000,1638379715.5420833
22,29,10,29,Random,-9999,7c7749360dbd74dd,3.0450000762939453,0.13499999046325684,1638390919.791,10,noon,angry,ocean,noon,angry,noon,angry,ocean,noon,angry,11204.248916625977,2021-12-01T20:35:19.791000,1638379715.5420833
7,0,12,12,Random,-9999,7c7749360dbd74dd,3.9539999961853027,0.39100003242492676,1638390924.166,0,dress,fearful,beside,fearful,dress,dress,fearful,beside,fearful,dress,11208.623916625977,2021-12-01T20:35:24.166000,1638379715.5420833
14,26,0,0,Random,-9999,7c7749360dbd74dd,2.9660000801086426,0.22799992561340332,1638390927.369,26,day,dress,sad,dress,day,day,dress,sad,dress,day,11211.826916694641,2021-12-01T20:35:27.369000,1638379715.5420833
26,1,17,17,Random,-9999,7c7749360dbd74dd,2.0989999771118164,0.1830000877380371,1638390929.622,1,pants,mango,day,mango,pants,pants,mango,day,mango,pants,11214.079916715622,2021-12-01T20:35:29.622000,1638379715.5420833
11,26,5,5,Random,-9999,7c7749360dbd74dd,17.97699999809265,0.14599990844726562,1638390947.731,26,day,above,disgust,above,day,day,above,disgust,above,day,11232.188916683197,2021-12-01T20:35:47.731000,1638379715.5420833
2,24,9,24,Random,-9999,7c7749360dbd74dd,3.0399999618530273,0.14300012588500977,1638390950.907,9,sunset,near,shirt,sunset,near,sunset,near,shirt,sunset,near,11235.364916801453,2021-12-01T20:35:50.907000,1638379715.5420833
19,16,2,16,Random,-9999,7c7749360dbd74dd,2.73799991607666,0.13499999046325684,1638390953.805,2,lemon,shirt,watermelon,lemon,shirt,lemon,shirt,watermelon,lemon,shirt,11238.26291680336,2021-12-01T20:35:53.805000,1638379715.5420833
21,10,29,29,Random,-9999,7c7749360dbd74dd,2.0839998722076416,0.16300010681152344,1638390956.032,10,angry,noon,field,noon,angry,angry,noon,field,noon,angry,11240.489916801453,2021-12-01T20:35:56.032000,1638379715.5420833
16,26,4,26,Random,-9999,7c7749360dbd74dd,1.8949999809265137,0.13899993896484375,1638390958.001,4,day,socks,lemon,day,socks,day,socks,lemon,day,socks,11242.458916664124,2021-12-01T20:35:58.001000,1638379715.5420833
24,23,27,23,Random,-9999,7c7749360dbd74dd,2.2730000019073486,0.07699990272521973,1638390960.415,27,sky,dusk,sunset,sky,dusk,sky,dusk,sunset,sky,dusk,11244.872916698456,2021-12-01T20:36:00.415000,1638379715.5420833
13,22,3,22,Random,-9999,7c7749360dbd74dd,2.9779999256134033,0.14800000190734863,1638390963.547,3,ocean,shoes,happy,ocean,shoes,ocean,shoes,happy,ocean,shoes,11248.004916667938,2021-12-01T20:36:03.547000,1638379715.5420833
4,27,12,27,Random,-9999,7c7749360dbd74dd,2.330000162124634,0.14899992942810059,1638390966.021,12,dusk,fearful,socks,dusk,fearful,dusk,fearful,socks,dusk,fearful,11250.47891664505,2021-12-01T20:36:06.021000,1638379715.5420833
20,14,26,26,Random,-9999,7c7749360dbd74dd,1.9010000228881836,0.14299988746643066,1638390968.008,14,sad,day,beach,day,sad,sad,day,beach,day,sad,11252.465916633606,2021-12-01T20:36:08.008000,1638379715.5420833
0,17,18,17,Random,-9999,7c7749360dbd74dd,4.080999851226807,0.09200000762939453,1638390972.237,18,mango,strawberry,dress,mango,strawberry,mango,strawberry,dress,mango,strawberry,11256.694916725159,2021-12-01T20:36:12.237000,1638379715.5420833
1,14,9,9,Random,-9999,7c7749360dbd74dd,2.5920000076293945,0.14300012588500977,1638390974.971,14,sad,near,pants,near,sad,sad,near,pants,near,sad,11259.428916692734,2021-12-01T20:36:14.971000,1638379715.5420833
15,5,7,7,Random,-9999,7c7749360dbd74dd,3.1660001277923584,0.14399981498718262,1638390978.281,5,above,beside,blueberry,beside,above,above,beside,blueberry,beside,above,11262.738916635513,2021-12-01T20:36:18.281000,1638379715.5420833
5,15,23,23,Random,-9999,7c7749360dbd74dd,2.255000114440918,0.1419999599456787,1638390980.678,15,blueberry,sky,above,sky,blueberry,blueberry,sky,above,sky,blueberry,11265.1359167099,2021-12-01T20:36:20.678000,1638379715.5420833
22,1,5,1,Random,-9999,7c7749360dbd74dd,4.081000089645386,0.14299988746643066,1638390984.906,5,pants,above,ocean,pants,above,pants,above,ocean,pants,above,11269.363916635513,2021-12-01T20:36:24.906000,1638379715.5420833
28,21,2,21,Random,-9999,7c7749360dbd74dd,2.871999979019165,0.15400004386901855,1638390987.923,2,field,shirt,night,field,shirt,field,shirt,night,field,shirt,11272.380916833878,2021-12-01T20:36:27.923000,1638379715.5420833
2,18,17,17,Random,-9999,7c7749360dbd74dd,3.6590001583099365,0.14699983596801758,1638390991.726,18,strawberry,mango,shirt,mango,strawberry,strawberry,mango,shirt,mango,strawberry,11276.183916807175,2021-12-01T20:36:31.726000,1638379715.5420833
12,14,20,14,Random,-9999,7c7749360dbd74dd,1.9769999980926514,0.1380000114440918,1638390994.002,20,sad,beach,fearful,sad,beach,sad,beach,fearful,sad,beach,11278.459916830063,2021-12-01T20:36:34.002000,1638379715.5420833
24,23,20,23,Random,-9999,7c7749360dbd74dd,3.7119998931884766,0.38700008392333984,1638390997.934,20,sky,beach,sunset,sky,beach,sky,beach,sunset,sky,beach,11282.391916751862,2021-12-01T20:36:37.934000,1638379715.5420833
18,13,25,13,Random,-9999,7c7749360dbd74dd,4.117999792098999,0.13300013542175293,1638391002.194,25,happy,dawn,strawberry,happy,dawn,happy,dawn,strawberry,happy,dawn,11286.651916742325,2021-12-01T20:36:42.194000,1638379715.5420833
20,26,4,26,Random,-9999,7c7749360dbd74dd,4.300999879837036,0.14300012588500977,1638391006.631,4,day,socks,beach,day,socks,day,socks,beach,day,socks,11291.088916778564,2021-12-01T20:36:46.631000,1638379715.5420833
5,21,19,21,Random,-9999,7c7749360dbd74dd,2.9170000553131104,0.13499999046325684,1638391009.689,19,field,watermelon,above,field,watermelon,field,watermelon,above,field,watermelon,11294.146916627884,2021-12-01T20:36:49.689000,1638379715.5420833
25,13,1,13,Random,-9999,7c7749360dbd74dd,6.3420000076293945,0.14299988746643066,1638391016.18,1,happy,pants,dawn,happy,pants,happy,pants,dawn,happy,pants,11300.63791680336,2021-12-01T20:36:56.180000,1638379715.5420833
26,5,13,5,Random,-9999,7c7749360dbd74dd,2.2060000896453857,0.1510000228881836,1638391018.529,13,above,happy,day,above,happy,above,happy,day,above,happy,11302.986916780472,2021-12-01T20:36:58.529000,1638379715.5420833
29,21,12,21,Random,-9999,7c7749360dbd74dd,2.118000030517578,0.14100003242492676,1638391020.787,12,field,fearful,noon,field,fearful,field,fearful,noon,field,fearful,11305.244916677475,2021-12-01T20:37:00.787000,1638379715.5420833
10,12,8,12,Random,-9999,7c7749360dbd74dd,3.4010000228881836,0.14299988746643066,1638391024.335,8,fearful,far,angry,fearful,far,fearful,far,angry,fearful,far,11308.79291677475,2021-12-01T20:37:04.335000,1638379715.5420833
28,20,13,20,Random,-9999,7c7749360dbd74dd,3.2039999961853027,0.1529998779296875,1638391027.694,13,beach,happy,night,beach,happy,beach,happy,night,beach,happy,11312.151916742325,2021-12-01T20:37:07.694000,1638379715.5420833
9,2,22,2,Random,-9999,7c7749360dbd74dd,8.499000072479248,0.1830000877380371,1638391036.38,22,shirt,ocean,near,shirt,ocean,shirt,ocean,near,shirt,ocean,11320.837916851044,2021-12-01T20:37:16.380000,1638379715.5420833
9,15,29,29,Random,-9999,7c7749360dbd74dd,2.5739998817443848,0.15199995040893555,1638391039.098,15,blueberry,noon,near,noon,blueberry,blueberry,noon,near,noon,blueberry,11323.555916786194,2021-12-01T20:37:19.098000,1638379715.5420833
20,4,5,5,Random,-9999,7c7749360dbd74dd,2.4040000438690186,0.14599990844726562,1638391041.648,4,socks,above,beach,above,socks,socks,above,beach,above,socks,11326.10591673851,2021-12-01T20:37:21.648000,1638379715.5420833
10,13,8,8,Random,-9999,7c7749360dbd74dd,2.187999963760376,0.1510000228881836,1638391043.984,13,happy,far,angry,far,happy,happy,far,angry,far,happy,11328.441916704178,2021-12-01T20:37:23.984000,1638379715.5420833
16,2,18,18,Random,-9999,7c7749360dbd74dd,3.4190001487731934,0.14999985694885254,1638391047.552,2,shirt,strawberry,lemon,strawberry,shirt,shirt,strawberry,lemon,strawberry,shirt,11332.00991678238,2021-12-01T20:37:27.552000,1638379715.5420833
10,25,27,25,Random,-9999,7c7749360dbd74dd,13.403000116348267,0.14299988746643066,1638391061.099,27,dawn,dusk,angry,dawn,dusk,dawn,dusk,angry,dawn,dusk,11345.556916713715,2021-12-01T20:37:41.099000,1638379715.5420833
28,2,27,27,Random,-9999,7c7749360dbd74dd,4.700999975204468,0.14700007438659668,1638391065.947,2,shirt,dusk,night,dusk,shirt,shirt,dusk,night,dusk,shirt,11350.404916763306,2021-12-01T20:37:45.947000,1638379715.5420833
6,23,5,5,Random,-9999,7c7749360dbd74dd,4.684000015258789,0.14800000190734863,1638391070.779,23,sky,above,below,above,sky,sky,above,below,above,sky,11355.236916780472,2021-12-01T20:37:50.779000,1638379715.5420833
4,20,25,20,Random,-9999,7c7749360dbd74dd,3.5439999103546143,0.14800000190734863,1638391074.47,25,beach,dawn,socks,beach,dawn,beach,dawn,socks,beach,dawn,11358.927916765213,2021-12-01T20:37:54.470000,1638379715.5420833
26,12,17,17,Random,-9999,7c7749360dbd74dd,3.182999849319458,0.14300012588500977,1638391077.791,12,fearful,mango,day,mango,fearful,fearful,mango,day,mango,fearful,11362.248916625977,2021-12-01T20:37:57.791000,1638379715.5420833
1,21,9,9,Random,-9999,7c7749360dbd74dd,3.186000108718872,0.1419999599456787,1638391081.126,21,field,near,pants,near,field,field,near,pants,near,field,11365.583916664124,2021-12-01T20:38:01.126000,1638379715.5420833
2,11,19,19,Random,-9999,7c7749360dbd74dd,2.376999855041504,0.1510000228881836,1638391083.646,11,disgust,watermelon,shirt,watermelon,disgust,disgust,watermelon,shirt,watermelon,disgust,11368.10391664505,2021-12-01T20:38:03.646000,1638379715.5420833
18,26,13,26,Random,-9999,7c7749360dbd74dd,4.506999969482422,0.14400005340576172,1638391088.294,13,day,happy,strawberry,day,happy,day,happy,strawberry,day,happy,11372.751916646957,2021-12-01T20:38:08.294000,1638379715.5420833
5,2,7,7,Random,-9999,7c7749360dbd74dd,3.800999879837036,0.1419999599456787,1638391092.24,2,shirt,beside,above,beside,shirt,shirt,beside,above,beside,shirt,11376.69791674614,2021-12-01T20:38:12.240000,1638379715.5420833
15,27,0,27,Random,-9999,7c7749360dbd74dd,3.562999963760376,0.1419999599456787,1638391095.948,0,dusk,dress,blueberry,dusk,dress,dusk,dress,blueberry,dusk,dress,11380.405916690826,2021-12-01T20:38:15.948000,1638379715.5420833
29,25,16,16,Random,-9999,7c7749360dbd74dd,6.037999868392944,0.14600014686584473,1638391102.135,25,dawn,lemon,noon,lemon,dawn,dawn,lemon,noon,lemon,dawn,11386.592916727066,2021-12-01T20:38:22.135000,1638379715.5420833
23,21,0,0,Random,-9999,7c7749360dbd74dd,13.103999853134155,0.14800000190734863,1638391115.38,21,field,dress,sky,dress,field,field,dress,sky,dress,field,11399.837916851044,2021-12-01T20:38:35.380000,1638379715.5420833
26,2,10,10,Random,-9999,7c7749360dbd74dd,6.937000036239624,0.14400005340576172,1638391122.462,2,shirt,angry,day,angry,shirt,shirt,angry,day,angry,shirt,11406.919916629791,2021-12-01T20:38:42.462000,1638379715.5420833
4,17,0,17,Random,-9999,7c7749360dbd74dd,2.549999952316284,0.14599990844726562,1638391125.156,0,mango,dress,socks,mango,dress,mango,dress,socks,mango,dress,11409.613916635513,2021-12-01T20:38:45.156000,1638379715.5420833
11,24,12,12,Random,-9999,7c7749360dbd74dd,4.795000076293945,0.1419999599456787,1638391130.103,24,sunset,fearful,disgust,fearful,sunset,sunset,fearful,disgust,fearful,sunset,11414.560916662216,2021-12-01T20:38:50.103000,1638379715.5420833
25,6,11,6,Random,-9999,7c7749360dbd74dd,6.710999965667725,0.16300010681152344,1638391136.966,11,below,disgust,dawn,below,disgust,below,disgust,dawn,below,disgust,11421.423916816711,2021-12-01T20:38:56.966000,1638379715.5420833
7,2,28,28,Random,-9999,7c7749360dbd74dd,6.752000093460083,0.14599990844726562,1638391143.857,2,shirt,night,beside,night,shirt,shirt,night,beside,night,shirt,11428.314916849136,2021-12-01T20:39:03.857000,1638379715.5420833
21,3,8,8,Random,-9999,7c7749360dbd74dd,3.7070000171661377,0.1400001049041748,1638391147.763,3,shoes,far,field,far,shoes,shoes,far,field,far,shoes,11432.220916748047,2021-12-01T20:39:07.763000,1638379715.5420833
5,7,13,13,Random,-9999,7c7749360dbd74dd,4.395999908447266,0.20000004768371582,1638391152.294,7,beside,happy,above,happy,beside,beside,happy,above,happy,beside,11436.751916646957,2021-12-01T20:39:12.294000,1638379715.5420833
4,16,23,16,Random,-9999,7c7749360dbd74dd,2.818000078201294,0.13700008392333984,1638391155.256,23,lemon,sky,socks,lemon,sky,lemon,sky,socks,lemon,sky,11439.713916778564,2021-12-01T20:39:15.256000,1638379715.5420833
4,29,27,29,Random,-9999,7c7749360dbd74dd,5.178000211715698,0.14699983596801758,1638391160.581,27,noon,dusk,socks,noon,dusk,noon,dusk,socks,noon,dusk,11445.038916826248,2021-12-01T20:39:20.581000,1638379715.5420833
5,11,21,21,Random,-9999,7c7749360dbd74dd,2.4489998817443848,0.14300012588500977,1638391163.171,11,disgust,field,above,field,disgust,disgust,field,above,field,disgust,11447.628916740417,2021-12-01T20:39:23.171000,1638379715.5420833
15,14,6,14,Random,-9999,7c7749360dbd74dd,8.316999912261963,0.14499998092651367,1638391171.685,6,sad,below,blueberry,sad,below,sad,below,blueberry,sad,below,11456.142916679382,2021-12-01T20:39:31.685000,1638379715.5420833
1,14,7,7,Random,-9999,7c7749360dbd74dd,4.721999883651733,0.1940000057220459,1638391176.555,14,sad,beside,pants,beside,sad,sad,beside,pants,beside,sad,11461.01291680336,2021-12-01T20:39:36.555000,1638379715.5420833
9,23,15,23,Random,-9999,7c7749360dbd74dd,3.9769999980926514,0.15599989891052246,1638391180.681,15,sky,blueberry,near,sky,blueberry,sky,blueberry,near,sky,blueberry,11465.13891673088,2021-12-01T20:39:40.681000,1638379715.5420833
18,12,21,12,Random,-9999,7c7749360dbd74dd,3.495000123977661,0.14499998092651367,1638391184.321,21,fearful,field,strawberry,fearful,field,fearful,field,strawberry,fearful,field,11468.778916835785,2021-12-01T20:39:44.321000,1638379715.5420833
23,27,26,27,Random,-9999,7c7749360dbd74dd,5.648999929428101,0.14600014686584473,1638391190.112,26,dusk,day,sky,dusk,day,dusk,day,sky,dusk,day,11474.569916725159,2021-12-01T20:39:50.112000,1638379715.5420833
15,12,1,12,Random,-9999,7c7749360dbd74dd,4.119999885559082,0.1419999599456787,1638391194.374,1,fearful,pants,blueberry,fearful,pants,fearful,pants,blueberry,fearful,pants,11478.831916809082,2021-12-01T20:39:54.374000,1638379715.5420833
10,9,1,1,Random,-9999,7c7749360dbd74dd,2.5119998455047607,0.14400005340576172,1638391197.029,9,near,pants,angry,pants,near,near,pants,angry,pants,near,11481.486916780472,2021-12-01T20:39:57.029000,1638379715.5420833
24,20,8,20,Random,-9999,7c7749360dbd74dd,3.7060000896453857,0.14499998092651367,1638391200.881,8,beach,far,sunset,beach,far,beach,far,sunset,beach,far,11485.338916778564,2021-12-01T20:40:00.881000,1638379715.5420833
4,20,1,1,Random,-9999,7c7749360dbd74dd,2.878000020980835,0.14800000190734863,1638391203.903,20,beach,pants,socks,pants,beach,beach,pants,socks,pants,beach,11488.360916852951,2021-12-01T20:40:03.903000,1638379715.5420833
14,24,13,24,Random,-9999,7c7749360dbd74dd,3.4560000896453857,0.14299988746643066,1638391207.506,13,sunset,happy,sad,sunset,happy,sunset,happy,sad,sunset,happy,11491.963916778564,2021-12-01T20:40:07.506000,1638379715.5420833
2,18,14,18,Random,-9999,7c7749360dbd74dd,4.94599986076355,0.14499998092651367,1638391212.595,14,strawberry,sad,shirt,strawberry,sad,strawberry,sad,shirt,strawberry,sad,11497.052916765213,2021-12-01T20:40:12.595000,1638379715.5420833
9,19,3,3,Random,-9999,7c7749360dbd74dd,5.044999837875366,0.14300012588500977,1638391217.782,19,watermelon,shoes,near,shoes,watermelon,watermelon,shoes,near,shoes,watermelon,11502.239916801453,2021-12-01T20:40:17.782000,1638379715.5420833
18,19,12,19,Random,-9999,7c7749360dbd74dd,2.371000051498413,0.14700007438659668,1638391220.305,12,watermelon,fearful,strawberry,watermelon,fearful,watermelon,fearful,strawberry,watermelon,fearful,11504.76291680336,2021-12-01T20:40:20.305000,1638379715.5420833
0,1,15,15,Random,-9999,7c7749360dbd74dd,4.675000190734863,0.1510000228881836,1638391225.139,1,pants,blueberry,dress,blueberry,pants,pants,blueberry,dress,blueberry,pants,11509.596916675568,2021-12-01T20:40:25.139000,1638379715.5420833
21,7,9,9,Random,-9999,7c7749360dbd74dd,6.193000078201294,0.15599989891052246,1638391231.467,7,beside,near,field,near,beside,beside,near,field,near,beside,11515.924916744232,2021-12-01T20:40:31.467000,1638379715.5420833
9,15,11,11,Random,-9999,7c7749360dbd74dd,5.9659998416900635,0.13499999046325684,1638391237.58,15,blueberry,disgust,near,disgust,blueberry,blueberry,disgust,near,disgust,blueberry,11522.037916660309,2021-12-01T20:40:37.580000,1638379715.5420833
22,6,7,7,Random,-9999,7c7749360dbd74dd,5.328999996185303,0.14700007438659668,1638391243.052,6,below,beside,ocean,beside,below,below,beside,ocean,beside,below,11527.50991678238,2021-12-01T20:40:43.052000,1638379715.5420833
12,2,4,2,Random,-9999,7c7749360dbd74dd,3.9079999923706055,0.1530001163482666,1638391247.138,4,shirt,socks,fearful,shirt,socks,shirt,socks,fearful,shirt,socks,11531.595916748047,2021-12-01T20:40:47.138000,1638379715.5420833
29,16,1,1,Random,-9999,7c7749360dbd74dd,3.1549999713897705,0.17300009727478027,1638391250.442,16,lemon,pants,noon,pants,lemon,lemon,pants,noon,pants,lemon,11534.899916648865,2021-12-01T20:40:50.442000,1638379715.5420833
8,28,17,17,Random,-9999,7c7749360dbd74dd,4.29800009727478,0.14699983596801758,1638391254.888,28,night,mango,far,mango,night,night,mango,far,mango,night,11539.345916748047,2021-12-01T20:40:54.888000,1638379715.5420833
8,7,21,21,Random,-9999,7c7749360dbd74dd,2.7689998149871826,0.14800000190734863,1638391257.798,7,beside,field,far,field,beside,beside,field,far,field,beside,11542.255916833878,2021-12-01T20:40:57.798000,1638379715.5420833
10,9,25,25,Random,-9999,7c7749360dbd74dd,4.303999900817871,0.14300012588500977,1638391262.263,9,near,dawn,angry,dawn,near,near,dawn,angry,dawn,near,11546.720916748047,2021-12-01T20:41:02.263000,1638379715.5420833
9,15,26,26,Random,-9999,7c7749360dbd74dd,3.878999948501587,0.17199993133544922,1638391266.297,15,blueberry,day,near,day,blueberry,blueberry,day,near,day,blueberry,11550.754916667938,2021-12-01T20:41:06.297000,1638379715.5420833
8,14,13,14,Random,-9999,7c7749360dbd74dd,2.9679999351501465,0.14600014686584473,1638391269.406,13,sad,happy,far,sad,happy,sad,happy,far,sad,happy,11553.863916635513,2021-12-01T20:41:09.406000,1638379715.5420833
14,25,1,25,Random,-9999,7c7749360dbd74dd,3.3610000610351562,0.1419999599456787,1638391272.905,1,dawn,pants,sad,dawn,pants,dawn,pants,sad,dawn,pants,11557.362916707993,2021-12-01T20:41:12.905000,1638379715.5420833
5,16,13,13,Random,-9999,7c7749360dbd74dd,4.552999973297119,0.14499998092651367,1638391277.611,16,lemon,happy,above,happy,lemon,lemon,happy,above,happy,lemon,11562.068916797638,2021-12-01T20:41:17.611000,1638379715.5420833
28,5,10,10,Random,-9999,7c7749360dbd74dd,4.9679999351501465,0.14600014686584473,1638391282.731,5,above,angry,night,angry,above,above,angry,night,angry,above,11567.188916683197,2021-12-01T20:41:22.731000,1638379715.5420833
25,24,3,24,Random,-9999,7c7749360dbd74dd,9.278000116348267,0.15899991989135742,1638391292.152,3,sunset,shoes,dawn,sunset,shoes,sunset,shoes,dawn,sunset,shoes,11576.609916687012,2021-12-01T20:41:32.152000,1638379715.5420833
15,22,28,22,Random,-9999,7c7749360dbd74dd,2.7279999256134033,0.1400001049041748,1638391295.189,28,ocean,night,blueberry,ocean,night,ocean,night,blueberry,ocean,night,11579.646916627884,2021-12-01T20:41:35.189000,1638379715.5420833
13,24,0,24,Random,-9999,7c7749360dbd74dd,2.2960000038146973,0.42100000381469727,1638391297.735,0,sunset,dress,happy,sunset,dress,sunset,dress,happy,sunset,dress,11582.192916631699,2021-12-01T20:41:37.735000,1638379715.5420833
10,20,2,2,Random,-9999,7c7749360dbd74dd,2.6510000228881836,0.13899993896484375,1638391300.533,20,beach,shirt,angry,shirt,beach,beach,shirt,angry,shirt,beach,11584.990916728973,2021-12-01T20:41:40.533000,1638379715.5420833
26,8,3,3,Random,-9999,7c7749360dbd74dd,3.2220001220703125,0.15199995040893555,1638391303.903,8,far,shoes,day,shoes,far,far,shoes,day,shoes,far,11588.360916852951,2021-12-01T20:41:43.903000,1638379715.5420833
26,28,6,6,Random,-9999,7c7749360dbd74dd,3.7799999713897705,0.1490001678466797,1638391307.837,28,night,below,day,below,night,night,below,day,below,night,11592.294916629791,2021-12-01T20:41:47.837000,1638379715.5420833
12,4,6,4,Random,-9999,7c7749360dbd74dd,4.3440001010894775,0.14999985694885254,1638391312.323,6,socks,below,fearful,socks,below,socks,below,fearful,socks,below,11596.780916690826,2021-12-01T20:41:52.323000,1638379715.5420833
5,21,26,26,Random,-9999,7c7749360dbd74dd,9.815999984741211,0.14599990844726562,1638391322.288,21,field,day,above,day,field,field,day,above,day,field,11606.745916843414,2021-12-01T20:42:02.288000,1638379715.5420833
6,4,7,7,Random,-9999,7c7749360dbd74dd,2.8519999980926514,0.14499998092651367,1638391325.277,4,socks,beside,below,beside,socks,socks,beside,below,beside,socks,11609.734916687012,2021-12-01T20:42:05.277000,1638379715.5420833
14,2,1,2,Random,-9999,7c7749360dbd74dd,3.2100000381469727,0.1380000114440918,1638391328.628,1,shirt,pants,sad,shirt,pants,shirt,pants,sad,shirt,pants,11613.085916757584,2021-12-01T20:42:08.628000,1638379715.5420833
9,0,6,0,Random,-9999,7c7749360dbd74dd,3.8259999752044678,0.14499998092651367,1638391332.606,6,dress,below,near,dress,below,dress,below,near,dress,below,11617.063916683197,2021-12-01T20:42:12.606000,1638379715.5420833
28,25,14,14,Random,-9999,7c7749360dbd74dd,2.2730000019073486,0.14699983596801758,1638391335.011,25,dawn,sad,night,sad,dawn,dawn,sad,night,sad,dawn,11619.468916654587,2021-12-01T20:42:15.011000,1638379715.5420833
8,17,20,17,Random,-9999,7c7749360dbd74dd,4.170000076293945,0.13400006294250488,1638391339.321,20,mango,beach,far,mango,beach,mango,beach,far,mango,beach,11623.778916835785,2021-12-01T20:42:19.321000,1638379715.5420833
26,17,14,17,Random,-9999,7c7749360dbd74dd,3.0420000553131104,0.1400001049041748,1638391342.505,14,mango,sad,day,mango,sad,mango,sad,day,mango,sad,11626.962916851044,2021-12-01T20:42:22.505000,1638379715.5420833
26,11,27,27,Random,-9999,7c7749360dbd74dd,4.075999975204468,0.14299988746643066,1638391346.724,11,disgust,dusk,day,dusk,disgust,disgust,dusk,day,dusk,disgust,11631.181916713715,2021-12-01T20:42:26.724000,1638379715.5420833
1,22,9,9,Random,-9999,7c7749360dbd74dd,2.5910000801086426,0.14499998092651367,1638391349.459,22,ocean,near,pants,near,ocean,ocean,near,pants,near,ocean,11633.916916847229,2021-12-01T20:42:29.459000,1638379715.5420833
10,8,28,8,Random,-9999,7c7749360dbd74dd,3.5769999027252197,0.14599990844726562,1638391353.183,28,far,night,angry,far,night,far,night,angry,far,night,11637.64091682434,2021-12-01T20:42:33.183000,1638379715.5420833
5,8,9,9,Random,-9999,7c7749360dbd74dd,3.1519999504089355,0.14800000190734863,1638391356.48,8,far,near,above,near,far,far,near,above,near,far,11640.937916755676,2021-12-01T20:42:36.480000,1638379715.5420833
3,10,26,26,Random,-9999,7c7749360dbd74dd,3.058000087738037,0.14700007438659668,1638391359.686,10,angry,day,shoes,day,angry,angry,day,shoes,day,angry,11644.143916845322,2021-12-01T20:42:39.686000,1638379715.5420833
8,10,18,18,Random,-9999,7c7749360dbd74dd,8.236000061035156,0.14899992942810059,1638391368.08,10,angry,strawberry,far,strawberry,angry,angry,strawberry,far,strawberry,angry,11652.537916660309,2021-12-01T20:42:48.080000,1638379715.5420833
11,22,16,16,Random,-9999,7c7749360dbd74dd,3.244000196456909,0.1509997844696045,1638391371.467,22,ocean,lemon,disgust,lemon,ocean,ocean,lemon,disgust,lemon,ocean,11655.924916744232,2021-12-01T20:42:51.467000,1638379715.5420833
0,27,1,27,Random,-9999,7c7749360dbd74dd,3.6720001697540283,0.14699983596801758,1638391375.286,1,dusk,pants,dress,dusk,pants,dusk,pants,dress,dusk,pants,11659.743916749954,2021-12-01T20:42:55.286000,1638379715.5420833
14,26,1,1,Random,-9999,7c7749360dbd74dd,12.83299994468689,0.14599990844726562,1638391388.264,26,day,pants,sad,pants,day,day,pants,sad,pants,day,11672.721916675568,2021-12-01T20:43:08.264000,1638379715.5420833
11,12,22,12,Random,-9999,7c7749360dbd74dd,2.2149999141693115,0.14100003242492676,1638391390.611,22,fearful,ocean,disgust,fearful,ocean,fearful,ocean,disgust,fearful,ocean,11675.068916797638,2021-12-01T20:43:10.611000,1638379715.5420833
1,12,22,22,Random,-9999,7c7749360dbd74dd,3.365000009536743,0.1380000114440918,1638391394.119,12,fearful,ocean,pants,ocean,fearful,fearful,ocean,pants,ocean,fearful,11678.576916694641,2021-12-01T20:43:14.119000,1638379715.5420833
1,10,5,5,Random,-9999,7c7749360dbd74dd,3.253999948501587,0.14299988746643066,1638391397.517,10,angry,above,pants,above,angry,angry,above,pants,above,angry,11681.974916696548,2021-12-01T20:43:17.517000,1638379715.5420833
29,5,26,26,Random,-9999,7c7749360dbd74dd,3.509999990463257,0.14600014686584473,1638391401.173,5,above,day,noon,day,above,above,day,noon,day,above,11685.630916833878,2021-12-01T20:43:21.173000,1638379715.5420833
13,10,6,6,Random,-9999,7c7749360dbd74dd,2.324000120162964,0.14499998092651367,1638391403.636,10,angry,below,happy,below,angry,angry,below,happy,below,angry,11688.093916654587,2021-12-01T20:43:23.636000,1638379715.5420833
12,16,11,11,Random,-9999,7c7749360dbd74dd,3.485999822616577,0.1419999599456787,1638391407.267,16,lemon,disgust,fearful,disgust,lemon,lemon,disgust,fearful,disgust,lemon,11691.724916696548,2021-12-01T20:43:27.267000,1638379715.5420833
11,29,17,17,Random,-9999,7c7749360dbd74dd,3.455000162124634,0.14499998092651367,1638391410.865,29,noon,mango,disgust,mango,noon,noon,mango,disgust,mango,noon,11695.32291674614,2021-12-01T20:43:30.865000,1638379715.5420833
14,6,13,6,Random,-9999,7c7749360dbd74dd,2.8429999351501465,0.1419999599456787,1638391413.852,13,below,happy,sad,below,happy,below,happy,sad,below,happy,11698.309916734695,2021-12-01T20:43:33.852000,1638379715.5420833
15,1,9,9,Random,-9999,7c7749360dbd74dd,3.0990002155303955,0.14399981498718262,1638391417.096,1,pants,near,blueberry,near,pants,pants,near,blueberry,near,pants,11701.553916692734,2021-12-01T20:43:37.096000,1638379715.5420833
15,12,18,12,Random,-9999,7c7749360dbd74dd,5.4070000648498535,0.14999985694885254,1638391422.65,18,fearful,strawberry,blueberry,fearful,strawberry,fearful,strawberry,blueberry,fearful,strawberry,11707.10791683197,2021-12-01T20:43:42.650000,1638379715.5420833
26,1,29,29,Random,-9999,7c7749360dbd74dd,3.5880000591278076,0.1419999599456787,1638391426.384,1,pants,noon,day,noon,pants,pants,noon,day,noon,pants,11710.841916799545,2021-12-01T20:43:46.384000,1638379715.5420833
0,25,21,25,Random,-9999,7c7749360dbd74dd,4.610000133514404,0.14699983596801758,1638391431.134,21,dawn,field,dress,dawn,field,dawn,field,dress,dawn,field,11715.591916799545,2021-12-01T20:43:51.134000,1638379715.5420833
7,6,1,6,Random,-9999,7c7749360dbd74dd,3.1059999465942383,0.14100003242492676,1638391434.389,1,below,pants,beside,below,pants,below,pants,beside,below,pants,11718.846916675568,2021-12-01T20:43:54.389000,1638379715.5420833
14,9,10,10,Random,-9999,7c7749360dbd74dd,6.788000106811523,0.14599990844726562,1638391441.318,9,near,angry,sad,angry,near,near,angry,sad,angry,near,11725.775916814804,2021-12-01T20:44:01.318000,1638379715.5420833
28,16,23,23,Random,-9999,7c7749360dbd74dd,3.361999988555908,0.14600014686584473,1638391444.828,16,lemon,sky,night,sky,lemon,lemon,sky,night,sky,lemon,11729.285916805267,2021-12-01T20:44:04.828000,1638379715.5420833
10,19,6,19,Random,-9999,7c7749360dbd74dd,2.2109999656677246,0.14499998092651367,1638391447.174,6,watermelon,below,angry,watermelon,below,watermelon,below,angry,watermelon,below,11731.631916761398,2021-12-01T20:44:07.174000,1638379715.5420833
1,26,14,26,Random,-9999,7c7749360dbd74dd,2.8510000705718994,0.14899992942810059,1638391450.178,14,day,sad,pants,day,sad,day,sad,pants,day,sad,11734.6359167099,2021-12-01T20:44:10.178000,1638379715.5420833
10,23,0,0,Random,-9999,7c7749360dbd74dd,2.8330001831054688,0.14499998092651367,1638391453.158,23,sky,dress,angry,dress,sky,sky,dress,angry,dress,sky,11737.615916728973,2021-12-01T20:44:13.158000,1638379715.5420833
0,15,18,18,Random,-9999,7c7749360dbd74dd,2.4690001010894775,0.14699983596801758,1638391455.778,15,blueberry,strawberry,dress,strawberry,blueberry,blueberry,strawberry,dress,strawberry,blueberry,11740.235916852951,2021-12-01T20:44:15.778000,1638379715.5420833
22,10,25,25,Random,-9999,7c7749360dbd74dd,4.358000040054321,0.14999985694885254,1638391460.278,10,angry,dawn,ocean,dawn,angry,angry,dawn,ocean,dawn,angry,11744.735916852951,2021-12-01T20:44:20.278000,1638379715.5420833
8,10,12,10,Random,-9999,7c7749360dbd74dd,4.172999858856201,0.14400005340576172,1638391464.596,12,angry,fearful,far,angry,fearful,angry,fearful,far,angry,fearful,11749.053916692734,2021-12-01T20:44:24.596000,1638379715.5420833
13,7,16,16,Random,-9999,7c7749360dbd74dd,2.640000104904175,0.1419999599456787,1638391467.379,7,beside,lemon,happy,lemon,beside,beside,lemon,happy,lemon,beside,11751.836916685104,2021-12-01T20:44:27.379000,1638379715.5420833
11,26,20,20,Random,-9999,7c7749360dbd74dd,8.995000123977661,0.14599990844726562,1638391476.518,26,day,beach,disgust,beach,day,day,beach,disgust,beach,day,11760.97591662407,2021-12-01T20:44:36.518000,1638379715.5420833
12,28,4,28,Random,-9999,7c7749360dbd74dd,3.878000020980835,0.14100003242492676,1638391480.541,4,night,socks,fearful,night,socks,night,socks,fearful,night,socks,11764.998916625977,2021-12-01T20:44:40.541000,1638379715.5420833
9,17,18,17,Random,-9999,7c7749360dbd74dd,2.2820000648498535,0.14800000190734863,1638391482.966,18,mango,strawberry,near,mango,strawberry,mango,strawberry,near,mango,strawberry,11767.423916816711,2021-12-01T20:44:42.966000,1638379715.5420833
18,12,24,24,Random,-9999,7c7749360dbd74dd,2.1630001068115234,0.1399998664855957,1638391485.263,12,fearful,sunset,strawberry,sunset,fearful,fearful,sunset,strawberry,sunset,fearful,11769.720916748047,2021-12-01T20:44:45.263000,1638379715.5420833
19,9,0,0,Random,-9999,7c7749360dbd74dd,2.308000087738037,0.14599990844726562,1638391487.723,9,near,dress,watermelon,dress,near,near,dress,watermelon,dress,near,11772.180916786194,2021-12-01T20:44:47.723000,1638379715.5420833
2,5,22,5,Random,-9999,7c7749360dbd74dd,3.4769999980926514,0.14300012588500977,1638391491.341,22,above,ocean,shirt,above,ocean,above,ocean,shirt,above,ocean,11775.798916816711,2021-12-01T20:44:51.341000,1638379715.5420833
1,4,17,4,Random,-9999,7c7749360dbd74dd,3.9110000133514404,0.14100003242492676,1638391495.39,17,socks,mango,pants,socks,mango,socks,mango,pants,socks,mango,11779.847916841507,2021-12-01T20:44:55.390000,1638379715.5420833
9,13,28,13,Random,-9999,7c7749360dbd74dd,2.634999990463257,0.13699984550476074,1638391498.164,28,happy,night,near,happy,night,happy,night,near,happy,night,11782.621916770935,2021-12-01T20:44:58.164000,1638379715.5420833
5,29,25,29,Random,-9999,7c7749360dbd74dd,4.705000162124634,0.1419999599456787,1638391503.017,25,noon,dawn,above,noon,dawn,noon,dawn,above,noon,dawn,11787.474916696548,2021-12-01T20:45:03.017000,1638379715.5420833
19,24,14,24,Random,-9999,7c7749360dbd74dd,3.7929999828338623,0.14599990844726562,1638391506.964,14,sunset,sad,watermelon,sunset,sad,sunset,sad,watermelon,sunset,sad,11791.421916723251,2021-12-01T20:45:06.964000,1638379715.5420833
4,18,25,25,Random,-9999,7c7749360dbd74dd,3.190999984741211,0.1700000762939453,1638391510.311,18,strawberry,dawn,socks,dawn,strawberry,strawberry,dawn,socks,dawn,strawberry,11794.768916845322,2021-12-01T20:45:10.311000,1638379715.5420833
5,27,3,3,Random,-9999,7c7749360dbd74dd,2.7730000019073486,0.1419999599456787,1638391513.229,27,dusk,shoes,above,shoes,dusk,dusk,shoes,above,shoes,dusk,11797.686916828156,2021-12-01T20:45:13.229000,1638379715.5420833
11,26,6,6,Random,-9999,7c7749360dbd74dd,4.648000001907349,0.14400005340576172,1638391518.022,26,day,below,disgust,below,day,day,below,disgust,below,day,11802.47991681099,2021-12-01T20:45:18.022000,1638379715.5420833
4,1,28,1,Random,-9999,7c7749360dbd74dd,3.5260000228881836,0.14600014686584473,1638391521.69,28,pants,night,socks,pants,night,pants,night,socks,pants,night,11806.147916793823,2021-12-01T20:45:21.690000,1638379715.5420833
29,7,2,2,Random,-9999,7c7749360dbd74dd,5.4019999504089355,0.14600014686584473,1638391527.238,7,beside,shirt,noon,shirt,beside,beside,shirt,noon,shirt,beside,11811.69591665268,2021-12-01T20:45:27.238000,1638379715.5420833
4,13,26,26,Random,-9999,7c7749360dbd74dd,4.079999923706055,0.1419999599456787,1638391531.507,13,happy,day,socks,day,happy,happy,day,socks,day,happy,11815.964916706085,2021-12-01T20:45:31.507000,1638379715.5420833
28,18,23,23,Random,-9999,7c7749360dbd74dd,2.436999797821045,0.19300007820129395,1638391534.087,18,strawberry,sky,night,sky,strawberry,strawberry,sky,night,sky,strawberry,11818.544916629791,2021-12-01T20:45:34.087000,1638379715.5420833
4,1,20,20,Random,-9999,7c7749360dbd74dd,3.5759999752044678,0.14700007438659668,1638391537.812,1,pants,beach,socks,beach,pants,pants,beach,socks,beach,pants,11822.269916772842,2021-12-01T20:45:37.812000,1638379715.5420833
17,14,25,25,Random,-9999,7c7749360dbd74dd,2.6610000133514404,0.14699983596801758,1638391540.609,14,sad,dawn,mango,dawn,sad,sad,dawn,mango,dawn,sad,11825.066916704178,2021-12-01T20:45:40.609000,1638379715.5420833
6,5,22,22,Random,-9999,7c7749360dbd74dd,3.7689998149871826,0.1360001564025879,1638391544.52,5,above,ocean,below,ocean,above,above,ocean,below,ocean,above,11828.97791671753,2021-12-01T20:45:44.520000,1638379715.5420833
17,1,28,1,Random,-9999,7c7749360dbd74dd,3.9010000228881836,0.1549999713897705,1638391548.576,28,pants,night,mango,pants,night,pants,night,mango,pants,night,11833.033916711807,2021-12-01T20:45:48.576000,1638379715.5420833
27,15,6,15,Random,-9999,7c7749360dbd74dd,8.736000061035156,0.14100003242492676,1638391557.457,6,blueberry,below,dusk,blueberry,below,blueberry,below,dusk,blueberry,below,11841.914916753769,2021-12-01T20:45:57.457000,1638379715.5420833
5,21,24,21,Random,-9999,7c7749360dbd74dd,3.0219998359680176,0.14800000190734863,1638391560.622,24,field,sunset,above,field,sunset,field,sunset,above,field,sunset,11845.079916715622,2021-12-01T20:46:00.622000,1638379715.5420833
11,21,0,21,Random,-9999,7c7749360dbd74dd,2.702000141143799,0.14599990844726562,1638391563.466,0,field,dress,disgust,field,dress,field,dress,disgust,field,dress,11847.923916816711,2021-12-01T20:46:03.466000,1638379715.5420833
2,29,17,17,Random,-9999,7c7749360dbd74dd,3.0480000972747803,0.14299988746643066,1638391566.659,29,noon,mango,shirt,mango,noon,noon,mango,shirt,mango,noon,11851.116916656494,2021-12-01T20:46:06.659000,1638379715.5420833
7,23,25,23,Random,-9999,7c7749360dbd74dd,6.872000217437744,0.14099979400634766,1638391573.682,25,sky,dawn,beside,sky,dawn,sky,dawn,beside,sky,dawn,11858.139916658401,2021-12-01T20:46:13.682000,1638379715.5420833
29,6,1,1,Random,-9999,7c7749360dbd74dd,2.134000062942505,0.1510000228881836,1638391575.949,6,below,pants,noon,pants,below,below,pants,noon,pants,below,11860.406916618347,2021-12-01T20:46:15.949000,1638379715.5420833
28,8,5,8,Random,-9999,7c7749360dbd74dd,3.9690001010894775,0.13499999046325684,1638391580.061,5,far,above,night,far,above,far,above,night,far,above,11864.518916845322,2021-12-01T20:46:20.061000,1638379715.5420833
24,10,11,10,Random,-9999,7c7749360dbd74dd,4.2149999141693115,0.14599990844726562,1638391584.425,11,angry,disgust,sunset,angry,disgust,angry,disgust,sunset,angry,disgust,11868.882916688919,2021-12-01T20:46:24.425000,1638379715.5420833
25,28,27,27,Random,-9999,7c7749360dbd74dd,8.548999786376953,0.15000009536743164,1638391593.116,28,night,dusk,dawn,dusk,night,night,dusk,dawn,dusk,night,11877.57391667366,2021-12-01T20:46:33.116000,1638379715.5420833
1,16,5,5,Random,-9999,7c7749360dbd74dd,5.752000093460083,0.1700000762939453,1638391599.052,16,lemon,above,pants,above,lemon,lemon,above,pants,above,lemon,11883.50991678238,2021-12-01T20:46:39.052000,1638379715.5420833
22,16,29,29,Random,-9999,7c7749360dbd74dd,3.2039999961853027,0.15799999237060547,1638391602.434,16,lemon,noon,ocean,noon,lemon,lemon,noon,ocean,noon,lemon,11886.891916751862,2021-12-01T20:46:42.434000,1638379715.5420833
16,19,4,4,Random,-9999,7c7749360dbd74dd,2.4179999828338623,0.17200016975402832,1638391604.998,19,watermelon,socks,lemon,socks,watermelon,watermelon,socks,lemon,socks,watermelon,11889.455916643143,2021-12-01T20:46:44.998000,1638379715.5420833
9,8,7,7,Random,-9999,7c7749360dbd74dd,3.8410000801086426,0.14599990844726562,1638391608.98,8,far,beside,near,beside,far,far,beside,near,beside,far,11893.437916755676,2021-12-01T20:46:48.980000,1638379715.5420833
29,4,1,1,Random,-9999,7c7749360dbd74dd,2.1679999828338623,0.14699983596801758,1638391611.287,4,socks,pants,noon,pants,socks,socks,pants,noon,pants,socks,11895.744916677475,2021-12-01T20:46:51.287000,1638379715.5420833
20,29,0,29,Random,-9999,7c7749360dbd74dd,5.9019999504089355,0.15900015830993652,1638391617.357,0,noon,dress,beach,noon,dress,noon,dress,beach,noon,dress,11901.814916849136,2021-12-01T20:46:57.357000,1638379715.5420833
26,28,8,8,Random,-9999,7c7749360dbd74dd,5.961999893188477,0.14499998092651367,1638391623.463,28,night,far,day,far,night,night,far,day,far,night,11907.92091679573,2021-12-01T20:47:03.463000,1638379715.5420833
28,9,29,9,Random,-9999,7c7749360dbd74dd,5.642999887466431,0.14300012588500977,1638391629.252,29,near,noon,night,near,noon,near,noon,night,near,noon,11913.709916830063,2021-12-01T20:47:09.252000,1638379715.5420833
