concepts,c1,c2,c3,0_w,1_w,2_w,3_w,4_w,5_w,6_w,7_w,8_w,9_w,10_w,11_w,12_w,13_w,14_w,15_w,16_w,17_w,18_w,19_w,20_w,21_w,22_w,23_w,24_w,25_w,26_w,27_w,28_w,29_w,30_w,31_w,32_w,33_w,34_w,35_w,36_w,37_w,38_w,39_w,40_w,41_w,42_w,43_w,44_w,45_w,46_w,47_w,48_w,49_w,50_w,51_w,52_w,53_w,54_w,55_w,56_w,57_w,58_w,59_w,60_w,61_w,62_w,63_w,64_w,65_w,66_w,67_w,68_w,69_w,70_w,71_w,72_w,73_w,74_w,75_w,76_w,77_w,78_w,79_w,80_w,81_w,82_w,83_w,84_w,85_w,86_w,87_w,88_w,89_w,90_w,91_w,92_w,93_w,94_w,95_w,96_w,97_w,98_w,99_w,100_w,101_w,102_w,103_w,104_w,105_w,106_w,107_w,108_w,109_w,110_w,111_w,112_w,113_w,114_w,115_w,116_w,117_w,118_w,119_w,120_w,121_w,122_w,123_w,124_w,125_w,126_w,127_w,128_w,129_w,130_w,131_w,132_w,133_w,134_w,135_w,136_w,137_w,138_w,139_w,140_w,141_w,142_w,143_w,144_w,145_w,146_w,147_w,148_w,149_w,150_w,151_w,152_w,153_w,154_w,155_w,156_w,157_w,158_w,159_w,160_w,161_w,162_w,163_w,164_w,165_w,166_w,167_w,168_w,169_w,170_w,171_w,172_w,173_w,174_w,175_w,176_w,177_w,178_w,179_w,180_w,181_w,182_w,183_w,184_w,185_w,186_w,187_w,188_w,189_w,190_w,191_w,192_w,193_w,194_w,195_w,196_w,197_w,198_w,199_w,200_w,201_w,202_w,203_w,204_w,205_w,206_w,207_w,208_w,209_w,210_w,211_w,212_w,213_w,214_w,215_w,216_w,217_w,218_w,219_w,220_w,221_w,222_w,223_w,224_w,225_w,226_w,227_w,228_w,229_w,230_w,231_w,232_w,233_w,234_w,235_w,236_w,237_w,238_w,239_w,240_w,241_w,242_w,243_w,244_w,245_w,246_w,247_w,248_w,249_w,250_w,251_w,252_w,253_w,254_w,255_w,256_w,257_w,258_w,259_w,260_w,261_w,262_w,263_w,264_w,265_w,266_w,267_w,268_w,269_w,270_w,271_w,272_w,273_w,274_w,275_w,276_w,277_w,278_w,279_w,280_w,281_w,282_w,283_w,284_w,285_w,286_w,287_w,288_w,289_w,290_w,291_w,292_w,293_w,294_w,295_w,296_w,297_w,298_w,299_w
dress,0.052836947,-0.2969879,0.16033235,0.022391764,-0.009228896,-0.081791945,0.15780437,0.04006958,0.044491068,-0.1121282,-0.21746826,-0.2644876,-0.12532552,-0.1717743,-0.082849115,0.079694115,0.31017622,-0.15120392,-0.012528483,0.15642141,-0.17497559,-0.045576476,-0.28965268,0.119532265,-0.078111775,-0.18617249,0.015146382,0.036713663,0.08288625,-0.18138237,-0.14866333,-0.015187576,-0.029719543,-0.019573592,0.04990438,0.118318684,0.052102663,-0.022436522,-0.25065866,0.55590004,0.13970134,-0.33213806,0.1656957,-0.294627,0.16904399,-0.14551595,-0.12155355,0.19359538,0.02769979,-0.24553122,-0.13643901,-0.07751465,0.07133789,-0.0024902336,-0.038416546,0.22256063,0.029410807,-0.14770202,-0.17713013,0.3390625,0.17194112,-0.18918508,0.068478905,0.2625997,-0.19996542,-0.07684555,0.108551025,-0.07522634,0.39446208,-0.12973633,0.117105104,0.43525898,0.24599609,0.31768188,0.33157653,-0.11196797,0.037023924,0.13484548,-0.047549438,0.21340331,0.082165524,-0.16474381,0.32526702,-0.068603516,-0.08623047,-0.35103962,0.024841309,-0.4179123,0.06565145,0.14959514,0.14108582,-0.054190062,-0.014166258,0.15757853,0.031653848,-0.1802714,-0.061942548,0.3823883,-0.35061237,-0.012075812,-0.05657603,0.009824626,-0.14962031,-0.14747009,-0.05346273,-0.062113445,-0.066578165,-0.23367512,0.01851565,0.26912537,-0.037984215,-0.05446981,0.07783203,-0.08492432,0.12834524,-0.12701517,0.056148466,-0.09365539,-0.20456976,0.10511424,-0.04530029,0.13271281,0.16008504,0.127004,-0.15356243,0.1737081,-0.047190346,0.30173403,0.21418864,-0.004711911,0.04579366,-0.10224063,-0.09725952,-0.015893549,-0.03976746,-0.035490926,0.35331422,0.0335612,0.11224874,-0.24192911,0.04643504,0.041023765,-0.32440084,0.17255045,-0.11834463,0.11843834,0.00976499,-0.17448476,0.030522153,0.10164592,0.13506062,0.05236613,0.05133667,-0.10893962,-0.14608562,0.14564972,-0.062159218,0.15336335,-0.059076946,-0.06644033,-0.13776042,0.08139076,-0.0631663,0.28323567,0.16366099,0.22123617,0.08797201,-0.12514585,0.0511055,0.11143036,-0.16804187,-0.009800211,0.31497294,-0.33241373,-0.105789185,-0.12835287,0.3295766,0.14293747,0.165625,0.39149374,-0.14215088,0.0024230927,-0.046166994,0.10613099,-0.060755923,0.070327505,0.04923909,0.2652537,-0.2952413,-0.018763732,-0.07483317,-0.24933268,0.093477376,0.057211813,0.031031415,0.022000082,0.21490479,-0.073720805,-0.29737955,0.08106893,0.013412476,-0.14888102,-0.0603597,-0.1011556,-0.23599446,-0.11075439,0.014400229,-0.091948956,-0.01570994,0.016383871,-0.0034759492,0.23292592,0.04181722,-0.24272054,0.13886718,0.14867654,-0.26882654,0.00036417693,-0.093654886,-0.20198974,-0.21094894,-0.01638794,-0.18759206,-0.04273071,0.16528523,0.21510188,-0.0068339026,0.03273875,-0.13328095,-0.021448769,-0.1458903,-0.08441518,0.11969604,0.15066019,0.122019455,-0.078466795,-0.039390054,0.3657778,-0.020149866,-0.15061824,0.024262331,-0.040977478,-0.08288574,0.07708032,0.056595866,0.020762127,-0.12840882,0.058711246,-0.05498886,0.07422892,-0.009523518,0.020906067,-0.2034846,-0.10427755,0.13519439,0.14251098,0.15463054,0.0010519028,-0.11229655,-0.0045125335,0.19725952,-0.12621257,-0.20048116,0.2763855,0.12362264,-0.14665121,-0.28564122,0.13760579,0.096069336,0.047786966,0.19565226,0.0055216476,-0.07255351,-0.096264645,0.19913062,-0.053985596,0.1981954,0.3318339,-0.16399129,0.18815918,0.23448843,-0.056591798,0.090152994,-0.23821615,0.0089335125,0.20980936,-0.1376681,0.08441162,0.14378357,-0.0014750175,0.039712526,-0.0128417965,-0.0032572448,-0.15768814,0.051546223,0.0013095886,0.2877645,0.017862955,-0.09777298,0.42439193,0.048319496,0.044840366,0.10690511
pants,0.11387351,-0.38480118,0.16975069,0.041343182,-0.1942875,0.06566899,-0.02676595,-0.22250366,-0.17816518,-0.18439382,0.10510254,0.10465304,0.08414714,-0.0632843,-0.11995849,0.0982488,0.14318402,-0.3601883,0.019453939,0.04071401,-0.008471683,0.031571962,0.059773605,0.17031352,-0.23765767,-0.07875061,0.028970845,-0.003325399,-0.1251826,0.031630326,0.05299683,-0.14464314,0.015080262,0.13960609,0.19980672,0.05337728,0.07642517,-0.093725584,-0.03215281,0.070548505,0.16362712,-0.036361694,0.040207416,-0.29072076,0.2886729,0.011466473,-0.09909261,0.07060954,-0.0011088029,-0.03557028,-0.2096812,0.1739502,0.04741211,-0.1387207,-0.090906784,0.037013754,-0.027412923,0.19116516,-0.10095825,0.13007812,0.19537862,-0.058081564,0.009885155,0.23916219,-0.11842245,0.124326326,0.23013306,0.012603251,0.14153239,-0.0809082,0.06095276,0.40400898,0.11611328,0.21221313,0.30032653,-0.21987814,0.21036378,-0.25724435,0.20708923,0.23684081,-0.044299316,0.033498384,-0.039707948,0.0076904297,0.014538574,-0.13961385,0.14129639,-0.15228729,-0.16725871,0.15496624,0.22409363,0.09168396,-0.2475647,-0.143691,0.004798379,-0.045017496,-0.17034099,0.21441956,-0.36623737,-0.05846253,-0.07415415,0.02715861,-0.18575312,-0.27344665,-0.20873617,-0.15537517,-0.2428477,-0.16629231,0.1396094,0.44100037,0.08945719,0.070102945,0.09559326,0.095495604,-0.106029764,-0.03668315,-0.032962862,-0.094143674,-0.19773382,-0.10965322,0.03306885,-0.013283284,0.11516316,-0.15766397,-0.09545695,-0.06847941,-0.105295815,0.2450934,0.20246989,0.031909183,0.16194355,-0.10540683,0.0206604,-0.1447998,-0.21506043,-0.22347921,-0.119830325,-0.17005208,0.3788503,0.121352136,-0.033887226,0.113289386,0.17755228,-0.09112142,-0.10760244,-0.005009079,-0.22009341,-0.13346913,-0.23852082,-0.08438924,-0.12275188,0.11877238,0.20661011,0.09064534,-0.12484538,0.17250519,-0.03805033,0.067914136,0.042394,-0.16507314,0.13543294,-0.15835533,-0.02486674,0.19534504,0.0024883668,0.25639242,-0.13370769,-0.17690367,0.053302765,-0.04306488,0.056018192,-0.097202554,0.016877238,0.1485433,-0.052383423,-0.085384116,0.27684224,0.08237533,0.051367186,0.10926717,-0.042541504,-0.1670105,-0.07741699,0.1485199,0.05423431,0.06562017,0.12248128,0.010615032,-0.02619832,0.08005218,0.03893636,0.07683919,0.18722737,0.2283544,-0.14182015,0.07998348,0.24713135,0.13526356,-0.047867835,-0.09886271,-0.026626587,-0.19575602,-0.11895345,-0.12361654,-0.06997884,0.12142334,-0.06665446,0.12379506,0.048743185,-0.3573954,-0.14776306,-0.14109752,0.2766805,0.07466227,0.20234375,-0.24438986,-0.039944712,0.030149333,-0.34365487,-0.065271,0.09032059,-0.14627075,0.05801341,-0.30426636,-0.124509685,0.19068782,0.19214071,-0.13742727,0.10548858,0.12894186,-0.20131022,-0.30267692,-0.16887817,0.07351176,0.08857219,0.013757324,-0.13692424,-0.041021537,0.36144194,-0.13889949,-0.07900915,0.09476471,-0.11608887,0.14153343,0.14930826,-0.05956014,-0.16063538,0.16100617,0.0026283264,-0.107167564,-0.01416219,0.18802032,-0.13414866,-0.13259786,0.038880922,-0.18170777,0.36849773,0.18647671,0.0024495423,0.15271403,0.18847045,0.12989095,-0.19266866,0.22560425,0.3374898,-0.0348348,-0.08544591,0.0541097,0.10290527,-0.03692983,-0.21450399,0.12319743,0.0064259847,-0.35212404,0.15420875,-0.07571411,0.2733907,0.007126875,-0.07805379,0.016284183,0.11315053,-0.18891601,-0.03216146,0.036197916,-0.05967,0.32504374,-0.063937634,-0.059509277,0.0070648193,-0.1713969,-0.03743591,0.078466795,-0.34285685,-0.077610016,0.18509114,0.19076271,0.30924886,0.26786295,-0.2066597,0.2691185,-0.1021932,-0.11458346,0.30807698
shirt,0.10158656,-0.36689073,0.09046809,0.049521893,0.050951768,0.15502447,-0.07809652,-0.1199646,-0.0055577606,-0.021063741,-0.0993042,0.20035616,-0.2195638,-0.04299011,-0.05355224,0.04600271,0.020869572,-0.17464142,0.079024255,-0.110180154,0.12922363,0.032548524,0.02821843,0.019770304,0.022107951,0.038742065,9.663403e-06,-0.23379415,-0.16912791,-0.128648,-0.046978757,0.18744914,0.22662811,0.24116859,0.22031453,0.08609212,0.031015016,-0.032202147,0.27277884,0.16527507,0.18901774,-0.098739624,0.22624257,-0.279002,0.10337016,-0.09546712,0.04995524,0.09886882,-0.12171427,-0.013109341,-0.023401897,0.030151367,0.009326171,-0.095751956,0.017003376,0.12392782,-0.11902669,0.11792298,-0.30701295,0.10322265,0.10407003,0.092064925,0.03967031,0.05141805,-0.046584066,-0.13495103,-0.043304443,-0.2012029,0.4432902,-0.32993165,-0.21199647,0.26924336,0.22255859,0.1399475,0.17727967,-0.073882036,-0.19197997,0.04158376,-0.061465453,0.23879394,0.20081787,0.14189681,-0.16399078,0.14978027,-0.12382813,-0.23775838,-0.05255127,-0.09857635,-0.40846965,0.16912639,0.198703,-0.019522093,-0.20361939,-0.022108965,0.076087445,0.028468832,-0.21526286,-0.07854919,-0.016994223,-0.09654847,0.04864858,-0.030580647,-0.081260934,-0.22657165,-0.00072835386,-0.053812664,-0.06804301,-0.15066731,-0.086953096,0.6636566,-0.12880452,-0.15993856,0.068554685,-0.0043579116,-0.19001414,0.23284811,0.018306669,-0.0011260957,-0.17624944,-0.19273733,-0.048229977,0.34853312,0.19914754,0.18364462,-0.23071086,-0.09191691,0.047902428,0.073218405,0.15413004,-0.014477536,0.08357442,-0.20127016,-0.011566162,0.04172364,-0.07638855,0.04068095,-0.09834595,0.29869792,0.10931905,-0.07615763,0.2090327,-0.105948895,-0.04110616,-0.2297933,0.0086085,0.28152427,-0.17907779,0.080886334,-0.057673648,-0.086342365,-0.009226482,0.054197185,-0.098077394,-0.080497235,0.25137532,0.2008255,0.050328575,0.11674226,0.091557816,-0.33108878,0.005794272,0.15097085,0.13947041,0.1445638,0.081141464,0.45561117,-0.017008465,-0.1891107,-0.022380829,-0.002339173,-0.03620593,-0.24368693,0.0053110756,0.3541097,-0.101882935,-0.05559896,0.20555317,-0.123923495,0.08310547,0.03211873,-0.018615723,0.13377075,-0.25856933,-0.0039764345,-0.049037173,0.068328604,0.16154379,0.08654277,-0.033034258,0.048313905,0.20251058,-0.062320963,0.031465657,-0.23844248,0.0652111,0.033962972,0.20904541,0.105966695,-0.30323893,-0.13011271,-0.050064087,-0.20552164,-0.2478597,-0.35603842,-0.019685872,0.036218263,0.0036580414,0.19508412,-0.05037791,-0.041477457,-0.12078552,0.14161733,0.20148519,-0.05326742,-0.00883789,-0.23657736,0.03830236,0.104856364,-0.09804942,0.0036987308,-0.23731613,-0.22732544,-0.2906194,-0.360907,-0.19164836,0.24244563,0.113527425,0.043480936,0.17677765,0.27542624,-0.09858806,-0.061588034,-0.21575317,0.060816444,0.09760539,-0.22934571,-0.15157267,-0.09711285,0.077018104,-0.24436824,0.10189905,0.030311584,-0.1307373,0.15422875,-0.015974935,-0.14940389,-0.086416624,0.10613556,-0.0037193298,-0.06322225,-0.19360556,-0.13522187,0.21155447,-0.01150411,0.16449127,-0.10114136,-0.05032552,0.068800926,0.050789386,0.092167154,0.39745483,0.08655599,-0.12723897,-0.022442628,0.1167867,0.011063639,-0.33251622,0.094637044,0.14001465,-0.11456655,0.08139445,0.3790568,-0.37138164,-0.19001465,-0.02010765,-0.23147583,0.123000085,0.053513594,-0.0067647286,0.09367676,-0.07801158,-0.1215332,-0.011897787,-0.19134115,0.059958905,0.17855936,-0.06344935,0.0004272461,0.17991638,0.039174397,0.15592346,0.2166504,-0.27742717,-0.11471939,0.1055013,0.058194354,0.09001058,0.19950359,-0.2457222,0.06574936,-0.19106038,-0.19588229,0.41549885
shoes,0.13278328,-0.36259487,0.18797138,-0.016884359,-0.12202187,-0.03418452,0.07577311,-0.1824646,0.06536509,-0.052542623,0.042785645,-0.16390166,0.16422527,0.091897584,-0.042810053,0.37315115,0.15099652,0.07779999,0.19914144,0.08317922,0.088208005,0.006669618,0.18105046,0.13808696,-0.20445454,-0.0077056885,0.038690694,-0.18984884,0.0066533387,-0.09153862,-0.050274655,-0.10161336,-0.05559845,-0.08793297,0.032326255,0.14663899,0.23450622,-0.43356934,-0.024828592,-0.24488118,0.177299,-0.14854431,0.0060277283,-0.24872856,0.19248149,0.04955241,-0.12936604,-0.0041585304,-0.0064798966,0.031324252,0.16824849,-0.14050293,0.01665039,0.072705075,0.09854634,-0.0964091,-0.01334432,0.1667511,-0.20642701,-0.07451172,0.123113,0.06398875,-0.034060158,0.22744344,-0.11060995,-0.050966643,-0.025726318,-0.1621404,0.3964152,-0.12778321,0.11271057,0.034868367,0.003320314,0.2493225,0.0049468996,-0.43081564,0.00736084,-0.12638499,0.15533142,0.05324707,0.070935056,0.1292015,0.03278656,0.23864746,-0.17070313,0.04056193,0.15740967,-0.1102951,-0.15065715,0.08575236,0.07467957,0.10926209,0.06981812,-0.10658162,0.14591166,-0.07382609,-0.22502849,0.119692996,-0.32522175,-0.17980042,-0.006771343,0.07403361,-0.16622187,-0.1757904,-0.07690023,0.18007405,0.306957,-0.20535481,0.15914065,0.2710785,-0.15614827,0.20529582,0.11750488,0.029089354,0.108813986,0.011656694,0.1909141,-0.0011260957,0.05861384,-0.06480764,-0.026745602,-0.068459064,0.14250691,-0.33051553,0.07641805,-0.07970988,0.07512411,-0.14162534,-0.19596761,0.0503418,-0.059736125,0.089745454,-0.02279663,-0.14284667,-0.081271365,-0.21566671,0.18534546,0.08354899,0.25775656,0.10768026,-0.12104543,0.028816734,0.024964396,-0.2063558,0.070131935,0.18289146,-0.0021979008,0.07453868,0.00024871528,0.29793498,-0.20575969,0.15929973,0.1992859,0.051582843,-0.20174968,-0.037455752,0.057164513,0.13432038,0.39209494,-0.4736669,0.02044271,-0.10171471,0.014470419,0.29690754,-0.055577286,0.1528768,-0.11417643,-0.13784117,0.0953331,0.07822724,0.103686646,-0.20364787,0.23098856,-0.0018473342,0.08634949,-0.03997396,0.010362752,0.039162442,0.08457031,0.35243124,-0.36187744,-0.027850345,0.18479005,0.08049622,0.14871673,-0.077102914,0.012617998,0.13683574,-0.113600664,0.25681,-0.010135904,-0.0379069,0.16867268,0.07356923,0.0964611,-0.05307316,0.08013916,-0.07811534,-0.025406897,0.049513754,-0.18385315,-0.14790446,-0.09356283,-0.39119467,-0.10611165,0.16317138,0.1317098,-0.028548688,-0.08651072,-0.1757548,0.05853577,0.12648061,0.30988362,0.05122477,0.21699218,-0.16626486,-0.012204234,0.04668986,0.028903708,-0.23031005,0.043201447,0.023406982,-0.26425222,-0.21442261,-0.22045696,-0.33958563,0.24682821,0.11013132,0.30812532,-0.13326517,-0.1261149,-0.17084096,0.038519286,0.057886757,0.16449992,-0.07602539,-0.18379924,0.06401996,0.18370755,-0.24925105,0.04126539,-0.1642685,-0.31726074,-0.1054148,0.08876139,-0.19432576,0.029794313,0.24303742,0.07684708,-0.18333943,0.10180461,0.027253723,-0.48864084,0.03854472,-0.022276307,-0.17352906,0.29037273,-0.087449074,0.058601886,0.324589,0.29198608,0.06232503,-0.12723897,0.1303894,0.19393514,0.08454996,-0.25439122,-0.034513347,0.13806152,0.054867044,0.008152261,0.32827556,0.33369648,-0.28962404,0.06631813,-0.18167114,0.25190634,0.07402141,0.12995403,0.26970214,-0.04285533,0.23100586,6.510317e-05,0.020328775,0.04579875,0.250825,0.031277213,0.06585693,0.13645935,-0.37061563,0.24381408,0.101416014,-0.13729045,-0.2211647,0.09720052,-0.024081036,0.022871908,0.108683266,-0.07433548,0.29157943,0.20054118,-0.1436362,0.10690511
socks,0.0838583,-0.36468858,0.14054959,-0.17826131,-0.08247109,-0.113530226,0.03133952,0.03201294,0.05039622,-0.019354757,0.023742676,-0.10683759,0.0021158904,-0.14345399,-0.41097412,0.12119802,0.15978558,-0.033039853,0.15128988,-0.071605936,0.11359863,0.20637664,0.20155828,0.15859477,-0.055650838,0.10777283,0.045602925,-0.094634,0.0027470887,-0.0024272911,-0.0887268,-0.07915242,-0.10442658,0.16597328,0.21054891,0.22378743,0.008676149,-0.20114747,0.07404836,-0.081917316,0.16460368,-0.167099,0.0021214783,-0.11298637,0.13754985,-0.09400228,-0.010713704,0.028800454,-0.05530802,0.03034769,-0.323939,-0.03881836,0.16704102,-0.1621582,0.17471822,-0.06222941,-0.015053304,0.16870423,-0.09998169,-0.04472656,0.06158956,0.07595164,0.084348045,0.28506064,0.1330424,0.14190444,0.049835205,0.0011439004,0.29680583,-0.14926758,0.1224762,0.11006368,0.13076171,0.33135375,-0.1674469,-0.2882375,0.025305176,0.025958762,0.021847535,0.026391601,-0.050646972,0.12236557,-0.16985016,-0.08459473,-0.2595703,-0.16646932,0.32244873,-0.06781463,-0.19850871,0.11688029,0.04831238,0.019662477,0.092279054,-0.12904257,0.13126323,-0.03525187,-0.029715985,0.2622711,-0.20315145,-0.19444886,-0.17034556,-0.11737264,-0.074425,-0.12696227,-0.13842367,0.17519124,0.32648826,-0.029573567,0.0019293467,0.46443787,0.063822426,0.01926066,0.04328613,0.023107909,-0.047924295,0.011656694,0.03808206,-0.09963684,0.06691462,-0.1492803,0.13463135,-0.022072347,0.12883504,-0.17426553,0.15698445,-0.2745341,0.012379967,-0.09035581,0.021683756,-0.15803222,0.01277364,-0.08298404,-0.05343628,0.0055908263,-0.056857303,-0.029631551,-0.04536743,-0.019661456,0.19916281,-0.018418375,-0.0854009,-0.026359048,-0.013609823,-0.020564778,-0.10418447,0.2522274,0.010863623,0.010817971,0.019779965,0.1827006,-0.13447063,0.20031536,0.19782105,0.030098468,-0.28378093,-0.017436221,0.08060201,0.10746492,-0.11474101,-0.33108878,0.030696616,-0.06655846,0.17267354,0.28128254,-0.11172963,0.22709554,0.0050862627,0.14975649,0.052814484,-0.18446808,-0.064037964,-0.15189005,0.06277567,0.076277666,0.08244324,-0.19573568,0.15965474,0.09043197,0.050146483,0.20789999,-0.18804932,0.19724731,0.19846192,0.116873175,0.002720639,0.08110021,0.15275472,0.08581035,-0.13215536,-0.040553283,-0.038212076,-0.0032389313,0.1315633,-0.13492686,-0.04123421,0.18691708,0.16802979,0.26026356,0.08299154,-0.050522868,-0.21754456,-0.3500529,0.075138345,-0.15486653,0.20443523,0.23104247,0.24193929,-0.070174664,0.16446584,-0.1601298,-0.045712277,-0.0346522,0.18781331,-0.10795492,0.016308594,-0.277593,0.11691564,0.25182903,-0.15420176,0.23160401,-0.002811432,-0.19998169,0.07754466,-0.28668824,-0.0557841,-0.023179373,0.071046956,-0.16135305,0.34914094,-0.032679237,-0.30531412,-0.1073644,-0.19329223,-0.20187888,0.2973124,0.13686523,-0.17989299,-0.18500347,0.23644193,-0.12327448,-0.08584509,0.019081116,-0.30749512,-0.088233404,0.22059733,-0.19139607,-0.042471312,-0.039189145,0.004337311,-0.18529256,-0.06079305,-0.08248749,-0.13707834,-0.14431661,0.13714752,-0.0010437071,0.26888835,0.049757957,0.07080892,0.24646403,0.05565796,0.18238118,-0.12235616,0.09938355,-0.0038798014,-0.10563558,-0.24853185,-0.0020426437,0.096069336,0.06249644,-0.09145711,0.21108806,0.023515828,-0.25056154,0.08780251,-0.0010070801,0.26753134,0.22831827,0.017893475,0.19011231,-0.05066783,0.13823242,0.0051920563,0.16119792,0.06923625,0.45199686,0.24367955,0.011657715,0.19554138,-0.06788127,0.11979065,0.07895508,-0.23641154,-0.0961647,0.10940755,-0.16665916,-0.000870768,0.09452311,-0.100702666,0.08503647,0.083353676,-0.052144498,0.39206135
above,0.071555614,0.06595837,-0.06277684,-0.105995685,-0.17182656,-0.08325679,0.1958903,0.03640747,0.09209849,0.0494929,0.0803833,0.14078584,-0.04427083,-0.24111024,0.18485108,-0.004656473,-0.049320858,0.06266327,-0.124589026,-0.006176248,-0.12712403,-0.17448273,0.048366707,-0.040135704,-0.15953267,-0.14906311,-0.23680675,0.04257304,0.0047002137,-0.088120654,0.15553589,0.056589767,-0.014826965,0.07080803,-0.00868937,0.13199055,-0.13365784,-0.038061522,-0.057787575,-0.061775718,-0.015572105,0.007461548,-0.037673444,0.084279254,0.0768809,-0.11011556,-0.04001058,-0.048103843,0.059438072,0.114332065,-0.18526714,0.11437988,-0.26850587,-0.10942383,-0.19051616,-0.12997843,-0.11902669,-0.0021942146,-0.0111145,-0.12089844,0.121648155,0.009850565,0.17101797,-0.06357218,0.13401896,-0.00042953342,-0.31967163,0.024383036,-0.030891929,-0.012060545,0.11417542,0.07588399,0.13076171,-0.04779663,-0.2953766,0.23031718,0.068762206,0.121417746,-0.072207645,0.0967041,0.12366943,-0.17450944,-0.11613922,0.1126709,-0.06035156,-0.13277791,-0.097473145,0.11968537,0.20285848,0.04882609,-0.08321838,-0.012564085,0.07470093,0.0037699416,-0.058922324,-0.15292765,-0.021903485,0.036441043,0.10153605,0.0015960634,0.027103169,-0.048036702,0.30448127,0.03368225,-0.18725179,0.03700765,-0.29069924,-0.0018636063,-0.006783422,-0.35782775,-0.0128377285,-0.052516684,0.007397458,0.12601319,0.26897022,-0.43707377,0.33349222,-0.08309631,0.166524,0.012340799,0.14219971,-0.07187703,0.00066121295,0.03276571,-0.08349406,-0.066038005,0.08427938,-0.15236753,0.09114176,-0.030102536,-0.09293925,-0.02158267,0.07974243,0.10422364,-0.027072147,0.07510477,-0.13496704,0.10076091,-0.09600321,0.12916464,-0.18745168,-0.14305827,-0.05596822,0.17352702,-0.039243065,-0.11203041,-0.07751528,-0.035828147,-0.16479035,0.006797282,-0.22333781,-0.08435262,0.22223511,-0.036796063,0.0462972,0.026753232,-0.106165566,-0.120074145,0.33154806,-0.0029637665,0.22747396,0.12155189,-0.03002421,0.14651692,0.08407115,-0.029740393,0.10750326,-0.078698106,-0.05851364,0.038676452,0.050952274,-0.15189005,0.119172156,-0.20155436,-0.14753723,-0.030696616,-0.012098186,0.26133043,0.06772461,-0.2300883,0.03668213,0.037335202,-0.18923339,-0.059640497,0.07089691,-0.07124354,0.008711748,0.16076152,0.09977824,0.008274842,-0.027469888,-0.013492838,0.1891805,0.029745992,0.035914227,-0.0052826325,-0.26068115,0.098154195,-0.0009928346,-0.11937052,-0.0017242432,0.037886553,-0.28106284,0.19278972,0.34994304,-0.076574706,-0.038334146,-0.03733775,-0.20272166,0.011012778,-0.10781555,-0.0073084496,-0.028983561,0.13813883,-0.21074219,-0.19751486,0.14035314,-0.18469441,0.25790763,0.064367674,0.02122879,-0.019805908,0.058989972,-0.018011473,0.32153523,-0.010850271,-0.33520305,0.20681101,0.10158233,-0.10525004,0.036971025,0.11040904,0.24225464,-0.12399801,-0.19487508,0.058007814,0.20291951,-0.27289408,0.3262857,0.17262395,0.16415492,0.13871002,0.2052002,0.060478754,0.1170817,0.033732098,0.013681032,-0.028446957,0.09393692,-0.19896443,-0.14868368,-0.017790223,0.010260519,0.07992655,0.03802643,-0.19415894,-0.05459798,-0.07280064,-0.007804364,-0.11718343,0.25878295,0.039803058,0.27998757,0.09718628,-0.016758218,0.104325354,0.08252284,0.075105794,0.19567871,0.028255716,-0.15591024,0.21206462,-0.22001444,-0.010815427,-0.042324446,0.20700073,-0.15434366,-0.08192342,-0.043874104,0.005541995,-0.13953501,0.08061524,0.07648112,0.083072916,0.20741984,-0.34487814,0.17239049,0.1293335,0.142807,-0.14893596,0.024087526,-0.06801758,-0.06667277,0.13576889,-0.02828776,-0.04458885,0.012618002,-0.11934408,0.0980278,0.16364975,-0.0069783535,-0.12581393,-0.18069255
below,0.0758235,0.056768194,-0.085755564,-0.16165975,-0.37788123,-0.052250925,0.16561687,-0.15609741,0.15679576,-0.17169851,-0.010437012,0.16129366,-0.13972981,-0.3856415,0.05191651,0.04209646,-0.13611285,-0.021321103,-0.19441324,0.1149175,-0.33464354,-0.25749055,0.035420578,0.18105571,-0.11192525,-0.16957092,-0.22313488,0.077241,0.098068744,-0.13255425,0.10475464,0.23627727,0.0017745979,-0.090862654,0.080177814,0.10855306,-0.23033753,-0.22263184,0.020444235,-0.17212728,-0.010933433,0.040908813,0.10124257,-0.10859184,-0.07265523,-0.101570636,0.01028239,-0.045662437,0.21617636,0.19196878,0.020390827,0.06604004,-0.2782715,-0.019091796,-0.3116099,-0.14218546,-0.13074544,0.04223938,-0.15369263,-0.20683594,0.17584737,0.09108836,0.113095604,-0.14267375,0.10667521,-0.13397446,-0.23373413,-0.02078298,-0.048836265,0.11513672,0.07901917,0.2653371,0.16689453,-0.0479187,-0.09811096,0.06527812,0.09366455,0.08308767,-0.12689514,0.12160645,0.10267334,-0.19306412,-0.03651886,0.028198242,-0.15507813,-0.14010213,0.14569092,0.3399002,0.16379598,0.024839275,-0.03420715,-0.030355833,0.022943117,0.09629924,0.006507363,-0.20273234,0.17780355,0.038027957,0.021702066,0.053353876,0.028995259,-0.056032307,0.27420783,0.113516234,-0.074947104,-0.110941574,-0.35319924,-0.07791341,0.013022486,-0.471109,0.052958168,-0.107204184,0.06538086,0.15921631,0.31975147,-0.38629252,0.108882844,0.025241092,0.10158259,0.1373408,0.049792483,-0.088966876,0.03801473,-0.0023905411,-0.014524333,0.01605428,0.06877645,0.04636294,0.10676676,-0.06721191,-0.044599406,-0.18076235,-0.008148193,0.026098639,-0.05978699,0.14663798,-0.1466858,0.12316081,-0.28130594,0.06715292,-0.3905767,-0.13280436,-0.022765096,0.027866619,-0.067075096,-0.15695229,-0.06774966,-0.008224998,-0.26391143,0.073813885,-0.3795878,-0.10681356,0.3316101,0.11603597,0.032137044,0.07655792,0.108922325,-0.038042895,0.20068868,-0.0012547821,0.29095054,0.07675209,0.01862081,0.31057942,0.19686411,0.03861898,0.08504232,-0.01943297,-0.09269333,0.16807099,-0.009838741,-0.25345254,0.0046702065,-0.22889811,-0.05970764,-0.13909505,0.16942036,0.22031479,0.17856446,-0.18663126,0.08099365,0.05637817,-0.13552245,-0.08893737,0.039097592,-0.17964198,0.29045004,0.061518352,0.13493448,-0.067408755,0.07458089,-0.016910806,0.25363362,-0.015053812,-0.09412499,-0.15780948,-0.3270874,0.06788076,0.14353842,0.041090902,-0.08589172,0.041792803,-0.24200033,0.20841472,0.41244304,-0.1498169,0.04662679,-0.021224469,-0.24373728,-0.048313394,-0.072079465,-0.11668345,0.017769368,0.22895914,-0.10185547,-0.06274923,0.16379064,-0.17785847,0.22665761,0.15543213,0.051013947,0.08810425,0.0765681,0.009454347,0.34887898,-0.03782781,-0.30981243,0.039574686,-0.030253604,-0.10280863,-0.15687662,0.017635599,0.1729187,-0.19992575,-0.1499532,0.038110353,0.19315389,-0.24262066,0.23937161,0.2702802,0.06991663,0.17093658,0.19445801,0.07512719,0.15663248,0.09083049,-0.1625885,-0.05676727,0.16962051,-0.068105064,0.046872966,-0.005430603,-0.020989481,0.010468546,-0.00091400184,-0.26032105,-0.19937336,-0.025897026,0.10559896,-0.043086752,-0.015753174,-0.10863444,0.22578837,0.048724364,-0.0075419107,0.14387614,-0.06103185,0.099519856,0.2718506,-0.10577749,-0.0709493,0.19643962,-0.38114727,0.12810059,-0.14559594,0.23825073,-0.2910624,-0.100295,-0.21184285,0.03874512,-0.087777205,0.08061524,0.1653483,0.13873698,0.05458781,-0.3067922,0.100124866,0.15374756,-0.005630493,-0.116709396,0.14322814,-0.14858398,-0.1827006,-0.0014381409,-0.17037761,-0.08462791,-0.023881022,-0.17451985,0.10193405,0.074538425,-0.061177574,-0.064713925,-0.21829021
beside,0.06983224,0.039305717,-0.0661269,0.15084025,-0.11420937,0.2507276,0.1880778,0.12954712,-0.1439855,-0.003729757,-0.08758545,0.061684288,0.20524089,0.21201476,0.09439698,-0.020846048,-0.07971637,-0.011555478,-0.128007,-0.052074686,-0.021655276,-0.15104523,0.045170944,-0.033543907,-0.007677205,-0.1519928,0.042337544,-0.03430074,-0.15545604,-0.123765185,0.10475464,-0.14555867,-0.11028595,0.049029924,0.0059590675,-0.08187663,0.07117615,0.10842285,-0.19499461,0.12621257,0.15288493,-0.22764587,-0.17170665,-0.24872856,0.0489268,0.02220866,-0.28463948,0.08470866,0.12242635,-0.038499966,0.16336568,0.057250977,0.02861328,-0.0737793,-0.033655804,-0.08133341,-0.24793294,-0.045498658,0.16954955,-0.1921875,0.09528097,0.1809321,0.096433006,-0.044040933,-0.028456625,0.010312654,-0.2395935,-0.023590596,-0.016182456,0.043603517,-0.12410583,-0.085431926,0.05654297,0.15068969,0.22220154,0.15023905,0.048254393,-0.09318186,-0.06537171,0.105004884,0.016003419,0.080373384,0.16511078,0.036987305,0.10566406,0.16653849,-0.0134887695,0.115290835,-0.003196206,0.12615764,-0.21340637,-0.010855101,-0.11377563,-0.14857382,-0.023460899,0.11635946,0.112618,-0.03948669,-0.10207723,0.10901794,0.06354116,-0.16327107,-0.18868281,-0.11426697,-0.09252523,0.31386313,-0.07695414,0.065397136,0.0049658455,-0.19718322,0.063334145,0.076389566,0.30476075,-0.028283693,0.07121633,0.121519975,-0.09961325,-0.004055783,-0.2319135,-0.10496877,0.19737549,-0.116310626,0.1688741,0.13628134,-0.16137493,0.067018636,-0.077952065,-0.14748472,-0.07780355,-0.057446286,0.028703816,0.13759702,0.11001587,0.059790045,0.21072082,0.03674418,-0.037738036,0.10777995,0.13666281,-0.019517008,0.041796368,-0.018668618,0.017884318,0.31903484,0.22442882,0.12332115,0.04406675,0.02571055,0.12866668,-0.10489705,-0.23700969,-0.101930745,0.1651062,-0.0358195,0.12832844,0.042866513,-0.0711619,0.10355867,0.3647512,-0.13870595,0.21477865,0.005707167,0.028630575,0.103059895,-0.04190541,-0.22944742,-0.047281902,0.19272524,-0.082927704,0.20127411,0.083911255,-0.18314005,-0.13229269,0.047957353,0.104904175,0.22320963,-0.2534312,-0.041892245,0.08823242,-0.044541426,-0.14703369,0.01731567,0.10715332,-0.04108581,0.07960968,0.02641271,-0.09687907,-0.09998067,0.02848918,-0.06936188,0.1575887,-0.21027018,-0.0046671554,0.055258688,-0.117284015,-0.019259684,0.08746338,0.03243459,-0.011735022,-0.10081583,0.11253357,0.025923662,-0.025203452,0.03531901,0.060880534,-0.13516846,-0.07446696,-0.008529156,-0.032067362,0.18557332,0.23919983,0.01954702,-0.043143716,-0.021040857,-0.118457034,-0.1262258,-0.07253748,0.07330119,0.034763083,0.04776611,-0.022960663,-0.061309814,-0.06234792,-0.018621825,0.1945821,0.013930002,-0.077390544,-0.04062551,0.012715146,-0.051478066,-0.05043132,-0.022464499,-0.07610474,-0.08215841,-0.048390705,0.22670898,-0.11836955,0.16362934,-0.07361666,0.3933271,0.21298304,0.2510147,0.24621582,-0.38971657,0.029374186,-0.14842732,-0.019522093,0.026728824,-0.10479355,0.1491801,-0.016115315,-0.1108078,-0.04039866,0.16574198,-0.0913681,0.018487543,-0.023592122,-0.019913673,-0.003898114,-0.26232505,0.02324829,-0.14281413,0.12923075,-0.07859497,-0.024204507,0.22053629,0.08252284,0.036531575,0.18688965,0.0732844,0.040378824,-0.08285726,-0.0010813395,-0.003491208,-0.25790063,0.098602295,-0.16166788,-0.24238485,0.086741135,-0.025219724,-0.20008188,-0.14399414,-0.2330892,0.0781901,-0.0506368,-0.06692403,-0.07675502,0.028747559,0.10935974,-0.34131876,-0.2044281,0.12778321,-0.04500529,0.054279327,0.10843099,-0.038729474,-0.059647623,-0.087117516,0.02722702,-0.047776032,-0.096822105,-0.3052573,0.050752766
far,0.111007735,0.021776756,-0.13617057,-0.007362874,0.03264122,-0.02270991,-0.015291341,0.10147095,0.0433314,0.017754618,0.02911377,0.14762178,-0.016438797,-0.03859558,-0.012536615,0.2754949,0.09728558,0.20304413,0.08097738,0.2218511,-0.12004395,-0.09940948,0.024922531,-0.019139608,-0.049120076,0.083602905,-0.17333019,0.27206522,-0.08123729,0.0666645,-0.1545227,-0.11772664,-0.049250793,0.13618812,0.115822345,-0.12240397,-0.13854066,-0.08493652,0.07233938,-0.12915853,-0.0011678077,0.05140686,-0.045241803,0.095998004,0.039649457,-0.14087728,0.23000896,-0.101326495,-0.018198647,-0.05510153,0.17996724,0.09289551,-0.31928712,0.2938965,-0.21102397,-0.035740152,-0.06848958,0.0087921135,0.19298705,-0.056933593,-0.05217997,-0.03391164,0.11449941,-0.010349527,0.13792521,0.19122085,-0.22201538,0.021331279,-0.15583089,0.1283203,0.1405426,-0.22294414,0.06044922,0.017877199,0.075228885,0.14730936,-0.15975341,0.13631032,0.051571656,0.057641603,0.09339599,0.08330307,-0.13908844,0.011352539,-0.06962891,0.13626505,0.08905029,-0.14252166,-0.14089152,-0.19903767,-0.12624817,0.041390993,-0.11255493,0.24888712,0.12833354,-0.23007609,-0.029227704,0.03473206,-0.037135825,-0.12706605,0.06915639,-0.108095296,0.15995,0.039541624,-0.005122885,-0.11045329,0.081371054,0.03597819,-0.20804685,-0.100503534,-0.054097496,0.13718058,-0.044848636,0.14066163,0.06608938,0.09319966,-0.109867156,-0.035549924,0.21925837,0.2076533,-0.11658935,0.075583905,0.05754598,0.0692037,0.23217976,-0.054807536,0.082082115,-0.16213316,0.05488688,0.025561526,-0.016034953,-0.18711,-0.21810913,0.03879395,-0.14084168,0.10659891,-0.14424439,-0.12903646,-0.23345438,0.09498495,0.19438426,0.10743001,-0.10760397,0.055118814,0.07208506,0.15750083,-0.045777,0.1311793,-0.09496613,-0.17960408,0.018910725,-0.15368855,0.027655028,-0.20574138,-0.15145671,-0.096537784,-0.11153666,-0.06587493,0.08496602,0.16793467,0.08221029,-0.07241783,-0.009028116,0.0025960281,0.25155163,-0.10347086,-0.1385905,0.119483046,-0.079021454,-0.035542298,0.049166996,0.0036275238,-0.0059499107,-0.076554365,0.007736206,0.039860025,-0.20069683,0.25791246,0.1775879,-0.20567423,-0.16070557,0.05350952,-0.09694824,0.18742982,-0.04024811,0.0037076324,-0.05635173,0.061884563,0.12370402,-0.12502594,-0.0020792633,-0.14093424,0.150118,0.19905752,0.011988446,0.23672177,0.062072754,-0.04393565,-0.25929362,0.018996175,-0.074417114,0.29643148,-0.15508626,0.03446452,0.12191569,0.1470581,0.33373618,-0.07524058,-0.097252905,-0.10934855,-0.30669862,-0.13719127,0.09308675,0.053666174,-0.0984375,0.015864052,-0.12234217,-0.2423116,-0.19619395,0.21402588,0.05296707,0.08407593,0.09316966,-0.12506714,-0.15649211,0.04688899,0.102296956,-0.05637258,-0.034648135,0.022008263,-0.037247725,0.10259654,-0.09124146,-0.04587301,-0.2046407,0.26479492,-0.13594767,-0.09857769,0.1954263,-0.20042293,-0.26553258,0.018104553,0.003479004,-0.014228277,0.087052405,0.23731486,-0.107901,0.19860382,0.16669083,0.031931557,0.026487224,-0.07223358,0.14221853,0.077851355,0.010804748,0.11516723,-0.041170247,-0.022934914,0.07447103,0.037479654,0.14354858,0.073372394,-0.07059835,0.15529175,-0.05655314,0.03913981,-0.18505529,0.15127766,0.14196777,-0.16827749,-0.27309775,-0.035005696,0.041460164,0.036547855,-0.05941429,0.071746826,-0.06279093,-0.27558798,0.06312053,-0.04377441,-0.013558455,-0.04145508,-0.14226888,0.11920573,0.0055155437,-0.20034689,-0.10275599,-0.054870605,0.15696716,-0.005869549,-0.22688904,0.18735352,0.090736896,-0.31686783,-0.080533855,0.031094745,0.070967615,0.03592936,0.0421196,0.24177475,-0.16566975,0.045328647,-0.21438396
near,0.07505985,0.10373498,-0.0673372,0.11031291,-0.16694374,0.07494634,0.09921061,0.13882446,0.019344583,-0.10895437,-0.09051514,0.020668663,-0.05257161,-0.2264618,0.22183838,-0.1727473,0.0025590248,0.0904953,-0.2764445,-0.09553172,0.042309567,-0.10648956,-0.13340266,-0.12070211,-0.08812154,-0.29066467,0.031473286,0.0591746,-0.18475291,0.024061967,-0.011212155,-0.04448445,-0.16497345,0.2226139,-0.16054484,-0.072477214,-0.1971344,-0.1064209,0.021954855,0.0392985,-0.06488851,-0.04576111,-0.0686793,-0.2711895,0.04502055,-0.16431478,-0.19674885,-0.14624837,0.09514364,0.102491245,0.043370564,-0.06213379,0.16118164,0.15717773,0.06729634,0.045802817,-0.11805013,-0.11498718,-0.0030578598,-0.079394534,0.010838827,0.17604929,-0.0076929703,0.025295004,-0.10352987,-0.029970549,-0.2395935,-0.058624778,0.068778485,0.34194335,0.08731995,-0.11173808,0.14736328,0.097955324,0.0050079348,-0.010069784,0.076086424,0.053790793,-0.068301395,-0.2709717,-0.003771972,-0.0742897,-0.064015195,0.08239746,0.06538086,0.10599162,0.089782715,0.19634552,-0.027610268,0.018491618,-0.19094543,-0.14464417,-0.11572876,-0.05531209,-0.13485005,-0.018650308,0.12384847,-0.14495544,0.076145425,0.0006195009,0.13971303,0.03838908,-0.10762812,0.16454163,0.08728434,0.26698813,-0.035816446,0.31124675,-0.10306638,-0.20743713,-0.073628746,-0.118922934,0.003491208,0.07718506,0.15666555,0.00042622536,-0.15430075,-0.14272766,-0.11667913,-0.08482717,0.19835205,-0.003395589,0.016530354,0.24077353,-0.024045818,0.044557698,-0.016428627,-0.07045835,0.0010538734,0.0060302764,-0.16813457,0.008690767,0.008453369,0.090551764,-0.09884949,0.087555945,-0.08613892,-0.0030598938,-0.18023172,-0.0016947426,-0.16694386,-0.24608561,0.18536478,0.14325358,0.022387186,0.1741024,0.17150815,0.01789805,-0.06952973,0.0030131023,-0.03632609,-0.17517292,-0.09905396,-0.1394572,0.08243001,0.19887237,-0.051355995,-0.11909758,0.14063008,-0.026889548,0.36419272,0.15243569,0.055974327,-0.05904948,-0.036534317,-0.28022867,0.037434895,0.025244765,0.33406448,0.15049286,0.032946903,-0.017856851,-0.207488,0.04307454,-0.117507935,0.015934244,-0.14503276,0.095070645,0.027197264,-0.07994182,0.14007568,0.026593015,0.13791505,0.057547003,0.12112884,-0.04341151,-0.0039835647,-0.05212911,-0.018874101,0.09616546,0.08532308,0.054378256,0.181368,-0.050698344,-0.019749835,0.012387045,0.19830322,-0.27293956,-0.095231116,-0.19651896,-0.026626587,0.2124471,-0.073543295,0.23673503,-0.091463216,0.056726076,-0.120365396,0.026627094,-0.0057001747,0.08571981,0.033145145,0.0747228,-0.08367106,0.18232828,-0.09648438,-0.13696799,0.024874624,-0.086061604,-0.1063502,0.16812745,0.009632111,-0.13748169,0.14590403,0.008721925,0.18481648,-0.047105152,-0.1564921,0.1394282,-0.038554385,-0.06783549,-0.0753947,0.09673716,-0.031427003,-0.0055898055,-0.14800008,0.06679688,0.05155233,0.017144967,0.018424353,0.10524114,0.06991663,0.17093658,0.22375488,-0.11994117,0.026993815,-0.01732381,-0.19579163,-0.0074508637,0.05853653,0.12085978,-0.022829182,0.070832826,0.032599386,-0.05105489,-0.05621185,0.11907348,0.046232097,0.11714077,0.047371417,-0.044307455,0.18261108,-0.053946942,0.105121866,0.047869872,0.043300375,0.18440348,0.19092128,0.16690266,0.07751465,0.0143397,-0.24868368,0.10073649,0.092485555,-0.0479248,-0.21004906,-0.085235596,-0.1665507,-0.162795,-0.07805379,0.07280274,-0.13074595,0.0149414055,-0.13982747,0.023990884,-0.056740314,-0.1896047,0.14895299,-0.06585693,0.13157654,-0.115732834,-0.1731781,-0.08706055,-0.0047220886,-0.05612564,0.04263509,-0.014315411,0.052412923,0.016642252,-0.092401884,-0.1683815,0.011210123,0.063883334,-0.2729777
angry,0.12315623,0.032876484,-0.3737381,0.240684,0.122118756,0.13158697,-0.17520344,-0.24008179,0.102108255,-0.0005559288,-0.00018310547,0.046059288,0.17399089,-0.16982117,-0.011560053,-0.03981272,0.032832462,0.055827335,-0.07637125,-0.059887186,0.10187988,-0.007490538,-0.005228836,0.18105571,0.18226421,0.4105072,0.1162206,0.009125773,0.12542775,0.028883744,-0.14378051,0.28119916,-0.19427033,0.33394203,0.025978599,-0.23617351,0.07874451,0.37893066,-0.18327586,0.12914225,0.080131024,-0.17295837,0.14714101,0.119435504,-0.022850543,0.10326335,-0.2006551,-0.25562337,-0.12659708,-0.21623434,-0.05538432,-0.37878418,-0.04157715,-0.103564456,-0.002527874,-0.21396281,0.03038737,0.002688598,0.25744018,-0.08623047,-0.20891826,-0.00998586,-0.006716408,0.091701254,0.023667399,-0.22577134,0.19107056,-0.21194509,-0.07038167,0.10195313,-0.07918396,-0.2473582,-0.16708985,-0.20673218,-0.10201721,0.13266093,0.008581543,-0.28068185,0.2129486,0.089379884,0.22230224,0.05498276,0.046458434,0.030151367,0.34589845,-0.016811116,0.24432373,0.015559386,-0.12136027,-0.2009908,0.012179568,-0.029226683,-0.14990845,-0.053847246,0.24161479,-0.22226359,-0.044852704,-0.12444763,0.17673136,-0.049185187,-0.17913462,-0.11786092,-0.0028917938,0.1276764,0.042972818,-0.118754074,-0.037708536,0.19405925,-0.03983396,0.08162537,-0.1190389,0.33420205,0.001538083,-0.095666505,-0.3111079,0.16253561,-0.09521872,-0.18667297,-0.21433538,0.10218455,-0.26600343,0.21572062,0.05022176,-0.047800697,0.15112507,-0.13976847,-0.109202065,-0.11208433,-0.1754598,-0.11506347,-0.04557597,0.07607358,-0.25619507,0.03879395,0.16775207,-0.17367452,0.1999939,0.10729167,-0.13799539,-0.12376505,0.17973582,-0.19628093,0.013001505,0.10126139,0.344546,0.11892662,-0.08435122,-0.12272695,-0.10692902,-0.18058065,0.092336014,0.120481364,-0.18694457,0.039864093,0.18887532,0.090992734,0.031773888,-0.07857024,-0.11278789,-0.17776845,0.014095053,0.16586342,0.08478292,-0.13277996,0.16366099,0.02592367,0.008870442,-0.13735288,-0.018474579,0.031352233,-0.1621825,0.26217246,0.09671122,-0.01600749,-0.10920715,0.04132487,-0.04835307,0.032814786,0.007666014,-0.2921,0.27191162,0.00925903,-0.078393556,0.33000794,-0.00069732964,0.07450841,0.011153154,0.014033001,0.08354289,-0.28615874,0.22399496,-0.13873698,-0.1653117,0.118491106,-0.26974982,0.058987387,0.059143066,0.008798726,-0.25099283,0.06568807,-0.08799744,-0.10688884,0.36932778,-0.16560872,0.068937175,0.040856935,-0.07642008,0.036881,-0.05135447,0.03200887,0.08294983,0.0056310035,-0.12663981,0.21113688,0.043164063,0.44311014,-0.11745936,-0.051881917,-0.07607676,0.08951416,0.09276199,-0.053009033,-0.17294362,0.07219849,-0.007078044,-0.051499683,0.09985555,0.24587351,-0.15183564,0.13968405,0.019881181,-0.00018666685,-0.16106567,-0.06284078,0.08857219,-0.0496582,0.17264608,0.017633248,-0.1326987,0.17360051,-0.24795446,-0.044151306,-0.014038086,0.02727563,0.0050211586,-0.007802326,0.029550172,-0.09875946,0.095401764,0.06251017,0.04443156,0.06399689,0.15296072,0.18283182,0.036561586,0.1444641,-0.0001546219,-0.095749855,-0.0107340515,-0.015743002,-0.14746705,0.065285236,0.071735635,-0.1142395,-0.021885172,-0.08903402,0.21826503,-0.13778484,-0.047729492,0.11077525,-0.06740926,0.08389079,0.11543477,0.013354495,0.1815525,0.18649292,0.0600118,-0.19111532,0.10065715,-0.017407224,0.08870595,0.2456543,0.08527018,0.16608073,-0.09140828,-0.19839376,-0.0033907555,-0.15289307,0.07054138,-0.027353924,-0.0017913803,0.109716795,-0.2793803,0.2680931,-0.18697917,0.081998065,-0.051835123,-0.18233235,0.1370903,-0.10783462,0.1087443,0.020914584,-0.014676921
disgust,0.115587994,-0.02076064,-0.28435984,0.30123088,-0.13862343,0.2868604,0.06991374,-0.26156616,-0.13031362,-0.13117117,-0.11199951,0.27262178,-0.010579422,-0.05220642,-0.0857788,0.13584645,0.15099652,0.114909366,-0.05668742,0.12907766,0.32355958,-0.10563507,-0.14219172,0.18789165,0.054334514,0.099472046,0.165537,0.042084757,-0.015319318,-0.038560104,0.36940306,0.029246017,-0.042903136,0.14253578,0.14218953,-0.010831706,0.081063844,0.124536134,0.14143117,0.39769694,0.34233806,-0.1749115,-0.033767194,0.17900582,-0.101952106,-0.030525714,-0.22799885,-0.19702962,-0.040659584,0.1413096,-0.026575726,-0.16394043,0.29594725,-0.13774414,0.06339009,-0.14706828,-0.026131185,-0.18383484,-0.15076295,-0.28203124,0.032903038,0.12917429,-0.07116953,0.040920004,0.12034708,0.01250992,0.057037354,-0.28518727,-0.1529012,-0.16586915,0.13175353,-0.11100566,0.041894533,0.05791626,-0.12936096,0.110199995,0.14395753,0.09431814,-0.08197327,0.1616455,0.28187257,0.15654525,0.0015365593,-0.20275879,0.14277343,-0.055019125,0.022766113,0.1865799,0.0002217628,0.11028849,-0.08407287,-0.10802307,0.024896242,-0.041151933,0.27872416,-0.22226359,0.28766683,-0.10491638,0.16305949,0.03870544,-0.078548685,-0.058168538,0.1990125,0.048086546,0.14770915,0.1136678,-0.10857035,0.23116863,0.015097681,0.169516,-0.0022176113,0.20529582,-0.02287598,-0.26070556,-0.048412576,-0.33941752,0.042964872,0.0066864043,0.11085993,-0.16026662,-0.043347165,0.03847453,0.017995197,-0.2973124,0.06372274,-0.097288005,-0.008127846,-0.069542825,0.016251627,-0.024243161,-0.012128703,0.058495454,-0.1434021,-0.31862792,0.19509582,-0.16293234,0.13651733,0.0032877624,0.07220968,0.049086507,0.19047801,-0.3505778,-0.15496725,0.019382732,0.14483897,-0.15890542,0.109008156,0.15364024,-0.16723175,-0.2596822,0.22490437,0.1759013,-0.10881958,0.15509847,0.030183919,0.088444516,0.15384421,0.025607236,0.08057149,-0.042026266,-0.18268229,0.1795353,-0.25603738,0.06668294,0.11434459,-0.30513102,-0.13468425,-0.15590757,-0.12394333,-0.056111146,0.052172977,0.11910604,0.15676981,0.3336019,-0.14363098,-0.16741537,0.319811,-0.040915683,0.02182617,-0.15757853,-0.24468994,0.293927,-0.20778808,0.097341925,0.3376816,0.013229117,-0.07600505,-0.063847855,0.031663008,-0.38772124,-0.044803873,-0.0925944,-0.044523112,0.15218252,-0.043431476,0.0074145873,0.010681152,-0.2827052,-0.037125647,0.24586385,0.27659607,0.11125081,0.28143716,-0.24275716,0.0152262375,0.12655029,0.045161948,0.22047475,-0.08065134,-0.03171183,0.39544982,0.021988425,0.16046956,0.21601969,-0.18144532,0.3268992,0.048556264,-0.03821004,-0.03864695,-0.32406005,0.09276199,0.091278076,-0.28768972,0.05413208,-0.34838665,-0.06858953,0.022646077,-0.17600149,-0.14207001,0.022496544,-0.06953532,0.41607308,-0.39348754,0.008570351,0.08185832,0.28530273,0.3494039,0.10698871,-0.13562839,0.09205755,0.43173304,-0.19625092,0.1895752,-0.012763433,-0.14170736,0.12598674,0.057138063,-0.1524704,0.030223846,0.1335551,0.06347453,-0.1528,0.15003103,0.22677714,0.08148346,0.032159418,-0.10196126,-0.17973423,-0.003898114,-0.056270346,-0.07471313,0.13697103,-0.0745046,-0.25877076,0.31795856,-0.13786215,0.22021815,-0.21200359,-0.076660156,0.08556773,0.22494914,0.25600994,0.016374715,-0.11774902,0.082919694,0.090789795,-0.15239054,-0.22187704,0.18854778,-0.2107666,0.10289662,0.14750977,0.051578775,0.4063151,-0.04367879,-0.045439653,0.17824987,-0.20465088,0.08381653,0.14012654,-0.0027679428,-0.13784179,-0.058433026,-0.13913345,-0.13033855,0.06405373,-0.0027018227,0.08036295,-0.084589384,-0.070236966,-0.01723226,-0.06206271,0.12936604
fearful,0.13091001,0.03313055,-0.30900255,0.22701213,0.13334922,0.10375493,-0.014314778,-0.27523804,0.2310145,0.08904368,0.103149414,0.20035616,-0.01741536,-0.05007019,-0.0027709901,-0.11805979,-0.030754726,-0.005696103,-0.004715983,-0.110180154,0.21613769,-0.1310257,-0.008890945,0.11513773,-0.1795522,0.14146423,0.090585835,0.21737772,0.13970998,0.15064888,-0.17991333,0.20698039,-0.15130158,0.27339515,-0.20644328,-0.20199382,0.049264528,-0.020483397,-0.077318825,-0.02710775,0.047660317,-0.014907837,-0.050124615,0.25029486,0.014258832,0.10326335,-0.09518636,-0.09839681,0.15855917,-0.045335904,0.21512349,-0.032470703,0.050830077,-0.21098633,0.037022907,-0.21493937,0.109488934,0.08374329,0.120233156,0.10224609,-0.010676065,0.05666453,0.061642967,0.024806723,-0.1379537,-0.08612289,0.23599243,-0.03933767,-0.049934898,0.22573242,0.32706603,-0.2395457,-0.26669922,-0.26727906,0.054476928,0.08969218,0.11661377,-0.12833811,-0.026797485,0.04030762,0.17835693,0.19560775,0.17292328,-0.006958008,0.24335937,0.17044474,0.06451416,0.037532043,-0.047568765,-0.39435017,-0.009060666,0.10340271,-0.16651002,0.032334395,0.027259316,-0.14218546,-0.1595988,0.166568,0.10641886,0.0162445,-0.036556497,-0.119814046,-0.021690622,0.029043578,0.038334146,-0.25742593,0.07599996,0.22237957,-0.10550778,-0.10318908,-0.09511312,0.11374308,-0.03117676,0.036657713,0.25529835,0.15472311,-0.15185934,-0.29263002,-0.15964788,-0.009631857,0.022570804,0.12587687,-0.021921795,-0.026316322,0.27710164,-0.1182841,-0.08088175,-0.0686273,-0.15299886,0.025317386,0.09382833,-0.20664126,-0.12802124,0.3425049,0.129422,-0.115080774,0.107220456,0.050406903,-0.2949778,-0.05290324,0.3359858,0.06934407,0.07843119,-0.0044514965,-0.07586416,0.049834825,0.09143003,0.019362893,-0.0078079253,-0.11856893,0.16631062,0.031614177,-0.1967102,-0.017753094,-0.20956218,0.0074661225,0.077672325,-0.026812427,0.0920461,-0.3799169,-0.019596353,-0.11929283,0.117986046,0.05423177,0.22225474,-0.13435465,-0.19425456,-0.17690367,0.057697296,0.015727233,0.14689954,0.17525838,0.035187785,0.005965166,-0.18806458,-0.10296224,-0.12061869,0.043068692,-0.07192383,-0.06529338,0.1708374,-0.020037845,-0.086206056,0.21599427,0.020298764,0.21488927,-0.15193278,-0.12537129,-0.09504598,-0.11135407,0.17907308,0.0065266937,0.08078206,0.12581533,-0.117650226,0.16933896,0.047668457,-0.13036144,-0.36818033,-0.082261145,0.09202576,-0.054154463,0.12811686,-0.0072835283,0.08553874,0.14071044,-0.31372476,-0.042220563,-0.016930643,-0.009495035,-0.059872434,-0.06932017,-0.29558513,0.038529456,0.013378907,0.30736795,-0.14333826,0.05889689,-0.109279886,-0.06234131,-0.06983566,-0.03982544,-0.022797137,0.0072570816,-0.00024210662,-0.07347234,0.0412618,-0.011191305,-0.04392548,0.27737936,-0.09846599,0.0645106,-0.21868286,-0.20578513,0.22602336,0.16225585,0.10819295,-0.022405814,0.08653959,0.08912786,-0.2831107,-0.34859467,-0.11608887,-0.047431402,-0.059187826,-0.004628498,0.10608826,0.007685855,0.07953262,0.16822307,0.018796794,-0.00028839114,0.18518728,0.032807413,-0.104551695,0.17180786,-0.12857258,-0.2871561,-0.24803874,0.08630778,0.046136476,0.07672933,0.18233134,-0.2392395,0.098232016,-0.15544027,0.22900721,-0.2246989,0.09802246,-0.009586081,-0.09829305,-0.05258382,-0.063276164,-0.0064208955,0.27334937,0.30075073,0.15327352,-0.13984579,-0.19426472,0.07292481,0.09715932,0.32377928,0.07013346,0.06110026,-0.056129962,-0.10342305,-0.18112513,0.090270996,0.22190857,-0.02979533,-0.012045287,0.030310059,-0.1436381,-0.1117897,-0.03219401,0.21761818,0.03922933,-0.1188558,-0.05871048,-0.24748306,0.03855387,0.18302396,-0.023954265
happy,0.10032188,0.022268405,-0.27268967,0.017508952,0.19438438,0.0072202045,-0.044344075,0.15982056,-0.038516745,0.27263743,0.09283447,0.028481163,-0.039876297,-0.16249695,0.13028565,-0.041277565,-0.07190387,0.12638398,0.1717977,0.36345267,0.03205566,-0.028242491,0.047946136,-0.0062001552,0.15003765,0.06895447,-0.049306743,0.25253397,0.07867482,0.023588944,-0.24192505,0.06928508,-0.14446564,0.107623674,-0.055503335,0.15445149,0.02063904,0.14553222,-0.06462351,0.02709147,0.12944743,0.13465881,-0.006179303,0.23857613,0.0064463317,-0.038338214,0.086698405,0.16820475,-0.13440958,0.12821756,0.18289693,-0.16003418,-0.047558594,0.010205079,-0.06710307,0.07021688,0.1573405,0.059329223,0.18419799,0.0758789,-0.1532542,0.12477977,-0.31726328,0.06801961,0.08128458,-0.30584946,0.16616821,0.050994363,0.061454263,0.06411133,-0.042318724,-0.14286602,0.08681641,0.03447876,0.054232787,-0.029936727,0.14395753,-0.19083811,-0.10834046,0.09475098,0.1295288,0.088185884,0.11823578,-0.047027588,0.06147461,0.19974162,0.23553467,-0.011418153,-0.29128215,-0.11407674,0.029269412,-0.02635803,0.08934937,0.07603557,0.10098979,-0.14511515,0.037666827,-0.18597107,0.1288798,-0.0032867491,0.021442158,-0.19305623,-0.01729609,-0.06641541,0.2785685,-0.0672404,0.108714804,0.080533855,-0.03690427,0.052328497,-0.089253746,0.22678019,0.07502441,0.13724366,-0.020580547,0.027769975,-0.0587197,-0.07259826,-0.117655694,0.21937205,-0.2796753,-0.03208211,-0.07587688,-0.078562416,0.0334493,0.06604207,0.014333092,-0.16799253,-0.102217615,0.011889651,-0.104658,-0.31162173,-0.20736694,0.06564942,-0.01291199,-0.12972921,0.13554077,-0.022102863,-0.13189188,0.032484945,0.35747018,0.060066734,0.32598978,-0.065242514,0.085756935,-0.016571427,-0.16931216,-0.1056371,0.16382293,-0.31339315,0.041066486,0.23400676,-0.08733521,0.0056844056,0.15957844,-0.007182315,0.09622701,0.008343823,0.0698293,0.038585916,0.20891927,-0.15835533,-0.03716532,-0.16598308,0.12655161,0.13920492,0.23347981,0.23178774,-0.2313652,-0.09730987,0.14738782,0.12203573,-0.13424581,-0.015030928,-0.09211731,0.34918618,-0.16651714,0.10385971,0.38706055,0.014540605,-0.04840088,-0.07228394,0.026464844,0.0707306,0.06461029,0.15727209,0.059004717,-0.20251973,-0.13996786,-0.24807282,0.08629964,-0.094303384,-0.2590617,-0.0179835,-0.059056476,0.007228878,-0.22454834,0.2358495,-0.29396158,-0.017563883,-0.018569946,-0.23872477,-0.043269858,0.06144206,0.104337566,0.19197997,-0.022709146,0.06910756,0.028677877,-0.29684854,0.020449832,0.108902484,0.08039144,0.13935953,0.04511719,0.07824198,-0.15749842,0.028440349,0.16415761,0.1329712,0.05296707,-0.104278564,0.055083722,-0.0056823716,-0.09771525,-0.13353093,0.05322469,-0.024451192,-0.104960635,0.11917623,-0.22621256,-0.012027487,-0.024835205,-0.1647695,-0.01128133,-0.051611327,-0.10567424,0.016168404,0.005362829,-0.12620418,0.0047310814,-0.04512787,0.1348877,-0.087470464,-0.030379232,0.06714885,0.15821227,-0.1368454,0.0944252,0.04651896,0.15014444,-0.054411314,-0.11559398,-0.1628713,0.106385805,0.105401605,0.0774821,-0.018723488,0.097176105,-0.10143636,-0.012213135,0.012947589,0.10420634,-0.08591919,0.13729452,0.05000407,0.21728846,0.110262044,0.1361084,0.1237147,-0.028590903,0.0057657883,0.1774465,0.20939942,0.037021257,0.26168823,-0.03752238,0.015915938,-0.19035847,0.05070801,0.16124624,-0.10688476,0.03741862,-0.005428061,-0.019447835,-0.27944845,0.11282018,0.101989746,0.056137085,0.07848103,-0.16976014,0.01920166,-0.09078166,-0.053684235,0.12405599,0.034512714,-0.13899332,-0.0797933,0.047002412,-0.04728775,-0.015523275,0.023844272,-0.35989177
sad,0.1272689,0.043422237,-0.32583395,0.20748088,0.08012657,0.07250493,-0.114412434,0.2394104,0.067074075,0.29607493,0.089904785,0.29996553,-0.04427083,-0.012106322,0.0021118224,-0.18251292,0.0655473,0.30192107,0.090743005,0.054919943,-0.024340823,-0.17887726,-0.115824535,0.08169047,0.06117045,0.38902283,0.038889058,0.25058085,0.1716924,0.18092231,-0.09214477,0.06635539,-0.1688797,-0.03422203,-0.071433514,0.2452718,0.05756531,0.15090331,-0.1066157,0.032950845,0.22710368,0.0056915283,0.1344457,0.2776386,0.05625102,0.082755536,-0.045869954,0.21605632,0.16197714,0.07038675,0.16141255,-0.23132324,-0.11713867,-0.12797852,-0.0425059,0.20888875,0.011832682,0.10229798,0.036187746,-0.15214844,-0.042902626,0.3010493,0.022580467,-0.06943156,0.15843302,0.005918123,-0.009613037,0.1425471,-0.19831136,0.15639648,0.08878479,-0.13969219,-0.11875,-0.09406128,0.0012542726,-0.13589376,-0.0730835,-0.10880686,0.00097351056,-0.22995606,0.08753662,0.37529525,0.18757172,-0.025390625,-0.015673827,0.120640054,-0.039367676,-0.15131073,-0.21901652,-0.28302205,0.10788269,-0.102651976,-0.08643188,0.15904337,0.022620644,0.0057637542,0.10431722,-0.24065857,0.07858683,0.08948669,0.15777944,0.003965251,-0.14083125,-0.022470094,0.37915444,-0.03306071,-0.051441446,-0.043245442,0.14156252,0.15779725,-0.10243734,0.064182535,-0.0033447295,-0.07369385,0.031970724,-0.065095015,-0.03525168,0.12240906,-0.14695257,0.11780955,-0.04871826,0.34267375,0.12297566,-0.061960854,-0.069822185,-0.046506755,-0.1443583,-0.21193784,-0.21354574,-0.061352536,0.18733418,0.11415952,-0.13729858,0.087622076,0.044583127,-0.08090109,0.057415772,0.10533854,-0.09002177,-0.18431193,0.17387645,0.026863609,-0.16619772,-0.049129233,0.01666514,0.11404381,-0.009033838,-0.087082416,0.042240903,-0.30558065,0.047658283,-0.0013448074,-0.18694457,0.25666097,0.03799642,-0.012553409,0.1567739,-0.26167572,0.026128132,0.09225108,0.035091147,-0.27749595,-0.34295145,-0.100065105,0.20272349,0.03764242,0.23836263,0.29428774,-0.34659958,-0.013325501,-0.08991687,0.26998496,0.13137919,0.21983236,0.07072449,0.090885416,-0.105970256,0.17759018,0.24057618,0.022353105,-0.019592285,0.4111145,-0.04519043,0.20061341,0.01492767,-0.077102914,-0.14460856,-0.25232443,0.28386027,-0.22463532,0.31774497,0.1393392,0.06320394,0.06868642,-0.021214679,0.012295492,-0.14935303,0.19190419,-0.054703772,0.08497518,-0.057632446,-0.051224776,0.42401528,-0.004353841,-0.019930013,-0.115637206,-0.07544352,-0.1160731,0.007483419,-0.29880166,0.15521546,-0.121566266,-0.019828288,0.19209391,0.016308594,0.20678201,-0.113064826,0.026243083,0.093845114,0.15933838,-0.051280975,-0.118927,-0.078140765,0.11467896,0.10864461,-0.18821843,0.36596882,0.09060007,-0.30515593,0.03616842,-0.41468912,-0.085147604,0.17389527,-0.17892966,0.23578899,-0.008276368,-0.047934975,0.34429342,0.01769193,-0.14671199,0.0992135,0.033241272,0.19250488,0.17278343,-0.1954183,0.21192424,-0.078604124,-0.10657196,0.29657364,0.15357463,0.096921794,-0.16451874,-0.12047679,-0.1003713,0.24261627,0.039971918,0.05111491,-0.09379673,-0.06542155,0.13415934,0.02489624,0.10791829,0.028522745,-0.052227784,-0.0054667154,0.15705973,0.18994471,0.036531575,0.21130371,0.22625376,0.017429605,-0.1492635,0.23506369,0.23674317,0.09366188,0.2362976,0.15717977,-0.13886923,-0.31145224,0.057299808,0.17931265,-0.107861325,-0.08282064,-0.09197591,-0.40195516,-0.096831255,0.072292835,0.024841309,-0.07203674,-0.042978924,-0.104544066,-0.08852539,-0.25887248,-0.089328766,0.0495931,0.10530205,0.13542074,-0.17549641,0.03821335,-0.026535798,-0.042134605,0.017496616,-0.082670085
blueberry,-0.449464,0.007736298,-0.05919877,-0.07328084,-0.15815468,-0.16919428,0.11288249,0.31655884,0.07000376,0.056817118,-0.09637451,-0.23714384,-0.16573079,0.22568664,-0.17464599,-0.20009105,-0.13025348,0.16225739,-0.036942545,-0.22443797,0.17707519,-0.15934601,-0.020121414,-0.08652242,0.22718608,-0.12953186,-0.13231456,-0.15225118,0.010071307,0.049818803,0.16432495,0.013621017,0.37897187,-0.18949547,0.05332235,-0.14974773,0.096566774,-0.14645997,-0.04460398,0.03832194,-0.1615682,0.3592682,0.15104726,0.13310738,-0.15566304,-0.29322103,-0.06784261,-0.11499837,-0.20569864,0.22175394,-0.062708534,0.028442383,-0.048291016,-0.15922852,-0.12313335,0.04677938,0.17687175,-0.064144894,0.11925659,-0.18242188,-0.14251201,-0.02170461,-0.25866953,0.0042989105,0.0549174,0.019345857,0.0619812,0.09078929,-0.40436605,0.008935548,-0.1719574,0.19307148,-0.06003418,0.059869386,-0.15279846,0.025727335,-0.13289794,0.0952947,-0.08343811,-0.15280762,-0.13121338,-0.1364235,-0.018605042,-0.2388916,-0.10234375,-0.0966451,-0.2263794,0.22954865,-0.1076884,-0.059877522,0.43893737,-0.2686676,-0.14844361,-0.11439412,-0.2066274,0.21718954,0.018868,-0.0018890351,-0.0898702,-0.013052374,-0.122494,0.079892986,-0.31465936,-0.18164977,-0.2731893,-0.07017009,0.15754293,0.22823894,-0.00018399558,-0.12662658,0.15537517,-0.2585714,0.04743652,-0.20406494,-0.13727976,0.02532857,0.16845316,-0.11660461,-0.015116628,0.06605174,0.035754398,-0.030373128,-0.37897745,-0.058054604,0.12085164,0.09216512,-0.12287394,0.32907778,0.10286051,-0.076977536,0.09993184,-0.089453764,0.24087524,-0.2229248,-0.0070526153,-0.031096395,0.2654236,0.036490887,0.33588156,-0.010727946,0.18461864,0.32325032,-0.2003774,-0.08428548,0.06012217,-0.36886635,0.018817266,0.14094493,-0.1296341,0.1514506,0.250295,-0.28650105,-0.031671144,-0.14897868,-0.12460124,-0.05942841,0.17435202,-0.096148364,-0.13915507,0.11812998,-0.027408853,-0.13687095,0.15704854,-0.2021159,-0.3646593,-0.09370524,0.08211263,0.282569,-0.07999802,-0.1654251,-0.030834835,-0.07278849,0.03274638,0.11814778,0.1381073,-0.12932943,-0.22804058,-0.49697036,-0.29458007,0.0037984177,0.25042725,0.029278561,0.24240723,-0.040109247,-0.11837311,0.044357046,0.1586141,0.050409954,0.030442305,0.09958343,0.019405112,-0.09650065,0.05148519,-0.14078623,0.053492352,-0.10849308,0.005065918,0.21045887,0.24119467,0.27223104,-0.15553284,-0.13423258,0.024845377,-0.09676107,-0.032381184,0.21834716,-0.08032633,-0.416244,0.2855596,0.2959249,-0.018124387,0.112808734,-0.054618325,-0.06791586,0.02998047,0.10925547,0.4616422,0.12927043,0.09579824,-0.02401123,-0.22559738,0.22970581,0.29141185,0.13225707,-0.005124919,-0.09593328,-0.027829997,0.041771952,-0.06394501,-0.067347206,0.036971025,0.014705911,0.27838746,0.21413675,-0.14409383,-0.030126953,0.25174764,-0.48187846,-0.50183934,-0.025252024,-0.25381383,-0.0048446655,-0.08337402,-0.012275152,-0.12119955,0.024851482,-0.046377562,0.07860871,-0.10674667,0.035013832,-0.02954305,0.09964142,0.017218526,-0.19802755,-0.27984467,0.18938598,-0.15054524,0.17475796,0.043465167,-0.16857503,-0.29395142,-0.22484538,-0.00028584898,-0.1298645,0.08846639,-0.041670736,0.25342128,0.14737141,-0.2593994,-0.2962072,0.13901164,-0.23813069,-0.14579569,0.13908692,0.0228611,0.07077026,-0.18657023,0.045212813,0.052164715,0.12797852,-0.23914438,-0.08149414,0.24249674,-0.0502889,0.13710734,0.25668436,-0.044208016,-0.027038574,-0.28297424,0.18895467,-0.11946716,-0.03310547,0.14640096,0.07180405,-0.21139324,0.10937233,0.0036458336,0.045206703,0.16736373,0.10700913,0.22397868,0.12638333,0.07272542
lemon,-0.30522352,-0.059740856,-0.07774718,-0.024208577,0.090136334,0.14428228,-0.08450521,-0.08187866,0.021175638,0.3488093,-0.055358887,-0.24983916,0.39664716,-0.11562195,0.07437745,-0.28114572,0.04406293,-0.23714142,0.04289144,-0.007641092,-0.024096683,-0.24381867,-0.0062053986,0.15761821,0.2916392,0.18003845,-0.093252055,0.033295695,0.020813495,-0.32981986,0.10377808,-0.31059772,0.25983125,0.081012346,-0.106833905,0.014314778,0.18226013,0.17336425,0.2581304,0.063224286,-0.032173667,0.3143463,-0.002273053,-0.012945938,-0.28359273,-0.116585284,0.051175945,0.0448527,0.060048424,-0.04045309,0.04166158,0.052368164,-0.13862304,-0.24223633,0.37393698,-0.09238078,0.012076823,-0.15795593,0.23204955,0.0015075684,0.31940207,-0.23898977,-0.020388283,-0.032322183,0.097886145,-0.102724455,0.045196533,-0.03225759,-0.09674886,0.018212892,-0.46590272,0.042680867,-0.074316405,0.066705324,0.037265014,0.086762495,-0.12655029,-0.09904124,0.13384704,-0.1508545,0.08729248,-0.12665787,-0.13127594,0.07116699,-0.064257815,-0.05221151,-0.12774658,-0.07562713,0.01877645,-0.11017049,0.45846862,-0.1934723,0.13231811,0.09556682,-0.22811177,0.1478536,0.1817098,0.14264221,-0.05520223,-0.16820374,-0.13421275,-0.07013143,0.35526252,0.032461546,0.050297037,0.07509358,0.031566367,-0.22097981,-0.17972654,-0.0033355653,0.33310953,-0.11306356,-0.11320801,-0.20113525,-0.022289531,0.06780904,0.14599222,-0.11306457,-0.017558035,0.0020868927,-0.04188232,0.068259686,-0.15485637,0.16655478,2.0340085e-06,-0.06262004,0.14079794,0.06589419,0.09187418,0.095751956,-0.13200176,0.37392515,0.2135315,-0.19753417,0.06548767,0.08926493,0.037884522,0.16930339,0.20892844,0.054945882,-0.24604543,0.11621907,0.0020151772,0.03436686,-0.23553212,-0.23019448,-0.08532778,0.058913674,-0.008052066,-0.1688619,0.38017783,-0.15368855,-0.024835207,0.08966878,-0.23983562,-0.22153778,-0.0058237687,0.27738678,-0.22313945,-0.06399892,-0.04498698,-0.2579647,0.0696462,0.010896809,-0.08731557,-0.0053263307,0.03133138,-0.039940782,-0.09952927,0.1338913,-0.12507312,0.19185995,0.030793253,-0.19764811,0.081466675,-0.042415366,-0.008649699,-0.20595475,0.047705077,0.09852498,0.0006713867,-0.10548706,0.1730713,-0.093820184,-0.07052155,-0.32905602,0.07853597,-0.1380666,0.00016886741,0.15427093,0.02672933,-0.23761393,-0.2668742,-0.5011378,0.038843915,-0.22909854,0.101623535,0.17725575,0.24705404,-0.17112833,-0.13868713,0.16899008,-0.038387045,-0.05476888,-0.01919759,-0.026770018,0.26732993,0.0027013123,0.109778345,-0.20895793,-0.107235715,0.029556785,-0.13445231,-0.38529867,-0.10576172,0.028559364,0.0052213036,0.13903606,0.23447011,-0.09407959,0.0639534,0.39767456,0.08926341,-0.14899293,0.15942585,0.08277766,0.12085164,-0.058325704,0.23878936,0.14261374,-0.04652507,-0.23627065,0.14069214,-0.122533165,-0.053273518,-0.09116211,-0.02443644,-0.12836285,-0.13855807,-0.24046199,-0.07803259,-0.107551575,-0.021118164,0.07903344,0.15858561,0.100107834,0.20069274,0.061152652,0.15204239,-0.12474569,0.2946757,0.015840149,-0.014947001,0.07309061,-0.16656342,0.27337036,-0.13052571,0.010451317,-0.18163249,-0.26427817,-0.09717407,0.30054525,0.11027934,-0.15232544,0.34139606,-0.13688558,0.11865565,0.10440267,-0.21057129,-0.10675405,0.12729289,-0.13949788,-0.22392069,0.37443846,0.08389626,-0.11477661,-4.679337e-05,-0.028761797,-0.05022176,0.025073245,-0.028206892,-0.03413086,0.10773112,-0.15813802,0.041404217,0.21176249,-0.064303845,-0.14752197,-0.11012268,-0.07471721,-0.1485199,-0.117333986,0.09952596,0.13381577,-0.15475261,0.031583026,-0.34114176,0.23661296,0.060430147,-0.176194,0.08970133,-0.15633151,-0.07571208
mango,-0.43582714,-0.03647013,-0.059893176,-0.25345662,0.12651329,0.093501024,0.16952312,0.06967163,0.1841395,0.008233134,-0.13934326,-0.23128447,0.011881515,0.10166321,-0.0057006776,-0.08583323,0.1646684,-0.0008132905,0.16203207,-0.06623484,-0.095141605,-0.31120148,0.18495671,-0.22128804,-0.050890096,0.14292908,-0.034170024,0.0027781166,-0.00457713,-0.044175338,-0.012676999,-0.1598409,0.15192108,-0.1523861,-0.13710734,-0.14242351,0.20423278,-0.12009277,-0.029223124,-0.20777181,-0.2943807,0.19520569,-0.21809337,-0.031443406,0.009376019,-0.18384603,0.31692302,-0.18335775,-0.22718301,-0.023851529,-0.086634316,0.10949707,0.13579102,0.03852539,0.14346822,0.06631063,0.050895184,-0.25903016,-0.055059813,0.04633789,-0.009455362,-0.114478044,-0.1395289,0.018459067,-0.24684042,0.010190584,0.11392212,0.023284404,-0.18561605,-0.012548827,-0.4951996,0.2575246,-0.24326172,0.0491272,0.0657074,-0.03091329,0.054113768,-0.18497874,-0.13177796,-0.19382325,-0.039416503,-0.1989235,-0.106861874,-0.2154541,0.26191407,-0.06954549,-0.26934814,0.06914826,0.0031514503,0.010679118,0.13717957,-0.29112855,-0.11133423,0.013779707,-0.18611959,0.10171102,-0.17229411,0.08539124,-0.018336996,0.12854919,0.24567007,0.22002971,-0.08712031,-0.1757904,-0.043208823,-0.24277751,0.081371054,0.07809245,0.11470706,-0.09830627,0.018503824,0.027561441,-0.029711917,-0.32906494,-0.30134228,0.007262163,-0.052860323,-0.2643097,0.2339068,-0.060657248,-0.35975343,0.00807902,-0.31647745,0.18266806,0.15503132,-0.17297159,0.005055748,-0.15432066,0.30012614,0.0021240264,-0.036786906,0.06826108,0.28189087,-0.16628417,0.1697052,0.18863016,-0.3673889,0.0037760437,0.14447531,-0.13401896,-0.025220236,0.11231282,-0.18768209,-0.04375814,-0.28240713,-0.26144448,0.07849058,-0.03086904,-0.10058136,0.07967326,0.20537312,-0.3060323,0.10083618,0.03498128,-0.25643718,-0.20005341,0.24954733,-0.11421477,-0.23876445,-0.107455954,-0.12408854,-0.13589439,-0.23162334,-0.3554362,-0.19376089,0.014204919,0.25203452,-0.074902244,-0.27433395,0.39853972,-0.058178585,0.16549276,-0.10983175,0.031844072,0.30119324,-0.03606771,-0.2378062,-0.33876723,0.00034179538,0.24500936,-0.042541504,-0.118182376,0.19748536,-0.058663934,-0.085169986,-0.28413415,0.038496904,0.006952923,0.021897383,0.08054046,-0.09534098,-0.02203776,0.093477376,-0.16129404,0.07497673,-0.23593448,-0.081970215,0.43799794,0.13572592,0.124770105,0.08421326,0.022993974,-0.17559408,0.14689128,-0.17935383,0.15828857,0.043208823,-0.13157603,0.042700704,0.07168172,0.0014068633,0.20167592,-0.11443278,-0.37748617,0.14570312,0.12755838,-0.0025911964,0.16491497,0.11435293,-0.11556397,-0.031505585,0.29611206,0.34414622,0.0045715347,0.053957112,-0.18724187,0.31518757,0.22731882,0.048481748,-0.03756205,0.09702962,0.044491068,0.26862183,-0.25754294,-0.10698445,0.021386718,0.273232,-0.12640972,-0.39441743,-0.04685847,-0.1063529,-0.010215759,0.09436035,-0.068549566,0.13417155,0.14551799,0.05664978,0.013056949,-0.38116074,-0.13841756,-0.21020712,0.01455841,0.20081228,-0.071074426,-0.11773529,0.2929016,-0.31118977,0.13569546,-0.16796061,-0.13097738,-0.051275633,-0.11254069,-0.16923116,0.21193238,0.3120992,-0.11344808,-0.00079015084,0.001375325,-0.3843994,-0.19269155,0.26791787,-0.11117757,-0.30888164,-0.084545895,0.040927507,-0.04006958,-0.14408976,0.14140421,0.24714153,-0.0071533173,0.0474767,-0.17524414,0.10382487,-0.1249349,0.032126874,-0.003569536,-0.2963595,0.17816162,-0.1775055,-0.1323344,-0.116415404,-0.20815429,0.26456502,-0.24850845,-0.25729167,0.2483799,-0.35676676,0.0896403,0.10730515,0.027259063,0.13608806,0.13419583,0.18405354
strawberry,-0.43796295,-0.022417244,-0.04676569,-0.27689412,-0.1942875,-0.021611277,0.2037028,0.10952759,-0.03216909,0.099785864,0.0115356445,-0.3660501,-0.093343094,0.09385071,-0.114099115,-0.068255104,0.074824646,-0.10237579,0.061446127,-0.094555154,0.06574707,-0.074263,0.004536789,-0.16953023,0.47718608,-0.05970764,0.2719823,0.0019236244,-0.004088849,-0.023911666,0.03834839,0.06440227,0.21686248,-0.04691734,-0.18788859,0.13101399,-0.04137268,0.059350587,0.16340382,0.21410319,-0.23383382,0.16004944,0.12956288,0.16338082,-0.07558492,-0.25122884,-0.07174886,0.10668132,-0.23304239,0.102613315,0.124303184,0.028686523,-0.007946778,-0.12700196,-0.030970257,0.22842,0.1260905,-0.23754577,0.065545656,-0.13359375,0.09283956,-0.08127492,-0.02722422,-0.07724406,0.061753336,0.16680679,0.053863525,-0.023224385,-0.26569417,-0.05258789,-0.15535584,0.2887746,0.011621095,0.025689699,0.08059998,-0.16714376,-0.10408936,0.0025212616,0.13677673,-0.07199707,-0.344104,-0.21259537,-0.22258453,-0.18322754,-0.10087891,-0.07101034,-0.10430908,0.02888031,0.08322957,0.0033548996,0.46237487,-0.15880433,-0.015386961,0.06111247,-0.32283834,0.07210897,0.013741046,-0.04241638,0.041233316,0.0015960634,0.07135366,0.098935954,0.054321036,-0.16700134,-0.12670492,0.007954914,0.26203513,0.13107097,0.06636722,-0.16498718,0.029917398,-0.3073995,-0.18742676,-0.040979005,-0.29157665,0.047301225,-0.09619528,-0.12026672,0.07179743,0.1607783,-0.039440915,0.006736247,-0.22468059,0.105031334,0.22436726,0.094118245,-0.047678627,0.10251528,0.05806071,-0.032543942,0.033250935,0.17275327,0.088531494,-0.0901123,0.04934387,0.10513407,0.07401733,-0.04407552,0.19330344,-0.025498454,0.2012202,0.085945636,-0.2550649,-0.04082845,-0.09539541,-0.27316323,-0.14880435,-0.0043187477,-0.022944644,0.36434123,0.15361531,-0.4935323,-0.074639894,-0.084403485,-0.22909343,-0.045756534,0.061070763,-0.12983978,-0.09325664,-0.048373923,-0.04205729,-0.017730333,-0.1100413,-0.045865886,-0.22501089,-0.004349768,0.10310873,0.18881899,0.041095734,0.011088561,-0.11823718,-0.2573588,-0.14694113,0.09080403,0.17912292,-0.043391928,-0.15870464,-0.27626723,-0.13735351,-0.07481486,0.15667725,-0.13771363,0.35471192,-0.13874206,-0.081263736,-0.16401698,0.026778154,0.03872172,-0.03791707,0.017308045,0.10094808,-0.21417643,0.07687581,-0.23844248,0.12868766,-0.055026285,-0.13861084,0.2544042,0.20408529,0.12916464,0.004135132,-0.055131026,0.025699869,0.19181316,-0.17740071,0.05074463,-0.052982584,-0.13841197,-0.05428416,0.1601827,-0.040097043,0.14942983,0.091133624,-0.15678304,-0.042285156,-0.026616417,0.28000158,0.16784465,0.02206777,-0.14632568,-0.26563644,0.56173706,0.30898997,0.18987426,-0.1137675,-0.13646062,-0.020261638,0.12868601,-0.055155948,-0.17330423,0.06187337,-0.116641745,0.13776246,0.025171913,0.014597576,-0.012670899,0.20975545,-0.2934019,-0.4705893,-0.0010744731,-0.25772008,-0.0043563843,-0.03552246,-0.06330054,0.009903971,-0.0082906075,-0.04149475,0.055293277,-0.04278183,0.0109965,-0.051027425,0.07962189,0.22327322,-0.16580099,-0.2505478,0.26751098,-0.1671468,0.12007046,-0.031241864,-0.12023519,-0.22754517,-0.2424235,0.040729776,-0.051739503,0.10067342,-0.22868246,0.30420253,0.055086263,-0.21154785,-0.1106603,0.13803507,-0.1805135,-0.122358195,-0.03571777,0.22256812,-0.039764404,0.01704305,0.22441202,0.05637614,0.1630127,-0.19226938,-0.030712891,0.14581706,-0.043208823,0.07753703,0.13266093,0.12649205,-0.018249512,-0.30836487,0.13622029,-0.23470154,-0.13588867,0.33097127,-0.06833267,-0.044889323,0.08724709,-0.19661051,0.0998942,0.10144577,-0.019944001,0.26694742,0.10978177,0.2240926
watermelon,-0.35893756,-0.044741116,0.02753594,0.0297465,0.0046871193,-0.0045214337,0.09530436,0.009429932,0.13335826,0.17888743,0.24835205,-0.3816751,0.026529953,0.09775696,0.25748292,0.095319115,0.17443402,-0.096516415,0.110274255,-0.3611567,0.052563474,-0.18717805,-0.18125422,-0.15488179,0.2916392,0.028640747,0.12696278,-0.19961447,-0.12225291,-0.12669487,0.009539798,-0.17509969,0.09064178,-0.27347985,0.023048911,-0.085050456,-0.05699768,-0.047827147,0.3079351,0.19652507,-0.135201,0.40223694,-0.08146617,0.18291207,-0.12636617,0.13256022,0.14407146,0.13011882,-0.04749552,0.07722269,-0.18819682,0.02355957,-0.11811523,-0.13579102,0.073155716,-0.021091715,-0.07679036,-0.16967468,0.04796753,0.044384766,0.11432394,-0.005347188,-0.040896095,-0.07138468,0.12425333,-0.110536955,0.21255493,0.028777568,-0.18463948,-0.23618165,-0.29598084,0.0031300858,-0.005224608,0.0134826675,-0.0995758,-0.018279012,-0.03817139,-0.11857249,-0.07123108,-0.22995606,-0.25621337,-0.16962662,-0.2128189,-0.13146973,-0.03569336,0.16849162,-0.2029419,-0.25580293,-0.07228801,0.03484904,0.19479676,-0.08409729,-0.090826415,-0.15052694,-0.10457662,0.24648641,-0.22112224,0.07071228,0.24899699,0.0474945,0.283756,0.13995159,0.13211797,-0.0405365,-0.11889242,-0.10068767,-0.045551553,0.014798991,0.23628908,0.09334412,-0.015523275,-0.3679464,-0.27922362,-0.2548462,-0.2642329,0.056090288,0.18896097,-0.13467102,-0.079081476,0.14320017,0.029895023,0.030967204,-0.25202432,-0.008249916,-0.042966716,0.0004903162,-0.28693643,0.12204653,0.20246989,0.118823245,0.13118184,0.22548765,0.06314087,-0.20339355,0.16921692,-0.17660421,0.13065796,-0.08020833,0.32025656,0.12037557,0.0461909,0.17969564,-0.018736776,-0.0681722,0.009035746,-0.008774186,0.07849058,-0.11149648,0.085697934,0.11922404,0.080617264,-0.2513448,-0.036553957,0.033028156,0.06582845,-0.20981903,0.0366567,-0.16499603,-0.26220194,-0.19144033,-0.14947917,-0.13980064,-0.085138954,-0.26559246,-0.10098744,0.1685018,0.025960285,0.12729555,-0.102458954,0.012797546,0.017382938,-0.19974162,0.042267863,0.016707353,0.050216675,0.29840493,0.24949849,-0.21572037,-0.26723632,0.19618124,0.2387085,-0.1670105,0.11057129,-0.05280456,-0.1447403,0.05577062,0.2884969,-0.095097855,-0.039381914,-0.023722839,0.12145589,-0.05328776,0.134493,-0.015053812,0.26442987,-0.12070011,-0.22064209,0.25733387,0.084944665,0.017958578,-0.17115784,0.12382405,-0.20391439,-0.015462239,-0.1412679,-0.19376221,0.031001791,-0.22483775,-0.028161112,0.2695577,-0.006893918,-0.21141002,0.07062581,-0.22123617,0.19941406,-0.12915549,0.26437658,0.24499309,-0.069729105,-0.16585693,-0.078624725,0.33517456,0.31680247,0.07659302,-0.16332805,0.13307063,-0.1721171,0.118920386,0.057087705,0.0029652938,0.27867025,0.07769419,0.04059448,-0.006566368,-0.018605549,0.17006835,0.006142173,-0.18598004,-0.3768393,0.03224309,-0.083403684,-0.0014266968,0.027648926,0.07512719,-0.010847982,-0.23631795,0.13233337,0.008174136,0.005558014,-0.06615194,0.007993571,0.22415313,0.18128103,-0.086699426,-0.25250092,-0.098211676,-0.013826497,0.31245327,0.22510579,-0.12707113,-0.16016236,0.021492511,-0.2649343,0.19533081,0.09579061,-0.32438558,0.16553065,-0.020597331,-0.084106445,-0.096988425,0.30502725,-0.06723226,0.11006368,-0.07380371,0.10733376,-0.05142212,-0.19731241,0.15409952,0.10505168,-0.031079099,-0.12000377,-0.04145508,0.055485025,0.19830729,0.07070109,0.042817183,-0.06747767,-0.34820557,-0.24977112,0.015614826,0.15592346,-0.014550781,0.17374471,-0.08444595,0.03506673,0.14754982,-0.16145426,0.13700359,0.029668426,0.02653427,0.024881998,-0.14461276,-0.010770671
beach,-4.7556467e-05,0.05248481,0.15089656,0.21138713,0.03472786,-0.13403803,-0.060335286,0.09390259,0.0049402863,-0.30939382,0.0178833,0.1368796,-0.04915364,0.24912414,-0.28011474,-0.16102855,-0.051518124,0.12809296,-0.044877116,-0.017650858,-0.20476075,-0.024580382,0.19960515,0.010523478,0.23304546,-0.1441803,0.23975575,0.0850535,-0.076354474,0.103285596,0.06764527,0.16401164,-0.01678009,0.019244768,0.19394735,-0.04305827,0.2403656,0.115625,-0.29753366,0.028556313,0.008719888,-0.079208374,0.07682851,-0.34345514,0.13877055,-0.010506183,0.2055949,-0.18628743,-0.30921426,0.07233988,-0.18429057,0.052856445,0.043017577,0.41010743,0.08292134,0.32607627,0.059684247,0.06177063,-0.08972778,0.076855466,-0.03606669,-0.036353048,-0.036989845,-0.1856425,-0.13648885,0.15948257,-0.06576538,0.18551585,0.122977704,-0.4432129,0.015115356,-0.031537883,-0.17978516,-0.05042114,-0.06344299,-0.11489766,0.18594971,0.09090017,0.19146423,-0.0026611332,-0.060412597,-0.05062332,-0.140065,-0.07800293,-0.03959961,-0.062221274,0.023620605,-0.064884946,0.25363973,0.1403178,0.030245975,0.16394958,-0.0479187,0.07502849,0.099036664,-0.12460734,0.013252765,0.020816043,0.16891886,0.10315856,-0.10442759,-0.076112874,0.26932502,-0.02100525,0.15356852,0.26308188,0.31672263,0.16183269,0.1137305,0.09334412,-0.07655843,-0.09353231,0.1548584,-0.18258056,0.05192922,0.3578481,-0.031480853,0.19565125,0.014187876,-0.051624045,-0.04188232,-0.25888875,-0.04694621,-0.0814921,0.03393758,0.028322347,0.12663779,0.21579653,-0.045576986,0.059619144,-0.25211895,0.018456392,0.02456665,0.1886963,-0.018771365,-0.003752645,0.11600952,-0.19348958,-0.24126688,0.17408651,-0.01899465,0.10059407,0.054993693,-0.050594077,-0.07195791,0.1819149,0.13781674,0.12141368,0.11499481,-0.23038533,0.17119344,0.15978801,0.251532,0.06232503,-0.09383952,-0.07212372,0.018102013,-0.018511645,0.019536335,0.123012796,-0.24127604,0.25570717,0.23517354,0.12503254,0.14998911,-0.010209143,-0.015177409,-0.034081407,0.062335968,-0.27235872,-0.095776245,-0.23001505,-0.15475363,-0.060929365,0.18205261,0.1328776,0.07274068,-0.225486,0.028662108,0.13661093,-0.062072754,-0.122088626,0.24436036,0.035086066,0.049107358,-0.11518885,-0.09297282,-0.03650411,0.02067668,0.06345062,-0.22327067,0.46453452,-0.1496867,0.016135152,0.022730634,-0.113375895,0.18170166,-0.16161144,0.15135092,0.08521932,0.27659607,0.13017172,-0.15801595,0.036783855,0.12093913,-0.29727784,-0.22583415,-0.17600963,0.069251,0.07863973,-0.0855072,-0.26023814,-0.23210856,0.101029456,0.10664062,-0.13794455,0.12961096,0.19909465,0.06064199,0.25699463,0.074207306,0.010467529,-0.1421819,-0.12555543,0.06958211,-0.0020612082,-0.28832805,-0.005164083,-0.104960635,0.08206686,0.21812338,0.25982308,0.20905152,-0.004613243,-0.08159383,-0.24985352,-0.33223674,0.17144184,-0.00013033487,0.16969426,0.19540492,0.16507721,0.21008301,-0.04987281,-0.14561361,0.100107834,0.19043884,-0.042118832,-0.03081894,0.087412514,0.120847575,0.034211732,-0.07750804,-0.032500204,0.11322174,0.08294067,0.26302898,-0.043869972,-0.08299968,0.03650309,0.046136476,-0.10668132,0.18965556,-0.21775512,-0.24063517,-0.07340902,-0.031124623,0.09756673,-0.22717285,-0.26886344,-0.13637899,-0.101411946,0.011095174,0.12053223,0.26553687,-0.3496399,0.2792501,-0.1525411,0.3155009,-0.0076415986,0.009390764,0.014453124,-0.19988607,0.13092448,-0.16465047,0.0018015578,-0.1586642,-0.014709473,-0.092544556,-0.07569377,0.067056276,-0.14956054,0.33878377,0.18703842,-0.048307292,-0.19595604,0.23112386,0.03251139,0.067266084,-0.093186185,-0.07436117,-0.048909634,-0.040677898
field,0.033700477,0.009766595,-0.015244317,-0.27689412,0.1807125,0.12865728,-0.36270344,0.09536743,-0.27875113,-0.029364523,-0.18035889,-0.07906278,-0.058430985,0.20615539,-0.012536615,0.16611989,0.017207462,-0.06721954,-0.09236246,0.09343313,0.099926755,0.19270477,0.07668035,-0.07040914,0.055799358,0.07896423,0.038705952,0.116791785,0.008606464,-0.30833548,-0.1677063,-0.26567584,-0.005549621,0.00093422085,-0.14491984,-0.111417644,0.0030609146,-0.14255372,0.07380422,-0.14673665,0.045585122,0.2655182,-0.07681224,0.21513863,0.12998149,-0.22339681,0.15774333,-0.1482015,0.09764608,0.013257846,0.06180318,0.11340332,-0.01258545,0.060009766,-0.12899272,-0.07303263,-0.14295247,-0.018795777,0.12609252,0.20917968,0.11090597,0.065209456,0.11842092,-0.09091593,-0.2419576,0.1350685,0.0284729,0.011199443,0.14446208,0.13149413,0.090249635,0.080766805,0.16787109,-0.22235718,0.037142944,-0.07046407,-0.10018311,0.13777517,-0.0032379152,0.13430175,0.013439942,0.033498384,-0.15959625,-0.10437012,0.096875,0.17435099,0.08782959,0.2774002,-0.21999308,0.24529827,0.015597537,0.021371461,0.0073181167,-0.011855058,-0.033196006,0.15761922,-0.021415204,0.15045471,0.0149882,-0.03551331,0.031436667,-0.018251546,0.10794805,0.19188538,0.019535318,-0.022257488,0.02131246,0.028623454,-0.0016373952,-0.18961486,-0.030659994,0.103000894,-0.23625489,0.13333741,-0.06989695,-0.18023783,0.060054716,0.2640106,0.07960993,-0.14073537,0.10435791,-0.052834064,-0.067820236,-0.19184366,-0.11157023,-0.07238566,0.17937216,-0.17775816,-0.18522543,-0.15510254,7.8327954e-05,-0.1219855,0.017730713,0.12692872,-0.09787293,-0.0032643639,-0.06074829,0.036002606,-0.16021219,-0.048691813,0.10356394,-0.28124186,-0.10174459,-0.2629964,0.08429209,0.18679771,0.20080502,-0.014328513,-0.042109683,-0.048500568,0.010670979,-0.08337606,0.0322937,-0.21111247,0.22989094,0.043598935,0.06400045,-0.026568286,0.14697774,0.10787608,-0.13190104,0.20199624,-0.0016428623,-0.12203776,0.18514536,-0.07026774,-0.15323894,0.06674867,0.19539261,-0.037617493,-0.18562,-0.01712443,-0.06783956,-0.0990153,-0.10334778,0.06818034,-0.28565776,0.14427261,-0.07485352,-0.18858439,-0.09234619,-0.221698,-0.032250978,-0.082101434,0.015415952,0.18315099,0.031660967,-0.18689473,0.088669844,0.12106781,-0.24963786,0.1393392,-0.03750407,0.0011967977,-0.2394764,0.022427328,-0.024719238,0.03418935,-0.06837565,0.07911581,-0.09590149,-0.10395915,0.079288736,-0.16560872,-0.056306966,-0.12149658,0.10595296,0.035904437,0.026526388,0.19631551,-0.17583923,-0.052718606,0.05304769,0.15217692,-0.1506836,-0.009526573,-0.0069857277,-0.014772542,0.04111074,-0.13753662,-0.00712204,0.05899048,-0.15292409,-0.13727418,-0.14330852,0.04298274,-0.21313272,0.16384226,0.14357452,-0.09575907,-0.12904459,0.13677622,-0.1913391,-0.017796837,0.09321086,0.2208496,-0.15645549,-0.023504447,0.026118597,-0.022078196,0.11727991,-0.055625916,-0.06921387,-0.10175269,0.14296061,-0.008046467,0.02100525,0.08765717,0.16278458,-0.01610311,0.11889445,-0.09469452,-0.115105696,-0.07595724,-0.24859467,0.036065668,-0.17105305,0.034132957,-0.06053874,0.041385904,-0.055670165,0.016121417,-0.00858663,-0.032208253,0.022792563,-0.09586996,0.09033534,0.2206136,-0.042236328,0.10528208,-0.038539633,-0.17856038,0.19697775,-0.10310058,-0.25497094,-0.09475708,-0.22953898,-0.0657491,0.13923137,-0.014477536,-0.12781626,-0.14204101,-0.073543295,0.15729167,-0.0125508625,0.086762495,0.064968616,-0.16558838,-0.12965393,0.021718342,-0.023275755,0.11655273,-0.101401776,0.13088608,0.2534505,-0.21353416,0.03507894,0.17118327,0.059941866,0.15046616,-0.054829918,-0.0967612,0.02878011
ocean,0.0002929148,0.06107769,0.090192765,-0.06790975,0.12016563,-0.10864741,-0.09036458,0.002105713,-0.07660268,-0.2527532,0.101379395,0.09879366,0.16422527,-0.08461609,-0.17073974,-0.1571223,-0.39099565,0.025553897,-0.055710856,0.04878591,-0.01140137,-0.09026947,0.32167545,-0.041600548,-0.03709615,-0.05970764,-0.18895519,0.1216746,-0.22186229,0.0036762245,0.17409058,0.01459758,-0.26360625,-0.2695736,0.1353536,-0.27718914,0.034555055,0.04909668,0.060376488,-0.11621907,-0.063911945,-0.1255951,-0.002273053,-0.2243145,0.08319804,-0.10633138,0.23098552,-0.24781087,-0.08948771,0.14265238,0.026707966,0.05822754,-0.06123047,0.26557618,0.14346822,0.095607504,-0.2518392,-0.09618835,0.28478393,0.08125,0.0338796,0.34206492,0.016721092,-0.02353312,-0.18043417,0.16875991,-0.0032653809,0.19528148,0.10246989,-0.21079102,0.019631958,-0.14506328,-0.17685547,-0.36395875,-0.25240785,0.14535624,-0.16170654,-0.08536936,-0.18353577,0.1303955,-0.06383057,-0.08832779,-0.26652986,0.061401367,0.07099609,-0.19771932,-0.24786377,0.091365054,0.28879598,0.1271342,-0.2153595,0.2205902,0.13329467,0.03379924,0.21817729,-0.13730265,0.11408284,0.049807742,0.14157511,0.076791376,-0.121517435,0.37237346,0.18045782,-0.2070404,0.13550211,0.11073811,-0.2633555,-0.20633137,0.08785159,-0.17118225,-0.004048666,0.1769755,0.26862794,-0.24117431,-0.066967264,-0.11187846,-0.017398898,0.14487,0.19875056,-0.038928732,-0.015515134,-0.045021564,0.027272541,-0.36371866,-0.25512493,0.0926534,0.2775167,0.027319971,-0.29167074,0.040942386,-0.0343455,-0.11508853,0.17251587,0.122778326,0.2009552,-0.22738546,0.3826111,0.20201823,-0.07235209,0.013197836,-0.0129521685,-0.067130536,0.17364603,-0.018855793,-0.062192284,-0.16085854,0.11584409,0.15656993,0.14819793,0.11141154,0.27080283,0.09466349,0.22711793,0.045723468,0.0619222,-0.21958466,0.2632192,0.06547273,0.0024464913,0.4872706,-0.12018229,0.15316811,-0.061457314,0.102571614,0.09188365,-0.027787268,0.08504232,0.059912734,-0.0043144226,-0.009419251,0.15422376,0.06502889,0.0647288,-0.03944499,-0.027420044,-0.030208334,0.19285786,0.14087753,-0.046533205,-0.2530375,0.07733154,-0.14845581,0.014868164,-0.18171081,0.031773373,-0.18647791,0.008711748,0.15148418,0.041550703,0.19333343,-0.044925943,0.128597,0.027071126,0.050375875,-0.16574593,-0.014621012,0.089416504,-0.21629894,0.20799154,0.17555135,0.087142944,0.1030721,-0.15508626,-0.062093098,-0.026033528,-0.16739503,-0.08227946,-0.2863612,0.25723928,0.040675864,-0.053280637,-0.38328502,-0.025321452,-0.12357992,0.21015625,-0.014409386,0.15402502,0.034055583,-0.06753184,0.41812745,0.155262,0.051849365,-0.2046819,0.17717895,-0.05297648,0.21510188,-0.11010539,-0.14572805,0.002949521,0.18948874,0.18492025,0.13091685,0.1338562,-0.0016835555,0.10346477,0.005212402,-0.4318461,0.10698871,0.1275552,0.00329717,-0.029692747,0.04007721,-0.06530762,0.036552973,-0.17784017,-0.12791951,0.10364685,-0.06457977,-0.01934433,0.024088541,0.010862224,-0.026823426,-0.07653148,0.057862345,-0.34625092,-0.15524903,0.19271648,0.1425314,-0.23827311,0.14587809,-0.075201415,0.07666829,0.17891337,-0.06296997,-0.2640727,-0.36344808,-0.010715993,-0.14022624,-0.14172363,-0.25519156,-0.30434775,0.048429362,-0.20438944,-0.23688965,0.017978288,-0.2012024,0.08296102,-0.13349813,0.29792276,-0.22443847,0.111807756,0.1440918,-0.18426107,-0.12688802,-0.2525411,0.118012495,0.0051541664,0.15765381,-0.2243805,0.0640157,-0.04500427,0.062109374,0.30753377,0.046108246,-0.014005534,0.15243264,0.032393392,-0.079060875,0.048223116,0.14704819,-0.004414877,0.21622708,0.05270589
sky,0.05218823,0.16959316,0.17515619,0.07466838,0.0007808693,-0.117436476,-0.13369954,-0.0340271,-0.070255026,0.0831843,0.047668457,-0.18489775,0.18766277,0.03965149,0.26676026,-0.09022776,-0.23083942,-0.3445633,-0.07338053,0.021289572,0.12141113,0.18098602,-0.19004329,-0.09433492,0.06019389,0.071884155,-0.08397471,-0.078764856,-0.064635724,0.15846138,0.11452027,-0.0059102327,0.015568543,-0.20902672,-0.07448527,0.06509603,-0.17955628,-0.055639647,-0.09147898,-0.10694173,-0.05707601,0.24989319,-0.05207774,0.07500191,-0.06581929,0.2477946,0.03445231,0.27562663,-0.1236674,-0.050218716,-0.24581401,0.08703613,0.05571289,-0.03227539,0.22354634,0.049220785,0.005362956,-0.063900754,-0.13318482,0.15644531,0.15338643,-0.14426321,0.07922109,0.12191366,-0.11524862,0.12774429,0.2574768,-0.0840154,0.09465739,0.057275392,-0.0019439696,-0.22880352,0.032128908,-0.30634156,-0.43014222,0.344575,-0.29158935,-0.11466624,0.12115173,0.09230957,-0.00303955,-0.090769194,0.25104827,0.3968506,0.16035156,-0.13277791,-0.47247314,-0.03705292,0.16965535,-0.011049397,-0.348172,0.17566833,0.1821228,-0.05873006,-0.046165977,-0.16952921,-0.14788005,-0.01165466,0.17673136,0.28089294,-0.01726939,-0.12469686,-0.100792184,0.055288695,0.11426188,0.02187093,-0.24480082,0.02703654,0.2489844,-0.0013824403,0.20322673,-0.096462,-0.30461425,0.08914795,0.06779836,-0.17486674,0.17724222,0.3811981,0.31789118,-0.15855764,0.059436038,-0.27842,0.116139725,0.18462119,0.0146504715,0.11706746,-0.11408488,0.005347315,-0.02409261,-0.22150879,-0.25797832,0.030175142,-0.07888794,-0.018823236,0.20193176,0.11197001,-0.20039673,0.2547526,-0.09099833,0.041274007,-0.2128423,0.28028157,0.10919291,-0.015437825,0.04498545,-0.13253823,0.2642816,0.27278087,0.1022995,0.01387736,-0.35029092,-0.061891682,0.013739012,-0.07170817,0.23575032,0.01820831,-0.3305308,0.0049258545,0.02362569,0.42672372,-0.2627604,0.10414543,0.015202841,-0.065397136,-0.0102892,0.1763143,0.05183919,-0.15932554,-0.08488083,-0.07289581,0.035693485,0.049953207,-0.07955831,-0.19764811,0.026290894,-0.16155599,0.17918599,0.17563705,-0.23012695,-0.045029707,0.062683105,0.14353637,-0.22731933,-0.21882018,-0.19356842,-0.06831385,-0.3208781,0.2056834,-0.016432695,0.09372406,-0.024784341,-0.18146159,0.02462972,0.28597158,-0.17209359,0.13320614,0.061584473,-0.3061427,0.33103842,0.0026997887,0.09202576,0.16166586,-0.11309408,0.104410805,0.072599284,-0.17813721,-0.18872477,0.0070958436,0.08170217,-0.07907511,-0.3721283,-0.21922252,-0.037772622,-0.14311117,0.10859375,0.033930458,-0.01717097,-0.10656942,0.14755605,0.08218994,0.15819168,-0.17068481,-0.0159612,0.18596801,0.11450399,0.008803049,0.00195516,-0.039893087,0.11305694,0.013707481,0.03111165,-0.15228628,-0.24505004,0.022730507,-0.14311726,0.09291992,0.1824117,0.06743793,0.15148099,-0.16233699,0.014740847,-0.03804779,-0.119018555,-0.08087962,-0.31358236,-0.122060135,-0.06590881,-0.19836883,-0.119441986,0.067881264,-0.20141806,-0.040007018,0.18323416,-0.0005177818,-0.22808686,0.039971918,0.30209148,-0.072312355,-0.09569499,0.0013468415,0.084466554,0.13306478,-0.09696554,-0.124005124,-0.15372111,-0.020674642,-0.20751622,-0.14803874,0.08630371,-0.0007970184,-0.13198446,0.019132487,0.025713094,-0.2798584,-0.32430688,0.0058288574,-0.14701945,-0.0957784,-0.077077225,-0.12580566,0.08579152,-0.072705075,0.048160806,-0.17864583,0.33827922,-0.06945699,0.09328893,0.02923584,0.15452576,0.2534078,0.038735963,0.007299805,-0.04012248,0.21145248,-0.052701823,0.0017978698,-0.0023356117,-0.22041829,-0.048700713,0.11482163,-0.115865074,0.067789584,-0.45364177
sunset,0.018811531,0.27231154,0.29096335,-0.102089435,0.06938438,-0.1555224,0.119718425,-0.06137085,-0.16058706,-0.057074483,-0.14324951,0.1573874,-0.002766922,0.15928039,0.05972901,-0.24891917,-0.10046832,-0.112141415,0.106368005,0.19646047,-0.19792481,0.3743454,-0.18906672,-0.10605367,-0.08250631,-0.28089905,0.063242085,0.12362772,-0.0011591613,0.14039497,-0.19212036,-0.08647664,0.045658875,-0.2461361,0.111916095,0.10562337,0.0405365,0.006372072,-0.11101023,-0.17749837,-0.22992757,-0.12315369,-0.18635508,0.13896675,-0.054100543,0.42552897,0.13674724,0.07665202,-0.1285502,0.029371127,-0.28878275,0.15441895,-0.06391601,-0.029833984,-0.12459819,0.25381064,0.10411784,0.105227664,0.05223999,-0.058398437,-0.101496376,-0.27512258,-0.043825783,-0.06161906,-0.08521932,0.025693513,-0.15463257,-0.021881612,0.03362223,-0.09067383,0.027749633,-0.22782695,-0.16611329,-0.12860718,0.06473084,-0.16714376,0.037268065,0.07527517,-0.00043029804,-0.24167481,-0.043322753,-0.0385231,0.34089202,0.23083496,-0.1921875,0.19192912,0.010192871,-0.27142793,0.55637413,0.15154827,-0.348172,0.24012145,0.25438842,-0.077284746,0.11759135,0.23574422,0.30231526,0.12652893,-0.012416585,-0.0023101866,0.029178364,0.23370159,-0.05977656,0.06874695,0.058109537,0.13222249,0.16633199,-0.14187825,-0.022866186,0.043539435,0.04160563,0.037571207,-0.0380127,-0.07808838,0.02898,0.12542623,-0.07739645,0.222995,0.06911188,-0.101001486,-0.08436279,-0.21982625,0.0043233223,0.09233602,-0.14086711,0.33679402,0.05052694,0.17282778,-0.20573324,0.10991211,0.026567586,0.043847017,0.06997681,-0.092065424,-0.0881073,0.08267313,-0.21797486,-0.049934894,0.011174522,0.08082479,-0.052930195,-0.008048501,0.11114603,0.08612467,-0.017514547,-0.21261635,0.11779722,0.36653087,0.156987,-0.021706136,0.08794148,0.2095927,-0.101983644,0.11017659,0.075594075,0.06618194,-0.117640175,-0.10737883,-0.27782694,0.38375497,-0.15729167,-0.18960533,-0.11345927,-0.21578777,-0.09366322,-0.04829508,-0.07804362,-0.14272398,0.13924026,-0.018940736,0.16496594,-0.1323588,0.14505106,-0.18592936,-0.009353638,-0.021419272,-0.0683726,0.024025723,-0.020166017,0.14344686,0.16595459,-0.008319095,-0.21462402,-0.46100768,-0.21114655,0.014938101,-0.06404216,-0.15564473,-0.06867879,0.018772889,0.025752768,0.12176107,-0.334257,-0.065590926,0.11892204,0.12832333,-0.07147217,-0.029775493,0.35838217,-0.1799174,0.20433044,0.3218221,0.23553874,0.045572918,-0.19693196,0.010583498,-0.08227946,0.2790685,0.12052053,0.01565145,0.11712952,0.041046653,0.07013753,-0.20561117,-0.017626952,0.107683815,-0.13650233,-0.046510823,-0.05202891,-0.068200685,0.202137,-0.036895752,-0.21737722,0.279718,-0.027097575,-0.26341376,-0.1877421,0.014672343,-0.13328095,-0.015101112,0.28452963,0.14849497,0.18952027,0.07741801,-0.2808126,-0.09311523,0.0012593605,0.13921528,0.05541166,0.063737236,0.33602992,-0.02193451,0.07067871,0.018486567,-0.22373861,0.107920334,-0.019522093,-0.032353207,-0.2854576,-0.011220297,-0.05346883,-0.062467955,-0.08922679,0.13790995,0.19574127,-0.19830933,-0.024568684,-0.3105936,0.038582355,0.14490153,-0.24317017,-0.10668132,-0.15555929,-0.0055969246,-0.34024456,0.002030436,-0.11669591,-0.029386394,-0.23400879,-0.054019675,-0.025295004,-0.09945882,0.10322774,0.39006346,-0.19198266,-0.2060852,0.06733602,-0.11592,-0.059499104,-0.21271972,-0.011117049,-0.23481445,-0.08025716,-0.1351888,-0.0047383625,-0.10012715,0.10989049,0.07952881,0.059677124,0.22801717,-0.026693724,0.08017578,0.035561115,0.08840561,0.049348958,0.0047275573,0.02018636,-0.13106282,0.060186006,-0.18107681,-0.06654867,0.114664584,-0.13967693
dawn,0.06752483,0.2490684,0.21967313,-0.014687093,0.14165,-0.14185053,-0.15176594,0.07131958,-0.18695424,-0.12628835,-0.058288574,0.018715538,0.050944015,0.09287415,-0.14730224,-0.037127174,-0.09265582,-0.019367978,-0.088578284,-0.10920359,-0.1005127,0.4134079,-0.15098079,-0.25839743,-0.3333608,0.008041382,-0.001699321,0.005219523,0.10266164,0.020632554,-0.10984497,0.106394455,0.024723817,-0.055706404,0.0337911,0.08023275,-0.11315002,0.13442382,0.08576711,-0.26050618,-0.053658042,-0.04966736,0.0026097596,0.08281441,-0.018944293,0.18920085,0.03347575,0.26488444,0.37242636,-0.35099995,0.38504538,-0.11755371,0.2197754,0.2284668,-0.005701702,-0.04233195,0.21691081,0.17944641,-0.07605591,0.09052734,-0.35247293,-0.24582571,-0.10241953,-0.09872843,0.22386271,-0.10858383,-0.1614685,0.010039775,-0.15387776,0.20083007,-0.022787476,-0.3518504,-0.029028319,-0.21063843,0.24856873,0.07309062,0.10880127,-0.008220926,-0.083926395,-0.13620606,-0.116564944,-0.05414047,0.05231781,0.0579834,0.20527343,0.10599162,-0.089660645,-0.08588104,0.18332723,0.01507365,-0.2280548,0.07557068,0.19188842,0.114609785,-0.18416646,0.14736532,-0.056083173,-0.22893982,0.19528605,-0.0013336241,-0.13323618,0.11163127,-0.1134875,0.16991273,-0.15600179,0.18495686,0.17512105,-0.08474935,0.02205569,-0.14945373,0.12266032,0.029270425,0.13532715,0.146521,0.21037649,0.039977007,-0.0891152,0.07065125,0.1064654,0.061168924,0.21739502,-0.08359578,-0.03797404,0.33354697,-0.0053690597,-0.18371378,-0.034495033,0.029761378,0.047928873,0.19206543,0.06440938,0.18447202,0.30337524,0.03879395,-0.041720584,0.095124304,-0.14863892,-0.07532552,0.18158469,-0.0717631,-0.21186574,-0.0269694,0.15509135,-0.17412923,-0.14178212,-0.02975502,0.26037535,-0.15544179,0.06909637,0.21492717,-0.20185344,0.17736614,-0.34710082,0.008614093,0.008699544,-0.045756534,-0.13497415,0.11185945,-0.13622539,-0.022983298,0.0033528656,0.24008217,-0.06707255,-0.076627605,-0.21329214,-0.35981852,-0.2528483,0.009619765,0.076740265,-0.08803253,-0.13386218,0.050014243,-0.06979269,0.19248861,0.0052948,0.022770181,-0.10499369,0.16037826,0.0027832016,-0.03819377,-0.11187744,0.101300046,-0.10427246,0.12151185,-0.04708405,0.007369742,-0.20027262,-0.06287129,-0.013014726,-0.08230133,-0.15149333,0.12371419,-0.078641765,0.04085439,0.24880485,0.2748077,-0.28411865,-0.13426769,0.35056967,-0.117417395,0.23558044,0.27397054,0.1373942,0.22306316,-0.0709554,0.13363037,0.07299398,0.23414662,-0.07820994,0.14553426,0.061465457,-0.051253762,-0.21746013,-0.05815023,0.09541015,-0.02759298,-0.18288904,-0.14758503,-0.061794534,-0.2185913,-0.046398163,-0.19998169,0.14199778,-0.015814207,-0.026609294,0.0074068704,0.14331259,0.001122538,-0.077616885,-0.10677592,0.19273275,-0.12933706,0.06818237,0.27077737,-0.060597736,-0.2400879,-0.10567424,0.1489809,0.20714505,0.11744817,-0.05508337,0.07132721,-0.1854248,0.06926782,-0.18662924,-0.17186482,0.06885681,-0.07727508,-0.004207611,-0.13158162,0.15991007,0.066438295,0.095831804,0.024384562,0.25628814,-0.15256348,-0.05435384,-0.16606236,0.14429525,-0.14904378,-0.1826233,-0.02172038,-0.19657491,0.032061767,-0.38711956,0.10969645,0.045657605,-0.22860515,-0.16320801,0.25555062,-0.11880086,-0.16195881,0.15205587,0.13664551,-0.028896712,0.018035889,-0.013962809,0.13847452,-0.07903035,-0.05939941,-0.08680064,0.07817383,-0.010921225,-0.20208333,0.06142375,0.054535933,-0.046275582,0.19866943,0.2394867,0.14842732,0.27897033,-0.089501955,0.19425252,0.04391098,0.09036458,-0.19400291,0.05143636,-0.11983236,0.005582428,-0.26896745,-0.039204918,0.12638333,0.17917073
day,0.09148947,0.087286666,0.0031929463,-0.13236287,0.106493756,0.03612798,-0.028230794,0.07876587,0.010555521,0.11736399,-0.010437012,0.11246554,-0.10432942,0.022073366,0.09586182,0.13584645,-0.066288635,0.22379608,0.07023519,-0.07600047,-0.033862308,0.07258759,-0.044535477,-0.09677633,-0.057573445,0.075546265,-0.08446299,-0.11855978,0.18438771,0.13160591,0.054949954,-0.01274617,0.115299985,0.028766252,0.011086021,0.03042806,0.08216248,-0.002905272,7.3751435e-05,-0.14527181,-0.07074788,-0.09239197,-0.019118756,0.046437453,0.06088969,0.11205241,0.122098796,0.0058512352,0.036732994,0.03034769,0.14676411,-0.099487305,0.019824218,0.076611325,-0.14315288,-0.095798746,0.074332684,0.020266723,0.05883179,0.0027893067,0.0022023525,0.08718211,-0.032107033,0.029201254,0.038315836,0.0388237,-0.027191162,0.112761945,-0.04737142,0.033837892,-0.03670349,-0.05033671,-0.008398436,-0.00067748874,0.04422302,-0.03542989,0.0975708,0.26179862,-0.10052796,0.051293947,0.07630615,-0.0564064,0.023997497,-0.04748535,-0.091113284,-0.022853596,-0.016906738,0.076228335,-0.018332925,-0.054018147,-0.14895324,0.10535584,0.10985718,0.309434,0.17813823,-0.000583902,-0.17620036,-0.31097108,-0.005641683,-0.029653937,0.096744284,0.022275798,0.005653128,0.23631898,-0.08861898,-0.15049236,-0.0633433,-0.087679036,-0.21878904,-0.20377502,0.014261881,-0.021266684,0.102185056,0.209021,0.0524175,-0.0249644,-0.033443514,0.17221375,-0.016459402,0.03187205,0.053820804,0.047996014,0.059987385,-0.051706947,-0.1228007,0.036134847,0.12517294,-0.05540174,0.040848795,0.23552246,0.007890828,-0.10567767,-0.03012085,0.06467286,-0.11545105,0.023163859,-0.112017825,-0.065559894,-0.26861063,-0.03990275,0.041063946,-0.14305827,-0.10906881,0.2155192,-0.108579,0.041778184,-0.10437075,-0.18815663,0.001713559,0.01790568,-0.1481425,0.0759257,0.011785887,-0.041190594,0.110750325,-0.06431122,-0.08455912,0.091351636,-0.073237106,-0.01590322,-0.13776042,-0.069488145,0.055974327,-0.073209636,0.041590683,-0.04048258,0.11726888,-0.08608336,0.14290237,-0.006977845,-0.046948116,0.14254354,-0.107878625,0.004500322,-0.0010528564,0.044132486,-0.25538433,0.07431869,-0.06801758,-0.09806926,0.086364746,0.049298093,-0.009667968,-0.024484247,0.13138275,0.083175406,-0.03279216,0.22814433,0.10759074,0.16110687,-0.13293864,0.11199544,-0.072721355,0.025961813,0.00026969612,-0.121676676,0.014221191,-0.17137706,-0.10987955,-0.015854899,0.02708435,-0.21333414,0.059757486,0.030069988,0.040616862,-0.03165283,0.09350179,0.1384435,0.025397237,-0.12790324,0.041934207,0.116714984,-0.15788981,0.2641154,0.030712891,-0.040288292,-0.05495936,-0.044557698,-0.00918223,-0.0140014645,0.023548126,-0.20193481,-0.010345966,0.13518676,0.09497274,0.19264095,-0.13500772,-0.06809133,-0.06003876,-0.06099955,-0.08937175,-0.08832143,-0.03069458,0.10573832,0.08503215,0.054345705,-0.047446694,-0.054149818,-0.0031820927,-0.036360424,0.17977992,-0.05391693,-0.084350586,0.099541254,0.09413248,-0.054189045,-0.14012757,0.10222931,-0.056453705,-0.08177694,-0.0646993,0.028962707,0.0026769002,-0.05056661,0.12689361,-0.0845398,-0.09817708,-0.0099954605,0.12952474,0.0032999665,0.06444702,0.06156209,0.050983682,0.074969485,-0.078037515,0.19514567,-0.03002599,0.102449544,0.04284668,0.29266,0.15268351,-0.101411946,0.154009,0.17814942,-0.098946,0.09274292,0.10053915,0.12577921,-0.01115926,-0.027172849,0.05809682,0.11821289,-0.11077474,-0.01690267,-0.010231527,-0.15151876,0.10110143,-0.046936035,-0.056411743,-0.08350627,0.0846344,0.09506836,0.09171346,0.16604233,-0.025846355,-0.0641201,-0.085282385,-0.071736656,-0.052851103,-0.18107681,0.15171306,0.01944974,-0.038480632
dusk,0.047536846,0.30750522,0.3312356,0.13765666,0.122118756,-0.07935054,-0.17227376,-0.16976929,-0.008731589,0.030938212,0.14923096,0.00016085058,-0.15865071,0.35068664,0.033361822,0.087506615,0.0035355873,-0.10628204,-0.1773234,0.06755422,-0.111010745,0.31575164,-0.15879329,-0.13535054,-0.16539204,-0.18617249,0.0459081,-0.16543478,-0.12908885,0.23268013,0.11940308,0.07026164,0.04308014,-0.3398861,-0.17128703,-0.072965495,-0.16002503,-0.041967772,-0.10710398,-0.19898275,-0.29633382,-0.03904724,0.0797582,0.42998236,-0.16640523,0.13256022,-0.14889729,-0.05933431,0.22105917,-0.21818747,-0.18819682,0.025756836,0.0129882805,0.17573242,-0.095057175,-0.01157023,0.08898112,0.16968079,-0.24451295,0.18183593,-0.34856668,-0.40012258,0.07946523,-0.42001748,0.012925211,-0.17010728,-0.05697632,0.15719554,-0.06488851,0.18569335,0.3016754,-0.09083354,-0.20029297,0.024713136,0.0022003176,-0.069975786,-0.16561279,0.1109197,0.042538453,-0.3119873,-0.35582274,0.08134995,0.21003266,-0.036224365,0.014416504,0.2915385,0.08905029,0.07305451,0.27121785,-0.080873616,-0.35793763,0.14832458,-0.0022033677,-0.20716757,-0.050987754,0.16299032,0.12555745,-0.12933044,-0.10647176,0.23987731,-0.2689784,-0.07733358,-0.199425,0.13866273,0.08288981,-0.079691574,0.07062887,0.0020426437,-0.0126122795,0.052328497,0.075541176,-0.18435262,-0.16203614,0.08597412,0.016452534,0.21136373,-0.1948281,0.18979187,-0.16843694,-0.09190725,0.012805179,-0.29990438,-0.06977336,0.08537801,0.11303914,0.17663778,-0.085764565,-0.030541357,-0.15495199,0.05803223,0.17561543,0.07314389,-0.059295654,-0.027612299,-0.08615418,-0.0413503,-0.17402954,-0.37317708,-0.030329384,0.043227132,-0.29877982,0.24707845,0.1746226,0.044132486,0.07843272,-0.13449135,-0.07556216,0.01838633,0.15991668,0.1514506,0.16924031,0.17101848,-0.32756957,0.118965656,0.06289876,0.07442169,-0.26412454,-0.02803313,-0.0786082,0.45211434,-0.07428385,0.011566542,0.17072041,-0.12203776,-0.17715932,-0.073197424,-0.06998698,-0.06731505,0.11397171,-0.10927276,0.0018800087,0.17330526,-0.12545675,-0.076554365,0.043380737,0.07220866,0.19578755,0.004006192,-0.20473632,0.05555623,-0.20953369,-0.07033081,-0.30153808,-0.24811706,-0.021205142,0.10429357,-0.1616984,-0.14783223,-0.21125692,0.12106781,-0.26038003,0.22625326,-0.019071452,-0.13492686,0.18435173,-0.16366886,-0.1239624,-0.16942394,0.08689779,-0.21312052,0.15452576,0.09989827,0.39081216,0.37052408,-0.20181477,-0.18790284,-0.13403727,0.23609975,-0.14217478,0.14406942,0.11029358,0.01954702,0.028755696,-0.055220544,-0.10966797,-0.12915549,-0.15847498,-0.2657491,0.017429098,-0.29281005,0.10789871,-0.150177,0.19570872,0.08196411,-0.0021952316,0.09254328,0.09204305,-0.31467336,0.06699066,-0.03316752,0.30992025,0.07720591,-0.012017822,0.22390237,-0.13628133,-0.18344727,-0.05001017,0.35601217,-0.048226036,-0.043684643,-0.13076696,0.0068740845,0.0012207031,-0.051581793,-0.12998861,0.039774578,0.12696227,-0.05676727,-0.119441986,0.01087443,-0.09204305,0.03299103,-0.12340648,0.21310526,0.016007995,-0.23639527,-0.110262044,-0.20805454,-0.031241864,0.13806559,-0.21484986,-0.21312663,-0.076457724,-0.07615356,-0.23086955,0.27620035,-0.29345372,-0.19930828,-0.005004883,-0.0637853,-0.026881918,-0.09115804,0.34150898,0.11784668,-0.08840599,-0.010040283,0.0287618,0.31034952,-0.13274129,-0.29084474,0.09551137,0.10258789,0.0076334625,-0.05230306,0.07460734,0.14242655,-0.08273646,-0.07550049,-0.10328674,0.11620076,0.1676422,-0.09584961,0.121986896,-0.045383453,0.1313802,-0.22134666,0.12565511,-0.14766438,0.14099655,-0.30607682,-0.065083824,0.1507974,0.057588704
night,0.10779132,0.108939774,0.050330188,0.033774823,0.11088829,-0.02661616,-0.0495931,0.07595825,-0.0055577606,-0.066046655,-0.08074951,-0.04744657,-0.02522786,-0.009420775,0.058264166,0.024518332,0.007685978,0.26627654,-0.027665202,-0.039867654,0.06379394,0.15950164,0.15858953,0.15371196,-0.012315877,0.014572144,-0.10790049,-0.1830129,0.15655568,0.15846138,0.08717652,-0.058156326,0.058659364,0.05122719,-0.09340617,0.118318684,0.031503297,0.12819824,0.09895071,0.032950845,0.009940591,-0.10215759,-0.061355084,-0.17353325,-0.05605367,0.27513835,0.0887736,0.11229655,0.16588339,0.008375034,-0.02071635,0.19250488,0.1309082,0.2128418,0.18839009,-0.07913615,0.01842448,0.10815735,-0.20545045,0.119824216,-0.024592081,0.051537577,0.06921133,-0.03915812,0.23753458,0.022153474,0.033111572,-0.02078298,0.055106606,0.12148438,-0.009176636,0.015337117,-0.012060545,0.028131105,-0.0019195555,0.15609843,0.080480956,0.16843008,0.007839966,0.169458,-0.07652588,0.16728744,-0.08025055,-0.122680664,-0.12675782,-0.062221274,0.06695557,0.11577912,0.0019307472,-0.059877522,-0.06243591,-0.012930296,0.13915405,-0.050429277,0.018958535,0.10512899,0.08905843,-0.110775754,-0.19826864,-0.16481629,0.19098257,-0.10052694,-0.050010934,0.24315491,0.009525552,-0.021280926,-0.20280863,0.006925456,-0.11576169,-0.20060119,-0.11513265,0.0676005,0.007885739,0.240271,0.05559133,0.024840288,-0.10840231,0.13901062,-0.044901785,0.0904658,0.14561768,0.0064921062,0.056081135,-0.09223429,-0.036435954,-0.069455974,-0.100413,0.0077887215,0.08332926,0.00065918267,-0.0655955,-0.04550845,-0.22299194,0.06564942,-0.15646668,0.14907938,0.0023620613,-0.24622396,-0.11480204,-0.066636145,-0.0056126914,-0.22069499,0.03448588,0.15008952,-0.044125877,0.13113365,-0.05700747,-0.06669667,0.17847137,-0.008461507,-0.07783,-0.009645589,0.15387574,-0.08220622,0.10586751,0.04921417,-0.27974954,0.12553132,-0.16942851,0.19820811,-0.007389322,0.121918105,0.032048546,-0.05563151,-0.12930776,0.026900232,0.09529623,0.033545546,0.123249054,-0.21864776,0.044921238,0.23678182,-0.068816125,0.059676103,-0.039382935,-0.10296224,-0.08546244,-0.11415787,-0.08852539,-0.08860881,0.13665771,-0.10060425,0.06809082,0.059011847,0.12601165,0.17875646,-0.10310466,0.09533183,0.06517131,-0.04690094,-0.10998942,0.049495444,-0.27761638,0.122397356,0.01345329,0.03323055,0.1182251,-0.2983302,-0.028336585,0.09596151,-0.099746704,-0.1469279,0.054996744,0.13907878,0.099943034,0.016198732,0.18896078,0.2009435,-0.018639628,0.04537557,0.16498108,0.21730092,-0.19109294,0.12764078,-0.080126956,0.0497996,-0.22683436,-0.2266866,-0.11367442,0.14176026,0.018299103,-0.24490356,-0.042328387,0.03362427,-0.01684367,0.19459407,0.07739461,-0.07443899,-0.059062198,-0.050501503,0.27085775,-0.0905187,0.023443604,0.10280863,0.042246502,-0.12875977,0.042274985,0.14019184,-0.10535494,0.05470403,-0.122954465,-0.05318451,-0.036254883,0.14739281,-0.0071858726,0.08228557,-0.08739319,0.011103824,-0.060848236,0.25123087,-0.062746175,-0.02853241,0.017584737,-0.05886739,0.25921783,0.027276605,-0.04971517,0.021925926,0.1740804,-0.027461752,0.0937439,-0.12816569,0.060505167,-0.025860596,-0.12344767,0.19905192,-0.01995519,-0.17440593,0.026245117,0.20281626,0.07309367,-0.14242756,-0.028852336,-0.033764645,-0.1441311,-0.006866455,-0.03514201,0.15409952,0.09992473,0.0458252,0.119498186,-0.051708985,-0.15935872,-0.0013997406,0.086814374,-0.1607961,-0.0805392,0.019226074,-0.07398987,0.19188435,-0.07149353,0.035009764,-0.07808635,0.1928978,0.044099934,-0.14517479,-0.06404215,-0.18037923,-0.17736283,-0.08635025,-0.09731039,0.1039224,-0.10842692
noon,0.082664534,0.21508141,0.15439159,-0.16361287,0.008105088,-0.20435053,-0.08285726,0.0047912598,0.019954935,-0.0025090538,0.23858643,0.103676476,-0.09993489,0.026956178,0.1966919,0.22861989,-0.18982379,0.0050460845,0.12492269,-0.08967234,-0.037524417,0.3899704,0.017720383,-0.02011617,-0.19566548,-0.046035767,0.009287007,-0.29629415,0.1614385,0.114516065,-0.0807312,0.15619914,-0.12786408,-0.048870467,-0.22695109,-0.20590007,-0.42565003,0.23830566,0.02177175,-0.040901694,-0.15668538,-0.15635681,-0.14973399,-0.07270317,-0.40078023,0.21849772,-0.15866292,-0.041267905,0.07359823,-0.17521872,0.30496725,0.041137695,0.056689452,-0.09379883,-0.046991985,-0.23544718,0.08458659,-0.026730347,0.06676636,-0.091113284,-0.4364573,0.0070582074,-0.0057398453,-0.059665933,0.0048685707,0.17657241,-0.042816162,0.19235179,-0.22956136,0.1065918,0.27628478,-0.049116008,0.08681641,0.06963501,-0.014370727,0.21762186,0.0015014652,0.16209768,0.03362732,-0.12058105,-0.17711182,0.08623276,0.13972016,0.07702637,-0.095019534,0.13431193,0.14520264,-0.029484559,-0.06850383,-0.16583455,-0.12356262,0.031137086,0.10204468,-0.10658162,-0.24764302,0.35781455,0.05036214,-0.145932,0.04684855,-0.051626593,-0.0012781788,0.04717814,0.018836722,0.2538971,0.04700114,-0.22617595,-0.030445352,-0.169222,-0.24515623,-0.10660705,-0.1502889,0.041233316,-0.1239502,0.35062256,-0.013012188,0.10394185,-0.090580046,-0.07879333,0.09181696,0.062145486,0.020373538,0.237205,0.16496785,0.08427938,-0.104734294,0.2567159,0.09172567,0.06784731,0.035172526,-0.045727536,0.16975605,0.20205015,-0.020111084,0.13205567,-0.18381043,0.31167704,-0.08980103,-0.24427083,-0.23736063,-0.013901774,-0.23530324,0.07471517,0.12091166,-0.116512045,0.3054835,0.14773521,-0.38317934,-0.41081288,0.07202606,0.22078654,-0.3795878,0.23400676,-0.28460082,0.015450031,0.14688313,0.0069778413,-0.022425331,0.001996167,-0.13134257,-0.008823141,0.22747396,-0.12124596,0.06525167,-0.06588542,-0.23672964,-0.1247111,-0.29874673,0.019873671,0.16218948,0.08018036,0.18254407,0.19478963,-0.07955831,-0.014054365,-0.060897827,0.113590494,0.124498494,-0.19032975,-0.20668945,0.038954668,0.016052246,-0.075213626,0.050756834,-0.03327331,-0.1838028,0.14848302,0.0062703416,-0.04089864,0.07866008,0.11813812,-0.17004801,0.222347,-0.22878826,0.063071184,0.113062665,-0.021212809,-0.04925537,-0.1391505,-0.37306315,-0.07640177,-0.16822815,0.020552568,-0.10137533,-0.11580404,-0.11294759,-0.05118408,0.014400229,0.058365375,-0.0635615,0.15090536,0.24115296,0.18605092,0.079903156,0.04829508,-0.29667968,-0.020757042,0.0059537254,-0.066530354,0.050388083,-0.0049682613,-0.06031418,-0.09939575,-0.10141042,0.24065551,-0.06262004,-0.020005545,-0.019285075,-0.29123586,-0.18601532,-0.2968394,0.24742025,-0.037982687,-0.1835266,0.2883555,0.041697185,-0.2947754,0.20291951,0.027398873,0.08580717,0.22047551,0.01596155,-0.019981384,-0.009887695,0.05950219,0.28212076,0.11329143,0.088113405,-0.121220395,-0.09893417,-0.051991783,-0.031252034,0.08108673,-0.049187724,0.12570292,0.20648345,-0.2612976,-0.13394368,0.33979702,0.07935384,0.04724528,-0.24707642,0.0041585267,0.12569071,0.13478394,-0.3754008,0.2908488,-0.24560216,-0.13973796,0.039916992,0.19744517,0.26010537,-0.03695882,0.0070973714,0.1317627,-0.07003441,-0.13528442,-0.080369055,0.14238077,-0.21184285,-0.119946286,0.044058733,-0.088330075,0.168278,-0.1639974,-0.14707235,-0.14614767,-0.09103724,0.027770996,-0.20289612,0.18407185,0.1988922,0.04074707,0.15128377,0.15188217,-0.03927409,-0.16079979,-0.03450114,0.25419107,-0.100214384,-0.160569,-0.16762288,-0.058217496,-0.07375895
