,responses,question_order,trial_type,trial_index,rt,time_elapsed,condition,response,prompt,color_rgb,concept,time_finished,rowID,color_index,concept_category
157,,,image-slider-responseMAS,155,2807.8,730706,,0.645,train,e6a8b7,automobiles,1649040000000.0,183404.0,32.0,
158,,,image-slider-responseMAS,156,2931.9,734644,,0.2525,train,4dc7e8,automobiles,1649040000000.0,183405.0,10.0,
159,,,image-slider-responseMAS,157,2986,738636,,0.3,train,3efe44,automobiles,1649040000000.0,183406.0,63.0,
160,,,image-slider-responseMAS,158,2126.7,741770,,0.2175,train,600b84,automobiles,1649040000000.0,183407.0,7.0,
161,,,image-slider-responseMAS,159,2546.7,745320,,0.26,train,e81a4b,automobiles,1649040000000.0,183408.0,49.0,
162,,,image-slider-responseMAS,160,3922.1,750247,,0.265,train,8cf47e,automobiles,1649040000000.0,183409.0,52.0,
163,,,image-slider-responseMAS,161,2100.8,753353,,0.27,train,443b14,automobiles,1649040000000.0,183410.0,41.0,
164,,,image-slider-responseMAS,162,1917.1,756275,,0.2875,train,dddddd,automobiles,1649040000000.0,183411.0,29.0,
165,,,image-slider-responseMAS,163,3026.4,760305,,0.13,train,3b3b3b,automobiles,1649040000000.0,183412.0,25.0,
166,,,image-slider-responseMAS,164,2273,763584,,0.175,train,0e8a19,automobiles,1649040000000.0,183413.0,50.0,
167,,,image-slider-responseMAS,165,4056.3,768645,,0.205,train,7ec6ba,automobiles,1649040000000.0,183414.0,22.0,
168,,,image-slider-responseMAS,166,1853.8,771505,,0.17,train,746bca,automobiles,1649040000000.0,183415.0,6.0,
169,,,image-slider-responseMAS,167,1478.9,773987,,0.1625,train,83764c,automobiles,1649040000000.0,183416.0,42.0,
170,,,image-slider-responseMAS,168,1488.4,776480,,0.2675,train,a553c8,automobiles,1649040000000.0,183417.0,8.0,
171,,,image-slider-responseMAS,169,1864.1,779350,,0.2625,train,f1a78a,automobiles,1649040000000.0,183418.0,47.0,
172,,,image-slider-responseMAS,170,1417.4,781770,,0.25,train,aac510,automobiles,1649040000000.0,183419.0,66.0,
173,,,image-slider-responseMAS,171,1301.4,784074,,0.285,train,c8e97d,automobiles,1649040000000.0,183420.0,55.0,
174,,,image-slider-responseMAS,172,1219.5,786294,,0.225,train,a2eade,automobiles,1649040000000.0,183421.0,23.0,
175,,,image-slider-responseMAS,173,2962.5,790258,,0.9975,train,ffffff,automobiles,1649040000000.0,183422.0,28.0,
176,,,image-slider-responseMAS,174,1811.5,793074,,0.25,train,608218,automobiles,1649040000000.0,183423.0,53.0,
177,,,image-slider-responseMAS,175,2899.4,796979,,0.215,train,cd26c7,automobiles,1649040000000.0,183424.0,9.0,
178,,,image-slider-responseMAS,176,2369.2,800355,,0.2025,train,c34f74,automobiles,1649040000000.0,183425.0,33.0,
179,,,image-slider-responseMAS,177,1849.4,803207,,0.2525,train,39f6e0,automobiles,1649040000000.0,183426.0,20.0,
180,,,image-slider-responseMAS,178,1214.3,805422,,0.26,train,baeaaf,automobiles,1649040000000.0,183427.0,40.0,
181,,,image-slider-responseMAS,179,1813.8,808242,,0.33,train,73f5b0,automobiles,1649040000000.0,183428.0,36.0,
182,,,image-slider-responseMAS,180,2530.9,811774,,0.235,train,512d5f,automobiles,1649040000000.0,183429.0,14.0,
183,,,image-slider-responseMAS,181,2381.4,815161,,0.2025,train,b8509e,automobiles,1649040000000.0,183430.0,18.0,
184,,,image-slider-responseMAS,182,1779,817946,,0.22,train,b9b9b9,automobiles,1649040000000.0,183431.0,27.0,
185,,,image-slider-responseMAS,183,3082.5,822033,,0.1625,train,d5b811,automobiles,1649040000000.0,183432.0,68.0,
186,,,image-slider-responseMAS,184,2229.6,825269,,0.2575,train,d5a9e4,automobiles,1649040000000.0,183433.0,16.0,
187,,,image-slider-responseMAS,185,2851.2,829125,,0.2425,train,5e2b3a,automobiles,1649040000000.0,183434.0,30.0,
188,,,image-slider-responseMAS,186,2367.3,832498,,0.27,train,a3c55b,automobiles,1649040000000.0,183435.0,54.0,
189,,,image-slider-responseMAS,187,3081.5,836585,,0.225,train,67cf5c,automobiles,1649040000000.0,183436.0,51.0,
190,,,image-slider-responseMAS,188,2541.1,840132,,0.24,train,d0e942,automobiles,1649040000000.0,183437.0,67.0,
191,,,image-slider-responseMAS,189,1612.6,842746,,0.1925,train,8558f4,automobiles,1649040000000.0,183438.0,2.0,
192,,,image-slider-responseMAS,190,3321.9,847073,,0.2225,train,d0b85a,automobiles,1649040000000.0,183439.0,57.0,
193,,,image-slider-responseMAS,191,5121.1,853201,,0.2225,train,632b14,automobiles,1649040000000.0,183440.0,45.0,
194,,,image-slider-responseMAS,192,9824,864031,,0.22,train,9af443,automobiles,1649040000000.0,183441.0,65.0,
195,,,image-slider-responseMAS,193,2541.7,867577,,0.2225,train,897618,automobiles,1649040000000.0,183442.0,56.0,
196,,,image-slider-responseMAS,194,2410.9,870993,,0.2325,train,fcdb42,automobiles,1649040000000.0,183443.0,69.0,
197,,,image-slider-responseMAS,195,1997.4,873993,,0.1725,train,eddcad,automobiles,1649040000000.0,183444.0,44.0,
198,,,image-slider-responseMAS,196,5127,880127,,0.225,train,90689f,automobiles,1649040000000.0,183445.0,15.0,
199,,,image-slider-responseMAS,197,5151.3,886284,,0.215,train,f7db7c,automobiles,1649040000000.0,183446.0,58.0,
200,,,image-slider-responseMAS,198,3980.4,891270,,0.205,train,a0bae6,automobiles,1649040000000.0,183447.0,13.0,
201,,,image-slider-responseMAS,199,2707.8,894984,,0.225,train,db1f9d,automobiles,1649040000000.0,183448.0,19.0,
202,,,image-slider-responseMAS,200,2013,898000,,0.245,train,1c3d61,automobiles,1649040000000.0,183449.0,11.0,
203,,,image-slider-responseMAS,201,2018.8,901023,,0.26,train,55824d,automobiles,1649040000000.0,183450.0,38.0,
204,,,image-slider-responseMAS,202,2302.8,904331,,0.25,train,ac6619,automobiles,1649040000000.0,183451.0,59.0,
205,,,image-slider-responseMAS,203,2871.1,908208,,0.2425,train,5e78a1,automobiles,1649040000000.0,183452.0,12.0,
206,,,image-slider-responseMAS,204,1939.5,911153,,0.2175,train,2e3086,automobiles,1649040000000.0,183453.0,5.0,
207,,,image-slider-responseMAS,205,8140,920300,,0.2275,train,fba714,automobiles,1649040000000.0,183454.0,70.0,
208,,,image-slider-responseMAS,206,2095.7,923400,,0.26,train,4bcf8e,automobiles,1649040000000.0,183455.0,35.0,
209,,,image-slider-responseMAS,207,2354.7,926760,,0.3075,train,3518ad,automobiles,1649040000000.0,183456.0,1.0,
210,,,image-slider-responseMAS,208,2409.9,930175,,0.24,train,72005e,automobiles,1649040000000.0,183457.0,17.0,
211,,,image-slider-responseMAS,209,2171.7,933350,,0.2,train,c94e4b,automobiles,1649040000000.0,183458.0,48.0,
212,,,image-slider-responseMAS,210,4966.4,939318,,1.0075,train,0,automobiles,1649040000000.0,183459.0,24.0,
213,,,image-slider-responseMAS,211,3303.7,943628,,0.71,train,c7b88b,automobiles,1649040000000.0,183460.0,43.0,
214,,,image-slider-responseMAS,212,1747.5,946382,,0.2525,train,077acc,automobiles,1649040000000.0,183461.0,4.0,
215,,,image-slider-responseMAS,213,2544.5,949928,,0.2925,train,96c58c,automobiles,1649040000000.0,183462.0,39.0,
216,,,image-slider-responseMAS,214,3969.6,954903,,0.9925,train,777777,automobiles,1649040000000.0,183463.0,26.0,
217,,,image-slider-responseMAS,215,3232.9,959139,,0.1975,train,f7a75a,automobiles,1649040000000.0,183464.0,60.0,
218,,,image-slider-responseMAS,216,8492.2,968638,,0.22,train,ea1d1d,automobiles,1649040000000.0,183465.0,62.0,
219,,,image-slider-responseMAS,217,2187.9,971831,,0.23,train,e31b73,automobiles,1649040000000.0,183466.0,34.0,
220,,,image-slider-responseMAS,218,2207.8,975044,,0.2325,train,a06776,automobiles,1649040000000.0,183467.0,31.0,
221,,,image-slider-responseMAS,219,4011.4,980061,,0.2375,train,184415,automobiles,1649040000000.0,183468.0,37.0,
222,,,image-slider-responseMAS,220,2970.3,984037,,0.2425,train,2f6ef6,automobiles,1649040000000.0,183469.0,0.0,
223,,,image-slider-responseMAS,221,2438.5,987481,,0.2425,train,73cf10,automobiles,1649040000000.0,183470.0,64.0,
224,,,image-slider-responseMAS,222,2708.4,991191,,0.2275,train,a8664b,automobiles,1649040000000.0,183471.0,46.0,
225,,,image-slider-responseMAS,223,1706.7,993904,,0.2975,train,3b8378,automobiles,1649040000000.0,183472.0,21.0,
226,,,image-slider-responseMAS,224,1699.9,996608,,0.2525,train,b62ef2,automobiles,1649040000000.0,183473.0,3.0,
227,,,image-slider-responseMAS,225,2553.7,1000170,,0.2575,train,cc4f1b,automobiles,1649040000000.0,183474.0,61.0,
530,,,image-slider-responseMAS,155,4630,684681,,0.58,train,c94e4b,automobiles,1649040000000.0,183777.0,48.0,
531,,,image-slider-responseMAS,156,2200,687883,,0.2025,train,fcdb42,automobiles,1649040000000.0,183778.0,69.0,
532,,,image-slider-responseMAS,157,2332,691218,,0.41,train,a0bae6,automobiles,1649040000000.0,183779.0,13.0,
533,,,image-slider-responseMAS,158,2014,694235,,0.125,train,db1f9d,automobiles,1649040000000.0,183780.0,19.0,
534,,,image-slider-responseMAS,159,2291,697528,,0.3975,train,ac6619,automobiles,1649040000000.0,183781.0,59.0,
535,,,image-slider-responseMAS,160,1720,700250,,0.6025,train,3b8378,automobiles,1649040000000.0,183782.0,21.0,
536,,,image-slider-responseMAS,161,1415,702667,,0.155,train,cd26c7,automobiles,1649040000000.0,183783.0,9.0,
537,,,image-slider-responseMAS,162,3223,706892,,0.48,train,a2eade,automobiles,1649040000000.0,183784.0,23.0,
538,,,image-slider-responseMAS,163,2552,710446,,0.63,train,077acc,automobiles,1649040000000.0,183785.0,4.0,
539,,,image-slider-responseMAS,164,2814,714262,,0.165,train,b8509e,automobiles,1649040000000.0,183786.0,18.0,
540,,,image-slider-responseMAS,165,7003,722269,,0.62,train,96c58c,automobiles,1649040000000.0,183787.0,39.0,
541,,,image-slider-responseMAS,166,1963,725234,,0.7025,train,73f5b0,automobiles,1649040000000.0,183788.0,36.0,
542,,,image-slider-responseMAS,167,2087,728323,,0.3725,train,d5a9e4,automobiles,1649040000000.0,183789.0,16.0,
543,,,image-slider-responseMAS,168,1681,731006,,0.245,train,a06776,automobiles,1649040000000.0,183790.0,31.0,
544,,,image-slider-responseMAS,169,1559,733568,,-0.0125,train,b62ef2,automobiles,1649040000000.0,183791.0,3.0,
545,,,image-slider-responseMAS,170,3027,737597,,0.385,train,f1a78a,automobiles,1649040000000.0,183792.0,47.0,
546,,,image-slider-responseMAS,171,2797,741395,,0.695,train,184415,automobiles,1649040000000.0,183793.0,37.0,
547,,,image-slider-responseMAS,172,1996,744394,,1.01,train,443b14,automobiles,1649040000000.0,183794.0,41.0,
548,,,image-slider-responseMAS,173,2391,747787,,0.2425,train,cc4f1b,automobiles,1649040000000.0,183795.0,61.0,
549,,,image-slider-responseMAS,174,2110,750899,,0.435,train,a8664b,automobiles,1649040000000.0,183796.0,46.0,
550,,,image-slider-responseMAS,175,2420,754320,,0.06,train,a553c8,automobiles,1649040000000.0,183797.0,8.0,
551,,,image-slider-responseMAS,176,4622,759945,,0.555,train,d0b85a,automobiles,1649040000000.0,183798.0,57.0,
552,,,image-slider-responseMAS,177,1742,762690,,0.3725,train,512d5f,automobiles,1649040000000.0,183799.0,14.0,
553,,,image-slider-responseMAS,178,1891,765583,,0.4925,train,90689f,automobiles,1649040000000.0,183800.0,15.0,
554,,,image-slider-responseMAS,179,2912,769497,,0.6175,train,2e3086,automobiles,1649040000000.0,183801.0,5.0,
555,,,image-slider-responseMAS,180,4358,774858,,1.0075,train,3b3b3b,automobiles,1649040000000.0,183802.0,25.0,
556,,,image-slider-responseMAS,181,1821,777681,,-0.0025,train,e31b73,automobiles,1649040000000.0,183803.0,34.0,
557,,,image-slider-responseMAS,182,6722,785406,,0.575,train,4dc7e8,automobiles,1649040000000.0,183804.0,10.0,
558,,,image-slider-responseMAS,183,2058,788468,,0.0675,train,600b84,automobiles,1649040000000.0,183805.0,7.0,
559,,,image-slider-responseMAS,184,1941,791411,,0.605,train,632b14,automobiles,1649040000000.0,183806.0,45.0,
560,,,image-slider-responseMAS,185,2001,794416,,0.1875,train,d5b811,automobiles,1649040000000.0,183807.0,68.0,
561,,,image-slider-responseMAS,186,1965,797383,,0.5275,train,dddddd,automobiles,1649040000000.0,183808.0,29.0,
562,,,image-slider-responseMAS,187,1710,800096,,0.2275,train,fba714,automobiles,1649040000000.0,183809.0,70.0,
563,,,image-slider-responseMAS,188,1783,802881,,0.2875,train,d0e942,automobiles,1649040000000.0,183810.0,67.0,
564,,,image-slider-responseMAS,189,2097,805981,,0.4725,train,f7db7c,automobiles,1649040000000.0,183811.0,58.0,
565,,,image-slider-responseMAS,190,1872,808855,,0.43,train,baeaaf,automobiles,1649040000000.0,183812.0,40.0,
566,,,image-slider-responseMAS,191,3181,813039,,0.56,train,b9b9b9,automobiles,1649040000000.0,183813.0,27.0,
567,,,image-slider-responseMAS,192,2486,816527,,0.06,train,9af443,automobiles,1649040000000.0,183814.0,65.0,
568,,,image-slider-responseMAS,193,1998,819527,,0.3325,train,2f6ef6,automobiles,1649040000000.0,183815.0,0.0,
569,,,image-slider-responseMAS,194,1509,822038,,0.285,train,c8e97d,automobiles,1649040000000.0,183816.0,55.0,
570,,,image-slider-responseMAS,195,2052,825092,,0.4025,train,c34f74,automobiles,1649040000000.0,183817.0,33.0,
571,,,image-slider-responseMAS,196,1751,827844,,0.6425,train,1c3d61,automobiles,1649040000000.0,183818.0,11.0,
572,,,image-slider-responseMAS,197,1391,830239,,0.3775,train,f7a75a,automobiles,1649040000000.0,183819.0,60.0,
573,,,image-slider-responseMAS,198,1945,833187,,0.615,train,3518ad,automobiles,1649040000000.0,183820.0,1.0,
574,,,image-slider-responseMAS,199,1882,836072,,0.4075,train,5e2b3a,automobiles,1649040000000.0,183821.0,30.0,
575,,,image-slider-responseMAS,200,1809,838883,,0.3,train,e81a4b,automobiles,1649040000000.0,183822.0,49.0,
576,,,image-slider-responseMAS,201,2020,841905,,0.9925,train,0,automobiles,1649040000000.0,183823.0,24.0,
577,,,image-slider-responseMAS,202,2879,845788,,0.135,train,3efe44,automobiles,1649040000000.0,183824.0,63.0,
578,,,image-slider-responseMAS,203,1754,848546,,0.2775,train,ea1d1d,automobiles,1649040000000.0,183825.0,62.0,
579,,,image-slider-responseMAS,204,2129,851678,,0.565,train,73cf10,automobiles,1649040000000.0,183826.0,64.0,
580,,,image-slider-responseMAS,205,2246,854927,,0.35,train,72005e,automobiles,1649040000000.0,183827.0,17.0,
581,,,image-slider-responseMAS,206,1901,857831,,0.285,train,4bcf8e,automobiles,1649040000000.0,183828.0,35.0,
582,,,image-slider-responseMAS,207,2478,861311,,0.56,train,746bca,automobiles,1649040000000.0,183829.0,6.0,
583,,,image-slider-responseMAS,208,8329,870644,,0.515,train,39f6e0,automobiles,1649040000000.0,183830.0,20.0,
584,,,image-slider-responseMAS,209,2755,874402,,0.5275,train,7ec6ba,automobiles,1649040000000.0,183831.0,22.0,
585,,,image-slider-responseMAS,210,2516,877920,,0.595,train,e6a8b7,automobiles,1649040000000.0,183832.0,32.0,
586,,,image-slider-responseMAS,211,1796,880719,,0.5675,train,897618,automobiles,1649040000000.0,183833.0,56.0,
587,,,image-slider-responseMAS,212,2601,884322,,0.4075,train,eddcad,automobiles,1649040000000.0,183834.0,44.0,
588,,,image-slider-responseMAS,213,3815,889140,,0.5625,train,0e8a19,automobiles,1649040000000.0,183835.0,50.0,
589,,,image-slider-responseMAS,214,3163,893306,,0.5275,train,a3c55b,automobiles,1649040000000.0,183836.0,54.0,
590,,,image-slider-responseMAS,215,1865,896174,,0.525,train,8cf47e,automobiles,1649040000000.0,183837.0,52.0,
591,,,image-slider-responseMAS,216,2419,899596,,0.5425,train,67cf5c,automobiles,1649040000000.0,183838.0,51.0,
592,,,image-slider-responseMAS,217,2840,903438,,0.5525,train,608218,automobiles,1649040000000.0,183839.0,53.0,
593,,,image-slider-responseMAS,218,3901,908341,,0.5225,train,83764c,automobiles,1649040000000.0,183840.0,42.0,
594,,,image-slider-responseMAS,219,6507,915851,,0.5225,train,c7b88b,automobiles,1649040000000.0,183841.0,43.0,
595,,,image-slider-responseMAS,220,2973,919827,,1.0075,train,777777,automobiles,1649040000000.0,183842.0,26.0,
596,,,image-slider-responseMAS,221,2245,923075,,0.52,train,ffffff,automobiles,1649040000000.0,183843.0,28.0,
597,,,image-slider-responseMAS,222,1923,926000,,0.5825,train,55824d,automobiles,1649040000000.0,183844.0,38.0,
598,,,image-slider-responseMAS,223,2065,929067,,0.305,train,8558f4,automobiles,1649040000000.0,183845.0,2.0,
599,,,image-slider-responseMAS,224,1454,931523,,-0.0025,train,aac510,automobiles,1649040000000.0,183846.0,66.0,
600,,,image-slider-responseMAS,225,2104,934629,,0.565,train,5e78a1,automobiles,1649040000000.0,183847.0,12.0,
903,,,image-slider-responseMAS,155,3830.3,523595,,-0.005,train,600b84,automobiles,1649040000000.0,184150.0,7.0,
904,,,image-slider-responseMAS,156,1465.4,526075,,0.0025,train,73f5b0,automobiles,1649040000000.0,184151.0,36.0,
905,,,image-slider-responseMAS,157,1390.9,528482,,0.685,train,fcdb42,automobiles,1649040000000.0,184152.0,69.0,
906,,,image-slider-responseMAS,158,1049.7,530549,,0.0825,train,746bca,automobiles,1649040000000.0,184153.0,6.0,
907,,,image-slider-responseMAS,159,1957.9,533510,,0.9325,train,184415,automobiles,1649040000000.0,184154.0,37.0,
908,,,image-slider-responseMAS,160,1322.7,535838,,-0.005,train,8558f4,automobiles,1649040000000.0,184155.0,2.0,
909,,,image-slider-responseMAS,161,1246.5,538093,,-0.01,train,7ec6ba,automobiles,1649040000000.0,184156.0,22.0,
910,,,image-slider-responseMAS,162,1602.8,540705,,0.6275,train,aac510,automobiles,1649040000000.0,184157.0,66.0,
911,,,image-slider-responseMAS,163,2028.5,543738,,1.0075,train,b9b9b9,automobiles,1649040000000.0,184158.0,27.0,
912,,,image-slider-responseMAS,164,1386.4,546129,,0.9975,train,897618,automobiles,1649040000000.0,184159.0,56.0,
913,,,image-slider-responseMAS,165,2368.9,549510,,0.01,train,b8509e,automobiles,1649040000000.0,184160.0,18.0,
914,,,image-slider-responseMAS,166,1391.9,551904,,0.995,train,3b3b3b,automobiles,1649040000000.0,184161.0,25.0,
915,,,image-slider-responseMAS,167,1474.9,554383,,0.035,train,fba714,automobiles,1649040000000.0,184162.0,70.0,
916,,,image-slider-responseMAS,168,2379.8,557774,,0.59,train,ac6619,automobiles,1649040000000.0,184163.0,59.0,
917,,,image-slider-responseMAS,169,1381.7,560169,,0.0025,train,3b8378,automobiles,1649040000000.0,184164.0,21.0,
918,,,image-slider-responseMAS,170,1601,562774,,0.0025,train,2f6ef6,automobiles,1649040000000.0,184165.0,0.0,
919,,,image-slider-responseMAS,171,2720.4,566497,,0.8725,train,5e2b3a,automobiles,1649040000000.0,184166.0,30.0,
920,,,image-slider-responseMAS,172,1224.2,568724,,0.005,train,077acc,automobiles,1649040000000.0,184167.0,4.0,
921,,,image-slider-responseMAS,173,1482,571212,,1.0075,train,632b14,automobiles,1649040000000.0,184168.0,45.0,
922,,,image-slider-responseMAS,174,2540.8,574756,,1.015,train,a8664b,automobiles,1649040000000.0,184169.0,46.0,
923,,,image-slider-responseMAS,175,1448.9,577222,,0.0025,train,c94e4b,automobiles,1649040000000.0,184170.0,48.0,
924,,,image-slider-responseMAS,176,1961.7,580189,,-0.005,train,e31b73,automobiles,1649040000000.0,184171.0,34.0,
925,,,image-slider-responseMAS,177,2946.4,584138,,0.0,train,4bcf8e,automobiles,1649040000000.0,184172.0,35.0,
926,,,image-slider-responseMAS,178,1607.4,586749,,0.845,train,777777,automobiles,1649040000000.0,184173.0,26.0,
927,,,image-slider-responseMAS,179,2102.6,589858,,0.025,train,a0bae6,automobiles,1649040000000.0,184174.0,13.0,
928,,,image-slider-responseMAS,180,2089.6,592950,,0.8575,train,83764c,automobiles,1649040000000.0,184175.0,42.0,
929,,,image-slider-responseMAS,181,1794.8,595762,,0.6075,train,a06776,automobiles,1649040000000.0,184176.0,31.0,
930,,,image-slider-responseMAS,182,1248.4,598014,,-0.005,train,b62ef2,automobiles,1649040000000.0,184177.0,3.0,
931,,,image-slider-responseMAS,183,1170.5,600188,,0.01,train,d5a9e4,automobiles,1649040000000.0,184178.0,16.0,
932,,,image-slider-responseMAS,184,1535.7,602726,,0.58,train,f7a75a,automobiles,1649040000000.0,184179.0,60.0,
933,,,image-slider-responseMAS,185,1066,604795,,-0.005,train,c34f74,automobiles,1649040000000.0,184180.0,33.0,
934,,,image-slider-responseMAS,186,2763.6,608571,,0.6375,train,c7b88b,automobiles,1649040000000.0,184181.0,43.0,
935,,,image-slider-responseMAS,187,5051.1,614625,,0.645,train,ffffff,automobiles,1649040000000.0,184182.0,28.0,
936,,,image-slider-responseMAS,188,1974.1,617604,,0.2875,train,90689f,automobiles,1649040000000.0,184183.0,15.0,
937,,,image-slider-responseMAS,189,1468,620085,,0.97,train,55824d,automobiles,1649040000000.0,184184.0,38.0,
938,,,image-slider-responseMAS,190,1563.9,622666,,-0.0025,train,1c3d61,automobiles,1649040000000.0,184185.0,11.0,
939,,,image-slider-responseMAS,191,11439.9,635109,,0.005,train,3518ad,automobiles,1649040000000.0,184186.0,1.0,
940,,,image-slider-responseMAS,192,2752,638864,,-0.0025,train,a553c8,automobiles,1649040000000.0,184187.0,8.0,
941,,,image-slider-responseMAS,193,1818.7,641687,,0.6425,train,5e78a1,automobiles,1649040000000.0,184188.0,12.0,
942,,,image-slider-responseMAS,194,1263.5,643968,,0.0475,train,d0e942,automobiles,1649040000000.0,184189.0,67.0,
943,,,image-slider-responseMAS,195,1360.2,646332,,0.0125,train,67cf5c,automobiles,1649040000000.0,184190.0,51.0,
944,,,image-slider-responseMAS,196,1171.6,648509,,-0.0075,train,cc4f1b,automobiles,1649040000000.0,184191.0,61.0,
945,,,image-slider-responseMAS,197,1194.3,650707,,-0.005,train,e81a4b,automobiles,1649040000000.0,184192.0,49.0,
946,,,image-slider-responseMAS,198,1188.5,652900,,-0.0075,train,512d5f,automobiles,1649040000000.0,184193.0,14.0,
947,,,image-slider-responseMAS,199,1278.1,655180,,-0.0025,train,72005e,automobiles,1649040000000.0,184194.0,17.0,
948,,,image-slider-responseMAS,200,1225,657417,,0.005,train,96c58c,automobiles,1649040000000.0,184195.0,39.0,
949,,,image-slider-responseMAS,201,2076.7,660496,,-0.0075,train,db1f9d,automobiles,1649040000000.0,184196.0,19.0,
950,,,image-slider-responseMAS,202,1159.4,662673,,-0.005,train,9af443,automobiles,1649040000000.0,184197.0,65.0,
951,,,image-slider-responseMAS,203,1413.1,665090,,0.77,train,443b14,automobiles,1649040000000.0,184198.0,41.0,
952,,,image-slider-responseMAS,204,1235.2,667328,,-0.0025,train,0e8a19,automobiles,1649040000000.0,184199.0,50.0,
953,,,image-slider-responseMAS,205,1293.8,669625,,0.0025,train,baeaaf,automobiles,1649040000000.0,184200.0,40.0,
954,,,image-slider-responseMAS,206,1173.5,671802,,-0.0025,train,a3c55b,automobiles,1649040000000.0,184201.0,54.0,
955,,,image-slider-responseMAS,207,1106.3,673912,,0.005,train,c8e97d,automobiles,1649040000000.0,184202.0,55.0,
956,,,image-slider-responseMAS,208,1164.6,676080,,0.0,train,d5b811,automobiles,1649040000000.0,184203.0,68.0,
957,,,image-slider-responseMAS,209,1175.2,678259,,0.0,train,a2eade,automobiles,1649040000000.0,184204.0,23.0,
958,,,image-slider-responseMAS,210,1745.5,681009,,1.0025,train,0,automobiles,1649040000000.0,184205.0,24.0,
959,,,image-slider-responseMAS,211,2728,684742,,0.0,train,ea1d1d,automobiles,1649040000000.0,184206.0,62.0,
960,,,image-slider-responseMAS,212,1520.8,687266,,0.0075,train,2e3086,automobiles,1649040000000.0,184207.0,5.0,
961,,,image-slider-responseMAS,213,1308,689591,,0.6475,train,dddddd,automobiles,1649040000000.0,184208.0,29.0,
962,,,image-slider-responseMAS,214,1322.8,691919,,0.6275,train,d0b85a,automobiles,1649040000000.0,184209.0,57.0,
963,,,image-slider-responseMAS,215,1160.8,694082,,0.6075,train,eddcad,automobiles,1649040000000.0,184210.0,44.0,
964,,,image-slider-responseMAS,216,1174,696258,,0.0125,train,73cf10,automobiles,1649040000000.0,184211.0,64.0,
965,,,image-slider-responseMAS,217,2422.2,699684,,0.6375,train,608218,automobiles,1649040000000.0,184212.0,53.0,
966,,,image-slider-responseMAS,218,1657,702348,,0.0,train,39f6e0,automobiles,1649040000000.0,184213.0,20.0,
967,,,image-slider-responseMAS,219,1779.6,705132,,-0.01,train,4dc7e8,automobiles,1649040000000.0,184214.0,10.0,
968,,,image-slider-responseMAS,220,1627.6,707774,,-0.005,train,f1a78a,automobiles,1649040000000.0,184215.0,47.0,
969,,,image-slider-responseMAS,221,1974.3,710752,,-0.0125,train,8cf47e,automobiles,1649040000000.0,184216.0,52.0,
970,,,image-slider-responseMAS,222,1859.3,713614,,0.01,train,cd26c7,automobiles,1649040000000.0,184217.0,9.0,
971,,,image-slider-responseMAS,223,1174.5,715791,,0.0,train,3efe44,automobiles,1649040000000.0,184218.0,63.0,
972,,,image-slider-responseMAS,224,1685.6,718479,,0.6375,train,f7db7c,automobiles,1649040000000.0,184219.0,58.0,
973,,,image-slider-responseMAS,225,1659.8,721150,,0.005,train,e6a8b7,automobiles,1649040000000.0,184220.0,32.0,
1278,,,image-slider-responseMAS,155,2295,894573,,0.405,train,5e2b3a,automobiles,1649050000000.0,184525.0,30.0,
1279,,,image-slider-responseMAS,156,2173,897749,,0.9975,train,0,automobiles,1649050000000.0,184526.0,24.0,
1280,,,image-slider-responseMAS,157,2139,900890,,0.845,train,dddddd,automobiles,1649050000000.0,184527.0,29.0,
1281,,,image-slider-responseMAS,158,2325,904220,,0.315,train,512d5f,automobiles,1649050000000.0,184528.0,14.0,
1282,,,image-slider-responseMAS,159,2073,907297,,0.4075,train,f7db7c,automobiles,1649050000000.0,184529.0,58.0,
1283,,,image-slider-responseMAS,160,2172,910471,,0.015,train,73cf10,automobiles,1649050000000.0,184530.0,64.0,
1284,,,image-slider-responseMAS,161,2294,913769,,0.7875,train,b9b9b9,automobiles,1649050000000.0,184531.0,27.0,
1285,,,image-slider-responseMAS,162,2147,916919,,0.3275,train,f1a78a,automobiles,1649050000000.0,184532.0,47.0,
1286,,,image-slider-responseMAS,163,2958,920880,,0.005,train,608218,automobiles,1649050000000.0,184533.0,53.0,
1287,,,image-slider-responseMAS,164,3291,925172,,0.3325,train,7ec6ba,automobiles,1649050000000.0,184534.0,22.0,
1288,,,image-slider-responseMAS,165,1987,928161,,0.3525,train,746bca,automobiles,1649050000000.0,184535.0,6.0,
1289,,,image-slider-responseMAS,166,4594,933758,,0.0025,train,72005e,automobiles,1649050000000.0,184536.0,17.0,
1290,,,image-slider-responseMAS,167,2441,937202,,0.565,train,a8664b,automobiles,1649050000000.0,184537.0,46.0,
1291,,,image-slider-responseMAS,168,3129,941334,,0.3275,train,ac6619,automobiles,1649050000000.0,184538.0,59.0,
1292,,,image-slider-responseMAS,169,2745,945081,,0.4675,train,5e78a1,automobiles,1649050000000.0,184539.0,12.0,
1293,,,image-slider-responseMAS,170,2304,948387,,0.375,train,d5a9e4,automobiles,1649050000000.0,184540.0,16.0,
1294,,,image-slider-responseMAS,171,2294,951683,,0.7175,train,c7b88b,automobiles,1649050000000.0,184541.0,43.0,
1295,,,image-slider-responseMAS,172,3573,956258,,0.435,train,d0b85a,automobiles,1649050000000.0,184542.0,57.0,
1296,,,image-slider-responseMAS,173,2562,959823,,-0.005,train,184415,automobiles,1649050000000.0,184543.0,37.0,
1297,,,image-slider-responseMAS,174,3513,964340,,0.0725,train,96c58c,automobiles,1649050000000.0,184544.0,39.0,
1298,,,image-slider-responseMAS,175,2261,967604,,0.4675,train,632b14,automobiles,1649050000000.0,184545.0,45.0,
1299,,,image-slider-responseMAS,176,3858,972465,,0.545,train,4dc7e8,automobiles,1649050000000.0,184546.0,10.0,
1300,,,image-slider-responseMAS,177,3150,976617,,0.235,train,c94e4b,automobiles,1649050000000.0,184547.0,48.0,
1301,,,image-slider-responseMAS,178,5138,982757,,0.0025,train,55824d,automobiles,1649050000000.0,184548.0,38.0,
1302,,,image-slider-responseMAS,179,2431,986191,,0.245,train,fcdb42,automobiles,1649050000000.0,184549.0,69.0,
1303,,,image-slider-responseMAS,180,14897,1002090,,0.34,train,b8509e,automobiles,1649050000000.0,184550.0,18.0,
1304,,,image-slider-responseMAS,181,1927,1005020,,0.165,train,897618,automobiles,1649050000000.0,184551.0,56.0,
1305,,,image-slider-responseMAS,182,1805,1007830,,0.3775,train,2e3086,automobiles,1649050000000.0,184552.0,5.0,
1306,,,image-slider-responseMAS,183,3912,1012740,,0.285,train,9af443,automobiles,1649050000000.0,184553.0,65.0,
1307,,,image-slider-responseMAS,184,3629,1017380,,0.4525,train,2f6ef6,automobiles,1649050000000.0,184554.0,0.0,
1308,,,image-slider-responseMAS,185,2343,1020720,,0.025,train,0e8a19,automobiles,1649050000000.0,184555.0,50.0,
1309,,,image-slider-responseMAS,186,2302,1024020,,0.795,train,ffffff,automobiles,1649050000000.0,184556.0,28.0,
1310,,,image-slider-responseMAS,187,2156,1027180,,0.535,train,baeaaf,automobiles,1649050000000.0,184557.0,40.0,
1311,,,image-slider-responseMAS,188,2828,1031010,,0.07,train,3efe44,automobiles,1649050000000.0,184558.0,63.0,
1312,,,image-slider-responseMAS,189,2361,1034380,,0.75,train,83764c,automobiles,1649050000000.0,184559.0,42.0,
1313,,,image-slider-responseMAS,190,3242,1038620,,0.3725,train,73f5b0,automobiles,1649050000000.0,184560.0,36.0,
1314,,,image-slider-responseMAS,191,2277,1041900,,0.8375,train,3b3b3b,automobiles,1649050000000.0,184561.0,25.0,
1315,,,image-slider-responseMAS,192,3342,1046250,,0.5475,train,077acc,automobiles,1649050000000.0,184562.0,4.0,
1316,,,image-slider-responseMAS,193,6100,1053350,,0.2875,train,8cf47e,automobiles,1649050000000.0,184563.0,52.0,
1317,,,image-slider-responseMAS,194,2769,1057120,,0.1775,train,600b84,automobiles,1649050000000.0,184564.0,7.0,
1318,,,image-slider-responseMAS,195,2514,1060640,,0.225,train,d5b811,automobiles,1649050000000.0,184565.0,68.0,
1319,,,image-slider-responseMAS,196,3289,1064930,,0.1975,train,e31b73,automobiles,1649050000000.0,184566.0,34.0,
1320,,,image-slider-responseMAS,197,2024,1067960,,0.3125,train,cc4f1b,automobiles,1649050000000.0,184567.0,61.0,
1321,,,image-slider-responseMAS,198,2474,1071440,,0.325,train,1c3d61,automobiles,1649050000000.0,184568.0,11.0,
1322,,,image-slider-responseMAS,199,4172,1076610,,0.1525,train,4bcf8e,automobiles,1649050000000.0,184569.0,35.0,
1323,,,image-slider-responseMAS,200,14024,1091640,,0.2825,train,3518ad,automobiles,1649050000000.0,184570.0,1.0,
1324,,,image-slider-responseMAS,201,2351,1094990,,0.1525,train,db1f9d,automobiles,1649050000000.0,184571.0,19.0,
1325,,,image-slider-responseMAS,202,2319,1098320,,0.535,train,90689f,automobiles,1649050000000.0,184572.0,15.0,
1326,,,image-slider-responseMAS,203,2219,1101540,,0.3425,train,8558f4,automobiles,1649050000000.0,184573.0,2.0,
1327,,,image-slider-responseMAS,204,2343,1104880,,0.815,train,eddcad,automobiles,1649050000000.0,184574.0,44.0,
1328,,,image-slider-responseMAS,205,2272,1108160,,0.545,train,a06776,automobiles,1649050000000.0,184575.0,31.0,
1329,,,image-slider-responseMAS,206,2622,1111780,,0.225,train,e81a4b,automobiles,1649050000000.0,184576.0,49.0,
1330,,,image-slider-responseMAS,207,2703,1115490,,0.4475,train,e6a8b7,automobiles,1649050000000.0,184577.0,32.0,
1331,,,image-slider-responseMAS,208,1763,1118250,,0.295,train,cd26c7,automobiles,1649050000000.0,184578.0,9.0,
1332,,,image-slider-responseMAS,209,2146,1121400,,0.5375,train,a0bae6,automobiles,1649050000000.0,184579.0,13.0,
1333,,,image-slider-responseMAS,210,2786,1125190,,0.39,train,f7a75a,automobiles,1649050000000.0,184580.0,60.0,
1334,,,image-slider-responseMAS,211,4784,1130980,,0.5625,train,443b14,automobiles,1649050000000.0,184581.0,41.0,
1335,,,image-slider-responseMAS,212,2316,1134300,,0.195,train,c8e97d,automobiles,1649050000000.0,184582.0,55.0,
1336,,,image-slider-responseMAS,213,2493,1137790,,0.415,train,c34f74,automobiles,1649050000000.0,184583.0,33.0,
1337,,,image-slider-responseMAS,214,2198,1140990,,0.28,train,67cf5c,automobiles,1649050000000.0,184584.0,51.0,
1338,,,image-slider-responseMAS,215,2095,1144090,,0.255,train,b62ef2,automobiles,1649050000000.0,184585.0,3.0,
1339,,,image-slider-responseMAS,216,1975,1147070,,0.34,train,fba714,automobiles,1649050000000.0,184586.0,70.0,
1340,,,image-slider-responseMAS,217,3514,1151590,,0.2875,train,a553c8,automobiles,1649050000000.0,184587.0,8.0,
1341,,,image-slider-responseMAS,218,3122,1155710,,0.12,train,39f6e0,automobiles,1649050000000.0,184588.0,20.0,
1342,,,image-slider-responseMAS,219,1967,1158680,,0.3875,train,a3c55b,automobiles,1649050000000.0,184589.0,54.0,
1343,,,image-slider-responseMAS,220,2410,1162090,,0.2425,train,a2eade,automobiles,1649050000000.0,184590.0,23.0,
1344,,,image-slider-responseMAS,221,2029,1165130,,0.2475,train,d0e942,automobiles,1649050000000.0,184591.0,67.0,
1345,,,image-slider-responseMAS,222,3939,1170070,,0.885,train,777777,automobiles,1649050000000.0,184592.0,26.0,
1346,,,image-slider-responseMAS,223,2500,1173570,,0.415,train,3b8378,automobiles,1649050000000.0,184593.0,21.0,
1347,,,image-slider-responseMAS,224,2532,1177100,,0.53,train,ea1d1d,automobiles,1649050000000.0,184594.0,62.0,
1348,,,image-slider-responseMAS,225,2279,1180390,,0.22,train,aac510,automobiles,1649050000000.0,184595.0,66.0,
1652,,,image-slider-responseMAS,155,5270.2,603762,,0.56,train,b9b9b9,automobiles,1649050000000.0,184899.0,27.0,
1653,,,image-slider-responseMAS,156,2554.6,607323,,0.525,train,ffffff,automobiles,1649050000000.0,184900.0,28.0,
1654,,,image-slider-responseMAS,157,1524.7,609852,,0.59,train,2e3086,automobiles,1649050000000.0,184901.0,5.0,
1655,,,image-slider-responseMAS,158,2835.5,613693,,0.5775,train,73f5b0,automobiles,1649050000000.0,184902.0,36.0,
1656,,,image-slider-responseMAS,159,3540.9,618240,,0.855,train,3b8378,automobiles,1649050000000.0,184903.0,21.0,
1657,,,image-slider-responseMAS,160,3588.3,622836,,0.85,train,608218,automobiles,1649050000000.0,184904.0,53.0,
1658,,,image-slider-responseMAS,161,2544.6,626388,,0.8325,train,a3c55b,automobiles,1649050000000.0,184905.0,54.0,
1659,,,image-slider-responseMAS,162,1519,628911,,0.8,train,3518ad,automobiles,1649050000000.0,184906.0,1.0,
1660,,,image-slider-responseMAS,163,1949.3,631866,,0.5925,train,f7db7c,automobiles,1649050000000.0,184907.0,58.0,
1661,,,image-slider-responseMAS,164,3119.9,635991,,0.6325,train,90689f,automobiles,1649050000000.0,184908.0,15.0,
1662,,,image-slider-responseMAS,165,1777.4,638773,,0.565,train,746bca,automobiles,1649050000000.0,184909.0,6.0,
1663,,,image-slider-responseMAS,166,3084.8,642864,,0.5525,train,f1a78a,automobiles,1649050000000.0,184910.0,47.0,
1664,,,image-slider-responseMAS,167,2285.2,646152,,0.5525,train,0,automobiles,1649050000000.0,184911.0,24.0,
1665,,,image-slider-responseMAS,168,2111.8,649270,,0.71,train,4bcf8e,automobiles,1649050000000.0,184912.0,35.0,
1666,,,image-slider-responseMAS,169,4079.7,654355,,0.65,train,55824d,automobiles,1649050000000.0,184913.0,38.0,
1667,,,image-slider-responseMAS,170,2821.6,658182,,0.45,train,443b14,automobiles,1649050000000.0,184914.0,41.0,
1668,,,image-slider-responseMAS,171,4054.5,663241,,0.1175,train,600b84,automobiles,1649050000000.0,184915.0,7.0,
1669,,,image-slider-responseMAS,172,3220.1,667469,,0.7125,train,aac510,automobiles,1649050000000.0,184916.0,66.0,
1670,,,image-slider-responseMAS,173,3219.7,671694,,0.335,train,897618,automobiles,1649050000000.0,184917.0,56.0,
1671,,,image-slider-responseMAS,174,3412.1,676113,,0.35,train,72005e,automobiles,1649050000000.0,184918.0,17.0,
1672,,,image-slider-responseMAS,175,6066.7,683185,,0.6475,train,a8664b,automobiles,1649050000000.0,184919.0,46.0,
1673,,,image-slider-responseMAS,176,2539.8,686729,,0.245,train,512d5f,automobiles,1649050000000.0,184920.0,14.0,
1674,,,image-slider-responseMAS,177,5518.4,693255,,0.655,train,0e8a19,automobiles,1649050000000.0,184921.0,50.0,
1675,,,image-slider-responseMAS,178,3877.2,698139,,0.8475,train,baeaaf,automobiles,1649050000000.0,184922.0,40.0,
1676,,,image-slider-responseMAS,179,7983.7,707128,,0.7,train,184415,automobiles,1649050000000.0,184923.0,37.0,
1677,,,image-slider-responseMAS,180,2575.1,710707,,0.655,train,8cf47e,automobiles,1649050000000.0,184924.0,52.0,
1678,,,image-slider-responseMAS,181,4759.8,716470,,0.3625,train,a553c8,automobiles,1649050000000.0,184925.0,8.0,
1679,,,image-slider-responseMAS,182,2192.3,719669,,0.15,train,e31b73,automobiles,1649050000000.0,184926.0,34.0,
1680,,,image-slider-responseMAS,183,9008.3,729683,,0.67,train,eddcad,automobiles,1649050000000.0,184927.0,44.0,
1681,,,image-slider-responseMAS,184,1768.5,732457,,0.725,train,dddddd,automobiles,1649050000000.0,184928.0,29.0,
1682,,,image-slider-responseMAS,185,5340.6,738804,,0.6375,train,5e2b3a,automobiles,1649050000000.0,184929.0,30.0,
1683,,,image-slider-responseMAS,186,1913.5,741722,,0.67,train,ac6619,automobiles,1649050000000.0,184930.0,59.0,
1684,,,image-slider-responseMAS,187,11163.6,753892,,0.6325,train,fcdb42,automobiles,1649050000000.0,184931.0,69.0,
1685,,,image-slider-responseMAS,188,2467.3,757363,,0.6125,train,fba714,automobiles,1649050000000.0,184932.0,70.0,
1686,,,image-slider-responseMAS,189,2173.3,760541,,0.6425,train,c8e97d,automobiles,1649050000000.0,184933.0,55.0,
1687,,,image-slider-responseMAS,190,2223,763771,,0.325,train,c94e4b,automobiles,1649050000000.0,184934.0,48.0,
1688,,,image-slider-responseMAS,191,1871.5,766650,,0.305,train,cc4f1b,automobiles,1649050000000.0,184935.0,61.0,
1689,,,image-slider-responseMAS,192,2313.1,769968,,0.685,train,f7a75a,automobiles,1649050000000.0,184936.0,60.0,
1690,,,image-slider-responseMAS,193,6061.8,777036,,0.3125,train,e6a8b7,automobiles,1649050000000.0,184937.0,32.0,
1691,,,image-slider-responseMAS,194,1583.9,779626,,0.2825,train,b8509e,automobiles,1649050000000.0,184938.0,18.0,
1692,,,image-slider-responseMAS,195,2489.3,783121,,0.2125,train,077acc,automobiles,1649050000000.0,184939.0,4.0,
1693,,,image-slider-responseMAS,196,2440.6,786567,,0.035,train,ea1d1d,automobiles,1649050000000.0,184940.0,62.0,
1694,,,image-slider-responseMAS,197,3179.7,790753,,0.7,train,3b3b3b,automobiles,1649050000000.0,184941.0,25.0,
1695,,,image-slider-responseMAS,198,1394.9,793153,,0.6825,train,c7b88b,automobiles,1649050000000.0,184942.0,43.0,
1696,,,image-slider-responseMAS,199,2312.7,796472,,0.3425,train,d5a9e4,automobiles,1649050000000.0,184943.0,16.0,
1697,,,image-slider-responseMAS,200,1792.6,799270,,0.2825,train,c34f74,automobiles,1649050000000.0,184944.0,33.0,
1698,,,image-slider-responseMAS,201,2651.4,802927,,0.765,train,83764c,automobiles,1649050000000.0,184945.0,42.0,
1699,,,image-slider-responseMAS,202,3901.4,807834,,0.3275,train,b62ef2,automobiles,1649050000000.0,184946.0,3.0,
1700,,,image-slider-responseMAS,203,2761.7,811602,,0.6875,train,d0b85a,automobiles,1649050000000.0,184947.0,57.0,
1701,,,image-slider-responseMAS,204,3235.2,815841,,0.8025,train,5e78a1,automobiles,1649050000000.0,184948.0,12.0,
1702,,,image-slider-responseMAS,205,5310.9,822155,,0.345,train,4dc7e8,automobiles,1649050000000.0,184949.0,10.0,
1703,,,image-slider-responseMAS,206,4339.3,827499,,0.3325,train,2f6ef6,automobiles,1649050000000.0,184950.0,0.0,
1704,,,image-slider-responseMAS,207,2516.7,831022,,0.74,train,96c58c,automobiles,1649050000000.0,184951.0,39.0,
1705,,,image-slider-responseMAS,208,3519.8,835550,,0.6575,train,1c3d61,automobiles,1649050000000.0,184952.0,11.0,
1706,,,image-slider-responseMAS,209,1242.8,837796,,0.32,train,39f6e0,automobiles,1649050000000.0,184953.0,20.0,
1707,,,image-slider-responseMAS,210,1782.9,840585,,0.05,train,e81a4b,automobiles,1649050000000.0,184954.0,49.0,
1708,,,image-slider-responseMAS,211,2529.5,844120,,0.025,train,3efe44,automobiles,1649050000000.0,184955.0,63.0,
1709,,,image-slider-responseMAS,212,3010.8,848136,,0.1425,train,73cf10,automobiles,1649050000000.0,184956.0,64.0,
1710,,,image-slider-responseMAS,213,2401,851543,,0.5875,train,777777,automobiles,1649050000000.0,184957.0,26.0,
1711,,,image-slider-responseMAS,214,1281.2,853829,,0.73,train,a0bae6,automobiles,1649050000000.0,184958.0,13.0,
1712,,,image-slider-responseMAS,215,1320.5,856153,,0.8225,train,d5b811,automobiles,1649050000000.0,184959.0,68.0,
1713,,,image-slider-responseMAS,216,1584.8,858745,,0.145,train,cd26c7,automobiles,1649050000000.0,184960.0,9.0,
1714,,,image-slider-responseMAS,217,3325.4,863075,,0.405,train,632b14,automobiles,1649050000000.0,184961.0,45.0,
1715,,,image-slider-responseMAS,218,1407.7,865487,,0.07,train,67cf5c,automobiles,1649050000000.0,184962.0,51.0,
1716,,,image-slider-responseMAS,219,1222.7,867715,,0.26,train,9af443,automobiles,1649050000000.0,184963.0,65.0,
1717,,,image-slider-responseMAS,220,1428.2,870146,,0.82,train,7ec6ba,automobiles,1649050000000.0,184964.0,22.0,
1718,,,image-slider-responseMAS,221,1021.2,872173,,0.7825,train,d0e942,automobiles,1649050000000.0,184965.0,67.0,
1719,,,image-slider-responseMAS,222,1883.4,875062,,0.1925,train,db1f9d,automobiles,1649050000000.0,184966.0,19.0,
1720,,,image-slider-responseMAS,223,3819.7,879887,,0.5225,train,8558f4,automobiles,1649050000000.0,184967.0,2.0,
1721,,,image-slider-responseMAS,224,2336.2,883227,,0.8075,train,a06776,automobiles,1649050000000.0,184968.0,31.0,
1722,,,image-slider-responseMAS,225,1268.1,885502,,0.685,train,a2eade,automobiles,1649050000000.0,184969.0,23.0,
2026,,,image-slider-responseMAS,155,2247.3,889780,,0.7525,train,cd26c7,automobiles,1649080000000.0,185273.0,9.0,
2027,,,image-slider-responseMAS,156,4455.7,895238,,0.355,train,c34f74,automobiles,1649080000000.0,185274.0,33.0,
2028,,,image-slider-responseMAS,157,10091.8,906331,,0.645,train,2e3086,automobiles,1649080000000.0,185275.0,5.0,
2029,,,image-slider-responseMAS,158,3502.1,910843,,0.555,train,d5b811,automobiles,1649080000000.0,185276.0,68.0,
2030,,,image-slider-responseMAS,159,4542.7,916388,,0.3075,train,a06776,automobiles,1649080000000.0,185277.0,31.0,
2031,,,image-slider-responseMAS,160,2583.4,919974,,0.55,train,c94e4b,automobiles,1649080000000.0,185278.0,48.0,
2032,,,image-slider-responseMAS,161,3488.4,924464,,0.675,train,4bcf8e,automobiles,1649080000000.0,185279.0,35.0,
2033,,,image-slider-responseMAS,162,3045.2,928520,,0.925,train,3efe44,automobiles,1649080000000.0,185280.0,63.0,
2034,,,image-slider-responseMAS,163,8475.7,937998,,0.68,train,077acc,automobiles,1649080000000.0,185281.0,4.0,
2035,,,image-slider-responseMAS,164,2653.3,941654,,0.8425,train,184415,automobiles,1649080000000.0,185282.0,37.0,
2036,,,image-slider-responseMAS,165,3910.9,946566,,0.18,train,600b84,automobiles,1649080000000.0,185283.0,7.0,
2037,,,image-slider-responseMAS,166,2377.8,949946,,0.2675,train,746bca,automobiles,1649080000000.0,185284.0,6.0,
2038,,,image-slider-responseMAS,167,3271.5,954220,,0.625,train,b62ef2,automobiles,1649080000000.0,185285.0,3.0,
2039,,,image-slider-responseMAS,168,2859.5,958085,,0.0375,train,512d5f,automobiles,1649080000000.0,185286.0,14.0,
2040,,,image-slider-responseMAS,169,2932.1,962018,,0.0475,train,c7b88b,automobiles,1649080000000.0,185287.0,43.0,
2041,,,image-slider-responseMAS,170,2224.2,965244,,0.9725,train,ea1d1d,automobiles,1649080000000.0,185288.0,62.0,
2042,,,image-slider-responseMAS,171,3294.4,969541,,0.18,train,90689f,automobiles,1649080000000.0,185289.0,15.0,
2043,,,image-slider-responseMAS,172,2553,973096,,0.7975,train,0e8a19,automobiles,1649080000000.0,185290.0,50.0,
2044,,,image-slider-responseMAS,173,3093.5,977193,,0.6625,train,8cf47e,automobiles,1649080000000.0,185291.0,52.0,
2045,,,image-slider-responseMAS,174,2701,980895,,0.5625,train,73f5b0,automobiles,1649080000000.0,185292.0,36.0,
2046,,,image-slider-responseMAS,175,4296.1,986193,,0.115,train,0,automobiles,1649080000000.0,185293.0,24.0,
2047,,,image-slider-responseMAS,176,2500.6,989695,,0.72,train,fcdb42,automobiles,1649080000000.0,185294.0,69.0,
2048,,,image-slider-responseMAS,177,3118.8,993815,,0.63,train,f7a75a,automobiles,1649080000000.0,185295.0,60.0,
2049,,,image-slider-responseMAS,178,3099.9,997917,,0.1625,train,443b14,automobiles,1649080000000.0,185296.0,41.0,
2050,,,image-slider-responseMAS,179,2508.9,1001430,,0.6825,train,3b8378,automobiles,1649080000000.0,185297.0,21.0,
2051,,,image-slider-responseMAS,180,4217,1006660,,0.57,train,72005e,automobiles,1649080000000.0,185298.0,17.0,
2052,,,image-slider-responseMAS,181,3172.1,1010830,,0.685,train,3518ad,automobiles,1649080000000.0,185299.0,1.0,
2053,,,image-slider-responseMAS,182,2462,1014290,,0.5875,train,608218,automobiles,1649080000000.0,185300.0,53.0,
2054,,,image-slider-responseMAS,183,2306.5,1017600,,0.5925,train,7ec6ba,automobiles,1649080000000.0,185301.0,22.0,
2055,,,image-slider-responseMAS,184,2647.2,1021250,,0.13,train,b9b9b9,automobiles,1649080000000.0,185302.0,27.0,
2056,,,image-slider-responseMAS,185,3465.3,1025730,,0.635,train,1c3d61,automobiles,1649080000000.0,185303.0,11.0,
2057,,,image-slider-responseMAS,186,2586.3,1029320,,0.2325,train,baeaaf,automobiles,1649080000000.0,185304.0,40.0,
2058,,,image-slider-responseMAS,187,3794.9,1034120,,0.6475,train,897618,automobiles,1649080000000.0,185305.0,56.0,
2059,,,image-slider-responseMAS,188,4333.7,1039460,,0.205,train,f1a78a,automobiles,1649080000000.0,185306.0,47.0,
2060,,,image-slider-responseMAS,189,4145.2,1044610,,0.665,train,83764c,automobiles,1649080000000.0,185307.0,42.0,
2061,,,image-slider-responseMAS,190,69714.2,1115340,,0.8725,train,2f6ef6,automobiles,1649080000000.0,185308.0,0.0,
2062,,,image-slider-responseMAS,191,2807.8,1119150,,0.5775,train,632b14,automobiles,1649080000000.0,185309.0,45.0,
2063,,,image-slider-responseMAS,192,3185.5,1123340,,0.2625,train,96c58c,automobiles,1649080000000.0,185310.0,39.0,
2064,,,image-slider-responseMAS,193,26810.7,1151160,,0.6175,train,f7db7c,automobiles,1649080000000.0,185311.0,58.0,
2065,,,image-slider-responseMAS,194,5096.7,1157260,,0.3175,train,a8664b,automobiles,1649080000000.0,185312.0,46.0,
2066,,,image-slider-responseMAS,195,3448.6,1161710,,0.1925,train,d5a9e4,automobiles,1649080000000.0,185313.0,16.0,
2067,,,image-slider-responseMAS,196,2523.8,1165240,,0.8525,train,cc4f1b,automobiles,1649080000000.0,185314.0,61.0,
2068,,,image-slider-responseMAS,197,2483,1168730,,0.6975,train,ac6619,automobiles,1649080000000.0,185315.0,59.0,
2069,,,image-slider-responseMAS,198,2694.7,1172420,,0.065,train,ffffff,automobiles,1649080000000.0,185316.0,28.0,
2070,,,image-slider-responseMAS,199,2816.6,1176260,,0.64,train,4dc7e8,automobiles,1649080000000.0,185317.0,10.0,
2071,,,image-slider-responseMAS,200,3694,1180950,,0.605,train,777777,automobiles,1649080000000.0,185318.0,26.0,
2072,,,image-slider-responseMAS,201,3032.2,1184990,,0.7825,train,39f6e0,automobiles,1649080000000.0,185319.0,20.0,
2073,,,image-slider-responseMAS,202,2839.8,1188840,,0.545,train,c8e97d,automobiles,1649080000000.0,185320.0,55.0,
2074,,,image-slider-responseMAS,203,3331.8,1193180,,0.5775,train,aac510,automobiles,1649080000000.0,185321.0,66.0,
2075,,,image-slider-responseMAS,204,2438.2,1196620,,0.8375,train,e81a4b,automobiles,1649080000000.0,185322.0,49.0,
2076,,,image-slider-responseMAS,205,3417.6,1201040,,0.1,train,3b3b3b,automobiles,1649080000000.0,185323.0,25.0,
2077,,,image-slider-responseMAS,206,2657.5,1204710,,0.0775,train,a0bae6,automobiles,1649080000000.0,185324.0,13.0,
2078,,,image-slider-responseMAS,207,4275.5,1210000,,0.61,train,fba714,automobiles,1649080000000.0,185325.0,70.0,
2079,,,image-slider-responseMAS,208,2631.6,1213630,,0.6425,train,5e78a1,automobiles,1649080000000.0,185326.0,12.0,
2080,,,image-slider-responseMAS,209,3623.8,1218260,,0.815,train,73cf10,automobiles,1649080000000.0,185327.0,64.0,
2081,,,image-slider-responseMAS,210,6231.3,1225500,,0.025,train,eddcad,automobiles,1649080000000.0,185328.0,44.0,
2082,,,image-slider-responseMAS,211,2509,1229010,,0.315,train,b8509e,automobiles,1649080000000.0,185329.0,18.0,
2083,,,image-slider-responseMAS,212,2804.8,1232820,,0.1475,train,d0b85a,automobiles,1649080000000.0,185330.0,57.0,
2084,,,image-slider-responseMAS,213,4534.5,1238360,,0.16,train,5e2b3a,automobiles,1649080000000.0,185331.0,30.0,
2085,,,image-slider-responseMAS,214,2662.2,1242020,,0.0225,train,dddddd,automobiles,1649080000000.0,185332.0,29.0,
2086,,,image-slider-responseMAS,215,3656.5,1246680,,0.58,train,55824d,automobiles,1649080000000.0,185333.0,38.0,
2087,,,image-slider-responseMAS,216,5166.9,1252850,,0.665,train,e31b73,automobiles,1649080000000.0,185334.0,34.0,
2088,,,image-slider-responseMAS,217,5072.6,1258930,,0.4425,train,db1f9d,automobiles,1649080000000.0,185335.0,19.0,
2089,,,image-slider-responseMAS,218,3001.1,1262930,,0.195,train,a553c8,automobiles,1649080000000.0,185336.0,8.0,
2090,,,image-slider-responseMAS,219,3734,1267660,,0.1925,train,e6a8b7,automobiles,1649080000000.0,185337.0,32.0,
2091,,,image-slider-responseMAS,220,3093.3,1271760,,0.9375,train,9af443,automobiles,1649080000000.0,185338.0,65.0,
2092,,,image-slider-responseMAS,221,2701.7,1275460,,0.6875,train,d0e942,automobiles,1649080000000.0,185339.0,67.0,
2093,,,image-slider-responseMAS,222,2869.3,1279330,,0.22,train,8558f4,automobiles,1649080000000.0,185340.0,2.0,
2094,,,image-slider-responseMAS,223,2324.1,1282660,,0.7025,train,67cf5c,automobiles,1649080000000.0,185341.0,51.0,
2095,,,image-slider-responseMAS,224,2107.6,1285770,,0.1625,train,a2eade,automobiles,1649080000000.0,185342.0,23.0,
2096,,,image-slider-responseMAS,225,2587.3,1289370,,0.6375,train,a3c55b,automobiles,1649080000000.0,185343.0,54.0,
2400,,,image-slider-responseMAS,155,9283,644580,,0.485,train,55824d,automobiles,1649090000000.0,185647.0,38.0,
2401,,,image-slider-responseMAS,156,1556,647139,,0.5025,train,8cf47e,automobiles,1649090000000.0,185648.0,52.0,
2402,,,image-slider-responseMAS,157,5295,653436,,0.4375,train,4dc7e8,automobiles,1649090000000.0,185649.0,10.0,
2403,,,image-slider-responseMAS,158,1605,656042,,0.445,train,184415,automobiles,1649090000000.0,185650.0,37.0,
2404,,,image-slider-responseMAS,159,1811,658856,,0.5575,train,b8509e,automobiles,1649090000000.0,185651.0,18.0,
2405,,,image-slider-responseMAS,160,1404,661263,,0.5875,train,f1a78a,automobiles,1649090000000.0,185652.0,47.0,
2406,,,image-slider-responseMAS,161,1565,663830,,0.3525,train,608218,automobiles,1649090000000.0,185653.0,53.0,
2407,,,image-slider-responseMAS,162,1176,666009,,0.83,train,ea1d1d,automobiles,1649090000000.0,185654.0,62.0,
2408,,,image-slider-responseMAS,163,2364,669376,,0.3225,train,96c58c,automobiles,1649090000000.0,185655.0,39.0,
2409,,,image-slider-responseMAS,164,2158,672536,,0.215,train,39f6e0,automobiles,1649090000000.0,185656.0,20.0,
2410,,,image-slider-responseMAS,165,2120,675659,,0.2825,train,73f5b0,automobiles,1649090000000.0,185657.0,36.0,
2411,,,image-slider-responseMAS,166,3141,679803,,0.61,train,dddddd,automobiles,1649090000000.0,185658.0,29.0,
2412,,,image-slider-responseMAS,167,2886,683691,,0.725,train,f7a75a,automobiles,1649090000000.0,185659.0,60.0,
2413,,,image-slider-responseMAS,168,1643,686337,,0.665,train,cd26c7,automobiles,1649090000000.0,185660.0,9.0,
2414,,,image-slider-responseMAS,169,2857,690196,,0.82,train,c94e4b,automobiles,1649090000000.0,185661.0,48.0,
2415,,,image-slider-responseMAS,170,2618,693817,,0.175,train,077acc,automobiles,1649090000000.0,185662.0,4.0,
2416,,,image-slider-responseMAS,171,3576,698396,,0.305,train,f7db7c,automobiles,1649090000000.0,185663.0,58.0,
2417,,,image-slider-responseMAS,172,1349,700749,,0.7275,train,d5a9e4,automobiles,1649090000000.0,185664.0,16.0,
2418,,,image-slider-responseMAS,173,2015,703767,,0.7625,train,600b84,automobiles,1649090000000.0,185665.0,7.0,
2419,,,image-slider-responseMAS,174,3323,708093,,0.38,train,ffffff,automobiles,1649090000000.0,185666.0,28.0,
2420,,,image-slider-responseMAS,175,9227,718323,,0.23,train,a2eade,automobiles,1649090000000.0,185667.0,23.0,
2421,,,image-slider-responseMAS,176,10256,729581,,0.7375,train,a553c8,automobiles,1649090000000.0,185668.0,8.0,
2422,,,image-slider-responseMAS,177,1500,732084,,0.6525,train,3b3b3b,automobiles,1649090000000.0,185669.0,25.0,
2423,,,image-slider-responseMAS,178,987,734073,,0.715,train,3efe44,automobiles,1649090000000.0,185670.0,63.0,
2424,,,image-slider-responseMAS,179,1216,736292,,0.705,train,fcdb42,automobiles,1649090000000.0,185671.0,69.0,
2425,,,image-slider-responseMAS,180,1611,738906,,0.7075,train,0,automobiles,1649090000000.0,185672.0,24.0,
2426,,,image-slider-responseMAS,181,1271,741180,,0.7175,train,e81a4b,automobiles,1649090000000.0,185673.0,49.0,
2427,,,image-slider-responseMAS,182,1350,743533,,0.735,train,baeaaf,automobiles,1649090000000.0,185674.0,40.0,
2428,,,image-slider-responseMAS,183,1382,745918,,0.8425,train,4bcf8e,automobiles,1649090000000.0,185675.0,35.0,
2429,,,image-slider-responseMAS,184,1492,748413,,0.2,train,9af443,automobiles,1649090000000.0,185676.0,65.0,
2430,,,image-slider-responseMAS,185,1524,750940,,0.83,train,632b14,automobiles,1649090000000.0,185677.0,45.0,
2431,,,image-slider-responseMAS,186,2278,754221,,0.1975,train,a3c55b,automobiles,1649090000000.0,185678.0,54.0,
2432,,,image-slider-responseMAS,187,1288,756510,,0.78,train,897618,automobiles,1649090000000.0,185679.0,56.0,
2433,,,image-slider-responseMAS,188,1169,758681,,0.75,train,fba714,automobiles,1649090000000.0,185680.0,70.0,
2434,,,image-slider-responseMAS,189,1127,760812,,0.7925,train,b62ef2,automobiles,1649090000000.0,185681.0,3.0,
2435,,,image-slider-responseMAS,190,1192,763007,,0.82,train,db1f9d,automobiles,1649090000000.0,185682.0,19.0,
2436,,,image-slider-responseMAS,191,2816,766826,,0.295,train,7ec6ba,automobiles,1649090000000.0,185683.0,22.0,
2437,,,image-slider-responseMAS,192,1880,769708,,0.2275,train,aac510,automobiles,1649090000000.0,185684.0,66.0,
2438,,,image-slider-responseMAS,193,2802,773512,,0.2025,train,3518ad,automobiles,1649090000000.0,185685.0,1.0,
2439,,,image-slider-responseMAS,194,1572,776086,,0.7175,train,8558f4,automobiles,1649090000000.0,185686.0,2.0,
2440,,,image-slider-responseMAS,195,4274,781363,,0.83,train,512d5f,automobiles,1649090000000.0,185687.0,14.0,
2441,,,image-slider-responseMAS,196,1667,784034,,0.7375,train,a8664b,automobiles,1649090000000.0,185688.0,46.0,
2442,,,image-slider-responseMAS,197,1613,786648,,0.75,train,a06776,automobiles,1649090000000.0,185689.0,31.0,
2443,,,image-slider-responseMAS,198,2356,790006,,0.225,train,1c3d61,automobiles,1649090000000.0,185690.0,11.0,
2444,,,image-slider-responseMAS,199,2341,793350,,0.4025,train,eddcad,automobiles,1649090000000.0,185691.0,44.0,
2445,,,image-slider-responseMAS,200,4527,798880,,0.78,train,746bca,automobiles,1649090000000.0,185692.0,6.0,
2446,,,image-slider-responseMAS,201,7178,807061,,0.68,train,d0b85a,automobiles,1649090000000.0,185693.0,57.0,
2447,,,image-slider-responseMAS,202,2057,810120,,0.17,train,c8e97d,automobiles,1649090000000.0,185694.0,55.0,
2448,,,image-slider-responseMAS,203,2808,813931,,0.2175,train,777777,automobiles,1649090000000.0,185695.0,26.0,
2449,,,image-slider-responseMAS,204,2451,817385,,0.315,train,c7b88b,automobiles,1649090000000.0,185696.0,43.0,
2450,,,image-slider-responseMAS,205,2023,820411,,0.205,train,73cf10,automobiles,1649090000000.0,185697.0,64.0,
2451,,,image-slider-responseMAS,206,6921,828335,,0.275,train,2f6ef6,automobiles,1649090000000.0,185698.0,0.0,
2452,,,image-slider-responseMAS,207,2417,831756,,0.3225,train,d5b811,automobiles,1649090000000.0,185699.0,68.0,
2453,,,image-slider-responseMAS,208,1645,834402,,0.205,train,a0bae6,automobiles,1649090000000.0,185700.0,13.0,
2454,,,image-slider-responseMAS,209,1224,836629,,0.71,train,2e3086,automobiles,1649090000000.0,185701.0,5.0,
2455,,,image-slider-responseMAS,210,1897,839528,,0.29,train,67cf5c,automobiles,1649090000000.0,185702.0,51.0,
2456,,,image-slider-responseMAS,211,1279,841810,,0.88,train,3b8378,automobiles,1649090000000.0,185703.0,21.0,
2457,,,image-slider-responseMAS,212,1484,844298,,0.3925,train,72005e,automobiles,1649090000000.0,185704.0,17.0,
2458,,,image-slider-responseMAS,213,1501,846801,,0.755,train,90689f,automobiles,1649090000000.0,185705.0,15.0,
2459,,,image-slider-responseMAS,214,1636,849439,,0.3575,train,e6a8b7,automobiles,1649090000000.0,185706.0,32.0,
2460,,,image-slider-responseMAS,215,1532,851975,,0.7725,train,e31b73,automobiles,1649090000000.0,185707.0,34.0,
2461,,,image-slider-responseMAS,216,1730,854706,,0.7925,train,0e8a19,automobiles,1649090000000.0,185708.0,50.0,
2462,,,image-slider-responseMAS,217,1113,856822,,0.755,train,d0e942,automobiles,1649090000000.0,185709.0,67.0,
2463,,,image-slider-responseMAS,218,1493,859317,,0.2775,train,5e2b3a,automobiles,1649090000000.0,185710.0,30.0,
2464,,,image-slider-responseMAS,219,1660,861980,,0.7525,train,443b14,automobiles,1649090000000.0,185711.0,41.0,
2465,,,image-slider-responseMAS,220,1826,864809,,0.2325,train,ac6619,automobiles,1649090000000.0,185712.0,59.0,
2466,,,image-slider-responseMAS,221,1336,867147,,0.7675,train,c34f74,automobiles,1649090000000.0,185713.0,33.0,
2467,,,image-slider-responseMAS,222,1222,869373,,0.73,train,5e78a1,automobiles,1649090000000.0,185714.0,12.0,
2468,,,image-slider-responseMAS,223,1840,872215,,0.7775,train,cc4f1b,automobiles,1649090000000.0,185715.0,61.0,
2469,,,image-slider-responseMAS,224,1090,874308,,0.7775,train,b9b9b9,automobiles,1649090000000.0,185716.0,27.0,
2470,,,image-slider-responseMAS,225,1991,877302,,0.665,train,83764c,automobiles,1649090000000.0,185717.0,42.0,
2774,,,image-slider-responseMAS,155,2210.6,496935,,0.6725,train,897618,automobiles,1649090000000.0,186021.0,56.0,
2775,,,image-slider-responseMAS,156,1546.4,499488,,0.6175,train,2e3086,automobiles,1649090000000.0,186022.0,5.0,
2776,,,image-slider-responseMAS,157,1466,501962,,0.6225,train,3b8378,automobiles,1649090000000.0,186023.0,21.0,
2777,,,image-slider-responseMAS,158,1341.9,504308,,0.3575,train,b62ef2,automobiles,1649090000000.0,186024.0,3.0,
2778,,,image-slider-responseMAS,159,1894.1,507205,,0.235,train,d0b85a,automobiles,1649090000000.0,186025.0,57.0,
2779,,,image-slider-responseMAS,160,1437.7,509646,,0.39,train,a3c55b,automobiles,1649090000000.0,186026.0,54.0,
2780,,,image-slider-responseMAS,161,1915.3,512567,,-0.005,train,c8e97d,automobiles,1649090000000.0,186027.0,55.0,
2781,,,image-slider-responseMAS,162,3351.9,516923,,0.08,train,b8509e,automobiles,1649090000000.0,186028.0,18.0,
2782,,,image-slider-responseMAS,163,1950.1,519877,,0.26,train,d0e942,automobiles,1649090000000.0,186029.0,67.0,
2783,,,image-slider-responseMAS,164,1373.9,522254,,0.7775,train,1c3d61,automobiles,1649090000000.0,186030.0,11.0,
2784,,,image-slider-responseMAS,165,1501.3,524759,,0.85,train,0,automobiles,1649090000000.0,186031.0,24.0,
2785,,,image-slider-responseMAS,166,1334.3,527098,,0.2575,train,96c58c,automobiles,1649090000000.0,186032.0,39.0,
2786,,,image-slider-responseMAS,167,2077.2,530178,,0.6775,train,5e78a1,automobiles,1649090000000.0,186033.0,12.0,
2787,,,image-slider-responseMAS,168,1535,532714,,0.8325,train,a8664b,automobiles,1649090000000.0,186034.0,46.0,
2788,,,image-slider-responseMAS,169,2125.4,535842,,0.34,train,8cf47e,automobiles,1649090000000.0,186035.0,52.0,
2789,,,image-slider-responseMAS,170,6062.9,544110,,1.0,train,5e2b3a,automobiles,1649090000000.0,186036.0,30.0,
2790,,,image-slider-responseMAS,171,1547.2,546661,,0.0875,train,ea1d1d,automobiles,1649090000000.0,186037.0,62.0,
2791,,,image-slider-responseMAS,172,1658.5,549324,,0.7875,train,184415,automobiles,1649090000000.0,186038.0,37.0,
2792,,,image-slider-responseMAS,173,1814.7,552142,,0.015,train,8558f4,automobiles,1649090000000.0,186039.0,2.0,
2793,,,image-slider-responseMAS,174,2383.5,555530,,0.775,train,ac6619,automobiles,1649090000000.0,186040.0,59.0,
2794,,,image-slider-responseMAS,175,1463.3,557997,,0.75,train,b9b9b9,automobiles,1649090000000.0,186041.0,27.0,
2795,,,image-slider-responseMAS,176,2072.4,561076,,0.14,train,72005e,automobiles,1649090000000.0,186042.0,17.0,
2796,,,image-slider-responseMAS,177,1836.7,563916,,0.195,train,73cf10,automobiles,1649090000000.0,186043.0,64.0,
2797,,,image-slider-responseMAS,178,6889.1,571809,,0.49,train,3518ad,automobiles,1649090000000.0,186044.0,1.0,
2798,,,image-slider-responseMAS,179,2356.5,575169,,0.635,train,c7b88b,automobiles,1649090000000.0,186045.0,43.0,
2799,,,image-slider-responseMAS,180,1694.1,577866,,0.21,train,a06776,automobiles,1649090000000.0,186046.0,31.0,
2800,,,image-slider-responseMAS,181,1525.3,580395,,0.8025,train,443b14,automobiles,1649090000000.0,186047.0,41.0,
2801,,,image-slider-responseMAS,182,1635.8,583037,,0.305,train,9af443,automobiles,1649090000000.0,186048.0,65.0,
2802,,,image-slider-responseMAS,183,1602,585646,,0.2075,train,90689f,automobiles,1649090000000.0,186049.0,15.0,
2803,,,image-slider-responseMAS,184,2433,589085,,-0.005,train,e81a4b,automobiles,1649090000000.0,186050.0,49.0,
2804,,,image-slider-responseMAS,185,1691,591783,,0.275,train,eddcad,automobiles,1649090000000.0,186051.0,44.0,
2805,,,image-slider-responseMAS,186,2501,595288,,0.305,train,4dc7e8,automobiles,1649090000000.0,186052.0,10.0,
2806,,,image-slider-responseMAS,187,1692.9,597985,,0.3,train,e31b73,automobiles,1649090000000.0,186053.0,34.0,
2807,,,image-slider-responseMAS,188,2151.9,601145,,0.735,train,a0bae6,automobiles,1649090000000.0,186054.0,13.0,
2808,,,image-slider-responseMAS,189,1798.8,603947,,0.3675,train,baeaaf,automobiles,1649090000000.0,186055.0,40.0,
2809,,,image-slider-responseMAS,190,1646.3,606596,,0.5975,train,0e8a19,automobiles,1649090000000.0,186056.0,50.0,
2810,,,image-slider-responseMAS,191,3458.7,611057,,0.755,train,dddddd,automobiles,1649090000000.0,186057.0,29.0,
2811,,,image-slider-responseMAS,192,1706.7,613770,,0.66,train,f7db7c,automobiles,1649090000000.0,186058.0,58.0,
2812,,,image-slider-responseMAS,193,2421.4,617194,,0.295,train,077acc,automobiles,1649090000000.0,186059.0,4.0,
2813,,,image-slider-responseMAS,194,1925.3,620123,,0.3875,train,c34f74,automobiles,1649090000000.0,186060.0,33.0,
2814,,,image-slider-responseMAS,195,2253.3,623379,,0.2825,train,c94e4b,automobiles,1649090000000.0,186061.0,48.0,
2815,,,image-slider-responseMAS,196,1615.1,625997,,0.2975,train,f1a78a,automobiles,1649090000000.0,186062.0,47.0,
2816,,,image-slider-responseMAS,197,2841.5,629843,,0.35,train,f7a75a,automobiles,1649090000000.0,186063.0,60.0,
2817,,,image-slider-responseMAS,198,1661.8,632509,,0.6175,train,ffffff,automobiles,1649090000000.0,186064.0,28.0,
2818,,,image-slider-responseMAS,199,1673.8,635191,,0.5925,train,cc4f1b,automobiles,1649090000000.0,186065.0,61.0,
2819,,,image-slider-responseMAS,200,1478.7,637672,,0.6125,train,83764c,automobiles,1649090000000.0,186066.0,42.0,
2820,,,image-slider-responseMAS,201,1694.1,640370,,0.3875,train,39f6e0,automobiles,1649090000000.0,186067.0,20.0,
2821,,,image-slider-responseMAS,202,1698.9,643075,,0.35,train,67cf5c,automobiles,1649090000000.0,186068.0,51.0,
2822,,,image-slider-responseMAS,203,1596.1,645676,,0.3975,train,cd26c7,automobiles,1649090000000.0,186069.0,9.0,
2823,,,image-slider-responseMAS,204,2059,648741,,0.37,train,512d5f,automobiles,1649090000000.0,186070.0,14.0,
2824,,,image-slider-responseMAS,205,3976.8,653721,,0.5975,train,55824d,automobiles,1649090000000.0,186071.0,38.0,
2825,,,image-slider-responseMAS,206,2137.1,656864,,0.3125,train,a553c8,automobiles,1649090000000.0,186072.0,8.0,
2826,,,image-slider-responseMAS,207,1495.1,659362,,0.325,train,4bcf8e,automobiles,1649090000000.0,186073.0,35.0,
2827,,,image-slider-responseMAS,208,2339,662706,,0.5925,train,608218,automobiles,1649090000000.0,186074.0,53.0,
2828,,,image-slider-responseMAS,209,2053.7,665762,,0.4,train,aac510,automobiles,1649090000000.0,186075.0,66.0,
2829,,,image-slider-responseMAS,210,2253.1,669018,,0.3925,train,d5b811,automobiles,1649090000000.0,186076.0,68.0,
2830,,,image-slider-responseMAS,211,6628.7,676652,,0.565,train,600b84,automobiles,1649090000000.0,186077.0,7.0,
2831,,,image-slider-responseMAS,212,2281.3,679941,,0.575,train,746bca,automobiles,1649090000000.0,186078.0,6.0,
2832,,,image-slider-responseMAS,213,2080.5,683028,,0.345,train,73f5b0,automobiles,1649090000000.0,186079.0,36.0,
2833,,,image-slider-responseMAS,214,2076.8,686108,,0.44,train,3efe44,automobiles,1649090000000.0,186080.0,63.0,
2834,,,image-slider-responseMAS,215,1786.9,688901,,0.2575,train,db1f9d,automobiles,1649090000000.0,186081.0,19.0,
2835,,,image-slider-responseMAS,216,1925.8,691831,,0.75,train,632b14,automobiles,1649090000000.0,186082.0,45.0,
2836,,,image-slider-responseMAS,217,1383.6,694217,,0.6075,train,3b3b3b,automobiles,1649090000000.0,186083.0,25.0,
2837,,,image-slider-responseMAS,218,3616.3,698838,,0.3375,train,fcdb42,automobiles,1649090000000.0,186084.0,69.0,
2838,,,image-slider-responseMAS,219,1333.8,701175,,0.2875,train,e6a8b7,automobiles,1649090000000.0,186085.0,32.0,
2839,,,image-slider-responseMAS,220,1287.2,703466,,0.32,train,7ec6ba,automobiles,1649090000000.0,186086.0,22.0,
2840,,,image-slider-responseMAS,221,1693.2,706163,,0.7475,train,2f6ef6,automobiles,1649090000000.0,186087.0,0.0,
2841,,,image-slider-responseMAS,222,3232.9,710401,,0.395,train,a2eade,automobiles,1649090000000.0,186088.0,23.0,
2842,,,image-slider-responseMAS,223,1928.8,713337,,0.3675,train,d5a9e4,automobiles,1649090000000.0,186089.0,16.0,
2843,,,image-slider-responseMAS,224,2527.5,716872,,0.755,train,777777,automobiles,1649090000000.0,186090.0,26.0,
2844,,,image-slider-responseMAS,225,1992.1,719872,,0.415,train,fba714,automobiles,1649090000000.0,186091.0,70.0,
3149,,,image-slider-responseMAS,155,2360,821420,,0.62,train,3518ad,automobiles,1649100000000.0,186396.0,1.0,
3150,,,image-slider-responseMAS,156,1091,823513,,0.61,train,077acc,automobiles,1649100000000.0,186397.0,4.0,
3151,,,image-slider-responseMAS,157,1195,825711,,0.6075,train,632b14,automobiles,1649100000000.0,186398.0,45.0,
3152,,,image-slider-responseMAS,158,1084,827798,,0.6525,train,443b14,automobiles,1649100000000.0,186399.0,41.0,
3153,,,image-slider-responseMAS,159,8055,836857,,0.69,train,184415,automobiles,1649100000000.0,186400.0,37.0,
3154,,,image-slider-responseMAS,160,1284,839144,,0.675,train,83764c,automobiles,1649100000000.0,186401.0,42.0,
3155,,,image-slider-responseMAS,161,2447,842594,,0.18,train,600b84,automobiles,1649100000000.0,186402.0,7.0,
3156,,,image-slider-responseMAS,162,5398,848994,,0.1775,train,a553c8,automobiles,1649100000000.0,186403.0,8.0,
3157,,,image-slider-responseMAS,163,2923,852921,,0.8025,train,d5b811,automobiles,1649100000000.0,186404.0,68.0,
3158,,,image-slider-responseMAS,164,1240,855164,,0.675,train,d0b85a,automobiles,1649100000000.0,186405.0,57.0,
3159,,,image-slider-responseMAS,165,1901,858068,,0.6525,train,9af443,automobiles,1649100000000.0,186406.0,65.0,
3160,,,image-slider-responseMAS,166,1241,860312,,0.7475,train,fba714,automobiles,1649100000000.0,186407.0,70.0,
3161,,,image-slider-responseMAS,167,1940,863255,,0.9975,train,c94e4b,automobiles,1649100000000.0,186408.0,48.0,
3162,,,image-slider-responseMAS,168,5555,869813,,0.815,train,5e2b3a,automobiles,1649100000000.0,186409.0,30.0,
3163,,,image-slider-responseMAS,169,7122,877939,,-0.0025,train,cd26c7,automobiles,1649100000000.0,186410.0,9.0,
3164,,,image-slider-responseMAS,170,11068,890010,,0.84,train,608218,automobiles,1649100000000.0,186411.0,53.0,
3165,,,image-slider-responseMAS,171,15773,906786,,0.33,train,eddcad,automobiles,1649100000000.0,186412.0,44.0,
3166,,,image-slider-responseMAS,172,3562,911351,,0.2775,train,e6a8b7,automobiles,1649100000000.0,186413.0,32.0,
3167,,,image-slider-responseMAS,173,3216,915570,,0.81,train,67cf5c,automobiles,1649100000000.0,186414.0,51.0,
3168,,,image-slider-responseMAS,174,82658,999229,,0.6775,train,c7b88b,automobiles,1649100000000.0,186415.0,43.0,
3169,,,image-slider-responseMAS,175,5941,1006170,,-0.0025,train,0,automobiles,1649100000000.0,186416.0,24.0,
3170,,,image-slider-responseMAS,176,1386,1008560,,0.175,train,d0e942,automobiles,1649100000000.0,186417.0,67.0,
3171,,,image-slider-responseMAS,177,4348,1013910,,0.6475,train,4bcf8e,automobiles,1649100000000.0,186418.0,35.0,
3172,,,image-slider-responseMAS,178,1468,1016380,,0.6275,train,90689f,automobiles,1649100000000.0,186419.0,15.0,
3173,,,image-slider-responseMAS,179,3937,1021320,,0.605,train,baeaaf,automobiles,1649100000000.0,186420.0,40.0,
3174,,,image-slider-responseMAS,180,1684,1024010,,0.7525,train,777777,automobiles,1649100000000.0,186421.0,26.0,
3175,,,image-slider-responseMAS,181,5058,1030070,,0.6725,train,a2eade,automobiles,1649100000000.0,186422.0,23.0,
3176,,,image-slider-responseMAS,182,4153,1035230,,0.235,train,746bca,automobiles,1649100000000.0,186423.0,6.0,
3177,,,image-slider-responseMAS,183,1670,1037900,,0.9875,train,ea1d1d,automobiles,1649100000000.0,186424.0,62.0,
3178,,,image-slider-responseMAS,184,1814,1040720,,0.88,train,96c58c,automobiles,1649100000000.0,186425.0,39.0,
3179,,,image-slider-responseMAS,185,2273,1044000,,0.4175,train,dddddd,automobiles,1649100000000.0,186426.0,29.0,
3180,,,image-slider-responseMAS,186,1440,1046440,,0.1625,train,512d5f,automobiles,1649100000000.0,186427.0,14.0,
3181,,,image-slider-responseMAS,187,1916,1049360,,0.195,train,c8e97d,automobiles,1649100000000.0,186428.0,55.0,
3182,,,image-slider-responseMAS,188,2120,1052480,,0.755,train,8cf47e,automobiles,1649100000000.0,186429.0,52.0,
3183,,,image-slider-responseMAS,189,1189,1054670,,0.2975,train,d5a9e4,automobiles,1649100000000.0,186430.0,16.0,
3184,,,image-slider-responseMAS,190,4282,1059960,,1.0,train,55824d,automobiles,1649100000000.0,186431.0,38.0,
3185,,,image-slider-responseMAS,191,1552,1062510,,-0.0175,train,b62ef2,automobiles,1649100000000.0,186432.0,3.0,
3186,,,image-slider-responseMAS,192,1565,1065080,,0.8275,train,3b8378,automobiles,1649100000000.0,186433.0,21.0,
3187,,,image-slider-responseMAS,193,1939,1068020,,0.64,train,2f6ef6,automobiles,1649100000000.0,186434.0,0.0,
3188,,,image-slider-responseMAS,194,1887,1070910,,0.165,train,b9b9b9,automobiles,1649100000000.0,186435.0,27.0,
3189,,,image-slider-responseMAS,195,2923,1074840,,1.0025,train,e81a4b,automobiles,1649100000000.0,186436.0,49.0,
3190,,,image-slider-responseMAS,196,1647,1077490,,0.75,train,c34f74,automobiles,1649100000000.0,186437.0,33.0,
3191,,,image-slider-responseMAS,197,1257,1079750,,0.2075,train,e31b73,automobiles,1649100000000.0,186438.0,34.0,
3192,,,image-slider-responseMAS,198,2643,1083390,,0.8725,train,a3c55b,automobiles,1649100000000.0,186439.0,54.0,
3193,,,image-slider-responseMAS,199,2780,1087180,,0.3025,train,73cf10,automobiles,1649100000000.0,186440.0,64.0,
3194,,,image-slider-responseMAS,200,2301,1090480,,0.1775,train,8558f4,automobiles,1649100000000.0,186441.0,2.0,
3195,,,image-slider-responseMAS,201,2949,1094430,,0.995,train,1c3d61,automobiles,1649100000000.0,186442.0,11.0,
3196,,,image-slider-responseMAS,202,2115,1097550,,0.6925,train,a06776,automobiles,1649100000000.0,186443.0,31.0,
3197,,,image-slider-responseMAS,203,1373,1099920,,0.685,train,f7db7c,automobiles,1649100000000.0,186444.0,58.0,
3198,,,image-slider-responseMAS,204,1962,1102890,,0.66,train,cc4f1b,automobiles,1649100000000.0,186445.0,61.0,
3199,,,image-slider-responseMAS,205,2931,1106820,,0.6725,train,2e3086,automobiles,1649100000000.0,186446.0,5.0,
3200,,,image-slider-responseMAS,206,1940,1109770,,0.44,train,7ec6ba,automobiles,1649100000000.0,186447.0,22.0,
3201,,,image-slider-responseMAS,207,2992,1113760,,0.87,train,fcdb42,automobiles,1649100000000.0,186448.0,69.0,
3202,,,image-slider-responseMAS,208,1395,1116160,,0.59,train,a8664b,automobiles,1649100000000.0,186449.0,46.0,
3203,,,image-slider-responseMAS,209,2181,1119340,,0.7625,train,3efe44,automobiles,1649100000000.0,186450.0,63.0,
3204,,,image-slider-responseMAS,210,1100,1121450,,0.715,train,4dc7e8,automobiles,1649100000000.0,186451.0,10.0,
3205,,,image-slider-responseMAS,211,1761,1124210,,1.0,train,3b3b3b,automobiles,1649100000000.0,186452.0,25.0,
3206,,,image-slider-responseMAS,212,1498,1126720,,-0.005,train,db1f9d,automobiles,1649100000000.0,186453.0,19.0,
3207,,,image-slider-responseMAS,213,2788,1130510,,0.73,train,5e78a1,automobiles,1649100000000.0,186454.0,12.0,
3208,,,image-slider-responseMAS,214,1369,1132880,,0.585,train,897618,automobiles,1649100000000.0,186455.0,56.0,
3209,,,image-slider-responseMAS,215,1265,1135150,,0.3325,train,39f6e0,automobiles,1649100000000.0,186456.0,20.0,
3210,,,image-slider-responseMAS,216,1278,1137430,,0.61,train,f7a75a,automobiles,1649100000000.0,186457.0,60.0,
3211,,,image-slider-responseMAS,217,1201,1139630,,0.56,train,a0bae6,automobiles,1649100000000.0,186458.0,13.0,
3212,,,image-slider-responseMAS,218,2017,1142650,,0.6625,train,aac510,automobiles,1649100000000.0,186459.0,66.0,
3213,,,image-slider-responseMAS,219,3087,1146740,,0.1575,train,ffffff,automobiles,1649100000000.0,186460.0,28.0,
3214,,,image-slider-responseMAS,220,1503,1149250,,-0.005,train,72005e,automobiles,1649100000000.0,186461.0,17.0,
3215,,,image-slider-responseMAS,221,2114,1152360,,0.31,train,b8509e,automobiles,1649100000000.0,186462.0,18.0,
3216,,,image-slider-responseMAS,222,1527,1154900,,0.1275,train,f1a78a,automobiles,1649100000000.0,186463.0,47.0,
3217,,,image-slider-responseMAS,223,1060,1156960,,0.795,train,ac6619,automobiles,1649100000000.0,186464.0,59.0,
3218,,,image-slider-responseMAS,224,4141,1162100,,0.99,train,0e8a19,automobiles,1649100000000.0,186465.0,50.0,
3219,,,image-slider-responseMAS,225,7786,1170890,,0.095,train,73f5b0,automobiles,1649100000000.0,186466.0,36.0,
3522,,,image-slider-responseMAS,155,2512.7,750813,,0.9675,train,ffffff,automobiles,1649100000000.0,186769.0,28.0,
3523,,,image-slider-responseMAS,156,2627.9,754449,,0.3175,train,0e8a19,automobiles,1649100000000.0,186770.0,50.0,
3524,,,image-slider-responseMAS,157,3494.8,758956,,1.0025,train,d5a9e4,automobiles,1649100000000.0,186771.0,16.0,
3525,,,image-slider-responseMAS,158,2470.5,762434,,0.9325,train,d0e942,automobiles,1649100000000.0,186772.0,67.0,
3526,,,image-slider-responseMAS,159,2824.7,766270,,0.8775,train,39f6e0,automobiles,1649100000000.0,186773.0,20.0,
3527,,,image-slider-responseMAS,160,3134.8,770409,,0.3625,train,83764c,automobiles,1649100000000.0,186774.0,42.0,
3528,,,image-slider-responseMAS,161,4139.8,775561,,0.57,train,4bcf8e,automobiles,1649100000000.0,186775.0,35.0,
3529,,,image-slider-responseMAS,162,2704.5,779272,,0.46,train,a3c55b,automobiles,1649100000000.0,186776.0,54.0,
3530,,,image-slider-responseMAS,163,3043.6,783326,,0.0875,train,1c3d61,automobiles,1649100000000.0,186777.0,11.0,
3531,,,image-slider-responseMAS,164,4109.2,788442,,0.5275,train,2f6ef6,automobiles,1649100000000.0,186778.0,0.0,
3532,,,image-slider-responseMAS,165,3914.3,793367,,0.435,train,aac510,automobiles,1649100000000.0,186779.0,66.0,
3533,,,image-slider-responseMAS,166,2259.7,796634,,0.365,train,b8509e,automobiles,1649100000000.0,186780.0,18.0,
3534,,,image-slider-responseMAS,167,2383.5,800025,,0.9,train,a0bae6,automobiles,1649100000000.0,186781.0,13.0,
3535,,,image-slider-responseMAS,168,3353.9,804387,,0.45,train,90689f,automobiles,1649100000000.0,186782.0,15.0,
3536,,,image-slider-responseMAS,169,2720.1,808114,,0.26,train,3518ad,automobiles,1649100000000.0,186783.0,1.0,
3537,,,image-slider-responseMAS,170,2619.8,811742,,0.59,train,3efe44,automobiles,1649100000000.0,186784.0,63.0,
3538,,,image-slider-responseMAS,171,2246.2,814991,,0.5525,train,cd26c7,automobiles,1649100000000.0,186785.0,9.0,
3539,,,image-slider-responseMAS,172,3461.6,819458,,0.6375,train,d5b811,automobiles,1649100000000.0,186786.0,68.0,
3540,,,image-slider-responseMAS,173,2075.3,822548,,0.91,train,a2eade,automobiles,1649100000000.0,186787.0,23.0,
3541,,,image-slider-responseMAS,174,3459.7,827014,,0.1775,train,512d5f,automobiles,1649100000000.0,186788.0,14.0,
3542,,,image-slider-responseMAS,175,3015.7,831034,,0.0675,train,3b3b3b,automobiles,1649100000000.0,186789.0,25.0,
3543,,,image-slider-responseMAS,176,3815.6,835856,,0.3125,train,a8664b,automobiles,1649100000000.0,186790.0,46.0,
3544,,,image-slider-responseMAS,177,8601.2,845474,,0.57,train,67cf5c,automobiles,1649100000000.0,186791.0,51.0,
3545,,,image-slider-responseMAS,178,3322,849802,,0.86,train,73f5b0,automobiles,1649100000000.0,186792.0,36.0,
3546,,,image-slider-responseMAS,179,3167.2,853980,,0.4325,train,c94e4b,automobiles,1649100000000.0,186793.0,48.0,
3547,,,image-slider-responseMAS,180,4269.7,859256,,0.5225,train,e31b73,automobiles,1649100000000.0,186794.0,34.0,
3548,,,image-slider-responseMAS,181,2635.8,862908,,0.9125,train,c7b88b,automobiles,1649100000000.0,186795.0,43.0,
3549,,,image-slider-responseMAS,182,3216.6,867128,,0.82,train,7ec6ba,automobiles,1649100000000.0,186796.0,22.0,
3550,,,image-slider-responseMAS,183,13276.4,881420,,0.905,train,8cf47e,automobiles,1649100000000.0,186797.0,52.0,
3551,,,image-slider-responseMAS,184,10562.4,893001,,0.315,train,55824d,automobiles,1649100000000.0,186798.0,38.0,
3552,,,image-slider-responseMAS,185,3844.2,897858,,0.1525,train,2e3086,automobiles,1649100000000.0,186799.0,5.0,
3553,,,image-slider-responseMAS,186,2637.5,901503,,0.96,train,eddcad,automobiles,1649100000000.0,186800.0,44.0,
3554,,,image-slider-responseMAS,187,2537.8,905058,,0.875,train,fcdb42,automobiles,1649100000000.0,186801.0,69.0,
3555,,,image-slider-responseMAS,188,2172.6,908244,,0.91,train,f1a78a,automobiles,1649100000000.0,186802.0,47.0,
3556,,,image-slider-responseMAS,189,2041.9,911292,,0.2075,train,608218,automobiles,1649100000000.0,186803.0,53.0,
3557,,,image-slider-responseMAS,190,3281.5,915581,,0.4675,train,a06776,automobiles,1649100000000.0,186804.0,31.0,
3558,,,image-slider-responseMAS,191,2675.2,919260,,0.1575,train,632b14,automobiles,1649100000000.0,186805.0,45.0,
3559,,,image-slider-responseMAS,192,3198,923466,,0.5275,train,fba714,automobiles,1649100000000.0,186806.0,70.0,
3560,,,image-slider-responseMAS,193,6156,930633,,0.405,train,d0b85a,automobiles,1649100000000.0,186807.0,57.0,
3561,,,image-slider-responseMAS,194,4204.9,935840,,0.46,train,5e78a1,automobiles,1649100000000.0,186808.0,12.0,
3562,,,image-slider-responseMAS,195,2671.1,939526,,0.5475,train,8558f4,automobiles,1649100000000.0,186809.0,2.0,
3563,,,image-slider-responseMAS,196,2358.4,942898,,0.9275,train,c8e97d,automobiles,1649100000000.0,186810.0,55.0,
3564,,,image-slider-responseMAS,197,2394.7,946303,,0.1225,train,443b14,automobiles,1649100000000.0,186811.0,41.0,
3565,,,image-slider-responseMAS,198,2493.8,949810,,0.3275,train,777777,automobiles,1649100000000.0,186812.0,26.0,
3566,,,image-slider-responseMAS,199,2934.7,953760,,0.445,train,b9b9b9,automobiles,1649100000000.0,186813.0,27.0,
3567,,,image-slider-responseMAS,200,2990.6,957768,,0.29,train,cc4f1b,automobiles,1649100000000.0,186814.0,61.0,
3568,,,image-slider-responseMAS,201,3703.9,962482,,0.5325,train,73cf10,automobiles,1649100000000.0,186815.0,64.0,
3569,,,image-slider-responseMAS,202,2880.2,966373,,0.1875,train,897618,automobiles,1649100000000.0,186816.0,56.0,
3570,,,image-slider-responseMAS,203,2508.9,969900,,0.3875,train,e81a4b,automobiles,1649100000000.0,186817.0,49.0,
3571,,,image-slider-responseMAS,204,2784.3,973695,,0.18,train,72005e,automobiles,1649100000000.0,186818.0,17.0,
3572,,,image-slider-responseMAS,205,2997,977695,,0.3475,train,db1f9d,automobiles,1649100000000.0,186819.0,19.0,
3573,,,image-slider-responseMAS,206,2454.3,981162,,0.67,train,9af443,automobiles,1649100000000.0,186820.0,65.0,
3574,,,image-slider-responseMAS,207,2518.2,984696,,0.155,train,600b84,automobiles,1649100000000.0,186821.0,7.0,
3575,,,image-slider-responseMAS,208,2522,988224,,0.0775,train,184415,automobiles,1649100000000.0,186822.0,37.0,
3576,,,image-slider-responseMAS,209,3076.3,992314,,0.705,train,4dc7e8,automobiles,1649100000000.0,186823.0,10.0,
3577,,,image-slider-responseMAS,210,2918.8,996240,,0.0,train,0,automobiles,1649100000000.0,186824.0,24.0,
3578,,,image-slider-responseMAS,211,3177.5,1000420,,0.9,train,e6a8b7,automobiles,1649100000000.0,186825.0,32.0,
3579,,,image-slider-responseMAS,212,6402.8,1007830,,0.53,train,077acc,automobiles,1649100000000.0,186826.0,4.0,
3580,,,image-slider-responseMAS,213,2665.7,1011510,,0.4075,train,ea1d1d,automobiles,1649100000000.0,186827.0,62.0,
3581,,,image-slider-responseMAS,214,2815.8,1015330,,0.1925,train,5e2b3a,automobiles,1649100000000.0,186828.0,30.0,
3582,,,image-slider-responseMAS,215,3563.2,1019910,,0.56,train,f7a75a,automobiles,1649100000000.0,186829.0,60.0,
3583,,,image-slider-responseMAS,216,3938.8,1024860,,0.7225,train,96c58c,automobiles,1649100000000.0,186830.0,39.0,
3584,,,image-slider-responseMAS,217,4975.7,1030840,,0.2225,train,3b8378,automobiles,1649100000000.0,186831.0,21.0,
3585,,,image-slider-responseMAS,218,2056.5,1033920,,0.3575,train,c34f74,automobiles,1649100000000.0,186832.0,33.0,
3586,,,image-slider-responseMAS,219,2253.4,1037180,,0.8075,train,baeaaf,automobiles,1649100000000.0,186833.0,40.0,
3587,,,image-slider-responseMAS,220,2155,1040350,,0.8725,train,f7db7c,automobiles,1649100000000.0,186834.0,58.0,
3588,,,image-slider-responseMAS,221,3497.3,1044850,,0.535,train,b62ef2,automobiles,1649100000000.0,186835.0,3.0,
3589,,,image-slider-responseMAS,222,2504,1048370,,0.5625,train,a553c8,automobiles,1649100000000.0,186836.0,8.0,
3590,,,image-slider-responseMAS,223,2572,1051960,,0.2175,train,ac6619,automobiles,1649100000000.0,186837.0,59.0,
3591,,,image-slider-responseMAS,224,2240.7,1055200,,0.445,train,746bca,automobiles,1649100000000.0,186838.0,6.0,
3592,,,image-slider-responseMAS,225,2555.9,1058760,,0.9075,train,dddddd,automobiles,1649100000000.0,186839.0,29.0,
3897,,,image-slider-responseMAS,155,2641.5,741408,,0.3275,train,b62ef2,automobiles,1649110000000.0,187144.0,3.0,
3898,,,image-slider-responseMAS,156,2132.9,744550,,0.375,train,aac510,automobiles,1649110000000.0,187145.0,66.0,
3899,,,image-slider-responseMAS,157,1734.6,747289,,0.6325,train,c94e4b,automobiles,1649110000000.0,187146.0,48.0,
3900,,,image-slider-responseMAS,158,1118.5,749411,,0.72,train,96c58c,automobiles,1649110000000.0,187147.0,39.0,
3901,,,image-slider-responseMAS,159,1304.1,751722,,0.7375,train,f7db7c,automobiles,1649110000000.0,187148.0,58.0,
3902,,,image-slider-responseMAS,160,4808.5,757534,,0.92,train,0,automobiles,1649110000000.0,187149.0,24.0,
3903,,,image-slider-responseMAS,161,1639.9,760176,,0.285,train,a2eade,automobiles,1649110000000.0,187150.0,23.0,
3904,,,image-slider-responseMAS,162,1013.5,762193,,0.375,train,67cf5c,automobiles,1649110000000.0,187151.0,51.0,
3905,,,image-slider-responseMAS,163,1634.6,764836,,0.735,train,777777,automobiles,1649110000000.0,187152.0,26.0,
3906,,,image-slider-responseMAS,164,1467.1,767313,,0.83,train,83764c,automobiles,1649110000000.0,187153.0,42.0,
3907,,,image-slider-responseMAS,165,1755.4,770074,,0.29,train,73f5b0,automobiles,1649110000000.0,187154.0,36.0,
3908,,,image-slider-responseMAS,166,1560.7,772639,,0.2675,train,72005e,automobiles,1649110000000.0,187155.0,17.0,
3909,,,image-slider-responseMAS,167,2131.6,775780,,0.7475,train,ac6619,automobiles,1649110000000.0,187156.0,59.0,
3910,,,image-slider-responseMAS,168,1539.5,778327,,0.725,train,ffffff,automobiles,1649110000000.0,187157.0,28.0,
3911,,,image-slider-responseMAS,169,2447.2,781783,,0.6475,train,ea1d1d,automobiles,1649110000000.0,187158.0,62.0,
3912,,,image-slider-responseMAS,170,2308,785099,,0.78,train,5e2b3a,automobiles,1649110000000.0,187159.0,30.0,
3913,,,image-slider-responseMAS,171,1487.3,787590,,0.275,train,8558f4,automobiles,1649110000000.0,187160.0,2.0,
3914,,,image-slider-responseMAS,172,1999.3,790594,,0.3325,train,d0e942,automobiles,1649110000000.0,187161.0,67.0,
3915,,,image-slider-responseMAS,173,1788.3,793391,,0.09,train,077acc,automobiles,1649110000000.0,187162.0,4.0,
3916,,,image-slider-responseMAS,174,1945.7,796340,,0.2775,train,632b14,automobiles,1649110000000.0,187163.0,45.0,
3917,,,image-slider-responseMAS,175,1927.7,799272,,0.77,train,443b14,automobiles,1649110000000.0,187164.0,41.0,
3918,,,image-slider-responseMAS,176,1232.2,801513,,0.645,train,cc4f1b,automobiles,1649110000000.0,187165.0,61.0,
3919,,,image-slider-responseMAS,177,1604.4,804124,,0.21,train,8cf47e,automobiles,1649110000000.0,187166.0,52.0,
3920,,,image-slider-responseMAS,178,1443.6,806576,,0.235,train,c8e97d,automobiles,1649110000000.0,187167.0,55.0,
3921,,,image-slider-responseMAS,179,1634.4,809219,,0.3325,train,c7b88b,automobiles,1649110000000.0,187168.0,43.0,
3922,,,image-slider-responseMAS,180,1464.2,811686,,0.2475,train,e31b73,automobiles,1649110000000.0,187169.0,34.0,
3923,,,image-slider-responseMAS,181,3711.4,816403,,0.77,train,1c3d61,automobiles,1649110000000.0,187170.0,11.0,
3924,,,image-slider-responseMAS,182,1892.6,819305,,0.2225,train,2f6ef6,automobiles,1649110000000.0,187171.0,0.0,
3925,,,image-slider-responseMAS,183,4207.6,824520,,0.1225,train,f1a78a,automobiles,1649110000000.0,187172.0,47.0,
3926,,,image-slider-responseMAS,184,1254.5,826779,,0.2775,train,b8509e,automobiles,1649110000000.0,187173.0,18.0,
3927,,,image-slider-responseMAS,185,10457,838243,,0.2275,train,fcdb42,automobiles,1649110000000.0,187174.0,69.0,
3928,,,image-slider-responseMAS,186,4364,843610,,0.3475,train,55824d,automobiles,1649110000000.0,187175.0,38.0,
3929,,,image-slider-responseMAS,187,1515.3,846133,,0.16,train,3b8378,automobiles,1649110000000.0,187176.0,21.0,
3930,,,image-slider-responseMAS,188,1594.4,848734,,0.2975,train,a06776,automobiles,1649110000000.0,187177.0,31.0,
3931,,,image-slider-responseMAS,189,1285.7,851027,,0.255,train,73cf10,automobiles,1649110000000.0,187178.0,64.0,
3932,,,image-slider-responseMAS,190,2188.3,854223,,0.195,train,eddcad,automobiles,1649110000000.0,187179.0,44.0,
3933,,,image-slider-responseMAS,191,5854,861082,,0.215,train,d0b85a,automobiles,1649110000000.0,187180.0,57.0,
3934,,,image-slider-responseMAS,192,13442.3,875528,,0.14,train,a3c55b,automobiles,1649110000000.0,187181.0,54.0,
3935,,,image-slider-responseMAS,193,5094.4,881630,,0.235,train,fba714,automobiles,1649110000000.0,187182.0,70.0,
3936,,,image-slider-responseMAS,194,3210.5,885848,,0.1225,train,4bcf8e,automobiles,1649110000000.0,187183.0,35.0,
3937,,,image-slider-responseMAS,195,5515.2,892369,,0.265,train,c34f74,automobiles,1649110000000.0,187184.0,33.0,
3938,,,image-slider-responseMAS,196,2190.7,895566,,0.14,train,db1f9d,automobiles,1649110000000.0,187185.0,19.0,
3939,,,image-slider-responseMAS,197,6331.6,902901,,0.225,train,d5a9e4,automobiles,1649110000000.0,187186.0,16.0,
3940,,,image-slider-responseMAS,198,2195.6,906100,,0.1325,train,39f6e0,automobiles,1649110000000.0,187187.0,20.0,
3941,,,image-slider-responseMAS,199,5128,912230,,0.1975,train,e6a8b7,automobiles,1649110000000.0,187188.0,32.0,
3942,,,image-slider-responseMAS,200,1622.9,914859,,0.2325,train,a8664b,automobiles,1649110000000.0,187189.0,46.0,
3943,,,image-slider-responseMAS,201,6112.4,921980,,0.135,train,608218,automobiles,1649110000000.0,187190.0,53.0,
3944,,,image-slider-responseMAS,202,3018.7,926006,,0.315,train,baeaaf,automobiles,1649110000000.0,187191.0,40.0,
3945,,,image-slider-responseMAS,203,5102,932117,,0.7125,train,b9b9b9,automobiles,1649110000000.0,187192.0,27.0,
3946,,,image-slider-responseMAS,204,2534.8,935661,,0.3125,train,0e8a19,automobiles,1649110000000.0,187193.0,50.0,
3947,,,image-slider-responseMAS,205,4220.2,940890,,0.6975,train,3b3b3b,automobiles,1649110000000.0,187194.0,25.0,
3948,,,image-slider-responseMAS,206,1838,943734,,0.735,train,5e78a1,automobiles,1649110000000.0,187195.0,12.0,
3949,,,image-slider-responseMAS,207,6263.7,951007,,0.275,train,184415,automobiles,1649110000000.0,187196.0,37.0,
3950,,,image-slider-responseMAS,208,1707,953722,,0.32,train,cd26c7,automobiles,1649110000000.0,187197.0,9.0,
3951,,,image-slider-responseMAS,209,2157.1,956888,,0.6225,train,a0bae6,automobiles,1649110000000.0,187198.0,13.0,
3952,,,image-slider-responseMAS,210,1422.8,959313,,0.3075,train,4dc7e8,automobiles,1649110000000.0,187199.0,10.0,
3953,,,image-slider-responseMAS,211,2489,962807,,0.7025,train,7ec6ba,automobiles,1649110000000.0,187200.0,22.0,
3954,,,image-slider-responseMAS,212,2499.3,966311,,0.655,train,3518ad,automobiles,1649110000000.0,187201.0,1.0,
3955,,,image-slider-responseMAS,213,2083.5,969402,,0.6575,train,dddddd,automobiles,1649110000000.0,187202.0,29.0,
3956,,,image-slider-responseMAS,214,1597.2,972008,,0.225,train,9af443,automobiles,1649110000000.0,187203.0,65.0,
3957,,,image-slider-responseMAS,215,1938.4,974955,,0.145,train,e81a4b,automobiles,1649110000000.0,187204.0,49.0,
3958,,,image-slider-responseMAS,216,3353,979311,,0.8,train,600b84,automobiles,1649110000000.0,187205.0,7.0,
3959,,,image-slider-responseMAS,217,1895.5,982212,,0.6675,train,2e3086,automobiles,1649110000000.0,187206.0,5.0,
3960,,,image-slider-responseMAS,218,2358.3,985577,,0.235,train,a553c8,automobiles,1649110000000.0,187207.0,8.0,
3961,,,image-slider-responseMAS,219,1369.4,987955,,0.1175,train,746bca,automobiles,1649110000000.0,187208.0,6.0,
3962,,,image-slider-responseMAS,220,1262.9,990227,,0.25,train,f7a75a,automobiles,1649110000000.0,187209.0,60.0,
3963,,,image-slider-responseMAS,221,1519.9,992751,,0.2875,train,3efe44,automobiles,1649110000000.0,187210.0,63.0,
3964,,,image-slider-responseMAS,222,2610.3,996364,,0.645,train,90689f,automobiles,1649110000000.0,187211.0,15.0,
3965,,,image-slider-responseMAS,223,3338.7,1000710,,0.2125,train,d5b811,automobiles,1649110000000.0,187212.0,68.0,
3966,,,image-slider-responseMAS,224,23998.3,1025720,,0.7075,train,512d5f,automobiles,1649110000000.0,187213.0,14.0,
3967,,,image-slider-responseMAS,225,17072.7,1043800,,0.615,train,897618,automobiles,1649110000000.0,187214.0,56.0,
4270,,,image-slider-responseMAS,155,2091.8,447509,,0.39,train,8cf47e,automobiles,1649110000000.0,187517.0,52.0,
4271,,,image-slider-responseMAS,156,2309.4,450824,,0.39,train,2f6ef6,automobiles,1649110000000.0,187518.0,0.0,
4272,,,image-slider-responseMAS,157,1443.7,453275,,0.6825,train,3b3b3b,automobiles,1649110000000.0,187519.0,25.0,
4273,,,image-slider-responseMAS,158,1086.7,455365,,0.6725,train,1c3d61,automobiles,1649110000000.0,187520.0,11.0,
4274,,,image-slider-responseMAS,159,1994.4,458366,,0.38,train,4bcf8e,automobiles,1649110000000.0,187521.0,35.0,
4275,,,image-slider-responseMAS,160,1452.9,460825,,0.3525,train,ac6619,automobiles,1649110000000.0,187522.0,59.0,
4276,,,image-slider-responseMAS,161,841.9,462677,,0.1875,train,ea1d1d,automobiles,1649110000000.0,187523.0,62.0,
4277,,,image-slider-responseMAS,162,957.6,464641,,0.2575,train,a0bae6,automobiles,1649110000000.0,187524.0,13.0,
4278,,,image-slider-responseMAS,163,891.4,466542,,0.265,train,7ec6ba,automobiles,1649110000000.0,187525.0,22.0,
4279,,,image-slider-responseMAS,164,1694.9,469242,,0.3675,train,f1a78a,automobiles,1649110000000.0,187526.0,47.0,
4280,,,image-slider-responseMAS,165,2401.2,472649,,0.64,train,ffffff,automobiles,1649110000000.0,187527.0,28.0,
4281,,,image-slider-responseMAS,166,3088.9,476742,,0.3775,train,b8509e,automobiles,1649110000000.0,187528.0,18.0,
4282,,,image-slider-responseMAS,167,2189.4,479934,,0.5275,train,e31b73,automobiles,1649110000000.0,187529.0,34.0,
4283,,,image-slider-responseMAS,168,876.1,481816,,0.37,train,d5a9e4,automobiles,1649110000000.0,187530.0,16.0,
4284,,,image-slider-responseMAS,169,2365.1,485185,,0.9875,train,0,automobiles,1649110000000.0,187531.0,24.0,
4285,,,image-slider-responseMAS,170,900.6,487092,,0.28,train,fba714,automobiles,1649110000000.0,187532.0,70.0,
4286,,,image-slider-responseMAS,171,1311.7,489409,,0.4,train,e6a8b7,automobiles,1649110000000.0,187533.0,32.0,
4287,,,image-slider-responseMAS,172,1711,492125,,0.6775,train,3518ad,automobiles,1649110000000.0,187534.0,1.0,
4288,,,image-slider-responseMAS,173,1711.6,494842,,0.3875,train,897618,automobiles,1649110000000.0,187535.0,56.0,
4289,,,image-slider-responseMAS,174,1313,497159,,0.3475,train,90689f,automobiles,1649110000000.0,187536.0,15.0,
4290,,,image-slider-responseMAS,175,1309.5,499474,,0.6625,train,e81a4b,automobiles,1649110000000.0,187537.0,49.0,
4291,,,image-slider-responseMAS,176,865.4,501344,,0.205,train,f7a75a,automobiles,1649110000000.0,187538.0,60.0,
4292,,,image-slider-responseMAS,177,1956.8,504309,,0.71,train,184415,automobiles,1649110000000.0,187539.0,37.0,
4293,,,image-slider-responseMAS,178,876.9,506191,,0.2425,train,a3c55b,automobiles,1649110000000.0,187540.0,54.0,
4294,,,image-slider-responseMAS,179,1138.2,508334,,0.3875,train,dddddd,automobiles,1649110000000.0,187541.0,29.0,
4295,,,image-slider-responseMAS,180,2243.3,511584,,0.4175,train,39f6e0,automobiles,1649110000000.0,187542.0,20.0,
4296,,,image-slider-responseMAS,181,811.9,513401,,0.265,train,d5b811,automobiles,1649110000000.0,187543.0,68.0,
4297,,,image-slider-responseMAS,182,1750.6,516158,,0.6975,train,b9b9b9,automobiles,1649110000000.0,187544.0,27.0,
4298,,,image-slider-responseMAS,183,1279.8,518443,,0.28,train,cd26c7,automobiles,1649110000000.0,187545.0,9.0,
4299,,,image-slider-responseMAS,184,993.7,520442,,0.3225,train,eddcad,automobiles,1649110000000.0,187546.0,44.0,
4300,,,image-slider-responseMAS,185,2719.7,524167,,0.12,train,443b14,automobiles,1649110000000.0,187547.0,41.0,
4301,,,image-slider-responseMAS,186,1122.4,526299,,0.2525,train,a553c8,automobiles,1649110000000.0,187548.0,8.0,
4302,,,image-slider-responseMAS,187,872,528176,,0.345,train,c94e4b,automobiles,1649110000000.0,187549.0,48.0,
4303,,,image-slider-responseMAS,188,967.2,530152,,0.36,train,baeaaf,automobiles,1649110000000.0,187550.0,40.0,
4304,,,image-slider-responseMAS,189,792.3,531951,,0.2025,train,9af443,automobiles,1649110000000.0,187551.0,65.0,
4305,,,image-slider-responseMAS,190,1285.2,534241,,0.3025,train,a2eade,automobiles,1649110000000.0,187552.0,23.0,
4306,,,image-slider-responseMAS,191,1328.9,536577,,0.2675,train,73cf10,automobiles,1649110000000.0,187553.0,64.0,
4307,,,image-slider-responseMAS,192,2060.4,539641,,0.775,train,2e3086,automobiles,1649110000000.0,187554.0,5.0,
4308,,,image-slider-responseMAS,193,1497.1,542141,,0.59,train,777777,automobiles,1649110000000.0,187555.0,26.0,
4309,,,image-slider-responseMAS,194,1543.8,544691,,0.565,train,632b14,automobiles,1649110000000.0,187556.0,45.0,
4310,,,image-slider-responseMAS,195,2532.7,548230,,0.7375,train,5e78a1,automobiles,1649110000000.0,187557.0,12.0,
4311,,,image-slider-responseMAS,196,1392.3,550631,,0.3325,train,4dc7e8,automobiles,1649110000000.0,187558.0,10.0,
4312,,,image-slider-responseMAS,197,1877.7,553517,,0.2775,train,b62ef2,automobiles,1649110000000.0,187559.0,3.0,
4313,,,image-slider-responseMAS,198,2215.3,556736,,0.6075,train,a06776,automobiles,1649110000000.0,187560.0,31.0,
4314,,,image-slider-responseMAS,199,2024,559767,,0.5725,train,83764c,automobiles,1649110000000.0,187561.0,42.0,
4315,,,image-slider-responseMAS,200,1378.5,562151,,0.1775,train,3efe44,automobiles,1649110000000.0,187562.0,63.0,
4316,,,image-slider-responseMAS,201,884.5,564041,,0.19,train,67cf5c,automobiles,1649110000000.0,187563.0,51.0,
4317,,,image-slider-responseMAS,202,973.4,566017,,0.285,train,73f5b0,automobiles,1649110000000.0,187564.0,36.0,
4318,,,image-slider-responseMAS,203,2177.7,569201,,0.5575,train,c34f74,automobiles,1649110000000.0,187565.0,33.0,
4319,,,image-slider-responseMAS,204,2708.9,572917,,0.805,train,72005e,automobiles,1649110000000.0,187566.0,17.0,
4320,,,image-slider-responseMAS,205,1780.3,575701,,0.8375,train,512d5f,automobiles,1649110000000.0,187567.0,14.0,
4321,,,image-slider-responseMAS,206,1984.1,578691,,0.39,train,8558f4,automobiles,1649110000000.0,187568.0,2.0,
4322,,,image-slider-responseMAS,207,1677.7,581376,,0.3575,train,c7b88b,automobiles,1649110000000.0,187569.0,43.0,
4323,,,image-slider-responseMAS,208,1651.9,584035,,0.8225,train,5e2b3a,automobiles,1649110000000.0,187570.0,30.0,
4324,,,image-slider-responseMAS,209,2044,587083,,0.18,train,db1f9d,automobiles,1649110000000.0,187571.0,19.0,
4325,,,image-slider-responseMAS,210,3256,591344,,0.905,train,55824d,automobiles,1649110000000.0,187572.0,38.0,
4326,,,image-slider-responseMAS,211,1606.9,593959,,0.2175,train,d0e942,automobiles,1649110000000.0,187573.0,67.0,
4327,,,image-slider-responseMAS,212,778.2,595743,,0.285,train,aac510,automobiles,1649110000000.0,187574.0,66.0,
4328,,,image-slider-responseMAS,213,1919,598668,,0.6675,train,0e8a19,automobiles,1649110000000.0,187575.0,50.0,
4329,,,image-slider-responseMAS,214,1682.2,601357,,0.7375,train,077acc,automobiles,1649110000000.0,187576.0,4.0,
4330,,,image-slider-responseMAS,215,1965.6,604334,,0.3025,train,608218,automobiles,1649110000000.0,187577.0,53.0,
4331,,,image-slider-responseMAS,216,1869.5,607209,,0.4125,train,c8e97d,automobiles,1649110000000.0,187578.0,55.0,
4332,,,image-slider-responseMAS,217,949.5,609168,,0.3,train,f7db7c,automobiles,1649110000000.0,187579.0,58.0,
4333,,,image-slider-responseMAS,218,2979.1,613152,,0.7425,train,3b8378,automobiles,1649110000000.0,187580.0,21.0,
4334,,,image-slider-responseMAS,219,1102.5,615256,,0.705,train,746bca,automobiles,1649110000000.0,187581.0,6.0,
4335,,,image-slider-responseMAS,220,1032.3,617292,,0.675,train,600b84,automobiles,1649110000000.0,187582.0,7.0,
4336,,,image-slider-responseMAS,221,1425.2,619723,,0.59,train,96c58c,automobiles,1649110000000.0,187583.0,39.0,
4337,,,image-slider-responseMAS,222,1460.5,622192,,0.3875,train,a8664b,automobiles,1649110000000.0,187584.0,46.0,
4338,,,image-slider-responseMAS,223,1702.3,624897,,0.625,train,fcdb42,automobiles,1649110000000.0,187585.0,69.0,
4339,,,image-slider-responseMAS,224,2536.5,628431,,0.305,train,cc4f1b,automobiles,1649110000000.0,187586.0,61.0,
4340,,,image-slider-responseMAS,225,2002.7,631433,,0.28,train,d0b85a,automobiles,1649110000000.0,187587.0,57.0,
4644,,,image-slider-responseMAS,155,2226.9,507288,,0.0425,train,d5a9e4,automobiles,1649110000000.0,187891.0,16.0,
4645,,,image-slider-responseMAS,156,1247.2,509539,,0.0,train,c8e97d,automobiles,1649110000000.0,187892.0,55.0,
4646,,,image-slider-responseMAS,157,1815.4,512361,,0.0025,train,e81a4b,automobiles,1649110000000.0,187893.0,49.0,
4647,,,image-slider-responseMAS,158,1702.6,515070,,0.0075,train,a553c8,automobiles,1649110000000.0,187894.0,8.0,
4648,,,image-slider-responseMAS,159,1791.1,517868,,0.0025,train,d0e942,automobiles,1649110000000.0,187895.0,67.0,
4649,,,image-slider-responseMAS,160,1732.7,520609,,-0.0075,train,8cf47e,automobiles,1649110000000.0,187896.0,52.0,
4650,,,image-slider-responseMAS,161,1869.6,523487,,0.55,train,cc4f1b,automobiles,1649110000000.0,187897.0,61.0,
4651,,,image-slider-responseMAS,162,2225.1,526718,,1.0025,train,443b14,automobiles,1649110000000.0,187898.0,41.0,
4652,,,image-slider-responseMAS,163,1863.4,529589,,-0.0175,train,ea1d1d,automobiles,1649110000000.0,187899.0,62.0,
4653,,,image-slider-responseMAS,164,1727.1,532323,,-0.0075,train,c34f74,automobiles,1649110000000.0,187900.0,33.0,
4654,,,image-slider-responseMAS,165,1622.7,534951,,0.005,train,c94e4b,automobiles,1649110000000.0,187901.0,48.0,
4655,,,image-slider-responseMAS,166,1390.8,537347,,0.0025,train,39f6e0,automobiles,1649110000000.0,187902.0,20.0,
4656,,,image-slider-responseMAS,167,2436.7,540786,,1.01,train,0,automobiles,1649110000000.0,187903.0,24.0,
4657,,,image-slider-responseMAS,168,2379.5,544172,,0.0725,train,96c58c,automobiles,1649110000000.0,187904.0,39.0,
4658,,,image-slider-responseMAS,169,2996,548176,,0.005,train,9af443,automobiles,1649110000000.0,187905.0,65.0,
4659,,,image-slider-responseMAS,170,2298.7,551478,,0.9975,train,777777,automobiles,1649110000000.0,187906.0,26.0,
4660,,,image-slider-responseMAS,171,1971.3,554453,,0.01,train,3efe44,automobiles,1649110000000.0,187907.0,63.0,
4661,,,image-slider-responseMAS,172,1768.8,557226,,0.3875,train,ffffff,automobiles,1649110000000.0,187908.0,28.0,
4662,,,image-slider-responseMAS,173,1737.3,559968,,0.1725,train,2f6ef6,automobiles,1649110000000.0,187909.0,0.0,
4663,,,image-slider-responseMAS,174,1840.9,562814,,0.0475,train,8558f4,automobiles,1649110000000.0,187910.0,2.0,
4664,,,image-slider-responseMAS,175,2971.1,566793,,0.01,train,b62ef2,automobiles,1649110000000.0,187911.0,3.0,
4665,,,image-slider-responseMAS,176,1935.9,569735,,0.6075,train,f7a75a,automobiles,1649110000000.0,187912.0,60.0,
4666,,,image-slider-responseMAS,177,1769.6,572509,,0.005,train,fcdb42,automobiles,1649110000000.0,187913.0,69.0,
4667,,,image-slider-responseMAS,178,1797.3,575313,,0.5575,train,a0bae6,automobiles,1649110000000.0,187914.0,13.0,
4668,,,image-slider-responseMAS,179,1979.4,578295,,0.1975,train,077acc,automobiles,1649110000000.0,187915.0,4.0,
4669,,,image-slider-responseMAS,180,1670.9,580973,,0.0025,train,73f5b0,automobiles,1649110000000.0,187916.0,36.0,
4670,,,image-slider-responseMAS,181,1922.6,583899,,0.895,train,608218,automobiles,1649110000000.0,187917.0,53.0,
4671,,,image-slider-responseMAS,182,1689.6,586592,,0.6425,train,f7db7c,automobiles,1649110000000.0,187918.0,58.0,
4672,,,image-slider-responseMAS,183,2726.5,590322,,0.7525,train,a8664b,automobiles,1649110000000.0,187919.0,46.0,
4673,,,image-slider-responseMAS,184,1670.3,593000,,0.785,train,5e78a1,automobiles,1649110000000.0,187920.0,12.0,
4674,,,image-slider-responseMAS,185,1856,595861,,0.8275,train,eddcad,automobiles,1649110000000.0,187921.0,44.0,
4675,,,image-slider-responseMAS,186,2010.8,598876,,0.6975,train,0e8a19,automobiles,1649110000000.0,187922.0,50.0,
4676,,,image-slider-responseMAS,187,1718.8,601602,,0.0075,train,b8509e,automobiles,1649110000000.0,187923.0,18.0,
4677,,,image-slider-responseMAS,188,2296.4,604905,,0.995,train,3b3b3b,automobiles,1649110000000.0,187924.0,25.0,
4678,,,image-slider-responseMAS,189,1655.3,607565,,0.77,train,83764c,automobiles,1649110000000.0,187925.0,42.0,
4679,,,image-slider-responseMAS,190,2403.8,610975,,0.0275,train,4dc7e8,automobiles,1649110000000.0,187926.0,10.0,
4680,,,image-slider-responseMAS,191,2234.1,614213,,-0.0075,train,4bcf8e,automobiles,1649110000000.0,187927.0,35.0,
4681,,,image-slider-responseMAS,192,1620.1,616840,,0.0,train,cd26c7,automobiles,1649110000000.0,187928.0,9.0,
4682,,,image-slider-responseMAS,193,1788.6,619633,,0.9325,train,1c3d61,automobiles,1649110000000.0,187929.0,11.0,
4683,,,image-slider-responseMAS,194,2098.9,622736,,0.13,train,a3c55b,automobiles,1649110000000.0,187930.0,54.0,
4684,,,image-slider-responseMAS,195,1478.5,625220,,0.72,train,55824d,automobiles,1649110000000.0,187931.0,38.0,
4685,,,image-slider-responseMAS,196,1366.4,627591,,0.29,train,fba714,automobiles,1649110000000.0,187932.0,70.0,
4686,,,image-slider-responseMAS,197,2096.4,630695,,0.5575,train,5e2b3a,automobiles,1649110000000.0,187933.0,30.0,
4687,,,image-slider-responseMAS,198,1811.8,633516,,0.42,train,aac510,automobiles,1649110000000.0,187934.0,66.0,
4688,,,image-slider-responseMAS,199,1573,636096,,0.525,train,ac6619,automobiles,1649110000000.0,187935.0,59.0,
4689,,,image-slider-responseMAS,200,1938.9,639038,,0.8525,train,632b14,automobiles,1649110000000.0,187936.0,45.0,
4690,,,image-slider-responseMAS,201,1656.2,641699,,0.87,train,184415,automobiles,1649110000000.0,187937.0,37.0,
4691,,,image-slider-responseMAS,202,1543.4,644247,,0.39,train,d5b811,automobiles,1649110000000.0,187938.0,68.0,
4692,,,image-slider-responseMAS,203,1937.6,647188,,0.0075,train,db1f9d,automobiles,1649110000000.0,187939.0,19.0,
4693,,,image-slider-responseMAS,204,1608.2,649799,,0.315,train,f1a78a,automobiles,1649110000000.0,187940.0,47.0,
4694,,,image-slider-responseMAS,205,2604.8,653410,,0.1475,train,e6a8b7,automobiles,1649110000000.0,187941.0,32.0,
4695,,,image-slider-responseMAS,206,2403.1,656819,,0.515,train,2e3086,automobiles,1649110000000.0,187942.0,5.0,
4696,,,image-slider-responseMAS,207,2725.3,660550,,0.525,train,3518ad,automobiles,1649110000000.0,187943.0,1.0,
4697,,,image-slider-responseMAS,208,2577.7,664136,,0.0125,train,746bca,automobiles,1649110000000.0,187944.0,6.0,
4698,,,image-slider-responseMAS,209,1592.7,666733,,0.1875,train,600b84,automobiles,1649110000000.0,187945.0,7.0,
4699,,,image-slider-responseMAS,210,2007.9,669748,,0.2525,train,73cf10,automobiles,1649110000000.0,187946.0,64.0,
4700,,,image-slider-responseMAS,211,2775.3,673534,,0.675,train,b9b9b9,automobiles,1649110000000.0,187947.0,27.0,
4701,,,image-slider-responseMAS,212,1999.8,676540,,0.0,train,e31b73,automobiles,1649110000000.0,187948.0,34.0,
4702,,,image-slider-responseMAS,213,1613.1,679159,,0.675,train,897618,automobiles,1649110000000.0,187949.0,56.0,
4703,,,image-slider-responseMAS,214,1516.3,681683,,0.33,train,baeaaf,automobiles,1649110000000.0,187950.0,40.0,
4704,,,image-slider-responseMAS,215,2402.5,685093,,0.145,train,3b8378,automobiles,1649110000000.0,187951.0,21.0,
4705,,,image-slider-responseMAS,216,2670,688766,,0.6325,train,c7b88b,automobiles,1649110000000.0,187952.0,43.0,
4706,,,image-slider-responseMAS,217,1881.6,691652,,0.01,train,67cf5c,automobiles,1649110000000.0,187953.0,51.0,
4707,,,image-slider-responseMAS,218,1829,694490,,0.005,train,90689f,automobiles,1649110000000.0,187954.0,15.0,
4708,,,image-slider-responseMAS,219,2143.1,697641,,0.7225,train,dddddd,automobiles,1649110000000.0,187955.0,29.0,
4709,,,image-slider-responseMAS,220,1760.6,700407,,-0.0075,train,a2eade,automobiles,1649110000000.0,187956.0,23.0,
4710,,,image-slider-responseMAS,221,1750.4,703164,,-0.005,train,7ec6ba,automobiles,1649110000000.0,187957.0,22.0,
4711,,,image-slider-responseMAS,222,1791,705962,,0.2825,train,d0b85a,automobiles,1649110000000.0,187958.0,57.0,
4712,,,image-slider-responseMAS,223,2359.3,709331,,0.36,train,72005e,automobiles,1649110000000.0,187959.0,17.0,
4713,,,image-slider-responseMAS,224,1636.7,711976,,0.1775,train,a06776,automobiles,1649110000000.0,187960.0,31.0,
4714,,,image-slider-responseMAS,225,3760.9,716742,,0.445,train,512d5f,automobiles,1649110000000.0,187961.0,14.0,
5018,,,image-slider-responseMAS,155,4217.8,749150,,0.0375,train,f7a75a,automobiles,1649110000000.0,188265.0,60.0,
5019,,,image-slider-responseMAS,156,2065.1,752217,,0.21,train,55824d,automobiles,1649110000000.0,188266.0,38.0,
5020,,,image-slider-responseMAS,157,2059,755280,,0.645,train,f7db7c,automobiles,1649110000000.0,188267.0,58.0,
5021,,,image-slider-responseMAS,158,1858.4,758145,,0.0,train,184415,automobiles,1649110000000.0,188268.0,37.0,
5022,,,image-slider-responseMAS,159,2152.7,761307,,0.8775,train,eddcad,automobiles,1649110000000.0,188269.0,44.0,
5023,,,image-slider-responseMAS,160,1457,763767,,0.1275,train,a8664b,automobiles,1649110000000.0,188270.0,46.0,
5024,,,image-slider-responseMAS,161,1931.1,766704,,0.73,train,c7b88b,automobiles,1649110000000.0,188271.0,43.0,
5025,,,image-slider-responseMAS,162,2215.6,769938,,0.9475,train,632b14,automobiles,1649110000000.0,188272.0,45.0,
5026,,,image-slider-responseMAS,163,1845.4,772798,,0.1775,train,73f5b0,automobiles,1649110000000.0,188273.0,36.0,
5027,,,image-slider-responseMAS,164,2482.7,776296,,0.025,train,3518ad,automobiles,1649110000000.0,188274.0,1.0,
5028,,,image-slider-responseMAS,165,2945.2,780248,,0.9975,train,b9b9b9,automobiles,1649110000000.0,188275.0,27.0,
5029,,,image-slider-responseMAS,166,2583.7,783840,,-0.0025,train,e31b73,automobiles,1649110000000.0,188276.0,34.0,
5030,,,image-slider-responseMAS,167,1788.2,786636,,0.275,train,baeaaf,automobiles,1649110000000.0,188277.0,40.0,
5031,,,image-slider-responseMAS,168,3232.2,790878,,1.0125,train,3b3b3b,automobiles,1649110000000.0,188278.0,25.0,
5032,,,image-slider-responseMAS,169,3293.3,795188,,0.3075,train,c8e97d,automobiles,1649110000000.0,188279.0,55.0,
5033,,,image-slider-responseMAS,170,1551,797741,,0.085,train,7ec6ba,automobiles,1649110000000.0,188280.0,22.0,
5034,,,image-slider-responseMAS,171,1398.4,800148,,0.1075,train,4dc7e8,automobiles,1649110000000.0,188281.0,10.0,
5035,,,image-slider-responseMAS,172,2464.1,803614,,1.0125,train,777777,automobiles,1649110000000.0,188282.0,26.0,
5036,,,image-slider-responseMAS,173,4669.9,809291,,0.7275,train,c94e4b,automobiles,1649110000000.0,188283.0,48.0,
5037,,,image-slider-responseMAS,174,1792.8,812088,,0.01,train,a553c8,automobiles,1649110000000.0,188284.0,8.0,
5038,,,image-slider-responseMAS,175,3138.7,816230,,0.09,train,8558f4,automobiles,1649110000000.0,188285.0,2.0,
5039,,,image-slider-responseMAS,176,1613.6,818851,,0.2,train,d5a9e4,automobiles,1649110000000.0,188286.0,16.0,
5040,,,image-slider-responseMAS,177,2650.2,822513,,0.4,train,9af443,automobiles,1649110000000.0,188287.0,65.0,
5041,,,image-slider-responseMAS,178,1702.1,825223,,0.8,train,5e2b3a,automobiles,1649110000000.0,188288.0,30.0,
5042,,,image-slider-responseMAS,179,1859.4,828092,,0.3625,train,e6a8b7,automobiles,1649110000000.0,188289.0,32.0,
5043,,,image-slider-responseMAS,180,2440,831537,,0.39,train,a3c55b,automobiles,1649110000000.0,188290.0,54.0,
5044,,,image-slider-responseMAS,181,1540,834082,,0.1775,train,90689f,automobiles,1649110000000.0,188291.0,15.0,
5045,,,image-slider-responseMAS,182,2395.6,837486,,0.065,train,db1f9d,automobiles,1649110000000.0,188292.0,19.0,
5046,,,image-slider-responseMAS,183,2599.6,841094,,0.75,train,e81a4b,automobiles,1649110000000.0,188293.0,49.0,
5047,,,image-slider-responseMAS,184,1953.2,844053,,0.605,train,a06776,automobiles,1649110000000.0,188294.0,31.0,
5048,,,image-slider-responseMAS,185,1935.2,846999,,0.3325,train,67cf5c,automobiles,1649110000000.0,188295.0,51.0,
5049,,,image-slider-responseMAS,186,2359.7,850367,,0.315,train,a2eade,automobiles,1649110000000.0,188296.0,23.0,
5050,,,image-slider-responseMAS,187,1696.5,853070,,0.2475,train,72005e,automobiles,1649110000000.0,188297.0,17.0,
5051,,,image-slider-responseMAS,188,2196.2,856270,,0.16,train,b62ef2,automobiles,1649110000000.0,188298.0,3.0,
5052,,,image-slider-responseMAS,189,2392.6,859667,,0.555,train,2e3086,automobiles,1649110000000.0,188299.0,5.0,
5053,,,image-slider-responseMAS,190,1993.4,862673,,0.99,train,0,automobiles,1649110000000.0,188300.0,24.0,
5054,,,image-slider-responseMAS,191,2955.9,866645,,0.7725,train,83764c,automobiles,1649110000000.0,188301.0,42.0,
5055,,,image-slider-responseMAS,192,1638.8,869287,,0.1225,train,746bca,automobiles,1649110000000.0,188302.0,6.0,
5056,,,image-slider-responseMAS,193,1403.2,871692,,0.225,train,3efe44,automobiles,1649110000000.0,188303.0,63.0,
5057,,,image-slider-responseMAS,194,1426.9,874128,,0.26,train,73cf10,automobiles,1649110000000.0,188304.0,64.0,
5058,,,image-slider-responseMAS,195,2968.2,878111,,0.7175,train,ea1d1d,automobiles,1649110000000.0,188305.0,62.0,
5059,,,image-slider-responseMAS,196,1864.6,880985,,0.605,train,d5b811,automobiles,1649110000000.0,188306.0,68.0,
5060,,,image-slider-responseMAS,197,1692.4,883686,,0.59,train,fcdb42,automobiles,1649110000000.0,188307.0,69.0,
5061,,,image-slider-responseMAS,198,1674.4,886365,,0.6775,train,897618,automobiles,1649110000000.0,188308.0,56.0,
5062,,,image-slider-responseMAS,199,2141.6,889520,,0.2825,train,39f6e0,automobiles,1649110000000.0,188309.0,20.0,
5063,,,image-slider-responseMAS,200,1526.5,892056,,0.18,train,cd26c7,automobiles,1649110000000.0,188310.0,9.0,
5064,,,image-slider-responseMAS,201,2323.7,895386,,0.25,train,3b8378,automobiles,1649110000000.0,188311.0,21.0,
5065,,,image-slider-responseMAS,202,1640.1,898031,,0.2125,train,4bcf8e,automobiles,1649110000000.0,188312.0,35.0,
5066,,,image-slider-responseMAS,203,2358.4,901396,,0.705,train,c34f74,automobiles,1649110000000.0,188313.0,33.0,
5067,,,image-slider-responseMAS,204,1598.1,904003,,0.6375,train,2f6ef6,automobiles,1649110000000.0,188314.0,0.0,
5068,,,image-slider-responseMAS,205,3055.1,908063,,0.3025,train,0e8a19,automobiles,1649110000000.0,188315.0,50.0,
5069,,,image-slider-responseMAS,206,3058,912131,,0.2725,train,a0bae6,automobiles,1649110000000.0,188316.0,13.0,
5070,,,image-slider-responseMAS,207,1770.2,914909,,0.6575,train,fba714,automobiles,1649110000000.0,188317.0,70.0,
5071,,,image-slider-responseMAS,208,1372,917300,,0.07,train,600b84,automobiles,1649110000000.0,188318.0,7.0,
5072,,,image-slider-responseMAS,209,1563.6,919877,,0.72,train,ac6619,automobiles,1649110000000.0,188319.0,59.0,
5073,,,image-slider-responseMAS,210,3040.3,923927,,0.955,train,ffffff,automobiles,1649110000000.0,188320.0,28.0,
5074,,,image-slider-responseMAS,211,1801.4,926740,,0.28,train,8cf47e,automobiles,1649110000000.0,188321.0,52.0,
5075,,,image-slider-responseMAS,212,1199.6,928942,,0.22,train,b8509e,automobiles,1649110000000.0,188322.0,18.0,
5076,,,image-slider-responseMAS,213,2978.8,932932,,0.6175,train,d0b85a,automobiles,1649110000000.0,188323.0,57.0,
5077,,,image-slider-responseMAS,214,3025.8,936969,,0.83,train,443b14,automobiles,1649110000000.0,188324.0,41.0,
5078,,,image-slider-responseMAS,215,2589.7,940571,,0.275,train,96c58c,automobiles,1649110000000.0,188325.0,39.0,
5079,,,image-slider-responseMAS,216,1702.1,943287,,0.3125,train,608218,automobiles,1649110000000.0,188326.0,53.0,
5080,,,image-slider-responseMAS,217,1873.3,946170,,0.315,train,aac510,automobiles,1649110000000.0,188327.0,66.0,
5081,,,image-slider-responseMAS,218,1698.4,948872,,0.185,train,077acc,automobiles,1649110000000.0,188328.0,4.0,
5082,,,image-slider-responseMAS,219,1964.9,951847,,0.1275,train,5e78a1,automobiles,1649110000000.0,188329.0,12.0,
5083,,,image-slider-responseMAS,220,1686.8,954541,,0.1025,train,512d5f,automobiles,1649110000000.0,188330.0,14.0,
5084,,,image-slider-responseMAS,221,2542.1,958086,,0.9625,train,dddddd,automobiles,1649110000000.0,188331.0,29.0,
5085,,,image-slider-responseMAS,222,4837.5,963938,,0.36,train,d0e942,automobiles,1649110000000.0,188332.0,67.0,
5086,,,image-slider-responseMAS,223,3067.6,968012,,0.5575,train,1c3d61,automobiles,1649110000000.0,188333.0,11.0,
5087,,,image-slider-responseMAS,224,2003.5,971033,,0.6925,train,cc4f1b,automobiles,1649110000000.0,188334.0,61.0,
5088,,,image-slider-responseMAS,225,2079.8,974120,,0.685,train,f1a78a,automobiles,1649110000000.0,188335.0,47.0,
5395,,,image-slider-responseMAS,155,4073.9,610870,,0.585,train,c94e4b,automobiles,1649110000000.0,188642.0,48.0,
5396,,,image-slider-responseMAS,156,4183.3,616061,,0.74,train,39f6e0,automobiles,1649110000000.0,188643.0,20.0,
5397,,,image-slider-responseMAS,157,1871,618935,,0.4625,train,c8e97d,automobiles,1649110000000.0,188644.0,55.0,
5398,,,image-slider-responseMAS,158,3821.1,623760,,0.2525,train,600b84,automobiles,1649110000000.0,188645.0,7.0,
5399,,,image-slider-responseMAS,159,2502.5,627266,,0.7775,train,3b3b3b,automobiles,1649110000000.0,188646.0,25.0,
5400,,,image-slider-responseMAS,160,1998.7,630269,,0.365,train,55824d,automobiles,1649110000000.0,188647.0,38.0,
5401,,,image-slider-responseMAS,161,4018.5,635293,,1.0075,train,ea1d1d,automobiles,1649110000000.0,188648.0,62.0,
5402,,,image-slider-responseMAS,162,19803.6,656105,,0.455,train,7ec6ba,automobiles,1649110000000.0,188649.0,22.0,
5403,,,image-slider-responseMAS,163,1901.1,659012,,0.55,train,632b14,automobiles,1649110000000.0,188650.0,45.0,
5404,,,image-slider-responseMAS,164,2188.9,662205,,0.755,train,72005e,automobiles,1649110000000.0,188651.0,17.0,
5405,,,image-slider-responseMAS,165,1670.2,664881,,0.845,train,73f5b0,automobiles,1649110000000.0,188652.0,36.0,
5406,,,image-slider-responseMAS,166,2232.7,668121,,0.3825,train,dddddd,automobiles,1649110000000.0,188653.0,29.0,
5407,,,image-slider-responseMAS,167,4411.7,673537,,0.7975,train,8cf47e,automobiles,1649110000000.0,188654.0,52.0,
5408,,,image-slider-responseMAS,168,3135.1,677678,,0.6925,train,d0e942,automobiles,1649110000000.0,188655.0,67.0,
5409,,,image-slider-responseMAS,169,1488.2,680170,,0.32,train,184415,automobiles,1649110000000.0,188656.0,37.0,
5410,,,image-slider-responseMAS,170,3672.9,684850,,0.955,train,cc4f1b,automobiles,1649110000000.0,188657.0,61.0,
5411,,,image-slider-responseMAS,171,2254,688110,,0.29,train,a553c8,automobiles,1649110000000.0,188658.0,8.0,
5412,,,image-slider-responseMAS,172,2441.4,691558,,0.88,train,e31b73,automobiles,1649110000000.0,188659.0,34.0,
5413,,,image-slider-responseMAS,173,3102,695667,,0.32,train,a2eade,automobiles,1649110000000.0,188660.0,23.0,
5414,,,image-slider-responseMAS,174,2608.4,699283,,0.395,train,f7a75a,automobiles,1649110000000.0,188661.0,60.0,
5415,,,image-slider-responseMAS,175,1749.4,702038,,0.415,train,b62ef2,automobiles,1649110000000.0,188662.0,3.0,
5416,,,image-slider-responseMAS,176,1583.2,704625,,0.3925,train,4dc7e8,automobiles,1649110000000.0,188663.0,10.0,
5417,,,image-slider-responseMAS,177,1553.6,707181,,0.445,train,e6a8b7,automobiles,1649110000000.0,188664.0,32.0,
5418,,,image-slider-responseMAS,178,1512.8,709698,,0.46,train,897618,automobiles,1649110000000.0,188665.0,56.0,
5419,,,image-slider-responseMAS,179,1497.6,712199,,0.765,train,9af443,automobiles,1649110000000.0,188666.0,65.0,
5420,,,image-slider-responseMAS,180,2977.1,716180,,0.1425,train,d5b811,automobiles,1649110000000.0,188667.0,68.0,
5421,,,image-slider-responseMAS,181,1894.3,719078,,0.765,train,2f6ef6,automobiles,1649110000000.0,188668.0,0.0,
5422,,,image-slider-responseMAS,182,1569.2,721652,,0.41,train,fcdb42,automobiles,1649110000000.0,188669.0,69.0,
5423,,,image-slider-responseMAS,183,2058.8,724717,,0.415,train,f7db7c,automobiles,1649110000000.0,188670.0,58.0,
5424,,,image-slider-responseMAS,184,2602.5,728324,,0.6875,train,73cf10,automobiles,1649110000000.0,188671.0,64.0,
5425,,,image-slider-responseMAS,185,2141.1,731470,,0.4325,train,a3c55b,automobiles,1649110000000.0,188672.0,54.0,
5426,,,image-slider-responseMAS,186,1615,734089,,0.4075,train,67cf5c,automobiles,1649110000000.0,188673.0,51.0,
5427,,,image-slider-responseMAS,187,1295.6,736391,,0.44,train,d0b85a,automobiles,1649110000000.0,188674.0,57.0,
5428,,,image-slider-responseMAS,188,1489.8,738883,,0.38,train,b9b9b9,automobiles,1649110000000.0,188675.0,27.0,
5429,,,image-slider-responseMAS,189,1631.4,741520,,0.5775,train,3518ad,automobiles,1649110000000.0,188676.0,1.0,
5430,,,image-slider-responseMAS,190,2682.1,745207,,0.345,train,ffffff,automobiles,1649110000000.0,188677.0,28.0,
5431,,,image-slider-responseMAS,191,1889.7,748105,,0.24,train,4bcf8e,automobiles,1649110000000.0,188678.0,35.0,
5432,,,image-slider-responseMAS,192,1860.8,750972,,0.3525,train,746bca,automobiles,1649110000000.0,188679.0,6.0,
5433,,,image-slider-responseMAS,193,1369.8,753349,,0.45,train,1c3d61,automobiles,1649110000000.0,188680.0,11.0,
5434,,,image-slider-responseMAS,194,7893.3,762247,,0.3775,train,c7b88b,automobiles,1649110000000.0,188681.0,43.0,
5435,,,image-slider-responseMAS,195,2050.3,765306,,0.3,train,443b14,automobiles,1649110000000.0,188682.0,41.0,
5436,,,image-slider-responseMAS,196,2380.7,768691,,0.26,train,c34f74,automobiles,1649110000000.0,188683.0,33.0,
5437,,,image-slider-responseMAS,197,2193.4,771892,,0.365,train,eddcad,automobiles,1649110000000.0,188684.0,44.0,
5438,,,image-slider-responseMAS,198,3509.2,776406,,0.54,train,8558f4,automobiles,1649110000000.0,188685.0,2.0,
5439,,,image-slider-responseMAS,199,2808,780222,,0.2975,train,baeaaf,automobiles,1649110000000.0,188686.0,40.0,
5440,,,image-slider-responseMAS,200,1543.3,782770,,0.35,train,ac6619,automobiles,1649110000000.0,188687.0,59.0,
5441,,,image-slider-responseMAS,201,1991.1,785764,,0.87,train,3efe44,automobiles,1649110000000.0,188688.0,63.0,
5442,,,image-slider-responseMAS,202,3702.8,790471,,0.1825,train,b8509e,automobiles,1649110000000.0,188689.0,18.0,
5443,,,image-slider-responseMAS,203,2803,794278,,0.36,train,a8664b,automobiles,1649110000000.0,188690.0,46.0,
5444,,,image-slider-responseMAS,204,1775.3,797058,,0.4375,train,83764c,automobiles,1649110000000.0,188691.0,42.0,
5445,,,image-slider-responseMAS,205,1934,799996,,0.7825,train,077acc,automobiles,1649110000000.0,188692.0,4.0,
5446,,,image-slider-responseMAS,206,1472.6,802473,,0.24,train,777777,automobiles,1649110000000.0,188693.0,26.0,
5447,,,image-slider-responseMAS,207,1718.9,805197,,0.3525,train,a0bae6,automobiles,1649110000000.0,188694.0,13.0,
5448,,,image-slider-responseMAS,208,4194.2,810397,,0.955,train,aac510,automobiles,1649110000000.0,188695.0,66.0,
5449,,,image-slider-responseMAS,209,3252.8,814657,,0.995,train,e81a4b,automobiles,1649110000000.0,188696.0,49.0,
5450,,,image-slider-responseMAS,210,1806.2,817469,,0.375,train,3b8378,automobiles,1649110000000.0,188697.0,21.0,
5451,,,image-slider-responseMAS,211,2173.2,820647,,0.935,train,db1f9d,automobiles,1649110000000.0,188698.0,19.0,
5452,,,image-slider-responseMAS,212,2140.4,823793,,0.385,train,608218,automobiles,1649110000000.0,188699.0,53.0,
5453,,,image-slider-responseMAS,213,2721.4,827520,,0.29,train,512d5f,automobiles,1649110000000.0,188700.0,14.0,
5454,,,image-slider-responseMAS,214,1990.7,830515,,0.4225,train,5e78a1,automobiles,1649110000000.0,188701.0,12.0,
5455,,,image-slider-responseMAS,215,2077.7,833596,,0.3725,train,cd26c7,automobiles,1649110000000.0,188702.0,9.0,
5456,,,image-slider-responseMAS,216,1471.5,836073,,0.41,train,f1a78a,automobiles,1649110000000.0,188703.0,47.0,
5457,,,image-slider-responseMAS,217,2173.4,839251,,0.195,train,90689f,automobiles,1649110000000.0,188704.0,15.0,
5458,,,image-slider-responseMAS,218,2046.2,842301,,0.335,train,5e2b3a,automobiles,1649110000000.0,188705.0,30.0,
5459,,,image-slider-responseMAS,219,2553.1,845861,,0.325,train,0,automobiles,1649110000000.0,188706.0,24.0,
5460,,,image-slider-responseMAS,220,2944.5,849810,,0.96,train,fba714,automobiles,1649110000000.0,188707.0,70.0,
5461,,,image-slider-responseMAS,221,1661.5,852478,,0.5575,train,2e3086,automobiles,1649110000000.0,188708.0,5.0,
5462,,,image-slider-responseMAS,222,1520.7,855002,,0.32,train,d5a9e4,automobiles,1649110000000.0,188709.0,16.0,
5463,,,image-slider-responseMAS,223,1877.7,857884,,0.36,train,96c58c,automobiles,1649110000000.0,188710.0,39.0,
5464,,,image-slider-responseMAS,224,2116.7,861007,,0.5975,train,0e8a19,automobiles,1649110000000.0,188711.0,50.0,
5465,,,image-slider-responseMAS,225,1655.5,863667,,0.2925,train,a06776,automobiles,1649110000000.0,188712.0,31.0,
5768,,,image-slider-responseMAS,155,2551.8,571969,,0.625,train,897618,automobiles,1649110000000.0,189015.0,56.0,
5769,,,image-slider-responseMAS,156,17544.2,590519,,0.6125,train,443b14,automobiles,1649110000000.0,189016.0,41.0,
5770,,,image-slider-responseMAS,157,2296.7,593823,,0.0875,train,e81a4b,automobiles,1649110000000.0,189017.0,49.0,
5771,,,image-slider-responseMAS,158,1865.8,596693,,0.17,train,83764c,automobiles,1649110000000.0,189018.0,42.0,
5772,,,image-slider-responseMAS,159,1801.9,599505,,0.7375,train,3efe44,automobiles,1649110000000.0,189019.0,63.0,
5773,,,image-slider-responseMAS,160,2244.2,602753,,0.005,train,d5a9e4,automobiles,1649110000000.0,189020.0,16.0,
5774,,,image-slider-responseMAS,161,2306.9,606066,,0.6075,train,73cf10,automobiles,1649110000000.0,189021.0,64.0,
5775,,,image-slider-responseMAS,162,2572.7,609647,,0.16,train,ea1d1d,automobiles,1649110000000.0,189022.0,62.0,
5776,,,image-slider-responseMAS,163,2770.9,613421,,0.6475,train,d5b811,automobiles,1649110000000.0,189023.0,68.0,
5777,,,image-slider-responseMAS,164,2770.1,617195,,-0.0075,train,7ec6ba,automobiles,1649110000000.0,189024.0,22.0,
5778,,,image-slider-responseMAS,165,2875.5,621074,,-0.005,train,90689f,automobiles,1649110000000.0,189025.0,15.0,
5779,,,image-slider-responseMAS,166,3303.1,625383,,0.015,train,a06776,automobiles,1649110000000.0,189026.0,31.0,
5780,,,image-slider-responseMAS,167,2969.8,629356,,0.775,train,1c3d61,automobiles,1649110000000.0,189027.0,11.0,
5781,,,image-slider-responseMAS,168,5863.5,636228,,0.855,train,e31b73,automobiles,1649110000000.0,189028.0,34.0,
5782,,,image-slider-responseMAS,169,1905.6,639136,,0.0,train,b8509e,automobiles,1649110000000.0,189029.0,18.0,
5783,,,image-slider-responseMAS,170,9915.9,650055,,-0.005,train,d0b85a,automobiles,1649110000000.0,189030.0,57.0,
5784,,,image-slider-responseMAS,171,3001.7,654065,,0.93,train,3518ad,automobiles,1649110000000.0,189031.0,1.0,
5785,,,image-slider-responseMAS,172,1661,656731,,0.01,train,5e78a1,automobiles,1649110000000.0,189032.0,12.0,
5786,,,image-slider-responseMAS,173,1491.8,659229,,-0.0075,train,f7a75a,automobiles,1649110000000.0,189033.0,60.0,
5787,,,image-slider-responseMAS,174,3102.2,663334,,0.0,train,a8664b,automobiles,1649110000000.0,189034.0,46.0,
5788,,,image-slider-responseMAS,175,2234.4,666575,,-0.01,train,c34f74,automobiles,1649110000000.0,189035.0,33.0,
5789,,,image-slider-responseMAS,176,1433.4,669015,,0.3325,train,512d5f,automobiles,1649110000000.0,189036.0,14.0,
5790,,,image-slider-responseMAS,177,2879,672904,,0.56,train,ac6619,automobiles,1649110000000.0,189037.0,59.0,
5791,,,image-slider-responseMAS,178,2190.8,676102,,-0.0025,train,8558f4,automobiles,1649110000000.0,189038.0,2.0,
5792,,,image-slider-responseMAS,179,3005.3,680111,,0.8325,train,4dc7e8,automobiles,1649110000000.0,189039.0,10.0,
5793,,,image-slider-responseMAS,180,3739.4,684855,,0.86,train,3b3b3b,automobiles,1649110000000.0,189040.0,25.0,
5794,,,image-slider-responseMAS,181,2080,687943,,0.61,train,077acc,automobiles,1649110000000.0,189041.0,4.0,
5795,,,image-slider-responseMAS,182,1885.9,690837,,0.0075,train,a0bae6,automobiles,1649110000000.0,189042.0,13.0,
5796,,,image-slider-responseMAS,183,1775.7,693617,,0.6825,train,9af443,automobiles,1649110000000.0,189043.0,65.0,
5797,,,image-slider-responseMAS,184,1523.7,696146,,0.065,train,a2eade,automobiles,1649110000000.0,189044.0,23.0,
5798,,,image-slider-responseMAS,185,1531.8,698685,,0.595,train,600b84,automobiles,1649110000000.0,189045.0,7.0,
5799,,,image-slider-responseMAS,186,1610.8,701303,,0.3425,train,96c58c,automobiles,1649110000000.0,189046.0,39.0,
5800,,,image-slider-responseMAS,187,1774.7,704083,,0.5175,train,2f6ef6,automobiles,1649110000000.0,189047.0,0.0,
5801,,,image-slider-responseMAS,188,2048.9,707138,,0.22,train,608218,automobiles,1649110000000.0,189048.0,53.0,
5802,,,image-slider-responseMAS,189,2373.4,710516,,0.2075,train,72005e,automobiles,1649110000000.0,189049.0,17.0,
5803,,,image-slider-responseMAS,190,26171.3,737691,,0.1825,train,c94e4b,automobiles,1649110000000.0,189050.0,48.0,
5804,,,image-slider-responseMAS,191,1934.9,740632,,0.6375,train,3b8378,automobiles,1649110000000.0,189051.0,21.0,
5805,,,image-slider-responseMAS,192,1656.4,743291,,0.675,train,aac510,automobiles,1649110000000.0,189052.0,66.0,
5806,,,image-slider-responseMAS,193,1395.9,745691,,0.22,train,c8e97d,automobiles,1649110000000.0,189053.0,55.0,
5807,,,image-slider-responseMAS,194,1807,748504,,0.625,train,cc4f1b,automobiles,1649110000000.0,189054.0,61.0,
5808,,,image-slider-responseMAS,195,1509.2,751017,,0.66,train,fba714,automobiles,1649110000000.0,189055.0,70.0,
5809,,,image-slider-responseMAS,196,2706.3,754727,,0.275,train,67cf5c,automobiles,1649110000000.0,189056.0,51.0,
5810,,,image-slider-responseMAS,197,2269.4,758000,,0.8225,train,2e3086,automobiles,1649110000000.0,189057.0,5.0,
5811,,,image-slider-responseMAS,198,4821,763827,,-0.01,train,e6a8b7,automobiles,1649110000000.0,189058.0,32.0,
5812,,,image-slider-responseMAS,199,2079.5,766915,,0.195,train,eddcad,automobiles,1649110000000.0,189059.0,44.0,
5813,,,image-slider-responseMAS,200,1682.8,769606,,1.005,train,777777,automobiles,1649110000000.0,189060.0,26.0,
5814,,,image-slider-responseMAS,201,1960,772572,,0.995,train,ffffff,automobiles,1649110000000.0,189061.0,28.0,
5815,,,image-slider-responseMAS,202,1644.1,775224,,0.0725,train,5e2b3a,automobiles,1649110000000.0,189062.0,30.0,
5816,,,image-slider-responseMAS,203,1482.8,777713,,0.2875,train,73f5b0,automobiles,1649110000000.0,189063.0,36.0,
5817,,,image-slider-responseMAS,204,1476.4,780194,,0.0175,train,746bca,automobiles,1649110000000.0,189064.0,6.0,
5818,,,image-slider-responseMAS,205,1287.3,782489,,0.57,train,39f6e0,automobiles,1649110000000.0,189065.0,20.0,
5819,,,image-slider-responseMAS,206,2032.1,785526,,0.2625,train,f7db7c,automobiles,1649110000000.0,189066.0,58.0,
5820,,,image-slider-responseMAS,207,1350,787880,,0.16,train,a553c8,automobiles,1649110000000.0,189067.0,8.0,
5821,,,image-slider-responseMAS,208,3724.7,792608,,0.985,train,0,automobiles,1649110000000.0,189068.0,24.0,
5822,,,image-slider-responseMAS,209,1614.5,795226,,0.0225,train,f1a78a,automobiles,1649110000000.0,189069.0,47.0,
5823,,,image-slider-responseMAS,210,1334.1,797564,,0.2175,train,b62ef2,automobiles,1649110000000.0,189070.0,3.0,
5824,,,image-slider-responseMAS,211,1957.5,800529,,0.8275,train,632b14,automobiles,1649110000000.0,189071.0,45.0,
5825,,,image-slider-responseMAS,212,1724.5,803260,,0.2725,train,55824d,automobiles,1649110000000.0,189072.0,38.0,
5826,,,image-slider-responseMAS,213,2370.5,806639,,0.155,train,184415,automobiles,1649110000000.0,189073.0,37.0,
5827,,,image-slider-responseMAS,214,1674.5,809319,,0.2375,train,baeaaf,automobiles,1649110000000.0,189074.0,40.0,
5828,,,image-slider-responseMAS,215,1494.3,811820,,0.575,train,0e8a19,automobiles,1649110000000.0,189075.0,50.0,
5829,,,image-slider-responseMAS,216,1683,814512,,0.015,train,c7b88b,automobiles,1649110000000.0,189076.0,43.0,
5830,,,image-slider-responseMAS,217,1278.4,816798,,0.61,train,b9b9b9,automobiles,1649110000000.0,189077.0,27.0,
5831,,,image-slider-responseMAS,218,1557.1,819360,,0.83,train,db1f9d,automobiles,1649110000000.0,189078.0,19.0,
5832,,,image-slider-responseMAS,219,2624.8,822990,,0.595,train,4bcf8e,automobiles,1649110000000.0,189079.0,35.0,
5833,,,image-slider-responseMAS,220,1872.8,825868,,0.24,train,a3c55b,automobiles,1649110000000.0,189080.0,54.0,
5834,,,image-slider-responseMAS,221,1607.4,828478,,0.685,train,d0e942,automobiles,1649110000000.0,189081.0,67.0,
5835,,,image-slider-responseMAS,222,1723.4,831209,,0.575,train,fcdb42,automobiles,1649110000000.0,189082.0,69.0,
5836,,,image-slider-responseMAS,223,1673.3,833886,,0.845,train,cd26c7,automobiles,1649110000000.0,189083.0,9.0,
5837,,,image-slider-responseMAS,224,1451.3,836342,,0.1725,train,8cf47e,automobiles,1649110000000.0,189084.0,52.0,
5838,,,image-slider-responseMAS,225,1768.9,839115,,0.835,train,dddddd,automobiles,1649110000000.0,189085.0,29.0,
6141,,,image-slider-responseMAS,155,2820.1,736352,,-0.0025,train,a06776,automobiles,1649110000000.0,189388.0,31.0,
6142,,,image-slider-responseMAS,156,2174.3,739531,,-0.0125,train,2f6ef6,automobiles,1649110000000.0,189389.0,0.0,
6143,,,image-slider-responseMAS,157,1986.3,742526,,0.0075,train,3efe44,automobiles,1649110000000.0,189390.0,63.0,
6144,,,image-slider-responseMAS,158,2489.2,746022,,0.0125,train,72005e,automobiles,1649110000000.0,189391.0,17.0,
6145,,,image-slider-responseMAS,159,1818.2,748843,,0.01,train,c34f74,automobiles,1649110000000.0,189392.0,33.0,
6146,,,image-slider-responseMAS,160,1908.8,751758,,1.005,train,4dc7e8,automobiles,1649110000000.0,189393.0,10.0,
6147,,,image-slider-responseMAS,161,1665.2,754427,,1.0175,train,5e78a1,automobiles,1649110000000.0,189394.0,12.0,
6148,,,image-slider-responseMAS,162,1696.6,757130,,1.0075,train,ffffff,automobiles,1649110000000.0,189395.0,28.0,
6149,,,image-slider-responseMAS,163,1822.5,759958,,0.0075,train,a2eade,automobiles,1649110000000.0,189396.0,23.0,
6150,,,image-slider-responseMAS,164,1612.7,762580,,0.0,train,baeaaf,automobiles,1649110000000.0,189397.0,40.0,
6151,,,image-slider-responseMAS,165,1726,765314,,0.0,train,fcdb42,automobiles,1649110000000.0,189398.0,69.0,
6152,,,image-slider-responseMAS,166,1485.9,767807,,-0.0025,train,a3c55b,automobiles,1649110000000.0,189399.0,54.0,
6153,,,image-slider-responseMAS,167,2012.1,770827,,-0.005,train,c8e97d,automobiles,1649110000000.0,189400.0,55.0,
6154,,,image-slider-responseMAS,168,2618.6,774450,,0.0125,train,f7db7c,automobiles,1649110000000.0,189401.0,58.0,
6155,,,image-slider-responseMAS,169,1893,777350,,0.0025,train,3518ad,automobiles,1649110000000.0,189402.0,1.0,
6156,,,image-slider-responseMAS,170,1674.1,780028,,0.0075,train,cc4f1b,automobiles,1649110000000.0,189403.0,61.0,
6157,,,image-slider-responseMAS,171,2031.4,783064,,-0.0025,train,608218,automobiles,1649110000000.0,189404.0,53.0,
6158,,,image-slider-responseMAS,172,14966.3,799034,,0.005,train,f1a78a,automobiles,1649110000000.0,189405.0,47.0,
6159,,,image-slider-responseMAS,173,2068.3,802107,,0.005,train,184415,automobiles,1649110000000.0,189406.0,37.0,
6160,,,image-slider-responseMAS,174,2146,805256,,0.0075,train,73f5b0,automobiles,1649110000000.0,189407.0,36.0,
6161,,,image-slider-responseMAS,175,2333.5,808592,,0.0025,train,39f6e0,automobiles,1649110000000.0,189408.0,20.0,
6162,,,image-slider-responseMAS,176,1790,811389,,-0.0025,train,cd26c7,automobiles,1649110000000.0,189409.0,9.0,
6163,,,image-slider-responseMAS,177,2501.2,814894,,-0.005,train,b62ef2,automobiles,1649110000000.0,189410.0,3.0,
6164,,,image-slider-responseMAS,178,2071.1,817969,,-0.0025,train,a0bae6,automobiles,1649110000000.0,189411.0,13.0,
6165,,,image-slider-responseMAS,179,1894.4,820869,,-0.01,train,c94e4b,automobiles,1649110000000.0,189412.0,48.0,
6166,,,image-slider-responseMAS,180,2092.8,823968,,-0.005,train,0e8a19,automobiles,1649110000000.0,189413.0,50.0,
6167,,,image-slider-responseMAS,181,1934.1,826907,,-0.005,train,e6a8b7,automobiles,1649110000000.0,189414.0,32.0,
6168,,,image-slider-responseMAS,182,1873.2,829783,,-0.0025,train,db1f9d,automobiles,1649110000000.0,189415.0,19.0,
6169,,,image-slider-responseMAS,183,2259,833049,,1.0075,train,0,automobiles,1649110000000.0,189416.0,24.0,
6170,,,image-slider-responseMAS,184,1782.1,835837,,1.0125,train,3b3b3b,automobiles,1649110000000.0,189417.0,25.0,
6171,,,image-slider-responseMAS,185,2337.1,839183,,0.0025,train,b8509e,automobiles,1649110000000.0,189418.0,18.0,
6172,,,image-slider-responseMAS,186,1861.3,842051,,0.015,train,67cf5c,automobiles,1649110000000.0,189419.0,51.0,
6173,,,image-slider-responseMAS,187,1829.6,844886,,-0.005,train,4bcf8e,automobiles,1649110000000.0,189420.0,35.0,
6174,,,image-slider-responseMAS,188,3563.1,849457,,0.0025,train,600b84,automobiles,1649110000000.0,189421.0,7.0,
6175,,,image-slider-responseMAS,189,1789.7,852253,,0.0025,train,83764c,automobiles,1649110000000.0,189422.0,42.0,
6176,,,image-slider-responseMAS,190,1506,854764,,0.0,train,e31b73,automobiles,1649110000000.0,189423.0,34.0,
6177,,,image-slider-responseMAS,191,1505.6,857274,,0.0075,train,3b8378,automobiles,1649110000000.0,189424.0,21.0,
6178,,,image-slider-responseMAS,192,1936.6,860214,,-0.0025,train,90689f,automobiles,1649110000000.0,189425.0,15.0,
6179,,,image-slider-responseMAS,193,1642.2,862860,,-0.0025,train,632b14,automobiles,1649110000000.0,189426.0,45.0,
6180,,,image-slider-responseMAS,194,1675.1,865538,,-0.02,train,1c3d61,automobiles,1649110000000.0,189427.0,11.0,
6181,,,image-slider-responseMAS,195,2113.3,868660,,-0.0125,train,e81a4b,automobiles,1649110000000.0,189428.0,49.0,
6182,,,image-slider-responseMAS,196,1634.4,871298,,-0.015,train,a8664b,automobiles,1649110000000.0,189429.0,46.0,
6183,,,image-slider-responseMAS,197,2078.2,874381,,0.0025,train,73cf10,automobiles,1649110000000.0,189430.0,64.0,
6184,,,image-slider-responseMAS,198,1784.6,877171,,-0.0125,train,7ec6ba,automobiles,1649110000000.0,189431.0,22.0,
6185,,,image-slider-responseMAS,199,1592.8,879767,,0.0075,train,443b14,automobiles,1649110000000.0,189432.0,41.0,
6186,,,image-slider-responseMAS,200,3388.7,884162,,0.9975,train,ea1d1d,automobiles,1649110000000.0,189433.0,62.0,
6187,,,image-slider-responseMAS,201,1672,886839,,0.0175,train,5e2b3a,automobiles,1649110000000.0,189434.0,30.0,
6188,,,image-slider-responseMAS,202,2882.9,890731,,-0.0225,train,8558f4,automobiles,1649110000000.0,189435.0,2.0,
6189,,,image-slider-responseMAS,203,1665,893402,,0.02,train,d0e942,automobiles,1649110000000.0,189436.0,67.0,
6190,,,image-slider-responseMAS,204,2157.5,896564,,0.005,train,746bca,automobiles,1649110000000.0,189437.0,6.0,
6191,,,image-slider-responseMAS,205,2861.4,900434,,1.005,train,b9b9b9,automobiles,1649110000000.0,189438.0,27.0,
6192,,,image-slider-responseMAS,206,3804.2,905242,,-0.01,train,8cf47e,automobiles,1649110000000.0,189439.0,52.0,
6193,,,image-slider-responseMAS,207,1967.4,908213,,1.015,train,dddddd,automobiles,1649110000000.0,189440.0,29.0,
6194,,,image-slider-responseMAS,208,1891.5,911114,,1.01,train,c7b88b,automobiles,1649110000000.0,189441.0,43.0,
6195,,,image-slider-responseMAS,209,1933.4,914053,,-0.0025,train,d5a9e4,automobiles,1649110000000.0,189442.0,16.0,
6196,,,image-slider-responseMAS,210,1905.8,916962,,0.0025,train,9af443,automobiles,1649110000000.0,189443.0,65.0,
6197,,,image-slider-responseMAS,211,2156.5,920122,,0.995,train,eddcad,automobiles,1649110000000.0,189444.0,44.0,
6198,,,image-slider-responseMAS,212,2404.3,923531,,1.01,train,777777,automobiles,1649110000000.0,189445.0,26.0,
6199,,,image-slider-responseMAS,213,2096.4,926630,,0.0025,train,d0b85a,automobiles,1649110000000.0,189446.0,57.0,
6200,,,image-slider-responseMAS,214,2805.5,930444,,-0.005,train,897618,automobiles,1649110000000.0,189447.0,56.0,
6201,,,image-slider-responseMAS,215,1769.3,933218,,0.005,train,aac510,automobiles,1649110000000.0,189448.0,66.0,
6202,,,image-slider-responseMAS,216,2753.5,936975,,0.99,train,077acc,automobiles,1649110000000.0,189449.0,4.0,
6203,,,image-slider-responseMAS,217,1896.5,939876,,0.01,train,f7a75a,automobiles,1649110000000.0,189450.0,60.0,
6204,,,image-slider-responseMAS,218,1736.9,942617,,0.0,train,ac6619,automobiles,1649110000000.0,189451.0,59.0,
6205,,,image-slider-responseMAS,219,1941.2,945565,,0.005,train,2e3086,automobiles,1649110000000.0,189452.0,5.0,
6206,,,image-slider-responseMAS,220,1934.6,948506,,0.0,train,d5b811,automobiles,1649110000000.0,189453.0,68.0,
6207,,,image-slider-responseMAS,221,1760.4,951270,,0.0,train,fba714,automobiles,1649110000000.0,189454.0,70.0,
6208,,,image-slider-responseMAS,222,1709.7,953983,,-0.0025,train,512d5f,automobiles,1649110000000.0,189455.0,14.0,
6209,,,image-slider-responseMAS,223,1928.1,956918,,0.005,train,96c58c,automobiles,1649110000000.0,189456.0,39.0,
6210,,,image-slider-responseMAS,224,1968.7,959890,,-0.01,train,a553c8,automobiles,1649110000000.0,189457.0,8.0,
6211,,,image-slider-responseMAS,225,3076.8,963975,,-0.0125,train,55824d,automobiles,1649110000000.0,189458.0,38.0,
6514,,,image-slider-responseMAS,155,2492.6,1217510,,-0.0075,train,96c58c,automobiles,1649110000000.0,189761.0,39.0,
6515,,,image-slider-responseMAS,156,1906.9,1220420,,-0.0075,train,c7b88b,automobiles,1649110000000.0,189762.0,43.0,
6516,,,image-slider-responseMAS,157,2744.5,1224170,,0.9925,train,73f5b0,automobiles,1649110000000.0,189763.0,36.0,
6517,,,image-slider-responseMAS,158,2182.6,1227360,,-0.02,train,a8664b,automobiles,1649110000000.0,189764.0,46.0,
6518,,,image-slider-responseMAS,159,2539.2,1230900,,-0.0025,train,632b14,automobiles,1649110000000.0,189765.0,45.0,
6519,,,image-slider-responseMAS,160,2498,1234400,,-0.0025,train,4dc7e8,automobiles,1649110000000.0,189766.0,10.0,
6520,,,image-slider-responseMAS,161,2325.9,1237730,,1.0025,train,a2eade,automobiles,1649110000000.0,189767.0,23.0,
6521,,,image-slider-responseMAS,162,4827,1243560,,-0.0025,train,ac6619,automobiles,1649110000000.0,189768.0,59.0,
6522,,,image-slider-responseMAS,163,2847.9,1247420,,-0.005,train,3b8378,automobiles,1649110000000.0,189769.0,21.0,
6523,,,image-slider-responseMAS,164,3043.5,1251460,,1.015,train,d0e942,automobiles,1649110000000.0,189770.0,67.0,
6524,,,image-slider-responseMAS,165,36094.5,1288560,,1.0025,train,39f6e0,automobiles,1649110000000.0,189771.0,20.0,
6525,,,image-slider-responseMAS,166,5027.8,1294600,,0.0175,train,83764c,automobiles,1649110000000.0,189772.0,42.0,
6526,,,image-slider-responseMAS,167,1879.4,1297480,,-0.005,train,cd26c7,automobiles,1649110000000.0,189773.0,9.0,
6527,,,image-slider-responseMAS,168,2349.1,1300830,,-0.0075,train,b62ef2,automobiles,1649110000000.0,189774.0,3.0,
6528,,,image-slider-responseMAS,169,3365.7,1305200,,0.9925,train,eddcad,automobiles,1649110000000.0,189775.0,44.0,
6529,,,image-slider-responseMAS,170,3129.8,1309340,,-0.01,train,5e78a1,automobiles,1649110000000.0,189776.0,12.0,
6530,,,image-slider-responseMAS,171,4938.5,1315280,,0.0,train,d0b85a,automobiles,1649110000000.0,189777.0,57.0,
6531,,,image-slider-responseMAS,172,5412.1,1321700,,-0.015,train,fcdb42,automobiles,1649110000000.0,189778.0,69.0,
6532,,,image-slider-responseMAS,173,27533.9,1350240,,0.985,train,73cf10,automobiles,1649110000000.0,189779.0,64.0,
6533,,,image-slider-responseMAS,174,8537,1359780,,-0.005,train,2e3086,automobiles,1649110000000.0,189780.0,5.0,
6534,,,image-slider-responseMAS,175,2401.7,1363190,,0.0,train,f7db7c,automobiles,1649110000000.0,189781.0,58.0,
6535,,,image-slider-responseMAS,176,3006.9,1367200,,0.0075,train,2f6ef6,automobiles,1649110000000.0,189782.0,0.0,
6536,,,image-slider-responseMAS,177,7771.8,1375970,,-0.005,train,746bca,automobiles,1649110000000.0,189783.0,6.0,
6537,,,image-slider-responseMAS,178,2732.7,1379710,,0.985,train,b9b9b9,automobiles,1649110000000.0,189784.0,27.0,
6538,,,image-slider-responseMAS,179,4645.2,1385360,,-0.0025,train,184415,automobiles,1649110000000.0,189785.0,37.0,
6539,,,image-slider-responseMAS,180,2478.2,1388850,,0.995,train,ffffff,automobiles,1649110000000.0,189786.0,28.0,
6540,,,image-slider-responseMAS,181,48845,1438700,,0.005,train,8558f4,automobiles,1649110000000.0,189787.0,2.0,
6541,,,image-slider-responseMAS,182,2753.8,1442460,,-0.0125,train,e31b73,automobiles,1649110000000.0,189788.0,34.0,
6542,,,image-slider-responseMAS,183,11072.1,1454530,,0.0,train,1c3d61,automobiles,1649110000000.0,189789.0,11.0,
6543,,,image-slider-responseMAS,184,2524.6,1458060,,0.0,train,077acc,automobiles,1649110000000.0,189790.0,4.0,
6544,,,image-slider-responseMAS,185,17053.9,1476120,,0.9925,train,ea1d1d,automobiles,1649110000000.0,189791.0,62.0,
6545,,,image-slider-responseMAS,186,1822.7,1478950,,0.0025,train,600b84,automobiles,1649110000000.0,189792.0,7.0,
6546,,,image-slider-responseMAS,187,1664,1481620,,-0.01,train,3efe44,automobiles,1649110000000.0,189793.0,63.0,
6547,,,image-slider-responseMAS,188,2279.9,1484900,,1.0025,train,c34f74,automobiles,1649110000000.0,189794.0,33.0,
6548,,,image-slider-responseMAS,189,1833.6,1487730,,0.0925,train,9af443,automobiles,1649110000000.0,189795.0,65.0,
6549,,,image-slider-responseMAS,190,1945.8,1490680,,0.795,train,0e8a19,automobiles,1649110000000.0,189796.0,50.0,
6550,,,image-slider-responseMAS,191,1281.8,1492970,,0.27,train,8cf47e,automobiles,1649110000000.0,189797.0,52.0,
6551,,,image-slider-responseMAS,192,1265.1,1495240,,0.6725,train,608218,automobiles,1649110000000.0,189798.0,53.0,
6552,,,image-slider-responseMAS,193,1315,1497550,,0.6575,train,c8e97d,automobiles,1649110000000.0,189799.0,55.0,
6553,,,image-slider-responseMAS,194,2101.4,1500660,,0.4575,train,d5a9e4,automobiles,1649110000000.0,189800.0,16.0,
6554,,,image-slider-responseMAS,195,2102,1503760,,1.005,train,dddddd,automobiles,1649110000000.0,189801.0,29.0,
6555,,,image-slider-responseMAS,196,7031,1511800,,0.9925,train,777777,automobiles,1649110000000.0,189802.0,26.0,
6556,,,image-slider-responseMAS,197,1620.7,1514430,,-0.0025,train,90689f,automobiles,1649110000000.0,189803.0,15.0,
6557,,,image-slider-responseMAS,198,2854.9,1518280,,0.695,train,f7a75a,automobiles,1649110000000.0,189804.0,60.0,
6558,,,image-slider-responseMAS,199,4130.3,1523420,,0.2125,train,aac510,automobiles,1649110000000.0,189805.0,66.0,
6559,,,image-slider-responseMAS,200,2159,1526580,,1.0075,train,0,automobiles,1649110000000.0,189806.0,24.0,
6560,,,image-slider-responseMAS,201,1876.8,1529460,,0.185,train,897618,automobiles,1649110000000.0,189807.0,56.0,
6561,,,image-slider-responseMAS,202,2360.5,1532830,,0.35,train,67cf5c,automobiles,1649110000000.0,189808.0,51.0,
6562,,,image-slider-responseMAS,203,2429.2,1536260,,0.1925,train,72005e,automobiles,1649110000000.0,189809.0,17.0,
6563,,,image-slider-responseMAS,204,1506.3,1538770,,0.715,train,d5b811,automobiles,1649110000000.0,189810.0,68.0,
6564,,,image-slider-responseMAS,205,39267.3,1579040,,0.1775,train,4bcf8e,automobiles,1649110000000.0,189811.0,35.0,
6565,,,image-slider-responseMAS,206,3755.8,1583810,,0.135,train,512d5f,automobiles,1649110000000.0,189812.0,14.0,
6566,,,image-slider-responseMAS,207,11409.5,1596220,,1.0075,train,3b3b3b,automobiles,1649110000000.0,189813.0,25.0,
6567,,,image-slider-responseMAS,208,22754.7,1619980,,0.1425,train,e6a8b7,automobiles,1649110000000.0,189814.0,32.0,
6568,,,image-slider-responseMAS,209,10803.4,1631790,,0.2,train,a3c55b,automobiles,1649110000000.0,189815.0,54.0,
6569,,,image-slider-responseMAS,210,2756.8,1635550,,0.8525,train,3518ad,automobiles,1649110000000.0,189816.0,1.0,
6570,,,image-slider-responseMAS,211,2780,1639340,,0.26,train,c94e4b,automobiles,1649110000000.0,189817.0,48.0,
6571,,,image-slider-responseMAS,212,1460.3,1641800,,0.7825,train,443b14,automobiles,1649110000000.0,189818.0,41.0,
6572,,,image-slider-responseMAS,213,1365.6,1644170,,0.3225,train,a06776,automobiles,1649110000000.0,189819.0,31.0,
6573,,,image-slider-responseMAS,214,1427.9,1646600,,0.9775,train,55824d,automobiles,1649110000000.0,189820.0,38.0,
6574,,,image-slider-responseMAS,215,1656.9,1649260,,0.005,train,7ec6ba,automobiles,1649110000000.0,189821.0,22.0,
6575,,,image-slider-responseMAS,216,2218.3,1652480,,0.9875,train,db1f9d,automobiles,1649110000000.0,189822.0,19.0,
6576,,,image-slider-responseMAS,217,3600.3,1657090,,1.0,train,e81a4b,automobiles,1649110000000.0,189823.0,49.0,
6577,,,image-slider-responseMAS,218,2172.9,1660260,,0.005,train,5e2b3a,automobiles,1649110000000.0,189824.0,30.0,
6578,,,image-slider-responseMAS,219,14017.6,1675290,,0.0,train,baeaaf,automobiles,1649110000000.0,189825.0,40.0,
6579,,,image-slider-responseMAS,220,2617.8,1678910,,-0.005,train,fba714,automobiles,1649110000000.0,189826.0,70.0,
6580,,,image-slider-responseMAS,221,2168.9,1682080,,0.0125,train,cc4f1b,automobiles,1649110000000.0,189827.0,61.0,
6581,,,image-slider-responseMAS,222,1876.7,1684960,,0.015,train,f1a78a,automobiles,1649110000000.0,189828.0,47.0,
6582,,,image-slider-responseMAS,223,2399,1688370,,0.005,train,b8509e,automobiles,1649110000000.0,189829.0,18.0,
6583,,,image-slider-responseMAS,224,1777.6,1691150,,0.0125,train,a553c8,automobiles,1649110000000.0,189830.0,8.0,
6584,,,image-slider-responseMAS,225,1754,1693900,,0.0025,train,a0bae6,automobiles,1649110000000.0,189831.0,13.0,
6888,,,image-slider-responseMAS,155,2726.1,793611,,0.15,train,0e8a19,automobiles,1649120000000.0,190135.0,50.0,
6889,,,image-slider-responseMAS,156,2274.1,796891,,0.18,train,4bcf8e,automobiles,1649120000000.0,190136.0,35.0,
6890,,,image-slider-responseMAS,157,2361.5,800259,,0.1525,train,8558f4,automobiles,1649120000000.0,190137.0,2.0,
6891,,,image-slider-responseMAS,158,2171.9,803437,,0.0325,train,cd26c7,automobiles,1649120000000.0,190138.0,9.0,
6892,,,image-slider-responseMAS,159,1801.7,806253,,-0.005,train,72005e,automobiles,1649120000000.0,190139.0,17.0,
6893,,,image-slider-responseMAS,160,2750.1,810010,,1.01,train,5e2b3a,automobiles,1649120000000.0,190140.0,30.0,
6894,,,image-slider-responseMAS,161,3353,814377,,0.0875,train,e6a8b7,automobiles,1649120000000.0,190141.0,32.0,
6895,,,image-slider-responseMAS,162,2083.4,817464,,0.1875,train,8cf47e,automobiles,1649120000000.0,190142.0,52.0,
6896,,,image-slider-responseMAS,163,7153.6,825623,,0.6425,train,4dc7e8,automobiles,1649120000000.0,190143.0,10.0,
6897,,,image-slider-responseMAS,164,2726.4,829358,,0.2125,train,608218,automobiles,1649120000000.0,190144.0,53.0,
6898,,,image-slider-responseMAS,165,1669.8,832045,,0.125,train,9af443,automobiles,1649120000000.0,190145.0,65.0,
6899,,,image-slider-responseMAS,166,4340.9,837389,,0.785,train,d0b85a,automobiles,1649120000000.0,190146.0,57.0,
6900,,,image-slider-responseMAS,167,2610.9,841014,,0.125,train,db1f9d,automobiles,1649120000000.0,190147.0,19.0,
6901,,,image-slider-responseMAS,168,3090.3,845114,,1.0,train,3b3b3b,automobiles,1649120000000.0,190148.0,25.0,
6902,,,image-slider-responseMAS,169,2520.1,848652,,0.85,train,ac6619,automobiles,1649120000000.0,190149.0,59.0,
6903,,,image-slider-responseMAS,170,1766.2,851427,,0.89,train,a8664b,automobiles,1649120000000.0,190150.0,46.0,
6904,,,image-slider-responseMAS,171,3580.6,856012,,0.52,train,73f5b0,automobiles,1649120000000.0,190151.0,36.0,
6905,,,image-slider-responseMAS,172,4723.3,861748,,0.3625,train,184415,automobiles,1649120000000.0,190152.0,37.0,
6906,,,image-slider-responseMAS,173,2248.3,865010,,-0.01,train,2f6ef6,automobiles,1649120000000.0,190153.0,0.0,
6907,,,image-slider-responseMAS,174,2669.6,868691,,0.1775,train,55824d,automobiles,1649120000000.0,190154.0,38.0,
6908,,,image-slider-responseMAS,175,1973,871668,,1.005,train,b9b9b9,automobiles,1649120000000.0,190155.0,27.0,
6909,,,image-slider-responseMAS,176,2390.5,875063,,1.0025,train,0,automobiles,1649120000000.0,190156.0,24.0,
6910,,,image-slider-responseMAS,177,2145.6,878214,,0.995,train,ffffff,automobiles,1649120000000.0,190157.0,28.0,
6911,,,image-slider-responseMAS,178,1875,881090,,0.8425,train,83764c,automobiles,1649120000000.0,190158.0,42.0,
6912,,,image-slider-responseMAS,179,1927.2,884028,,0.39,train,2e3086,automobiles,1649120000000.0,190159.0,5.0,
6913,,,image-slider-responseMAS,180,2243.4,887277,,0.2625,train,67cf5c,automobiles,1649120000000.0,190160.0,51.0,
6914,,,image-slider-responseMAS,181,2119,890403,,0.245,train,a3c55b,automobiles,1649120000000.0,190161.0,54.0,
6915,,,image-slider-responseMAS,182,3224.7,894633,,0.1075,train,3518ad,automobiles,1649120000000.0,190162.0,1.0,
6916,,,image-slider-responseMAS,183,2543.4,898189,,0.35,train,512d5f,automobiles,1649120000000.0,190163.0,14.0,
6917,,,image-slider-responseMAS,184,2484.6,901678,,0.1275,train,a2eade,automobiles,1649120000000.0,190164.0,23.0,
6918,,,image-slider-responseMAS,185,2366.2,905050,,0.7875,train,eddcad,automobiles,1649120000000.0,190165.0,44.0,
6919,,,image-slider-responseMAS,186,2527.9,908583,,0.3325,train,077acc,automobiles,1649120000000.0,190166.0,4.0,
6920,,,image-slider-responseMAS,187,1947,911546,,0.0075,train,a553c8,automobiles,1649120000000.0,190167.0,8.0,
6921,,,image-slider-responseMAS,188,2060.5,914613,,0.34,train,746bca,automobiles,1649120000000.0,190168.0,6.0,
6922,,,image-slider-responseMAS,189,2782.7,918401,,0.8025,train,d5b811,automobiles,1649120000000.0,190169.0,68.0,
6923,,,image-slider-responseMAS,190,2027.1,921431,,1.0025,train,dddddd,automobiles,1649120000000.0,190170.0,29.0,
6924,,,image-slider-responseMAS,191,2758.4,925206,,0.8425,train,c7b88b,automobiles,1649120000000.0,190171.0,43.0,
6925,,,image-slider-responseMAS,192,2635.3,928847,,0.87,train,e81a4b,automobiles,1649120000000.0,190172.0,49.0,
6926,,,image-slider-responseMAS,193,2049.1,931914,,0.3875,train,96c58c,automobiles,1649120000000.0,190173.0,39.0,
6927,,,image-slider-responseMAS,194,3867.5,936786,,0.89,train,a06776,automobiles,1649120000000.0,190174.0,31.0,
6928,,,image-slider-responseMAS,195,2291.8,940086,,0.99,train,443b14,automobiles,1649120000000.0,190175.0,41.0,
6929,,,image-slider-responseMAS,196,2195.4,943290,,0.995,train,632b14,automobiles,1649120000000.0,190176.0,45.0,
6930,,,image-slider-responseMAS,197,2776.7,947075,,0.13,train,39f6e0,automobiles,1649120000000.0,190177.0,20.0,
6931,,,image-slider-responseMAS,198,3399.7,951483,,0.3675,train,3b8378,automobiles,1649120000000.0,190178.0,21.0,
6932,,,image-slider-responseMAS,199,3596.8,956083,,0.78,train,897618,automobiles,1649120000000.0,190179.0,56.0,
6933,,,image-slider-responseMAS,200,2564.6,959661,,0.2325,train,c8e97d,automobiles,1649120000000.0,190180.0,55.0,
6934,,,image-slider-responseMAS,201,3079.3,963747,,-0.0075,train,b62ef2,automobiles,1649120000000.0,190181.0,3.0,
6935,,,image-slider-responseMAS,202,2211.2,966962,,0.64,train,fba714,automobiles,1649120000000.0,190182.0,70.0,
6936,,,image-slider-responseMAS,203,2802.7,970782,,0.6325,train,c94e4b,automobiles,1649120000000.0,190183.0,48.0,
6937,,,image-slider-responseMAS,204,3949,975735,,0.49,train,c34f74,automobiles,1649120000000.0,190184.0,33.0,
6938,,,image-slider-responseMAS,205,2612.1,979364,,0.3775,train,1c3d61,automobiles,1649120000000.0,190185.0,11.0,
6939,,,image-slider-responseMAS,206,4538.1,984906,,0.1075,train,aac510,automobiles,1649120000000.0,190186.0,66.0,
6940,,,image-slider-responseMAS,207,1778.2,987701,,0.0125,train,b8509e,automobiles,1649120000000.0,190187.0,18.0,
6941,,,image-slider-responseMAS,208,2261.6,990969,,0.7775,train,cc4f1b,automobiles,1649120000000.0,190188.0,61.0,
6942,,,image-slider-responseMAS,209,3496.9,995470,,0.2225,train,e31b73,automobiles,1649120000000.0,190189.0,34.0,
6943,,,image-slider-responseMAS,210,3302.2,999783,,-0.0025,train,600b84,automobiles,1649120000000.0,190190.0,7.0,
6944,,,image-slider-responseMAS,211,5479.4,1006280,,0.225,train,a0bae6,automobiles,1649120000000.0,190191.0,13.0,
6945,,,image-slider-responseMAS,212,4167.3,1011460,,0.7675,train,f7a75a,automobiles,1649120000000.0,190192.0,60.0,
6946,,,image-slider-responseMAS,213,1887.1,1014360,,0.355,train,5e78a1,automobiles,1649120000000.0,190193.0,12.0,
6947,,,image-slider-responseMAS,214,3509.9,1018880,,0.1975,train,7ec6ba,automobiles,1649120000000.0,190194.0,22.0,
6948,,,image-slider-responseMAS,215,1886.1,1021780,,0.8325,train,f7db7c,automobiles,1649120000000.0,190195.0,58.0,
6949,,,image-slider-responseMAS,216,2317.9,1025100,,0.23,train,baeaaf,automobiles,1649120000000.0,190196.0,40.0,
6950,,,image-slider-responseMAS,217,3926.6,1030040,,0.0,train,d5a9e4,automobiles,1649120000000.0,190197.0,16.0,
6951,,,image-slider-responseMAS,218,2963.8,1034000,,0.6775,train,fcdb42,automobiles,1649120000000.0,190198.0,69.0,
6952,,,image-slider-responseMAS,219,2316.1,1037330,,0.7325,train,d0e942,automobiles,1649120000000.0,190199.0,67.0,
6953,,,image-slider-responseMAS,220,2173.1,1040510,,0.28,train,73cf10,automobiles,1649120000000.0,190200.0,64.0,
6954,,,image-slider-responseMAS,221,2504.2,1044030,,0.01,train,90689f,automobiles,1649120000000.0,190201.0,15.0,
6955,,,image-slider-responseMAS,222,2550.6,1047600,,0.73,train,f1a78a,automobiles,1649120000000.0,190202.0,47.0,
6956,,,image-slider-responseMAS,223,2664.8,1051270,,0.995,train,ea1d1d,automobiles,1649120000000.0,190203.0,62.0,
6957,,,image-slider-responseMAS,224,2485,1054770,,0.0175,train,3efe44,automobiles,1649120000000.0,190204.0,63.0,
6958,,,image-slider-responseMAS,225,2734.4,1058510,,1.0,train,777777,automobiles,1649120000000.0,190205.0,26.0,
7262,,,image-slider-responseMAS,155,2403.4,667972,,0.2075,train,077acc,automobiles,1649120000000.0,190509.0,4.0,
7263,,,image-slider-responseMAS,156,2087.2,671065,,0.63,train,9af443,automobiles,1649120000000.0,190510.0,65.0,
7264,,,image-slider-responseMAS,157,1803.9,673873,,0.3575,train,600b84,automobiles,1649120000000.0,190511.0,7.0,
7265,,,image-slider-responseMAS,158,1635.4,676512,,0.61,train,eddcad,automobiles,1649120000000.0,190512.0,44.0,
7266,,,image-slider-responseMAS,159,2049.8,679571,,0.745,train,72005e,automobiles,1649120000000.0,190513.0,17.0,
7267,,,image-slider-responseMAS,160,1823.6,682412,,0.1825,train,c34f74,automobiles,1649120000000.0,190514.0,33.0,
7268,,,image-slider-responseMAS,161,2418.5,685838,,0.2775,train,d0e942,automobiles,1649120000000.0,190515.0,67.0,
7269,,,image-slider-responseMAS,162,2102,688945,,0.75,train,c7b88b,automobiles,1649120000000.0,190516.0,43.0,
7270,,,image-slider-responseMAS,163,1670.2,691619,,0.1875,train,fcdb42,automobiles,1649120000000.0,190517.0,69.0,
7271,,,image-slider-responseMAS,164,4574.3,697201,,0.755,train,608218,automobiles,1649120000000.0,190518.0,53.0,
7272,,,image-slider-responseMAS,165,2102.1,700309,,0.735,train,184415,automobiles,1649120000000.0,190519.0,37.0,
7273,,,image-slider-responseMAS,166,2067.6,703384,,0.235,train,a06776,automobiles,1649120000000.0,190520.0,31.0,
7274,,,image-slider-responseMAS,167,1988.8,706376,,0.37,train,b62ef2,automobiles,1649120000000.0,190521.0,3.0,
7275,,,image-slider-responseMAS,168,2351,709735,,0.67,train,a8664b,automobiles,1649120000000.0,190522.0,46.0,
7276,,,image-slider-responseMAS,169,2130.7,712877,,0.8325,train,55824d,automobiles,1649120000000.0,190523.0,38.0,
7277,,,image-slider-responseMAS,170,2102,715986,,0.8325,train,2f6ef6,automobiles,1649120000000.0,190524.0,0.0,
7278,,,image-slider-responseMAS,171,1850.9,718843,,0.6725,train,1c3d61,automobiles,1649120000000.0,190525.0,11.0,
7279,,,image-slider-responseMAS,172,2424.8,722270,,0.96,train,ffffff,automobiles,1649120000000.0,190526.0,28.0,
7280,,,image-slider-responseMAS,173,2087.5,725360,,0.29,train,a553c8,automobiles,1649120000000.0,190527.0,8.0,
7281,,,image-slider-responseMAS,174,2134.4,728518,,0.965,train,0,automobiles,1649120000000.0,190528.0,24.0,
7282,,,image-slider-responseMAS,175,2168.5,731694,,0.745,train,3b3b3b,automobiles,1649120000000.0,190529.0,25.0,
7283,,,image-slider-responseMAS,176,2053.7,734752,,0.5575,train,2e3086,automobiles,1649120000000.0,190530.0,5.0,
7284,,,image-slider-responseMAS,177,2087.6,737843,,0.705,train,a3c55b,automobiles,1649120000000.0,190531.0,54.0,
7285,,,image-slider-responseMAS,178,3105.3,741971,,0.28,train,b8509e,automobiles,1649120000000.0,190532.0,18.0,
7286,,,image-slider-responseMAS,179,2184.6,745163,,0.2325,train,c94e4b,automobiles,1649120000000.0,190533.0,48.0,
7287,,,image-slider-responseMAS,180,1854,748021,,0.2875,train,c8e97d,automobiles,1649120000000.0,190534.0,55.0,
7288,,,image-slider-responseMAS,181,2019.3,751047,,0.2675,train,5e78a1,automobiles,1649120000000.0,190535.0,12.0,
7289,,,image-slider-responseMAS,182,1782.6,753836,,0.67,train,3518ad,automobiles,1649120000000.0,190536.0,1.0,
7290,,,image-slider-responseMAS,183,4243,759085,,0.32,train,746bca,automobiles,1649120000000.0,190537.0,6.0,
7291,,,image-slider-responseMAS,184,2468.5,762560,,0.3975,train,4dc7e8,automobiles,1649120000000.0,190538.0,10.0,
7292,,,image-slider-responseMAS,185,2076.7,765639,,0.22,train,39f6e0,automobiles,1649120000000.0,190539.0,20.0,
7293,,,image-slider-responseMAS,186,3700.8,770346,,0.75,train,dddddd,automobiles,1649120000000.0,190540.0,29.0,
7294,,,image-slider-responseMAS,187,2187.3,773539,,0.255,train,cc4f1b,automobiles,1649120000000.0,190541.0,61.0,
7295,,,image-slider-responseMAS,188,1816.6,776364,,0.385,train,67cf5c,automobiles,1649120000000.0,190542.0,51.0,
7296,,,image-slider-responseMAS,189,1819.6,779188,,0.3125,train,73f5b0,automobiles,1649120000000.0,190543.0,36.0,
7297,,,image-slider-responseMAS,190,1818,782012,,0.3675,train,e31b73,automobiles,1649120000000.0,190544.0,34.0,
7298,,,image-slider-responseMAS,191,3395.4,786411,,0.06,train,cd26c7,automobiles,1649120000000.0,190545.0,9.0,
7299,,,image-slider-responseMAS,192,2117.2,789533,,0.7775,train,443b14,automobiles,1649120000000.0,190546.0,41.0,
7300,,,image-slider-responseMAS,193,1784.1,792341,,0.265,train,0e8a19,automobiles,1649120000000.0,190547.0,50.0,
7301,,,image-slider-responseMAS,194,2371.5,795717,,0.24,train,d5a9e4,automobiles,1649120000000.0,190548.0,16.0,
7302,,,image-slider-responseMAS,195,2901.3,799627,,0.715,train,b9b9b9,automobiles,1649120000000.0,190549.0,27.0,
7303,,,image-slider-responseMAS,196,3189.3,803821,,0.7025,train,ac6619,automobiles,1649120000000.0,190550.0,59.0,
7304,,,image-slider-responseMAS,197,2454.1,807280,,0.2825,train,7ec6ba,automobiles,1649120000000.0,190551.0,22.0,
7305,,,image-slider-responseMAS,198,2150.6,810439,,0.6575,train,f7a75a,automobiles,1649120000000.0,190552.0,60.0,
7306,,,image-slider-responseMAS,199,1767.7,813214,,0.7275,train,897618,automobiles,1649120000000.0,190553.0,56.0,
7307,,,image-slider-responseMAS,200,2049.1,816272,,0.7925,train,ea1d1d,automobiles,1649120000000.0,190554.0,62.0,
7308,,,image-slider-responseMAS,201,1917.6,819195,,0.2225,train,8cf47e,automobiles,1649120000000.0,190555.0,52.0,
7309,,,image-slider-responseMAS,202,1951.4,822154,,0.2925,train,90689f,automobiles,1649120000000.0,190556.0,15.0,
7310,,,image-slider-responseMAS,203,1699.5,824879,,0.6425,train,a0bae6,automobiles,1649120000000.0,190557.0,13.0,
7311,,,image-slider-responseMAS,204,3202.8,829090,,0.68,train,f7db7c,automobiles,1649120000000.0,190558.0,58.0,
7312,,,image-slider-responseMAS,205,4525.9,834621,,0.7375,train,83764c,automobiles,1649120000000.0,190559.0,42.0,
7313,,,image-slider-responseMAS,206,2149.1,837778,,0.83,train,5e2b3a,automobiles,1649120000000.0,190560.0,30.0,
7314,,,image-slider-responseMAS,207,2237,841021,,0.7225,train,aac510,automobiles,1649120000000.0,190561.0,66.0,
7315,,,image-slider-responseMAS,208,2323.7,844347,,0.2175,train,db1f9d,automobiles,1649120000000.0,190562.0,19.0,
7316,,,image-slider-responseMAS,209,2236,847589,,0.2375,train,f1a78a,automobiles,1649120000000.0,190563.0,47.0,
7317,,,image-slider-responseMAS,210,2187.4,850781,,0.2575,train,512d5f,automobiles,1649120000000.0,190564.0,14.0,
7318,,,image-slider-responseMAS,211,2739.3,854525,,0.7375,train,e6a8b7,automobiles,1649120000000.0,190565.0,32.0,
7319,,,image-slider-responseMAS,212,2517.4,858050,,0.745,train,d0b85a,automobiles,1649120000000.0,190566.0,57.0,
7320,,,image-slider-responseMAS,213,2352.5,861409,,0.755,train,777777,automobiles,1649120000000.0,190567.0,26.0,
7321,,,image-slider-responseMAS,214,2301.7,864719,,0.175,train,fba714,automobiles,1649120000000.0,190568.0,70.0,
7322,,,image-slider-responseMAS,215,2935.1,868663,,0.8075,train,e81a4b,automobiles,1649120000000.0,190569.0,49.0,
7323,,,image-slider-responseMAS,216,3052.7,872723,,0.685,train,baeaaf,automobiles,1649120000000.0,190570.0,40.0,
7324,,,image-slider-responseMAS,217,2719.1,876450,,0.67,train,4bcf8e,automobiles,1649120000000.0,190571.0,35.0,
7325,,,image-slider-responseMAS,218,2384.7,879842,,0.72,train,3b8378,automobiles,1649120000000.0,190572.0,21.0,
7326,,,image-slider-responseMAS,219,7982.7,888832,,0.265,train,3efe44,automobiles,1649120000000.0,190573.0,63.0,
7327,,,image-slider-responseMAS,220,9125.9,898961,,0.765,train,8558f4,automobiles,1649120000000.0,190574.0,2.0,
7328,,,image-slider-responseMAS,221,2401.1,902369,,0.74,train,a2eade,automobiles,1649120000000.0,190575.0,23.0,
7329,,,image-slider-responseMAS,222,1900.7,905278,,0.745,train,632b14,automobiles,1649120000000.0,190576.0,45.0,
7330,,,image-slider-responseMAS,223,2356.2,908642,,0.7475,train,d5b811,automobiles,1649120000000.0,190577.0,68.0,
7331,,,image-slider-responseMAS,224,3031.8,912682,,0.9125,train,73cf10,automobiles,1649120000000.0,190578.0,64.0,
7332,,,image-slider-responseMAS,225,2719.8,916411,,0.2475,train,96c58c,automobiles,1649120000000.0,190579.0,39.0,
7637,,,image-slider-responseMAS,155,4448.4,780471,,0.2975,train,1c3d61,automobiles,1649120000000.0,190884.0,11.0,
7638,,,image-slider-responseMAS,156,2902.2,784379,,0.15,train,632b14,automobiles,1649120000000.0,190885.0,45.0,
7639,,,image-slider-responseMAS,157,2974.6,788359,,-0.01,train,a2eade,automobiles,1649120000000.0,190886.0,23.0,
7640,,,image-slider-responseMAS,158,3850.6,793215,,0.01,train,96c58c,automobiles,1649120000000.0,190887.0,39.0,
7641,,,image-slider-responseMAS,159,2686.2,796908,,0.6725,train,0,automobiles,1649120000000.0,190888.0,24.0,
7642,,,image-slider-responseMAS,160,2723.7,800636,,0.02,train,e6a8b7,automobiles,1649120000000.0,190889.0,32.0,
7643,,,image-slider-responseMAS,161,2029.9,803667,,-0.0075,train,4dc7e8,automobiles,1649120000000.0,190890.0,10.0,
7644,,,image-slider-responseMAS,162,2031.3,806702,,0.0175,train,512d5f,automobiles,1649120000000.0,190891.0,14.0,
7645,,,image-slider-responseMAS,163,1908,809612,,0.0125,train,b62ef2,automobiles,1649120000000.0,190892.0,3.0,
7646,,,image-slider-responseMAS,164,2030.5,812646,,-0.005,train,67cf5c,automobiles,1649120000000.0,190893.0,51.0,
7647,,,image-slider-responseMAS,165,1717.7,815365,,0.01,train,f1a78a,automobiles,1649120000000.0,190894.0,47.0,
7648,,,image-slider-responseMAS,166,1843.8,818212,,0.0325,train,39f6e0,automobiles,1649120000000.0,190895.0,20.0,
7649,,,image-slider-responseMAS,167,1604.5,820820,,0.0,train,4bcf8e,automobiles,1649120000000.0,190896.0,35.0,
7650,,,image-slider-responseMAS,168,2413.2,824236,,0.5625,train,443b14,automobiles,1649120000000.0,190897.0,41.0,
7651,,,image-slider-responseMAS,169,2209.2,827448,,0.765,train,5e2b3a,automobiles,1649120000000.0,190898.0,30.0,
7652,,,image-slider-responseMAS,170,1874.7,830324,,-0.005,train,d0e942,automobiles,1649120000000.0,190899.0,67.0,
7653,,,image-slider-responseMAS,171,1643.5,832971,,0.01,train,c7b88b,automobiles,1649120000000.0,190900.0,43.0,
7654,,,image-slider-responseMAS,172,3134,837106,,-0.0025,train,d0b85a,automobiles,1649120000000.0,190901.0,57.0,
7655,,,image-slider-responseMAS,173,2195.6,840304,,1.01,train,ea1d1d,automobiles,1649120000000.0,190902.0,62.0,
7656,,,image-slider-responseMAS,174,2436.1,843742,,0.0125,train,ac6619,automobiles,1649120000000.0,190903.0,59.0,
7657,,,image-slider-responseMAS,175,2969.4,847714,,0.245,train,a553c8,automobiles,1649120000000.0,190904.0,8.0,
7658,,,image-slider-responseMAS,176,1917.5,850634,,-0.0075,train,fcdb42,automobiles,1649120000000.0,190905.0,69.0,
7659,,,image-slider-responseMAS,177,2909.7,854550,,-0.0075,train,90689f,automobiles,1649120000000.0,190906.0,15.0,
7660,,,image-slider-responseMAS,178,1589.6,857142,,0.05,train,73f5b0,automobiles,1649120000000.0,190907.0,36.0,
7661,,,image-slider-responseMAS,179,1799.8,859944,,0.0025,train,baeaaf,automobiles,1649120000000.0,190908.0,40.0,
7662,,,image-slider-responseMAS,180,3143.3,864092,,0.815,train,777777,automobiles,1649120000000.0,190909.0,26.0,
7663,,,image-slider-responseMAS,181,2034.2,867128,,0.01,train,f7db7c,automobiles,1649120000000.0,190910.0,58.0,
7664,,,image-slider-responseMAS,182,1646.1,869777,,-0.005,train,aac510,automobiles,1649120000000.0,190911.0,66.0,
7665,,,image-slider-responseMAS,183,1607.4,872388,,0.0025,train,b8509e,automobiles,1649120000000.0,190912.0,18.0,
7666,,,image-slider-responseMAS,184,1419,874809,,-0.0075,train,600b84,automobiles,1649120000000.0,190913.0,7.0,
7667,,,image-slider-responseMAS,185,2526.9,878338,,0.015,train,7ec6ba,automobiles,1649120000000.0,190914.0,22.0,
7668,,,image-slider-responseMAS,186,1457.3,880797,,0.0075,train,55824d,automobiles,1649120000000.0,190915.0,38.0,
7669,,,image-slider-responseMAS,187,3409.3,885208,,0.515,train,e81a4b,automobiles,1649120000000.0,190916.0,49.0,
7670,,,image-slider-responseMAS,188,2275.7,888487,,0.0175,train,5e78a1,automobiles,1649120000000.0,190917.0,12.0,
7671,,,image-slider-responseMAS,189,2067.9,891560,,-0.01,train,608218,automobiles,1649120000000.0,190918.0,53.0,
7672,,,image-slider-responseMAS,190,1620.1,894183,,-0.005,train,c8e97d,automobiles,1649120000000.0,190919.0,55.0,
7673,,,image-slider-responseMAS,191,2028.3,897213,,0.7175,train,cc4f1b,automobiles,1649120000000.0,190920.0,61.0,
7674,,,image-slider-responseMAS,192,1663.3,899880,,0.015,train,c34f74,automobiles,1649120000000.0,190921.0,33.0,
7675,,,image-slider-responseMAS,193,2719.8,903603,,0.0125,train,d5b811,automobiles,1649120000000.0,190922.0,68.0,
7676,,,image-slider-responseMAS,194,1499.4,906108,,0.0025,train,a0bae6,automobiles,1649120000000.0,190923.0,13.0,
7677,,,image-slider-responseMAS,195,1596.7,908706,,0.015,train,e31b73,automobiles,1649120000000.0,190924.0,34.0,
7678,,,image-slider-responseMAS,196,1305.7,911014,,0.0525,train,d5a9e4,automobiles,1649120000000.0,190925.0,16.0,
7679,,,image-slider-responseMAS,197,1481.7,913497,,0.0,train,db1f9d,automobiles,1649120000000.0,190926.0,19.0,
7680,,,image-slider-responseMAS,198,1965.6,916468,,0.0075,train,077acc,automobiles,1649120000000.0,190927.0,4.0,
7681,,,image-slider-responseMAS,199,2370.2,919840,,-0.0025,train,ffffff,automobiles,1649120000000.0,190928.0,28.0,
7682,,,image-slider-responseMAS,200,9267,930113,,0.0175,train,72005e,automobiles,1649120000000.0,190929.0,17.0,
7683,,,image-slider-responseMAS,201,2347.4,933462,,0.0025,train,2e3086,automobiles,1649120000000.0,190930.0,5.0,
7684,,,image-slider-responseMAS,202,1556,936020,,0.0325,train,897618,automobiles,1649120000000.0,190931.0,56.0,
7685,,,image-slider-responseMAS,203,2604.5,939627,,0.0075,train,a3c55b,automobiles,1649120000000.0,190932.0,54.0,
7686,,,image-slider-responseMAS,204,25657.5,966290,,0.2475,train,fba714,automobiles,1649120000000.0,190933.0,70.0,
7687,,,image-slider-responseMAS,205,2842,970137,,0.305,train,8558f4,automobiles,1649120000000.0,190934.0,2.0,
7688,,,image-slider-responseMAS,206,1598.5,972740,,0.0475,train,cd26c7,automobiles,1649120000000.0,190935.0,9.0,
7689,,,image-slider-responseMAS,207,3215.6,976957,,0.5675,train,184415,automobiles,1649120000000.0,190936.0,37.0,
7690,,,image-slider-responseMAS,208,2338.6,980299,,0.18,train,3b8378,automobiles,1649120000000.0,190937.0,21.0,
7691,,,image-slider-responseMAS,209,1668.3,982973,,0.1625,train,0e8a19,automobiles,1649120000000.0,190938.0,50.0,
7692,,,image-slider-responseMAS,210,1797.2,985775,,0.3375,train,2f6ef6,automobiles,1649120000000.0,190939.0,0.0,
7693,,,image-slider-responseMAS,211,2363.8,989144,,0.6125,train,b9b9b9,automobiles,1649120000000.0,190940.0,27.0,
7694,,,image-slider-responseMAS,212,1841.6,991992,,0.09,train,3efe44,automobiles,1649120000000.0,190941.0,63.0,
7695,,,image-slider-responseMAS,213,2288.9,995283,,0.1075,train,746bca,automobiles,1649120000000.0,190942.0,6.0,
7696,,,image-slider-responseMAS,214,2226.2,998512,,0.2825,train,3518ad,automobiles,1649120000000.0,190943.0,1.0,
7697,,,image-slider-responseMAS,215,1530.7,1001040,,0.615,train,83764c,automobiles,1649120000000.0,190944.0,42.0,
7698,,,image-slider-responseMAS,216,2382,1004430,,0.6575,train,eddcad,automobiles,1649120000000.0,190945.0,44.0,
7699,,,image-slider-responseMAS,217,2342.9,1007780,,0.055,train,9af443,automobiles,1649120000000.0,190946.0,65.0,
7700,,,image-slider-responseMAS,218,1803.5,1010590,,0.615,train,dddddd,automobiles,1649120000000.0,190947.0,29.0,
7701,,,image-slider-responseMAS,219,1949.5,1013540,,0.585,train,a8664b,automobiles,1649120000000.0,190948.0,46.0,
7702,,,image-slider-responseMAS,220,2123.9,1016670,,0.1275,train,a06776,automobiles,1649120000000.0,190949.0,31.0,
7703,,,image-slider-responseMAS,221,2409.8,1020080,,0.2,train,f7a75a,automobiles,1649120000000.0,190950.0,60.0,
7704,,,image-slider-responseMAS,222,1722.3,1022810,,0.07,train,8cf47e,automobiles,1649120000000.0,190951.0,52.0,
7705,,,image-slider-responseMAS,223,2924.7,1026740,,0.05,train,73cf10,automobiles,1649120000000.0,190952.0,64.0,
7706,,,image-slider-responseMAS,224,2628.2,1030370,,0.7125,train,c94e4b,automobiles,1649120000000.0,190953.0,48.0,
7707,,,image-slider-responseMAS,225,2730.7,1034100,,0.945,train,3b3b3b,automobiles,1649120000000.0,190954.0,25.0,
8010,,,image-slider-responseMAS,155,2657,675684,,0.5975,train,600b84,automobiles,1649120000000.0,191257.0,7.0,
8011,,,image-slider-responseMAS,156,3243,679930,,0.8,train,184415,automobiles,1649120000000.0,191258.0,37.0,
8012,,,image-slider-responseMAS,157,2689,683623,,0.71,train,d0e942,automobiles,1649120000000.0,191259.0,67.0,
8013,,,image-slider-responseMAS,158,3221,687847,,0.645,train,2e3086,automobiles,1649120000000.0,191260.0,5.0,
8014,,,image-slider-responseMAS,159,2496,691346,,0.6025,train,512d5f,automobiles,1649120000000.0,191261.0,14.0,
8015,,,image-slider-responseMAS,160,2584,694933,,0.7075,train,96c58c,automobiles,1649120000000.0,191262.0,39.0,
8016,,,image-slider-responseMAS,161,8546,704481,,0.6625,train,746bca,automobiles,1649120000000.0,191263.0,6.0,
8017,,,image-slider-responseMAS,162,3474,708958,,0.28,train,5e78a1,automobiles,1649120000000.0,191264.0,12.0,
8018,,,image-slider-responseMAS,163,2681,712641,,0.355,train,5e2b3a,automobiles,1649120000000.0,191265.0,30.0,
8019,,,image-slider-responseMAS,164,3407,717052,,0.3175,train,077acc,automobiles,1649120000000.0,191266.0,4.0,
8020,,,image-slider-responseMAS,165,1113,719168,,0.685,train,443b14,automobiles,1649120000000.0,191267.0,41.0,
8021,,,image-slider-responseMAS,166,1495,721665,,0.3,train,3518ad,automobiles,1649120000000.0,191268.0,1.0,
8022,,,image-slider-responseMAS,167,1937,724606,,0.3775,train,55824d,automobiles,1649120000000.0,191269.0,38.0,
8023,,,image-slider-responseMAS,168,1605,727214,,0.7225,train,4bcf8e,automobiles,1649120000000.0,191270.0,35.0,
8024,,,image-slider-responseMAS,169,2836,731052,,0.625,train,baeaaf,automobiles,1649120000000.0,191271.0,40.0,
8025,,,image-slider-responseMAS,170,2210,734265,,0.785,train,fcdb42,automobiles,1649120000000.0,191272.0,69.0,
8026,,,image-slider-responseMAS,171,2230,737498,,0.6975,train,a3c55b,automobiles,1649120000000.0,191273.0,54.0,
8027,,,image-slider-responseMAS,172,1678,740179,,0.685,train,e6a8b7,automobiles,1649120000000.0,191274.0,32.0,
8028,,,image-slider-responseMAS,173,1766,742948,,0.6975,train,c7b88b,automobiles,1649120000000.0,191275.0,43.0,
8029,,,image-slider-responseMAS,174,2269,746220,,0.2875,train,a06776,automobiles,1649120000000.0,191276.0,31.0,
8030,,,image-slider-responseMAS,175,2058,749281,,0.52,train,67cf5c,automobiles,1649120000000.0,191277.0,51.0,
8031,,,image-slider-responseMAS,176,3940,754225,,0.8125,train,aac510,automobiles,1649120000000.0,191278.0,66.0,
8032,,,image-slider-responseMAS,177,2026,757254,,0.6775,train,c8e97d,automobiles,1649120000000.0,191279.0,55.0,
8033,,,image-slider-responseMAS,178,1622,759879,,0.5675,train,eddcad,automobiles,1649120000000.0,191280.0,44.0,
8034,,,image-slider-responseMAS,179,2036,762917,,0.695,train,8cf47e,automobiles,1649120000000.0,191281.0,52.0,
8035,,,image-slider-responseMAS,180,1339,765259,,0.6575,train,632b14,automobiles,1649120000000.0,191282.0,45.0,
8036,,,image-slider-responseMAS,181,1526,767788,,0.87,train,f7db7c,automobiles,1649120000000.0,191283.0,58.0,
8037,,,image-slider-responseMAS,182,1808,770598,,0.77,train,c34f74,automobiles,1649120000000.0,191284.0,33.0,
8038,,,image-slider-responseMAS,183,1646,773248,,0.6875,train,a2eade,automobiles,1649120000000.0,191285.0,23.0,
8039,,,image-slider-responseMAS,184,2067,776318,,0.31,train,608218,automobiles,1649120000000.0,191286.0,53.0,
8040,,,image-slider-responseMAS,185,1726,779047,,0.45,train,0,automobiles,1649120000000.0,191287.0,24.0,
8041,,,image-slider-responseMAS,186,2776,782827,,0.5975,train,73cf10,automobiles,1649120000000.0,191288.0,64.0,
8042,,,image-slider-responseMAS,187,1921,785751,,0.3625,train,90689f,automobiles,1649120000000.0,191289.0,15.0,
8043,,,image-slider-responseMAS,188,2212,788965,,0.6975,train,d5a9e4,automobiles,1649120000000.0,191290.0,16.0,
8044,,,image-slider-responseMAS,189,1881,791850,,0.5925,train,d5b811,automobiles,1649120000000.0,191291.0,68.0,
8045,,,image-slider-responseMAS,190,1969,794822,,0.41,train,1c3d61,automobiles,1649120000000.0,191292.0,11.0,
8046,,,image-slider-responseMAS,191,2441,798265,,0.68,train,39f6e0,automobiles,1649120000000.0,191293.0,20.0,
8047,,,image-slider-responseMAS,192,2031,801299,,0.59,train,8558f4,automobiles,1649120000000.0,191294.0,2.0,
8048,,,image-slider-responseMAS,193,1704,804006,,0.4075,train,b9b9b9,automobiles,1649120000000.0,191295.0,27.0,
8049,,,image-slider-responseMAS,194,2318,807327,,0.755,train,ffffff,automobiles,1649120000000.0,191296.0,28.0,
8050,,,image-slider-responseMAS,195,7052,815382,,0.6725,train,dddddd,automobiles,1649120000000.0,191297.0,29.0,
8051,,,image-slider-responseMAS,196,2397,818782,,0.59,train,a8664b,automobiles,1649120000000.0,191298.0,46.0,
8052,,,image-slider-responseMAS,197,1340,821126,,0.3125,train,f7a75a,automobiles,1649120000000.0,191299.0,60.0,
8053,,,image-slider-responseMAS,198,1275,823404,,0.4475,train,db1f9d,automobiles,1649120000000.0,191300.0,19.0,
8054,,,image-slider-responseMAS,199,1487,825892,,0.7825,train,cc4f1b,automobiles,1649120000000.0,191301.0,61.0,
8055,,,image-slider-responseMAS,200,1533,828428,,0.395,train,3b3b3b,automobiles,1649120000000.0,191302.0,25.0,
8056,,,image-slider-responseMAS,201,3691,833122,,1.0075,train,fba714,automobiles,1649120000000.0,191303.0,70.0,
8057,,,image-slider-responseMAS,202,2309,836433,,0.2525,train,777777,automobiles,1649120000000.0,191304.0,26.0,
8058,,,image-slider-responseMAS,203,2000,839437,,0.3575,train,897618,automobiles,1649120000000.0,191305.0,56.0,
8059,,,image-slider-responseMAS,204,1310,841749,,0.335,train,f1a78a,automobiles,1649120000000.0,191306.0,47.0,
8060,,,image-slider-responseMAS,205,1781,844534,,0.635,train,a553c8,automobiles,1649120000000.0,191307.0,8.0,
8061,,,image-slider-responseMAS,206,1679,847215,,0.6175,train,2f6ef6,automobiles,1649120000000.0,191308.0,0.0,
8062,,,image-slider-responseMAS,207,2221,850440,,0.7725,train,73f5b0,automobiles,1649120000000.0,191309.0,36.0,
8063,,,image-slider-responseMAS,208,1913,853355,,0.7575,train,9af443,automobiles,1649120000000.0,191310.0,65.0,
8064,,,image-slider-responseMAS,209,1582,855940,,0.7525,train,cd26c7,automobiles,1649120000000.0,191311.0,9.0,
8065,,,image-slider-responseMAS,210,2219,859163,,0.69,train,72005e,automobiles,1649120000000.0,191312.0,17.0,
8066,,,image-slider-responseMAS,211,2348,862514,,0.5875,train,3efe44,automobiles,1649120000000.0,191313.0,63.0,
8067,,,image-slider-responseMAS,212,2148,865665,,0.38,train,83764c,automobiles,1649120000000.0,191314.0,42.0,
8068,,,image-slider-responseMAS,213,7607,874275,,0.7375,train,d0b85a,automobiles,1649120000000.0,191315.0,57.0,
8069,,,image-slider-responseMAS,214,3213,878491,,0.76,train,e81a4b,automobiles,1649120000000.0,191316.0,49.0,
8070,,,image-slider-responseMAS,215,31726,911219,,0.6725,train,7ec6ba,automobiles,1649120000000.0,191317.0,22.0,
8071,,,image-slider-responseMAS,216,4764,916985,,0.6625,train,b8509e,automobiles,1649120000000.0,191318.0,18.0,
8072,,,image-slider-responseMAS,217,1817,919805,,0.4375,train,e31b73,automobiles,1649120000000.0,191319.0,34.0,
8073,,,image-slider-responseMAS,218,2478,923285,,0.6825,train,0e8a19,automobiles,1649120000000.0,191320.0,50.0,
8074,,,image-slider-responseMAS,219,2139,926428,,0.6,train,c94e4b,automobiles,1649120000000.0,191321.0,48.0,
8075,,,image-slider-responseMAS,220,1209,928641,,0.465,train,b62ef2,automobiles,1649120000000.0,191322.0,3.0,
8076,,,image-slider-responseMAS,221,1169,930814,,0.6325,train,ea1d1d,automobiles,1649120000000.0,191323.0,62.0,
8077,,,image-slider-responseMAS,222,1914,933730,,0.355,train,3b8378,automobiles,1649120000000.0,191324.0,21.0,
8078,,,image-slider-responseMAS,223,1954,936687,,0.5275,train,ac6619,automobiles,1649120000000.0,191325.0,59.0,
8079,,,image-slider-responseMAS,224,1936,939626,,0.4025,train,a0bae6,automobiles,1649120000000.0,191326.0,13.0,
8080,,,image-slider-responseMAS,225,1648,942277,,0.6875,train,4dc7e8,automobiles,1649120000000.0,191327.0,10.0,
8387,,,image-slider-responseMAS,155,3531.8,876790,,0.0175,train,608218,automobiles,1649130000000.0,191634.0,53.0,
8388,,,image-slider-responseMAS,156,2064.5,879856,,0.0525,train,5e78a1,automobiles,1649130000000.0,191635.0,12.0,
8389,,,image-slider-responseMAS,157,2146.1,883005,,0.135,train,184415,automobiles,1649130000000.0,191636.0,37.0,
8390,,,image-slider-responseMAS,158,1881.1,885888,,0.1025,train,f7db7c,automobiles,1649130000000.0,191637.0,58.0,
8391,,,image-slider-responseMAS,159,1300.4,888190,,0.1,train,83764c,automobiles,1649130000000.0,191638.0,42.0,
8392,,,image-slider-responseMAS,160,1481.6,890673,,0.1475,train,3efe44,automobiles,1649130000000.0,191639.0,63.0,
8393,,,image-slider-responseMAS,161,2035.7,893722,,0.02,train,a553c8,automobiles,1649130000000.0,191640.0,8.0,
8394,,,image-slider-responseMAS,162,2113.8,896846,,0.0475,train,2f6ef6,automobiles,1649130000000.0,191641.0,0.0,
8395,,,image-slider-responseMAS,163,2291.7,900139,,0.0075,train,c7b88b,automobiles,1649130000000.0,191642.0,43.0,
8396,,,image-slider-responseMAS,164,1966.7,903121,,0.01,train,d0e942,automobiles,1649130000000.0,191643.0,67.0,
8397,,,image-slider-responseMAS,165,2049.3,906172,,-0.005,train,512d5f,automobiles,1649130000000.0,191644.0,14.0,
8398,,,image-slider-responseMAS,166,3289.4,910471,,-0.0075,train,b9b9b9,automobiles,1649130000000.0,191645.0,27.0,
8399,,,image-slider-responseMAS,167,2736,914217,,-0.0075,train,73cf10,automobiles,1649130000000.0,191646.0,64.0,
8400,,,image-slider-responseMAS,168,4578.7,919803,,0.7925,train,3518ad,automobiles,1649130000000.0,191647.0,1.0,
8401,,,image-slider-responseMAS,169,2585.7,923390,,-0.0075,train,96c58c,automobiles,1649130000000.0,191648.0,39.0,
8402,,,image-slider-responseMAS,170,2062,926454,,0.0325,train,67cf5c,automobiles,1649130000000.0,191649.0,51.0,
8403,,,image-slider-responseMAS,171,3695.1,931151,,0.79,train,632b14,automobiles,1649130000000.0,191650.0,45.0,
8404,,,image-slider-responseMAS,172,2397.3,934553,,-0.0125,train,746bca,automobiles,1649130000000.0,191651.0,6.0,
8405,,,image-slider-responseMAS,173,2647.6,938203,,0.01,train,897618,automobiles,1649130000000.0,191652.0,56.0,
8406,,,image-slider-responseMAS,174,1974.4,941186,,0.0125,train,fba714,automobiles,1649130000000.0,191653.0,70.0,
8407,,,image-slider-responseMAS,175,2553.3,944746,,-0.005,train,600b84,automobiles,1649130000000.0,191654.0,7.0,
8408,,,image-slider-responseMAS,176,2186.5,947934,,-0.01,train,90689f,automobiles,1649130000000.0,191655.0,15.0,
8409,,,image-slider-responseMAS,177,2867.6,951804,,0.0,train,c34f74,automobiles,1649130000000.0,191656.0,33.0,
8410,,,image-slider-responseMAS,178,2111.6,954920,,0.06,train,a0bae6,automobiles,1649130000000.0,191657.0,13.0,
8411,,,image-slider-responseMAS,179,2542.5,958465,,0.0025,train,a06776,automobiles,1649130000000.0,191658.0,31.0,
8412,,,image-slider-responseMAS,180,2477.3,961952,,-0.0025,train,c8e97d,automobiles,1649130000000.0,191659.0,55.0,
8413,,,image-slider-responseMAS,181,2661.6,965618,,0.0675,train,d0b85a,automobiles,1649130000000.0,191660.0,57.0,
8414,,,image-slider-responseMAS,182,2697,969318,,0.75,train,443b14,automobiles,1649130000000.0,191661.0,41.0,
8415,,,image-slider-responseMAS,183,2796,973116,,0.0025,train,db1f9d,automobiles,1649130000000.0,191662.0,19.0,
8416,,,image-slider-responseMAS,184,3173.6,977300,,0.005,train,72005e,automobiles,1649130000000.0,191663.0,17.0,
8417,,,image-slider-responseMAS,185,2058.4,980368,,-0.0075,train,e31b73,automobiles,1649130000000.0,191664.0,34.0,
8418,,,image-slider-responseMAS,186,2746,984117,,-0.005,train,a2eade,automobiles,1649130000000.0,191665.0,23.0,
8419,,,image-slider-responseMAS,187,2290.1,987417,,-0.015,train,d5b811,automobiles,1649130000000.0,191666.0,68.0,
8420,,,image-slider-responseMAS,188,2230.6,990650,,0.7975,train,2e3086,automobiles,1649130000000.0,191667.0,5.0,
8421,,,image-slider-responseMAS,189,2950.4,994601,,0.0125,train,55824d,automobiles,1649130000000.0,191668.0,38.0,
8422,,,image-slider-responseMAS,190,2480.8,998085,,-0.0075,train,8558f4,automobiles,1649130000000.0,191669.0,2.0,
8423,,,image-slider-responseMAS,191,2111.6,1001200,,-0.0025,train,ffffff,automobiles,1649130000000.0,191670.0,28.0,
8424,,,image-slider-responseMAS,192,2446.3,1004660,,-0.0025,train,73f5b0,automobiles,1649130000000.0,191671.0,36.0,
8425,,,image-slider-responseMAS,193,4094.8,1009770,,0.0,train,777777,automobiles,1649130000000.0,191672.0,26.0,
8426,,,image-slider-responseMAS,194,1942.9,1012720,,-0.0025,train,3b3b3b,automobiles,1649130000000.0,191673.0,25.0,
8427,,,image-slider-responseMAS,195,2181.7,1015900,,0.0075,train,d5a9e4,automobiles,1649130000000.0,191674.0,16.0,
8428,,,image-slider-responseMAS,196,2167,1019070,,0.0025,train,fcdb42,automobiles,1649130000000.0,191675.0,69.0,
8429,,,image-slider-responseMAS,197,2646.5,1022720,,0.41,train,0,automobiles,1649130000000.0,191676.0,24.0,
8430,,,image-slider-responseMAS,198,3953.9,1027670,,0.9925,train,3b8378,automobiles,1649130000000.0,191677.0,21.0,
8431,,,image-slider-responseMAS,199,3056.5,1031730,,0.5575,train,7ec6ba,automobiles,1649130000000.0,191678.0,22.0,
8432,,,image-slider-responseMAS,200,1996.2,1034730,,0.17,train,a3c55b,automobiles,1649130000000.0,191679.0,54.0,
8433,,,image-slider-responseMAS,201,5513.7,1041250,,1.005,train,1c3d61,automobiles,1649130000000.0,191680.0,11.0,
8434,,,image-slider-responseMAS,202,1806.7,1044070,,0.0025,train,f7a75a,automobiles,1649130000000.0,191681.0,60.0,
8435,,,image-slider-responseMAS,203,3645.4,1048730,,0.02,train,a8664b,automobiles,1649130000000.0,191682.0,46.0,
8436,,,image-slider-responseMAS,204,1815.2,1051550,,0.0875,train,4bcf8e,automobiles,1649130000000.0,191683.0,35.0,
8437,,,image-slider-responseMAS,205,1957.5,1054510,,0.0875,train,b8509e,automobiles,1649130000000.0,191684.0,18.0,
8438,,,image-slider-responseMAS,206,1939.9,1057460,,0.0,train,eddcad,automobiles,1649130000000.0,191685.0,44.0,
8439,,,image-slider-responseMAS,207,2063.8,1060530,,0.0675,train,f1a78a,automobiles,1649130000000.0,191686.0,47.0,
8440,,,image-slider-responseMAS,208,2610.8,1064150,,0.82,train,ea1d1d,automobiles,1649130000000.0,191687.0,62.0,
8441,,,image-slider-responseMAS,209,2611.6,1067760,,0.0475,train,aac510,automobiles,1649130000000.0,191688.0,66.0,
8442,,,image-slider-responseMAS,210,1979.9,1070750,,0.115,train,4dc7e8,automobiles,1649130000000.0,191689.0,10.0,
8443,,,image-slider-responseMAS,211,1952,1073700,,-0.0025,train,39f6e0,automobiles,1649130000000.0,191690.0,20.0,
8444,,,image-slider-responseMAS,212,2858.9,1077560,,0.0475,train,cd26c7,automobiles,1649130000000.0,191691.0,9.0,
8445,,,image-slider-responseMAS,213,2151.6,1080710,,0.105,train,e81a4b,automobiles,1649130000000.0,191692.0,49.0,
8446,,,image-slider-responseMAS,214,2011.4,1083730,,0.0625,train,ac6619,automobiles,1649130000000.0,191693.0,59.0,
8447,,,image-slider-responseMAS,215,1433.6,1086160,,-0.0075,train,b62ef2,automobiles,1649130000000.0,191694.0,3.0,
8448,,,image-slider-responseMAS,216,2546.5,1089710,,0.955,train,077acc,automobiles,1649130000000.0,191695.0,4.0,
8449,,,image-slider-responseMAS,217,2673.9,1093390,,0.0725,train,8cf47e,automobiles,1649130000000.0,191696.0,52.0,
8450,,,image-slider-responseMAS,218,3826.8,1098230,,0.93,train,5e2b3a,automobiles,1649130000000.0,191697.0,30.0,
8451,,,image-slider-responseMAS,219,1672.5,1100910,,-0.015,train,dddddd,automobiles,1649130000000.0,191698.0,29.0,
8452,,,image-slider-responseMAS,220,6117.3,1108030,,0.46,train,e6a8b7,automobiles,1649130000000.0,191699.0,32.0,
8453,,,image-slider-responseMAS,221,5740.2,1114780,,0.1525,train,baeaaf,automobiles,1649130000000.0,191700.0,40.0,
8454,,,image-slider-responseMAS,222,3249.4,1119030,,0.0525,train,0e8a19,automobiles,1649130000000.0,191701.0,50.0,
8455,,,image-slider-responseMAS,223,2400.2,1122430,,0.0875,train,9af443,automobiles,1649130000000.0,191702.0,65.0,
8456,,,image-slider-responseMAS,224,1827.4,1125260,,0.115,train,c94e4b,automobiles,1649130000000.0,191703.0,48.0,
8457,,,image-slider-responseMAS,225,1963.9,1128230,,0.0075,train,cc4f1b,automobiles,1649130000000.0,191704.0,61.0,
8761,,,image-slider-responseMAS,155,2288.9,677569,,0.5975,train,d5a9e4,automobiles,1649130000000.0,192008.0,16.0,
8762,,,image-slider-responseMAS,156,979.1,679553,,0.555,train,7ec6ba,automobiles,1649130000000.0,192009.0,22.0,
8763,,,image-slider-responseMAS,157,2231.1,682789,,0.2475,train,777777,automobiles,1649130000000.0,192010.0,26.0,
8764,,,image-slider-responseMAS,158,3536.6,687334,,0.5875,train,a3c55b,automobiles,1649130000000.0,192011.0,54.0,
8765,,,image-slider-responseMAS,159,1711.1,690050,,0.59,train,632b14,automobiles,1649130000000.0,192012.0,45.0,
8766,,,image-slider-responseMAS,160,1678.3,692731,,0.33,train,c7b88b,automobiles,1649130000000.0,192013.0,43.0,
8767,,,image-slider-responseMAS,161,1152.2,694886,,0.3925,train,a0bae6,automobiles,1649130000000.0,192014.0,13.0,
8768,,,image-slider-responseMAS,162,2298.3,698188,,0.605,train,3518ad,automobiles,1649130000000.0,192015.0,1.0,
8769,,,image-slider-responseMAS,163,3189.1,702381,,0.2825,train,1c3d61,automobiles,1649130000000.0,192016.0,11.0,
8770,,,image-slider-responseMAS,164,1072.9,704463,,0.3675,train,a553c8,automobiles,1649130000000.0,192017.0,8.0,
8771,,,image-slider-responseMAS,165,1856,707325,,0.59,train,f1a78a,automobiles,1649130000000.0,192018.0,47.0,
8772,,,image-slider-responseMAS,166,1070.7,709398,,0.36,train,ac6619,automobiles,1649130000000.0,192019.0,59.0,
8773,,,image-slider-responseMAS,167,2014.9,712416,,0.31,train,e31b73,automobiles,1649130000000.0,192020.0,34.0,
8774,,,image-slider-responseMAS,168,2099.5,715521,,0.2875,train,67cf5c,automobiles,1649130000000.0,192021.0,51.0,
8775,,,image-slider-responseMAS,169,2742,719269,,0.3175,train,4bcf8e,automobiles,1649130000000.0,192022.0,35.0,
8776,,,image-slider-responseMAS,170,1030.3,721310,,0.655,train,73cf10,automobiles,1649130000000.0,192023.0,64.0,
8777,,,image-slider-responseMAS,171,9196.9,731513,,0.3575,train,fcdb42,automobiles,1649130000000.0,192024.0,69.0,
8778,,,image-slider-responseMAS,172,2722.1,735241,,0.3975,train,608218,automobiles,1649130000000.0,192025.0,53.0,
8779,,,image-slider-responseMAS,173,1017.6,737262,,0.375,train,ea1d1d,automobiles,1649130000000.0,192026.0,62.0,
8780,,,image-slider-responseMAS,174,970.1,739237,,0.6575,train,39f6e0,automobiles,1649130000000.0,192027.0,20.0,
8781,,,image-slider-responseMAS,175,1339.6,741580,,0.6825,train,d0e942,automobiles,1649130000000.0,192028.0,67.0,
8782,,,image-slider-responseMAS,176,1119.2,743702,,0.7025,train,e6a8b7,automobiles,1649130000000.0,192029.0,32.0,
8783,,,image-slider-responseMAS,177,1503.6,746209,,0.6,train,5e2b3a,automobiles,1649130000000.0,192030.0,30.0,
8784,,,image-slider-responseMAS,178,3218.9,750434,,0.295,train,73f5b0,automobiles,1649130000000.0,192031.0,36.0,
8785,,,image-slider-responseMAS,179,1564.4,753004,,0.635,train,72005e,automobiles,1649130000000.0,192032.0,17.0,
8786,,,image-slider-responseMAS,180,1118.8,755125,,0.595,train,aac510,automobiles,1649130000000.0,192033.0,66.0,
8787,,,image-slider-responseMAS,181,1867.9,757997,,0.96,train,443b14,automobiles,1649130000000.0,192034.0,41.0,
8788,,,image-slider-responseMAS,182,923.4,759924,,0.2275,train,f7a75a,automobiles,1649130000000.0,192035.0,60.0,
8789,,,image-slider-responseMAS,183,2086.2,763014,,0.6925,train,f7db7c,automobiles,1649130000000.0,192036.0,58.0,
8790,,,image-slider-responseMAS,184,1085.9,765104,,0.305,train,a2eade,automobiles,1649130000000.0,192037.0,23.0,
8791,,,image-slider-responseMAS,185,1549.2,767656,,0.1225,train,c8e97d,automobiles,1649130000000.0,192038.0,55.0,
8792,,,image-slider-responseMAS,186,1235.5,769896,,0.355,train,a8664b,automobiles,1649130000000.0,192039.0,46.0,
8793,,,image-slider-responseMAS,187,1285,772187,,0.565,train,d5b811,automobiles,1649130000000.0,192040.0,68.0,
8794,,,image-slider-responseMAS,188,1987.9,775178,,0.5575,train,96c58c,automobiles,1649130000000.0,192041.0,39.0,
8795,,,image-slider-responseMAS,189,1665.4,777852,,0.9725,train,897618,automobiles,1649130000000.0,192042.0,56.0,
8796,,,image-slider-responseMAS,190,1505.5,780359,,0.815,train,dddddd,automobiles,1649130000000.0,192043.0,29.0,
8797,,,image-slider-responseMAS,191,933.3,782299,,0.8425,train,9af443,automobiles,1649130000000.0,192044.0,65.0,
8798,,,image-slider-responseMAS,192,1720.9,785024,,0.8,train,3b3b3b,automobiles,1649130000000.0,192045.0,25.0,
8799,,,image-slider-responseMAS,193,1617.7,787644,,0.215,train,c34f74,automobiles,1649130000000.0,192046.0,33.0,
8800,,,image-slider-responseMAS,194,1220.5,789870,,0.24,train,db1f9d,automobiles,1649130000000.0,192047.0,19.0,
8801,,,image-slider-responseMAS,195,1444.6,792317,,0.7675,train,eddcad,automobiles,1649130000000.0,192048.0,44.0,
8802,,,image-slider-responseMAS,196,1839.1,795163,,0.915,train,077acc,automobiles,1649130000000.0,192049.0,4.0,
8803,,,image-slider-responseMAS,197,1590.8,797757,,0.8075,train,cc4f1b,automobiles,1649130000000.0,192050.0,61.0,
8804,,,image-slider-responseMAS,198,1243.6,800009,,0.9125,train,2f6ef6,automobiles,1649130000000.0,192051.0,0.0,
8805,,,image-slider-responseMAS,199,1325.2,802342,,0.975,train,83764c,automobiles,1649130000000.0,192052.0,42.0,
8806,,,image-slider-responseMAS,200,2264.2,805610,,0.9975,train,746bca,automobiles,1649130000000.0,192053.0,6.0,
8807,,,image-slider-responseMAS,201,1425.5,808040,,0.8625,train,b9b9b9,automobiles,1649130000000.0,192054.0,27.0,
8808,,,image-slider-responseMAS,202,4794.7,813844,,0.82,train,a06776,automobiles,1649130000000.0,192055.0,31.0,
8809,,,image-slider-responseMAS,203,7714,822561,,0.725,train,2e3086,automobiles,1649130000000.0,192056.0,5.0,
8810,,,image-slider-responseMAS,204,1330.5,824894,,0.3625,train,e81a4b,automobiles,1649130000000.0,192057.0,49.0,
8811,,,image-slider-responseMAS,205,1443.8,827345,,0.25,train,184415,automobiles,1649130000000.0,192058.0,37.0,
8812,,,image-slider-responseMAS,206,1653.9,830002,,0.285,train,55824d,automobiles,1649130000000.0,192059.0,38.0,
8813,,,image-slider-responseMAS,207,1240.3,832246,,0.28,train,4dc7e8,automobiles,1649130000000.0,192060.0,10.0,
8814,,,image-slider-responseMAS,208,16110.7,849361,,0.6525,train,600b84,automobiles,1649130000000.0,192061.0,7.0,
8815,,,image-slider-responseMAS,209,1736.5,852101,,0.3475,train,0e8a19,automobiles,1649130000000.0,192062.0,50.0,
8816,,,image-slider-responseMAS,210,894.4,853998,,0.2925,train,90689f,automobiles,1649130000000.0,192063.0,15.0,
8817,,,image-slider-responseMAS,211,2234.8,857238,,0.7275,train,d0b85a,automobiles,1649130000000.0,192064.0,57.0,
8818,,,image-slider-responseMAS,212,1635.7,859881,,0.6175,train,baeaaf,automobiles,1649130000000.0,192065.0,40.0,
8819,,,image-slider-responseMAS,213,1207.3,862092,,0.285,train,fba714,automobiles,1649130000000.0,192066.0,70.0,
8820,,,image-slider-responseMAS,214,5191.2,868289,,0.625,train,512d5f,automobiles,1649130000000.0,192067.0,14.0,
8821,,,image-slider-responseMAS,215,2587,871883,,0.63,train,b8509e,automobiles,1649130000000.0,192068.0,18.0,
8822,,,image-slider-responseMAS,216,1814.4,874705,,0.2975,train,cd26c7,automobiles,1649130000000.0,192069.0,9.0,
8823,,,image-slider-responseMAS,217,1249.9,876962,,0.6675,train,5e78a1,automobiles,1649130000000.0,192070.0,12.0,
8824,,,image-slider-responseMAS,218,2353.8,880321,,0.685,train,b62ef2,automobiles,1649130000000.0,192071.0,3.0,
8825,,,image-slider-responseMAS,219,2396.9,883722,,0.7375,train,8cf47e,automobiles,1649130000000.0,192072.0,52.0,
8826,,,image-slider-responseMAS,220,2282.7,887012,,0.6825,train,0,automobiles,1649130000000.0,192073.0,24.0,
8827,,,image-slider-responseMAS,221,1794,889809,,0.355,train,3b8378,automobiles,1649130000000.0,192074.0,21.0,
8828,,,image-slider-responseMAS,222,2032.9,892848,,0.78,train,c94e4b,automobiles,1649130000000.0,192075.0,48.0,
8829,,,image-slider-responseMAS,223,1921.1,895777,,0.13,train,3efe44,automobiles,1649130000000.0,192076.0,63.0,
8830,,,image-slider-responseMAS,224,1798.9,898582,,0.9025,train,8558f4,automobiles,1649130000000.0,192077.0,2.0,
8831,,,image-slider-responseMAS,225,1845.7,901436,,0.3375,train,ffffff,automobiles,1649130000000.0,192078.0,28.0,
9134,,,image-slider-responseMAS,155,1866,1093910,,0.09,train,67cf5c,automobiles,1649130000000.0,192381.0,51.0,
9135,,,image-slider-responseMAS,156,1163,1096080,,0.125,train,96c58c,automobiles,1649130000000.0,192382.0,39.0,
9136,,,image-slider-responseMAS,157,3868,1100950,,0.0375,train,9af443,automobiles,1649130000000.0,192383.0,65.0,
9137,,,image-slider-responseMAS,158,2115,1104060,,0.06,train,c94e4b,automobiles,1649130000000.0,192384.0,48.0,
9138,,,image-slider-responseMAS,159,2948,1108020,,0.07,train,cc4f1b,automobiles,1649130000000.0,192385.0,61.0,
9139,,,image-slider-responseMAS,160,1482,1110500,,0.13,train,c34f74,automobiles,1649130000000.0,192386.0,33.0,
9140,,,image-slider-responseMAS,161,3026,1114530,,0.735,train,83764c,automobiles,1649130000000.0,192387.0,42.0,
9141,,,image-slider-responseMAS,162,1436,1116970,,0.1525,train,baeaaf,automobiles,1649130000000.0,192388.0,40.0,
9142,,,image-slider-responseMAS,163,3347,1121320,,0.115,train,184415,automobiles,1649130000000.0,192389.0,37.0,
9143,,,image-slider-responseMAS,164,1665,1123980,,0.13,train,f7a75a,automobiles,1649130000000.0,192390.0,60.0,
9144,,,image-slider-responseMAS,165,1827,1126810,,0.1425,train,d5a9e4,automobiles,1649130000000.0,192391.0,16.0,
9145,,,image-slider-responseMAS,166,1852,1129660,,0.1475,train,7ec6ba,automobiles,1649130000000.0,192392.0,22.0,
9146,,,image-slider-responseMAS,167,1862,1132530,,0.13,train,f7db7c,automobiles,1649130000000.0,192393.0,58.0,
9147,,,image-slider-responseMAS,168,3417,1136950,,0.7675,train,443b14,automobiles,1649130000000.0,192394.0,41.0,
9148,,,image-slider-responseMAS,169,4161,1142110,,0.0975,train,55824d,automobiles,1649130000000.0,192395.0,38.0,
9149,,,image-slider-responseMAS,170,2168,1145280,,0.0975,train,3b8378,automobiles,1649130000000.0,192396.0,21.0,
9150,,,image-slider-responseMAS,171,4192,1150480,,0.0675,train,c8e97d,automobiles,1649130000000.0,192397.0,55.0,
9151,,,image-slider-responseMAS,172,2632,1154110,,0.1375,train,eddcad,automobiles,1649130000000.0,192398.0,44.0,
9152,,,image-slider-responseMAS,173,5832,1160940,,0.0875,train,b8509e,automobiles,1649130000000.0,192399.0,18.0,
9153,,,image-slider-responseMAS,174,4364,1166310,,0.115,train,aac510,automobiles,1649130000000.0,192400.0,66.0,
9154,,,image-slider-responseMAS,175,4317,1171630,,0.2375,train,746bca,automobiles,1649130000000.0,192401.0,6.0,
9155,,,image-slider-responseMAS,176,2278,1174910,,0.115,train,f1a78a,automobiles,1649130000000.0,192402.0,47.0,
9156,,,image-slider-responseMAS,177,1349,1177260,,0.06,train,600b84,automobiles,1649130000000.0,192403.0,7.0,
9157,,,image-slider-responseMAS,178,2611,1180880,,0.065,train,d0e942,automobiles,1649130000000.0,192404.0,67.0,
9158,,,image-slider-responseMAS,179,2735,1184620,,0.16,train,90689f,automobiles,1649130000000.0,192405.0,15.0,
9159,,,image-slider-responseMAS,180,2581,1188200,,0.0225,train,39f6e0,automobiles,1649130000000.0,192406.0,20.0,
9160,,,image-slider-responseMAS,181,2827,1192030,,0.09,train,632b14,automobiles,1649130000000.0,192407.0,45.0,
9161,,,image-slider-responseMAS,182,1562,1194590,,0.1275,train,e81a4b,automobiles,1649130000000.0,192408.0,49.0,
9162,,,image-slider-responseMAS,183,4248,1199840,,0.9025,train,0,automobiles,1649130000000.0,192409.0,24.0,
9163,,,image-slider-responseMAS,184,1397,1202240,,0.1175,train,e31b73,automobiles,1649130000000.0,192410.0,34.0,
9164,,,image-slider-responseMAS,185,1353,1204600,,0.1325,train,a2eade,automobiles,1649130000000.0,192411.0,23.0,
9165,,,image-slider-responseMAS,186,77398,1283000,,0.0525,train,ea1d1d,automobiles,1649130000000.0,192412.0,62.0,
9166,,,image-slider-responseMAS,187,2030,1286030,,0.05,train,ffffff,automobiles,1649130000000.0,192413.0,28.0,
9167,,,image-slider-responseMAS,188,1461,1288500,,0.0725,train,3518ad,automobiles,1649130000000.0,192414.0,1.0,
9168,,,image-slider-responseMAS,189,1666,1291160,,0.0375,train,077acc,automobiles,1649130000000.0,192415.0,4.0,
9169,,,image-slider-responseMAS,190,1484,1293650,,0.0375,train,608218,automobiles,1649130000000.0,192416.0,53.0,
9170,,,image-slider-responseMAS,191,1261,1295910,,0.0475,train,dddddd,automobiles,1649130000000.0,192417.0,29.0,
9171,,,image-slider-responseMAS,192,1515,1298430,,0.0575,train,fcdb42,automobiles,1649130000000.0,192418.0,69.0,
9172,,,image-slider-responseMAS,193,1265,1300700,,0.0725,train,73cf10,automobiles,1649130000000.0,192419.0,64.0,
9173,,,image-slider-responseMAS,194,1649,1303340,,0.08,train,fba714,automobiles,1649130000000.0,192420.0,70.0,
9174,,,image-slider-responseMAS,195,1215,1305560,,0.0475,train,3efe44,automobiles,1649130000000.0,192421.0,63.0,
9175,,,image-slider-responseMAS,196,2186,1308750,,0.0675,train,a553c8,automobiles,1649130000000.0,192422.0,8.0,
9176,,,image-slider-responseMAS,197,1776,1311530,,0.085,train,897618,automobiles,1649130000000.0,192423.0,56.0,
9177,,,image-slider-responseMAS,198,2613,1315140,,0.7625,train,3b3b3b,automobiles,1649130000000.0,192424.0,25.0,
9178,,,image-slider-responseMAS,199,2586,1318730,,0.755,train,b9b9b9,automobiles,1649130000000.0,192425.0,27.0,
9179,,,image-slider-responseMAS,200,3047,1322780,,0.05,train,cd26c7,automobiles,1649130000000.0,192426.0,9.0,
9180,,,image-slider-responseMAS,201,3798,1327580,,0.8,train,777777,automobiles,1649130000000.0,192427.0,26.0,
9181,,,image-slider-responseMAS,202,1959,1330540,,0.085,train,8558f4,automobiles,1649130000000.0,192428.0,2.0,
9182,,,image-slider-responseMAS,203,1831,1333380,,0.1225,train,b62ef2,automobiles,1649130000000.0,192429.0,3.0,
9183,,,image-slider-responseMAS,204,2130,1336510,,0.0175,train,73f5b0,automobiles,1649130000000.0,192430.0,36.0,
9184,,,image-slider-responseMAS,205,1848,1339360,,0.025,train,72005e,automobiles,1649130000000.0,192431.0,17.0,
9185,,,image-slider-responseMAS,206,2364,1342730,,0.035,train,a0bae6,automobiles,1649130000000.0,192432.0,13.0,
9186,,,image-slider-responseMAS,207,3051,1346780,,0.025,train,4dc7e8,automobiles,1649130000000.0,192433.0,10.0,
9187,,,image-slider-responseMAS,208,2562,1350340,,0.03,train,c7b88b,automobiles,1649130000000.0,192434.0,43.0,
9188,,,image-slider-responseMAS,209,3453,1354800,,0.0525,train,5e78a1,automobiles,1649130000000.0,192435.0,12.0,
9189,,,image-slider-responseMAS,210,2747,1358550,,0.065,train,8cf47e,automobiles,1649130000000.0,192436.0,52.0,
9190,,,image-slider-responseMAS,211,1631,1361180,,0.055,train,db1f9d,automobiles,1649130000000.0,192437.0,19.0,
9191,,,image-slider-responseMAS,212,2793,1364980,,0.0575,train,2f6ef6,automobiles,1649130000000.0,192438.0,0.0,
9192,,,image-slider-responseMAS,213,1614,1367590,,0.08,train,e6a8b7,automobiles,1649130000000.0,192439.0,32.0,
9193,,,image-slider-responseMAS,214,1653,1370250,,0.035,train,a8664b,automobiles,1649130000000.0,192440.0,46.0,
9194,,,image-slider-responseMAS,215,1942,1373190,,0.075,train,5e2b3a,automobiles,1649130000000.0,192441.0,30.0,
9195,,,image-slider-responseMAS,216,3998,1378190,,0.065,train,1c3d61,automobiles,1649130000000.0,192442.0,11.0,
9196,,,image-slider-responseMAS,217,1964,1381160,,0.06,train,d5b811,automobiles,1649130000000.0,192443.0,68.0,
9197,,,image-slider-responseMAS,218,2532,1384700,,0.08,train,a3c55b,automobiles,1649130000000.0,192444.0,54.0,
9198,,,image-slider-responseMAS,219,2702,1388400,,0.0375,train,512d5f,automobiles,1649130000000.0,192445.0,14.0,
9199,,,image-slider-responseMAS,220,2861,1392260,,0.0425,train,4bcf8e,automobiles,1649130000000.0,192446.0,35.0,
9200,,,image-slider-responseMAS,221,2051,1395310,,0.0625,train,2e3086,automobiles,1649130000000.0,192447.0,5.0,
9201,,,image-slider-responseMAS,222,1916,1398230,,0.0525,train,d0b85a,automobiles,1649130000000.0,192448.0,57.0,
9202,,,image-slider-responseMAS,223,1679,1400920,,0.06,train,0e8a19,automobiles,1649130000000.0,192449.0,50.0,
9203,,,image-slider-responseMAS,224,1710,1403630,,-0.0025,train,ac6619,automobiles,1649130000000.0,192450.0,59.0,
9204,,,image-slider-responseMAS,225,1686,1406320,,0.01,train,a06776,automobiles,1649130000000.0,192451.0,31.0,
9507,,,image-slider-responseMAS,155,5053.8,739588,,0.4,train,ea1d1d,automobiles,1649130000000.0,192754.0,62.0,
9508,,,image-slider-responseMAS,156,5256.5,745858,,0.4175,train,ffffff,automobiles,1649130000000.0,192755.0,28.0,
9509,,,image-slider-responseMAS,157,2508.1,749379,,-0.0025,train,746bca,automobiles,1649130000000.0,192756.0,6.0,
9510,,,image-slider-responseMAS,158,4132.2,754514,,0.39,train,ac6619,automobiles,1649130000000.0,192757.0,59.0,
9511,,,image-slider-responseMAS,159,1920.8,757437,,0.535,train,83764c,automobiles,1649130000000.0,192758.0,42.0,
9512,,,image-slider-responseMAS,160,1825,760264,,0.5425,train,eddcad,automobiles,1649130000000.0,192759.0,44.0,
9513,,,image-slider-responseMAS,161,1965.3,763232,,0.0,train,90689f,automobiles,1649130000000.0,192760.0,15.0,
9514,,,image-slider-responseMAS,162,1775.3,766008,,0.005,train,e81a4b,automobiles,1649130000000.0,192761.0,49.0,
9515,,,image-slider-responseMAS,163,2141.5,769151,,1.005,train,0,automobiles,1649130000000.0,192762.0,24.0,
9516,,,image-slider-responseMAS,164,1739.6,771893,,0.0,train,aac510,automobiles,1649130000000.0,192763.0,66.0,
9517,,,image-slider-responseMAS,165,2000.8,774896,,0.0025,train,b8509e,automobiles,1649130000000.0,192764.0,18.0,
9518,,,image-slider-responseMAS,166,1920.3,777818,,1.0025,train,3b3b3b,automobiles,1649130000000.0,192765.0,25.0,
9519,,,image-slider-responseMAS,167,1773.9,780596,,0.0025,train,7ec6ba,automobiles,1649130000000.0,192766.0,22.0,
9520,,,image-slider-responseMAS,168,1666.6,783279,,0.0,train,608218,automobiles,1649130000000.0,192767.0,53.0,
9521,,,image-slider-responseMAS,169,1766.9,786048,,-0.0125,train,077acc,automobiles,1649130000000.0,192768.0,4.0,
9522,,,image-slider-responseMAS,170,13280.4,800331,,0.4625,train,600b84,automobiles,1649130000000.0,192769.0,7.0,
9523,,,image-slider-responseMAS,171,3057.8,804398,,0.995,train,dddddd,automobiles,1649130000000.0,192770.0,29.0,
9524,,,image-slider-responseMAS,172,2498.7,807914,,-0.0025,train,db1f9d,automobiles,1649130000000.0,192771.0,19.0,
9525,,,image-slider-responseMAS,173,3079.6,812004,,0.0725,train,fba714,automobiles,1649130000000.0,192772.0,70.0,
9526,,,image-slider-responseMAS,174,1958.5,814964,,0.375,train,d0b85a,automobiles,1649130000000.0,192773.0,57.0,
9527,,,image-slider-responseMAS,175,1949.3,817916,,-0.0025,train,67cf5c,automobiles,1649130000000.0,192774.0,51.0,
9528,,,image-slider-responseMAS,176,2182.3,821101,,0.0175,train,4dc7e8,automobiles,1649130000000.0,192775.0,10.0,
9529,,,image-slider-responseMAS,177,4204.1,826321,,0.57,train,fcdb42,automobiles,1649130000000.0,192776.0,69.0,
9530,,,image-slider-responseMAS,178,2207.2,829536,,0.0025,train,1c3d61,automobiles,1649130000000.0,192777.0,11.0,
9531,,,image-slider-responseMAS,179,2111.2,832650,,0.005,train,0e8a19,automobiles,1649130000000.0,192778.0,50.0,
9532,,,image-slider-responseMAS,180,2985.5,836637,,0.0,train,5e78a1,automobiles,1649130000000.0,192779.0,12.0,
9533,,,image-slider-responseMAS,181,2229.3,839883,,0.5975,train,b9b9b9,automobiles,1649130000000.0,192780.0,27.0,
9534,,,image-slider-responseMAS,182,2001.4,842886,,0.0,train,3efe44,automobiles,1649130000000.0,192781.0,63.0,
9535,,,image-slider-responseMAS,183,2040.3,845929,,-0.0075,train,72005e,automobiles,1649130000000.0,192782.0,17.0,
9536,,,image-slider-responseMAS,184,1728.7,848659,,0.005,train,baeaaf,automobiles,1649130000000.0,192783.0,40.0,
9537,,,image-slider-responseMAS,185,1653.9,851315,,0.0125,train,8cf47e,automobiles,1649130000000.0,192784.0,52.0,
9538,,,image-slider-responseMAS,186,2256,854587,,-0.005,train,3b8378,automobiles,1649130000000.0,192785.0,21.0,
9539,,,image-slider-responseMAS,187,1658.4,857247,,-0.0125,train,96c58c,automobiles,1649130000000.0,192786.0,39.0,
9540,,,image-slider-responseMAS,188,2526.5,860779,,0.65,train,cc4f1b,automobiles,1649130000000.0,192787.0,61.0,
9541,,,image-slider-responseMAS,189,3107.6,864890,,-0.005,train,55824d,automobiles,1649130000000.0,192788.0,38.0,
9542,,,image-slider-responseMAS,190,4099,869991,,-0.0025,train,a3c55b,automobiles,1649130000000.0,192789.0,54.0,
9543,,,image-slider-responseMAS,191,1769.3,872763,,-0.005,train,2e3086,automobiles,1649130000000.0,192790.0,5.0,
9544,,,image-slider-responseMAS,192,3037.6,876803,,0.385,train,f1a78a,automobiles,1649130000000.0,192791.0,47.0,
9545,,,image-slider-responseMAS,193,4779,882596,,0.0,train,d0e942,automobiles,1649130000000.0,192792.0,67.0,
9546,,,image-slider-responseMAS,194,1856.5,885454,,0.0025,train,cd26c7,automobiles,1649130000000.0,192793.0,9.0,
9547,,,image-slider-responseMAS,195,1753.9,888209,,0.0075,train,c8e97d,automobiles,1649130000000.0,192794.0,55.0,
9548,,,image-slider-responseMAS,196,2350.7,891563,,-0.0075,train,512d5f,automobiles,1649130000000.0,192795.0,14.0,
9549,,,image-slider-responseMAS,197,1965.8,894530,,0.5625,train,5e2b3a,automobiles,1649130000000.0,192796.0,30.0,
9550,,,image-slider-responseMAS,198,1708.9,897241,,0.0125,train,4bcf8e,automobiles,1649130000000.0,192797.0,35.0,
9551,,,image-slider-responseMAS,199,2629.3,900872,,0.6675,train,c7b88b,automobiles,1649130000000.0,192798.0,43.0,
9552,,,image-slider-responseMAS,200,1566.3,903440,,-0.0075,train,9af443,automobiles,1649130000000.0,192799.0,65.0,
9553,,,image-slider-responseMAS,201,2102,906544,,0.8525,train,632b14,automobiles,1649130000000.0,192800.0,45.0,
9554,,,image-slider-responseMAS,202,1871,909416,,0.01,train,a0bae6,automobiles,1649130000000.0,192801.0,13.0,
9555,,,image-slider-responseMAS,203,1835.5,912254,,0.0025,train,39f6e0,automobiles,1649130000000.0,192802.0,20.0,
9556,,,image-slider-responseMAS,204,1821,915081,,0.66,train,f7a75a,automobiles,1649130000000.0,192803.0,60.0,
9557,,,image-slider-responseMAS,205,3627.3,919710,,0.5675,train,443b14,automobiles,1649130000000.0,192804.0,41.0,
9558,,,image-slider-responseMAS,206,4260.5,924973,,0.005,train,3518ad,automobiles,1649130000000.0,192805.0,1.0,
9559,,,image-slider-responseMAS,207,2090.6,928071,,0.0,train,73f5b0,automobiles,1649130000000.0,192806.0,36.0,
9560,,,image-slider-responseMAS,208,3110.1,932185,,-0.015,train,73cf10,automobiles,1649130000000.0,192807.0,64.0,
9561,,,image-slider-responseMAS,209,2476.3,935675,,0.6325,train,f7db7c,automobiles,1649130000000.0,192808.0,58.0,
9562,,,image-slider-responseMAS,210,1658,938337,,0.0125,train,a2eade,automobiles,1649130000000.0,192809.0,23.0,
9563,,,image-slider-responseMAS,211,1469.9,940808,,-0.005,train,2f6ef6,automobiles,1649130000000.0,192810.0,0.0,
9564,,,image-slider-responseMAS,212,2112.2,943922,,0.005,train,c94e4b,automobiles,1649130000000.0,192811.0,48.0,
9565,,,image-slider-responseMAS,213,2314.8,947245,,0.0,train,8558f4,automobiles,1649130000000.0,192812.0,2.0,
9566,,,image-slider-responseMAS,214,6687.2,954944,,0.01,train,c34f74,automobiles,1649130000000.0,192813.0,33.0,
9567,,,image-slider-responseMAS,215,2029.5,957977,,0.57,train,897618,automobiles,1649130000000.0,192814.0,56.0,
9568,,,image-slider-responseMAS,216,2679.4,961658,,0.0025,train,e31b73,automobiles,1649130000000.0,192815.0,34.0,
9569,,,image-slider-responseMAS,217,2091,964751,,0.63,train,a8664b,automobiles,1649130000000.0,192816.0,46.0,
9570,,,image-slider-responseMAS,218,1788.2,967541,,0.0075,train,e6a8b7,automobiles,1649130000000.0,192817.0,32.0,
9571,,,image-slider-responseMAS,219,2650,971209,,0.835,train,d5b811,automobiles,1649130000000.0,192818.0,68.0,
9572,,,image-slider-responseMAS,220,5960.5,978172,,0.465,train,a553c8,automobiles,1649130000000.0,192819.0,8.0,
9573,,,image-slider-responseMAS,221,3720.2,982898,,0.0,train,184415,automobiles,1649130000000.0,192820.0,37.0,
9574,,,image-slider-responseMAS,222,1962.6,985871,,0.01,train,a06776,automobiles,1649130000000.0,192821.0,31.0,
9575,,,image-slider-responseMAS,223,1731.5,988604,,-0.0125,train,d5a9e4,automobiles,1649130000000.0,192822.0,16.0,
9576,,,image-slider-responseMAS,224,2016.2,991622,,0.7225,train,777777,automobiles,1649130000000.0,192823.0,26.0,
9577,,,image-slider-responseMAS,225,1942.5,994568,,0.005,train,b62ef2,automobiles,1649130000000.0,192824.0,3.0,
9881,,,image-slider-responseMAS,155,2218,643487,,0.5875,train,632b14,automobiles,1649130000000.0,193128.0,45.0,
9882,,,image-slider-responseMAS,156,1683,646172,,0.33,train,ea1d1d,automobiles,1649130000000.0,193129.0,62.0,
9883,,,image-slider-responseMAS,157,1451,648625,,0.99,train,0,automobiles,1649130000000.0,193130.0,24.0,
9884,,,image-slider-responseMAS,158,1617,651245,,0.2575,train,184415,automobiles,1649130000000.0,193131.0,37.0,
9885,,,image-slider-responseMAS,159,1698,653946,,0.24,train,1c3d61,automobiles,1649130000000.0,193132.0,11.0,
9886,,,image-slider-responseMAS,160,1298,656248,,0.3975,train,a2eade,automobiles,1649130000000.0,193133.0,23.0,
9887,,,image-slider-responseMAS,161,1568,658817,,0.0175,train,83764c,automobiles,1649130000000.0,193134.0,42.0,
9888,,,image-slider-responseMAS,162,1733,661551,,0.3425,train,ffffff,automobiles,1649130000000.0,193135.0,28.0,
9889,,,image-slider-responseMAS,163,1259,663811,,0.425,train,fcdb42,automobiles,1649130000000.0,193136.0,69.0,
9890,,,image-slider-responseMAS,164,1336,666148,,0.4225,train,3b8378,automobiles,1649130000000.0,193137.0,21.0,
9891,,,image-slider-responseMAS,165,3268,670419,,0.1875,train,e31b73,automobiles,1649130000000.0,193138.0,34.0,
9892,,,image-slider-responseMAS,166,1728,673150,,0.1425,train,0e8a19,automobiles,1649130000000.0,193139.0,50.0,
9893,,,image-slider-responseMAS,167,2077,676230,,1.015,train,443b14,automobiles,1649130000000.0,193140.0,41.0,
9894,,,image-slider-responseMAS,168,2206,679438,,0.7625,train,a06776,automobiles,1649130000000.0,193141.0,31.0,
9895,,,image-slider-responseMAS,169,1504,681944,,0.38,train,cc4f1b,automobiles,1649130000000.0,193142.0,61.0,
9896,,,image-slider-responseMAS,170,1635,684583,,0.165,train,a553c8,automobiles,1649130000000.0,193143.0,8.0,
9897,,,image-slider-responseMAS,171,1385,686971,,0.18,train,3518ad,automobiles,1649130000000.0,193144.0,1.0,
9898,,,image-slider-responseMAS,172,1698,689670,,0.3325,train,c94e4b,automobiles,1649130000000.0,193145.0,48.0,
9899,,,image-slider-responseMAS,173,1451,692125,,0.235,train,f7db7c,automobiles,1649130000000.0,193146.0,58.0,
9900,,,image-slider-responseMAS,174,1775,694902,,0.105,train,4bcf8e,automobiles,1649130000000.0,193147.0,35.0,
9901,,,image-slider-responseMAS,175,1420,697323,,0.7025,train,c7b88b,automobiles,1649130000000.0,193148.0,43.0,
9902,,,image-slider-responseMAS,176,1938,700263,,0.2,train,8558f4,automobiles,1649130000000.0,193149.0,2.0,
9903,,,image-slider-responseMAS,177,1404,702669,,0.2225,train,512d5f,automobiles,1649130000000.0,193150.0,14.0,
9904,,,image-slider-responseMAS,178,1280,704951,,0.195,train,b62ef2,automobiles,1649130000000.0,193151.0,3.0,
9905,,,image-slider-responseMAS,179,1282,707236,,0.22,train,67cf5c,automobiles,1649130000000.0,193152.0,51.0,
9906,,,image-slider-responseMAS,180,1897,710135,,0.2175,train,f7a75a,automobiles,1649130000000.0,193153.0,60.0,
9907,,,image-slider-responseMAS,181,2212,713350,,0.1525,train,90689f,automobiles,1649130000000.0,193154.0,15.0,
9908,,,image-slider-responseMAS,182,2117,716470,,0.385,train,aac510,automobiles,1649130000000.0,193155.0,66.0,
9909,,,image-slider-responseMAS,183,1330,718803,,0.3325,train,d0e942,automobiles,1649130000000.0,193156.0,67.0,
9910,,,image-slider-responseMAS,184,1561,721366,,-0.01,train,96c58c,automobiles,1649130000000.0,193157.0,39.0,
9911,,,image-slider-responseMAS,185,1329,723696,,0.2625,train,077acc,automobiles,1649130000000.0,193158.0,4.0,
9912,,,image-slider-responseMAS,186,1521,726219,,-0.01,train,3efe44,automobiles,1649130000000.0,193159.0,63.0,
9913,,,image-slider-responseMAS,187,2135,729355,,0.9925,train,777777,automobiles,1649130000000.0,193160.0,26.0,
9914,,,image-slider-responseMAS,188,3663,734019,,0.67,train,608218,automobiles,1649130000000.0,193161.0,53.0,
9915,,,image-slider-responseMAS,189,1427,736447,,0.4,train,73cf10,automobiles,1649130000000.0,193162.0,64.0,
9916,,,image-slider-responseMAS,190,1592,739041,,0.195,train,ac6619,automobiles,1649130000000.0,193163.0,59.0,
9917,,,image-slider-responseMAS,191,1538,741582,,0.99,train,5e2b3a,automobiles,1649130000000.0,193164.0,30.0,
9918,,,image-slider-responseMAS,192,3082,745666,,0.3275,train,e6a8b7,automobiles,1649130000000.0,193165.0,32.0,
9919,,,image-slider-responseMAS,193,1343,748011,,0.165,train,8cf47e,automobiles,1649130000000.0,193166.0,52.0,
9920,,,image-slider-responseMAS,194,1628,750642,,0.355,train,eddcad,automobiles,1649130000000.0,193167.0,44.0,
9921,,,image-slider-responseMAS,195,2478,754122,,0.3525,train,a0bae6,automobiles,1649130000000.0,193168.0,13.0,
9922,,,image-slider-responseMAS,196,1730,756854,,0.2825,train,db1f9d,automobiles,1649130000000.0,193169.0,19.0,
9923,,,image-slider-responseMAS,197,1433,759289,,0.285,train,600b84,automobiles,1649130000000.0,193170.0,7.0,
9924,,,image-slider-responseMAS,198,1272,761564,,0.215,train,baeaaf,automobiles,1649130000000.0,193171.0,40.0,
9925,,,image-slider-responseMAS,199,1957,764522,,0.705,train,fba714,automobiles,1649130000000.0,193172.0,70.0,
9926,,,image-slider-responseMAS,200,1418,766942,,0.3,train,746bca,automobiles,1649130000000.0,193173.0,6.0,
9927,,,image-slider-responseMAS,201,1482,769426,,0.685,train,a8664b,automobiles,1649130000000.0,193174.0,46.0,
9928,,,image-slider-responseMAS,202,1916,772344,,0.28,train,b9b9b9,automobiles,1649130000000.0,193175.0,27.0,
9929,,,image-slider-responseMAS,203,1264,774610,,0.25,train,3b3b3b,automobiles,1649130000000.0,193176.0,25.0,
9930,,,image-slider-responseMAS,204,1427,777039,,0.22,train,c34f74,automobiles,1649130000000.0,193177.0,33.0,
9931,,,image-slider-responseMAS,205,1448,779489,,0.865,train,897618,automobiles,1649130000000.0,193178.0,56.0,
9932,,,image-slider-responseMAS,206,1620,782111,,0.3775,train,c8e97d,automobiles,1649130000000.0,193179.0,55.0,
9933,,,image-slider-responseMAS,207,2536,785648,,0.235,train,9af443,automobiles,1649130000000.0,193180.0,65.0,
9934,,,image-slider-responseMAS,208,3154,789804,,0.3125,train,55824d,automobiles,1649130000000.0,193181.0,38.0,
9935,,,image-slider-responseMAS,209,1766,792573,,0.13,train,39f6e0,automobiles,1649130000000.0,193182.0,20.0,
9936,,,image-slider-responseMAS,210,1614,795189,,0.295,train,dddddd,automobiles,1649130000000.0,193183.0,29.0,
9937,,,image-slider-responseMAS,211,4595,800786,,0.5775,train,d0b85a,automobiles,1649130000000.0,193184.0,57.0,
9938,,,image-slider-responseMAS,212,2219,804008,,0.42,train,cd26c7,automobiles,1649130000000.0,193185.0,9.0,
9939,,,image-slider-responseMAS,213,7574,812585,,0.27,train,2f6ef6,automobiles,1649130000000.0,193186.0,0.0,
9940,,,image-slider-responseMAS,214,1572,815159,,0.325,train,7ec6ba,automobiles,1649130000000.0,193187.0,22.0,
9941,,,image-slider-responseMAS,215,1699,817860,,0.5825,train,5e78a1,automobiles,1649130000000.0,193188.0,12.0,
9942,,,image-slider-responseMAS,216,1392,820254,,0.2225,train,b8509e,automobiles,1649130000000.0,193189.0,18.0,
9943,,,image-slider-responseMAS,217,1658,822914,,0.205,train,72005e,automobiles,1649130000000.0,193190.0,17.0,
9944,,,image-slider-responseMAS,218,2198,826115,,0.3675,train,f1a78a,automobiles,1649130000000.0,193191.0,47.0,
9945,,,image-slider-responseMAS,219,2455,829571,,0.2775,train,d5a9e4,automobiles,1649130000000.0,193192.0,16.0,
9946,,,image-slider-responseMAS,220,1354,831927,,0.25,train,73f5b0,automobiles,1649130000000.0,193193.0,36.0,
9947,,,image-slider-responseMAS,221,1314,834243,,0.275,train,a3c55b,automobiles,1649130000000.0,193194.0,54.0,
9948,,,image-slider-responseMAS,222,1248,836495,,0.28,train,d5b811,automobiles,1649130000000.0,193195.0,68.0,
9949,,,image-slider-responseMAS,223,2883,840379,,0.165,train,2e3086,automobiles,1649130000000.0,193196.0,5.0,
9950,,,image-slider-responseMAS,224,1662,843044,,0.105,train,4dc7e8,automobiles,1649130000000.0,193197.0,10.0,
9951,,,image-slider-responseMAS,225,1574,845620,,0.0775,train,e81a4b,automobiles,1649130000000.0,193198.0,49.0,
157,,,image-slider-responseMAS,155,2807.8,730706,,0.6375,train,e6a8b7,automobiles,1649040000000.0,183404.0,32.0,
158,,,image-slider-responseMAS,156,2931.9,734644,,0.255,train,4dc7e8,automobiles,1649040000000.0,183405.0,10.0,
159,,,image-slider-responseMAS,157,2986,738636,,0.295,train,3efe44,automobiles,1649040000000.0,183406.0,63.0,
160,,,image-slider-responseMAS,158,2126.7,741770,,0.23,train,600b84,automobiles,1649040000000.0,183407.0,7.0,
161,,,image-slider-responseMAS,159,2546.7,745320,,0.26,train,e81a4b,automobiles,1649040000000.0,183408.0,49.0,
162,,,image-slider-responseMAS,160,3922.1,750247,,0.26,train,8cf47e,automobiles,1649040000000.0,183409.0,52.0,
163,,,image-slider-responseMAS,161,2100.8,753353,,0.275,train,443b14,automobiles,1649040000000.0,183410.0,41.0,
164,,,image-slider-responseMAS,162,1917.1,756275,,0.2725,train,dddddd,automobiles,1649040000000.0,183411.0,29.0,
165,,,image-slider-responseMAS,163,3026.4,760305,,0.1325,train,3b3b3b,automobiles,1649040000000.0,183412.0,25.0,
166,,,image-slider-responseMAS,164,2273,763584,,0.1775,train,0e8a19,automobiles,1649040000000.0,183413.0,50.0,
167,,,image-slider-responseMAS,165,4056.3,768645,,0.21,train,7ec6ba,automobiles,1649040000000.0,183414.0,22.0,
168,,,image-slider-responseMAS,166,1853.8,771505,,0.17,train,746bca,automobiles,1649040000000.0,183415.0,6.0,
169,,,image-slider-responseMAS,167,1478.9,773987,,0.16,train,83764c,automobiles,1649040000000.0,183416.0,42.0,
170,,,image-slider-responseMAS,168,1488.4,776480,,0.2525,train,a553c8,automobiles,1649040000000.0,183417.0,8.0,
171,,,image-slider-responseMAS,169,1864.1,779350,,0.25,train,f1a78a,automobiles,1649040000000.0,183418.0,47.0,
172,,,image-slider-responseMAS,170,1417.4,781770,,0.2475,train,aac510,automobiles,1649040000000.0,183419.0,66.0,
173,,,image-slider-responseMAS,171,1301.4,784074,,0.2725,train,c8e97d,automobiles,1649040000000.0,183420.0,55.0,
174,,,image-slider-responseMAS,172,1219.5,786294,,0.2325,train,a2eade,automobiles,1649040000000.0,183421.0,23.0,
175,,,image-slider-responseMAS,173,2962.5,790258,,1.0,train,ffffff,automobiles,1649040000000.0,183422.0,28.0,
176,,,image-slider-responseMAS,174,1811.5,793074,,0.25,train,608218,automobiles,1649040000000.0,183423.0,53.0,
177,,,image-slider-responseMAS,175,2899.4,796979,,0.2125,train,cd26c7,automobiles,1649040000000.0,183424.0,9.0,
178,,,image-slider-responseMAS,176,2369.2,800355,,0.1975,train,c34f74,automobiles,1649040000000.0,183425.0,33.0,
179,,,image-slider-responseMAS,177,1849.4,803207,,0.24,train,39f6e0,automobiles,1649040000000.0,183426.0,20.0,
180,,,image-slider-responseMAS,178,1214.3,805422,,0.2725,train,baeaaf,automobiles,1649040000000.0,183427.0,40.0,
181,,,image-slider-responseMAS,179,1813.8,808242,,0.3175,train,73f5b0,automobiles,1649040000000.0,183428.0,36.0,
182,,,image-slider-responseMAS,180,2530.9,811774,,0.2425,train,512d5f,automobiles,1649040000000.0,183429.0,14.0,
183,,,image-slider-responseMAS,181,2381.4,815161,,0.2025,train,b8509e,automobiles,1649040000000.0,183430.0,18.0,
184,,,image-slider-responseMAS,182,1779,817946,,0.215,train,b9b9b9,automobiles,1649040000000.0,183431.0,27.0,
185,,,image-slider-responseMAS,183,3082.5,822033,,0.175,train,d5b811,automobiles,1649040000000.0,183432.0,68.0,
186,,,image-slider-responseMAS,184,2229.6,825269,,0.255,train,d5a9e4,automobiles,1649040000000.0,183433.0,16.0,
187,,,image-slider-responseMAS,185,2851.2,829125,,0.23,train,5e2b3a,automobiles,1649040000000.0,183434.0,30.0,
188,,,image-slider-responseMAS,186,2367.3,832498,,0.265,train,a3c55b,automobiles,1649040000000.0,183435.0,54.0,
189,,,image-slider-responseMAS,187,3081.5,836585,,0.23,train,67cf5c,automobiles,1649040000000.0,183436.0,51.0,
190,,,image-slider-responseMAS,188,2541.1,840132,,0.23,train,d0e942,automobiles,1649040000000.0,183437.0,67.0,
191,,,image-slider-responseMAS,189,1612.6,842746,,0.195,train,8558f4,automobiles,1649040000000.0,183438.0,2.0,
192,,,image-slider-responseMAS,190,3321.9,847073,,0.2125,train,d0b85a,automobiles,1649040000000.0,183439.0,57.0,
193,,,image-slider-responseMAS,191,5121.1,853201,,0.225,train,632b14,automobiles,1649040000000.0,183440.0,45.0,
194,,,image-slider-responseMAS,192,9824,864031,,0.2275,train,9af443,automobiles,1649040000000.0,183441.0,65.0,
195,,,image-slider-responseMAS,193,2541.7,867577,,0.2225,train,897618,automobiles,1649040000000.0,183442.0,56.0,
196,,,image-slider-responseMAS,194,2410.9,870993,,0.24,train,fcdb42,automobiles,1649040000000.0,183443.0,69.0,
197,,,image-slider-responseMAS,195,1997.4,873993,,0.17,train,eddcad,automobiles,1649040000000.0,183444.0,44.0,
198,,,image-slider-responseMAS,196,5127,880127,,0.22,train,90689f,automobiles,1649040000000.0,183445.0,15.0,
199,,,image-slider-responseMAS,197,5151.3,886284,,0.2125,train,f7db7c,automobiles,1649040000000.0,183446.0,58.0,
200,,,image-slider-responseMAS,198,3980.4,891270,,0.2025,train,a0bae6,automobiles,1649040000000.0,183447.0,13.0,
201,,,image-slider-responseMAS,199,2707.8,894984,,0.23,train,db1f9d,automobiles,1649040000000.0,183448.0,19.0,
202,,,image-slider-responseMAS,200,2013,898000,,0.2475,train,1c3d61,automobiles,1649040000000.0,183449.0,11.0,
203,,,image-slider-responseMAS,201,2018.8,901023,,0.26,train,55824d,automobiles,1649040000000.0,183450.0,38.0,
204,,,image-slider-responseMAS,202,2302.8,904331,,0.2425,train,ac6619,automobiles,1649040000000.0,183451.0,59.0,
205,,,image-slider-responseMAS,203,2871.1,908208,,0.2375,train,5e78a1,automobiles,1649040000000.0,183452.0,12.0,
206,,,image-slider-responseMAS,204,1939.5,911153,,0.195,train,2e3086,automobiles,1649040000000.0,183453.0,5.0,
207,,,image-slider-responseMAS,205,8140,920300,,0.22,train,fba714,automobiles,1649040000000.0,183454.0,70.0,
208,,,image-slider-responseMAS,206,2095.7,923400,,0.2575,train,4bcf8e,automobiles,1649040000000.0,183455.0,35.0,
209,,,image-slider-responseMAS,207,2354.7,926760,,0.2975,train,3518ad,automobiles,1649040000000.0,183456.0,1.0,
210,,,image-slider-responseMAS,208,2409.9,930175,,0.24,train,72005e,automobiles,1649040000000.0,183457.0,17.0,
211,,,image-slider-responseMAS,209,2171.7,933350,,0.1925,train,c94e4b,automobiles,1649040000000.0,183458.0,48.0,
212,,,image-slider-responseMAS,210,4966.4,939318,,1.0,train,0,automobiles,1649040000000.0,183459.0,24.0,
213,,,image-slider-responseMAS,211,3303.7,943628,,0.7225,train,c7b88b,automobiles,1649040000000.0,183460.0,43.0,
214,,,image-slider-responseMAS,212,1747.5,946382,,0.2625,train,077acc,automobiles,1649040000000.0,183461.0,4.0,
215,,,image-slider-responseMAS,213,2544.5,949928,,0.3,train,96c58c,automobiles,1649040000000.0,183462.0,39.0,
216,,,image-slider-responseMAS,214,3969.6,954903,,1.0,train,777777,automobiles,1649040000000.0,183463.0,26.0,
217,,,image-slider-responseMAS,215,3232.9,959139,,0.195,train,f7a75a,automobiles,1649040000000.0,183464.0,60.0,
218,,,image-slider-responseMAS,216,8492.2,968638,,0.23,train,ea1d1d,automobiles,1649040000000.0,183465.0,62.0,
219,,,image-slider-responseMAS,217,2187.9,971831,,0.22,train,e31b73,automobiles,1649040000000.0,183466.0,34.0,
220,,,image-slider-responseMAS,218,2207.8,975044,,0.2375,train,a06776,automobiles,1649040000000.0,183467.0,31.0,
221,,,image-slider-responseMAS,219,4011.4,980061,,0.2475,train,184415,automobiles,1649040000000.0,183468.0,37.0,
222,,,image-slider-responseMAS,220,2970.3,984037,,0.24,train,2f6ef6,automobiles,1649040000000.0,183469.0,0.0,
223,,,image-slider-responseMAS,221,2438.5,987481,,0.2475,train,73cf10,automobiles,1649040000000.0,183470.0,64.0,
224,,,image-slider-responseMAS,222,2708.4,991191,,0.23,train,a8664b,automobiles,1649040000000.0,183471.0,46.0,
225,,,image-slider-responseMAS,223,1706.7,993904,,0.2925,train,3b8378,automobiles,1649040000000.0,183472.0,21.0,
226,,,image-slider-responseMAS,224,1699.9,996608,,0.255,train,b62ef2,automobiles,1649040000000.0,183473.0,3.0,
227,,,image-slider-responseMAS,225,2553.7,1000170,,0.265,train,cc4f1b,automobiles,1649040000000.0,183474.0,61.0,
530,,,image-slider-responseMAS,155,4630,684681,,0.58,train,c94e4b,automobiles,1649040000000.0,183777.0,48.0,
531,,,image-slider-responseMAS,156,2200,687883,,0.2,train,fcdb42,automobiles,1649040000000.0,183778.0,69.0,
532,,,image-slider-responseMAS,157,2332,691218,,0.41,train,a0bae6,automobiles,1649040000000.0,183779.0,13.0,
533,,,image-slider-responseMAS,158,2014,694235,,0.135,train,db1f9d,automobiles,1649040000000.0,183780.0,19.0,
534,,,image-slider-responseMAS,159,2291,697528,,0.395,train,ac6619,automobiles,1649040000000.0,183781.0,59.0,
535,,,image-slider-responseMAS,160,1720,700250,,0.5975,train,3b8378,automobiles,1649040000000.0,183782.0,21.0,
536,,,image-slider-responseMAS,161,1415,702667,,0.1625,train,cd26c7,automobiles,1649040000000.0,183783.0,9.0,
537,,,image-slider-responseMAS,162,3223,706892,,0.48,train,a2eade,automobiles,1649040000000.0,183784.0,23.0,
538,,,image-slider-responseMAS,163,2552,710446,,0.6375,train,077acc,automobiles,1649040000000.0,183785.0,4.0,
539,,,image-slider-responseMAS,164,2814,714262,,0.16,train,b8509e,automobiles,1649040000000.0,183786.0,18.0,
540,,,image-slider-responseMAS,165,7003,722269,,0.61,train,96c58c,automobiles,1649040000000.0,183787.0,39.0,
541,,,image-slider-responseMAS,166,1963,725234,,0.7,train,73f5b0,automobiles,1649040000000.0,183788.0,36.0,
542,,,image-slider-responseMAS,167,2087,728323,,0.3775,train,d5a9e4,automobiles,1649040000000.0,183789.0,16.0,
543,,,image-slider-responseMAS,168,1681,731006,,0.25,train,a06776,automobiles,1649040000000.0,183790.0,31.0,
544,,,image-slider-responseMAS,169,1559,733568,,0.0,train,b62ef2,automobiles,1649040000000.0,183791.0,3.0,
545,,,image-slider-responseMAS,170,3027,737597,,0.3775,train,f1a78a,automobiles,1649040000000.0,183792.0,47.0,
546,,,image-slider-responseMAS,171,2797,741395,,0.69,train,184415,automobiles,1649040000000.0,183793.0,37.0,
547,,,image-slider-responseMAS,172,1996,744394,,1.0,train,443b14,automobiles,1649040000000.0,183794.0,41.0,
548,,,image-slider-responseMAS,173,2391,747787,,0.25,train,cc4f1b,automobiles,1649040000000.0,183795.0,61.0,
549,,,image-slider-responseMAS,174,2110,750899,,0.4275,train,a8664b,automobiles,1649040000000.0,183796.0,46.0,
550,,,image-slider-responseMAS,175,2420,754320,,0.0625,train,a553c8,automobiles,1649040000000.0,183797.0,8.0,
551,,,image-slider-responseMAS,176,4622,759945,,0.5575,train,d0b85a,automobiles,1649040000000.0,183798.0,57.0,
552,,,image-slider-responseMAS,177,1742,762690,,0.3775,train,512d5f,automobiles,1649040000000.0,183799.0,14.0,
553,,,image-slider-responseMAS,178,1891,765583,,0.4875,train,90689f,automobiles,1649040000000.0,183800.0,15.0,
554,,,image-slider-responseMAS,179,2912,769497,,0.6175,train,2e3086,automobiles,1649040000000.0,183801.0,5.0,
555,,,image-slider-responseMAS,180,4358,774858,,1.0,train,3b3b3b,automobiles,1649040000000.0,183802.0,25.0,
556,,,image-slider-responseMAS,181,1821,777681,,0.0,train,e31b73,automobiles,1649040000000.0,183803.0,34.0,
557,,,image-slider-responseMAS,182,6722,785406,,0.5675,train,4dc7e8,automobiles,1649040000000.0,183804.0,10.0,
558,,,image-slider-responseMAS,183,2058,788468,,0.0725,train,600b84,automobiles,1649040000000.0,183805.0,7.0,
559,,,image-slider-responseMAS,184,1941,791411,,0.5975,train,632b14,automobiles,1649040000000.0,183806.0,45.0,
560,,,image-slider-responseMAS,185,2001,794416,,0.19,train,d5b811,automobiles,1649040000000.0,183807.0,68.0,
561,,,image-slider-responseMAS,186,1965,797383,,0.5275,train,dddddd,automobiles,1649040000000.0,183808.0,29.0,
562,,,image-slider-responseMAS,187,1710,800096,,0.235,train,fba714,automobiles,1649040000000.0,183809.0,70.0,
563,,,image-slider-responseMAS,188,1783,802881,,0.2825,train,d0e942,automobiles,1649040000000.0,183810.0,67.0,
564,,,image-slider-responseMAS,189,2097,805981,,0.4725,train,f7db7c,automobiles,1649040000000.0,183811.0,58.0,
565,,,image-slider-responseMAS,190,1872,808855,,0.4375,train,baeaaf,automobiles,1649040000000.0,183812.0,40.0,
566,,,image-slider-responseMAS,191,3181,813039,,0.5525,train,b9b9b9,automobiles,1649040000000.0,183813.0,27.0,
567,,,image-slider-responseMAS,192,2486,816527,,0.055,train,9af443,automobiles,1649040000000.0,183814.0,65.0,
568,,,image-slider-responseMAS,193,1998,819527,,0.3275,train,2f6ef6,automobiles,1649040000000.0,183815.0,0.0,
569,,,image-slider-responseMAS,194,1509,822038,,0.3,train,c8e97d,automobiles,1649040000000.0,183816.0,55.0,
570,,,image-slider-responseMAS,195,2052,825092,,0.395,train,c34f74,automobiles,1649040000000.0,183817.0,33.0,
571,,,image-slider-responseMAS,196,1751,827844,,0.63,train,1c3d61,automobiles,1649040000000.0,183818.0,11.0,
572,,,image-slider-responseMAS,197,1391,830239,,0.385,train,f7a75a,automobiles,1649040000000.0,183819.0,60.0,
573,,,image-slider-responseMAS,198,1945,833187,,0.615,train,3518ad,automobiles,1649040000000.0,183820.0,1.0,
574,,,image-slider-responseMAS,199,1882,836072,,0.4025,train,5e2b3a,automobiles,1649040000000.0,183821.0,30.0,
575,,,image-slider-responseMAS,200,1809,838883,,0.2975,train,e81a4b,automobiles,1649040000000.0,183822.0,49.0,
576,,,image-slider-responseMAS,201,2020,841905,,1.0,train,0,automobiles,1649040000000.0,183823.0,24.0,
577,,,image-slider-responseMAS,202,2879,845788,,0.1325,train,3efe44,automobiles,1649040000000.0,183824.0,63.0,
578,,,image-slider-responseMAS,203,1754,848546,,0.285,train,ea1d1d,automobiles,1649040000000.0,183825.0,62.0,
579,,,image-slider-responseMAS,204,2129,851678,,0.57,train,73cf10,automobiles,1649040000000.0,183826.0,64.0,
580,,,image-slider-responseMAS,205,2246,854927,,0.3575,train,72005e,automobiles,1649040000000.0,183827.0,17.0,
581,,,image-slider-responseMAS,206,1901,857831,,0.29,train,4bcf8e,automobiles,1649040000000.0,183828.0,35.0,
582,,,image-slider-responseMAS,207,2478,861311,,0.5575,train,746bca,automobiles,1649040000000.0,183829.0,6.0,
583,,,image-slider-responseMAS,208,8329,870644,,0.515,train,39f6e0,automobiles,1649040000000.0,183830.0,20.0,
584,,,image-slider-responseMAS,209,2755,874402,,0.5225,train,7ec6ba,automobiles,1649040000000.0,183831.0,22.0,
585,,,image-slider-responseMAS,210,2516,877920,,0.5975,train,e6a8b7,automobiles,1649040000000.0,183832.0,32.0,
586,,,image-slider-responseMAS,211,1796,880719,,0.55,train,897618,automobiles,1649040000000.0,183833.0,56.0,
587,,,image-slider-responseMAS,212,2601,884322,,0.4225,train,eddcad,automobiles,1649040000000.0,183834.0,44.0,
588,,,image-slider-responseMAS,213,3815,889140,,0.5625,train,0e8a19,automobiles,1649040000000.0,183835.0,50.0,
589,,,image-slider-responseMAS,214,3163,893306,,0.5325,train,a3c55b,automobiles,1649040000000.0,183836.0,54.0,
590,,,image-slider-responseMAS,215,1865,896174,,0.5375,train,8cf47e,automobiles,1649040000000.0,183837.0,52.0,
591,,,image-slider-responseMAS,216,2419,899596,,0.535,train,67cf5c,automobiles,1649040000000.0,183838.0,51.0,
592,,,image-slider-responseMAS,217,2840,903438,,0.5475,train,608218,automobiles,1649040000000.0,183839.0,53.0,
593,,,image-slider-responseMAS,218,3901,908341,,0.525,train,83764c,automobiles,1649040000000.0,183840.0,42.0,
594,,,image-slider-responseMAS,219,6507,915851,,0.515,train,c7b88b,automobiles,1649040000000.0,183841.0,43.0,
595,,,image-slider-responseMAS,220,2973,919827,,1.0,train,777777,automobiles,1649040000000.0,183842.0,26.0,
596,,,image-slider-responseMAS,221,2245,923075,,0.5225,train,ffffff,automobiles,1649040000000.0,183843.0,28.0,
597,,,image-slider-responseMAS,222,1923,926000,,0.5825,train,55824d,automobiles,1649040000000.0,183844.0,38.0,
598,,,image-slider-responseMAS,223,2065,929067,,0.2975,train,8558f4,automobiles,1649040000000.0,183845.0,2.0,
599,,,image-slider-responseMAS,224,1454,931523,,0.0,train,aac510,automobiles,1649040000000.0,183846.0,66.0,
600,,,image-slider-responseMAS,225,2104,934629,,0.5575,train,5e78a1,automobiles,1649040000000.0,183847.0,12.0,
903,,,image-slider-responseMAS,155,3830.3,523595,,0.0,train,600b84,automobiles,1649040000000.0,184150.0,7.0,
904,,,image-slider-responseMAS,156,1465.4,526075,,0.0,train,73f5b0,automobiles,1649040000000.0,184151.0,36.0,
905,,,image-slider-responseMAS,157,1390.9,528482,,0.6975,train,fcdb42,automobiles,1649040000000.0,184152.0,69.0,
906,,,image-slider-responseMAS,158,1049.7,530549,,0.095,train,746bca,automobiles,1649040000000.0,184153.0,6.0,
907,,,image-slider-responseMAS,159,1957.9,533510,,0.92,train,184415,automobiles,1649040000000.0,184154.0,37.0,
908,,,image-slider-responseMAS,160,1322.7,535838,,0.0,train,8558f4,automobiles,1649040000000.0,184155.0,2.0,
909,,,image-slider-responseMAS,161,1246.5,538093,,0.0,train,7ec6ba,automobiles,1649040000000.0,184156.0,22.0,
910,,,image-slider-responseMAS,162,1602.8,540705,,0.625,train,aac510,automobiles,1649040000000.0,184157.0,66.0,
911,,,image-slider-responseMAS,163,2028.5,543738,,1.0,train,b9b9b9,automobiles,1649040000000.0,184158.0,27.0,
912,,,image-slider-responseMAS,164,1386.4,546129,,1.0,train,897618,automobiles,1649040000000.0,184159.0,56.0,
913,,,image-slider-responseMAS,165,2368.9,549510,,0.0,train,b8509e,automobiles,1649040000000.0,184160.0,18.0,
914,,,image-slider-responseMAS,166,1391.9,551904,,1.0,train,3b3b3b,automobiles,1649040000000.0,184161.0,25.0,
915,,,image-slider-responseMAS,167,1474.9,554383,,0.025,train,fba714,automobiles,1649040000000.0,184162.0,70.0,
916,,,image-slider-responseMAS,168,2379.8,557774,,0.58,train,ac6619,automobiles,1649040000000.0,184163.0,59.0,
917,,,image-slider-responseMAS,169,1381.7,560169,,0.0,train,3b8378,automobiles,1649040000000.0,184164.0,21.0,
918,,,image-slider-responseMAS,170,1601,562774,,0.0,train,2f6ef6,automobiles,1649040000000.0,184165.0,0.0,
919,,,image-slider-responseMAS,171,2720.4,566497,,0.88,train,5e2b3a,automobiles,1649040000000.0,184166.0,30.0,
920,,,image-slider-responseMAS,172,1224.2,568724,,0.015,train,077acc,automobiles,1649040000000.0,184167.0,4.0,
921,,,image-slider-responseMAS,173,1482,571212,,1.0,train,632b14,automobiles,1649040000000.0,184168.0,45.0,
922,,,image-slider-responseMAS,174,2540.8,574756,,1.0,train,a8664b,automobiles,1649040000000.0,184169.0,46.0,
923,,,image-slider-responseMAS,175,1448.9,577222,,0.0,train,c94e4b,automobiles,1649040000000.0,184170.0,48.0,
924,,,image-slider-responseMAS,176,1961.7,580189,,0.0,train,e31b73,automobiles,1649040000000.0,184171.0,34.0,
925,,,image-slider-responseMAS,177,2946.4,584138,,0.0075,train,4bcf8e,automobiles,1649040000000.0,184172.0,35.0,
926,,,image-slider-responseMAS,178,1607.4,586749,,0.8475,train,777777,automobiles,1649040000000.0,184173.0,26.0,
927,,,image-slider-responseMAS,179,2102.6,589858,,0.0275,train,a0bae6,automobiles,1649040000000.0,184174.0,13.0,
928,,,image-slider-responseMAS,180,2089.6,592950,,0.865,train,83764c,automobiles,1649040000000.0,184175.0,42.0,
929,,,image-slider-responseMAS,181,1794.8,595762,,0.615,train,a06776,automobiles,1649040000000.0,184176.0,31.0,
930,,,image-slider-responseMAS,182,1248.4,598014,,0.0,train,b62ef2,automobiles,1649040000000.0,184177.0,3.0,
931,,,image-slider-responseMAS,183,1170.5,600188,,0.0,train,d5a9e4,automobiles,1649040000000.0,184178.0,16.0,
932,,,image-slider-responseMAS,184,1535.7,602726,,0.585,train,f7a75a,automobiles,1649040000000.0,184179.0,60.0,
933,,,image-slider-responseMAS,185,1066,604795,,0.0,train,c34f74,automobiles,1649040000000.0,184180.0,33.0,
934,,,image-slider-responseMAS,186,2763.6,608571,,0.6325,train,c7b88b,automobiles,1649040000000.0,184181.0,43.0,
935,,,image-slider-responseMAS,187,5051.1,614625,,0.64,train,ffffff,automobiles,1649040000000.0,184182.0,28.0,
936,,,image-slider-responseMAS,188,1974.1,617604,,0.285,train,90689f,automobiles,1649040000000.0,184183.0,15.0,
937,,,image-slider-responseMAS,189,1468,620085,,0.9725,train,55824d,automobiles,1649040000000.0,184184.0,38.0,
938,,,image-slider-responseMAS,190,1563.9,622666,,0.0,train,1c3d61,automobiles,1649040000000.0,184185.0,11.0,
939,,,image-slider-responseMAS,191,11439.9,635109,,0.0,train,3518ad,automobiles,1649040000000.0,184186.0,1.0,
940,,,image-slider-responseMAS,192,2752,638864,,0.0,train,a553c8,automobiles,1649040000000.0,184187.0,8.0,
941,,,image-slider-responseMAS,193,1818.7,641687,,0.6425,train,5e78a1,automobiles,1649040000000.0,184188.0,12.0,
942,,,image-slider-responseMAS,194,1263.5,643968,,0.03,train,d0e942,automobiles,1649040000000.0,184189.0,67.0,
943,,,image-slider-responseMAS,195,1360.2,646332,,0.0,train,67cf5c,automobiles,1649040000000.0,184190.0,51.0,
944,,,image-slider-responseMAS,196,1171.6,648509,,0.0,train,cc4f1b,automobiles,1649040000000.0,184191.0,61.0,
945,,,image-slider-responseMAS,197,1194.3,650707,,0.0,train,e81a4b,automobiles,1649040000000.0,184192.0,49.0,
946,,,image-slider-responseMAS,198,1188.5,652900,,0.0,train,512d5f,automobiles,1649040000000.0,184193.0,14.0,
947,,,image-slider-responseMAS,199,1278.1,655180,,0.0,train,72005e,automobiles,1649040000000.0,184194.0,17.0,
948,,,image-slider-responseMAS,200,1225,657417,,0.0,train,96c58c,automobiles,1649040000000.0,184195.0,39.0,
949,,,image-slider-responseMAS,201,2076.7,660496,,0.0,train,db1f9d,automobiles,1649040000000.0,184196.0,19.0,
950,,,image-slider-responseMAS,202,1159.4,662673,,0.0,train,9af443,automobiles,1649040000000.0,184197.0,65.0,
951,,,image-slider-responseMAS,203,1413.1,665090,,0.765,train,443b14,automobiles,1649040000000.0,184198.0,41.0,
952,,,image-slider-responseMAS,204,1235.2,667328,,0.0,train,0e8a19,automobiles,1649040000000.0,184199.0,50.0,
953,,,image-slider-responseMAS,205,1293.8,669625,,0.0,train,baeaaf,automobiles,1649040000000.0,184200.0,40.0,
954,,,image-slider-responseMAS,206,1173.5,671802,,0.0,train,a3c55b,automobiles,1649040000000.0,184201.0,54.0,
955,,,image-slider-responseMAS,207,1106.3,673912,,0.0,train,c8e97d,automobiles,1649040000000.0,184202.0,55.0,
956,,,image-slider-responseMAS,208,1164.6,676080,,0.0,train,d5b811,automobiles,1649040000000.0,184203.0,68.0,
957,,,image-slider-responseMAS,209,1175.2,678259,,0.0,train,a2eade,automobiles,1649040000000.0,184204.0,23.0,
958,,,image-slider-responseMAS,210,1745.5,681009,,1.0,train,0,automobiles,1649040000000.0,184205.0,24.0,
959,,,image-slider-responseMAS,211,2728,684742,,0.0,train,ea1d1d,automobiles,1649040000000.0,184206.0,62.0,
960,,,image-slider-responseMAS,212,1520.8,687266,,0.0,train,2e3086,automobiles,1649040000000.0,184207.0,5.0,
961,,,image-slider-responseMAS,213,1308,689591,,0.645,train,dddddd,automobiles,1649040000000.0,184208.0,29.0,
962,,,image-slider-responseMAS,214,1322.8,691919,,0.625,train,d0b85a,automobiles,1649040000000.0,184209.0,57.0,
963,,,image-slider-responseMAS,215,1160.8,694082,,0.6075,train,eddcad,automobiles,1649040000000.0,184210.0,44.0,
964,,,image-slider-responseMAS,216,1174,696258,,0.0,train,73cf10,automobiles,1649040000000.0,184211.0,64.0,
965,,,image-slider-responseMAS,217,2422.2,699684,,0.64,train,608218,automobiles,1649040000000.0,184212.0,53.0,
966,,,image-slider-responseMAS,218,1657,702348,,0.0,train,39f6e0,automobiles,1649040000000.0,184213.0,20.0,
967,,,image-slider-responseMAS,219,1779.6,705132,,0.0,train,4dc7e8,automobiles,1649040000000.0,184214.0,10.0,
968,,,image-slider-responseMAS,220,1627.6,707774,,0.0,train,f1a78a,automobiles,1649040000000.0,184215.0,47.0,
969,,,image-slider-responseMAS,221,1974.3,710752,,0.0,train,8cf47e,automobiles,1649040000000.0,184216.0,52.0,
970,,,image-slider-responseMAS,222,1859.3,713614,,0.0,train,cd26c7,automobiles,1649040000000.0,184217.0,9.0,
971,,,image-slider-responseMAS,223,1174.5,715791,,0.0,train,3efe44,automobiles,1649040000000.0,184218.0,63.0,
972,,,image-slider-responseMAS,224,1685.6,718479,,0.6375,train,f7db7c,automobiles,1649040000000.0,184219.0,58.0,
973,,,image-slider-responseMAS,225,1659.8,721150,,0.0125,train,e6a8b7,automobiles,1649040000000.0,184220.0,32.0,
1278,,,image-slider-responseMAS,155,2295,894573,,0.395,train,5e2b3a,automobiles,1649050000000.0,184525.0,30.0,
1279,,,image-slider-responseMAS,156,2173,897749,,1.0,train,0,automobiles,1649050000000.0,184526.0,24.0,
1280,,,image-slider-responseMAS,157,2139,900890,,0.8525,train,dddddd,automobiles,1649050000000.0,184527.0,29.0,
1281,,,image-slider-responseMAS,158,2325,904220,,0.32,train,512d5f,automobiles,1649050000000.0,184528.0,14.0,
1282,,,image-slider-responseMAS,159,2073,907297,,0.4025,train,f7db7c,automobiles,1649050000000.0,184529.0,58.0,
1283,,,image-slider-responseMAS,160,2172,910471,,0.0075,train,73cf10,automobiles,1649050000000.0,184530.0,64.0,
1284,,,image-slider-responseMAS,161,2294,913769,,0.7975,train,b9b9b9,automobiles,1649050000000.0,184531.0,27.0,
1285,,,image-slider-responseMAS,162,2147,916919,,0.3375,train,f1a78a,automobiles,1649050000000.0,184532.0,47.0,
1286,,,image-slider-responseMAS,163,2958,920880,,0.0,train,608218,automobiles,1649050000000.0,184533.0,53.0,
1287,,,image-slider-responseMAS,164,3291,925172,,0.3325,train,7ec6ba,automobiles,1649050000000.0,184534.0,22.0,
1288,,,image-slider-responseMAS,165,1987,928161,,0.3525,train,746bca,automobiles,1649050000000.0,184535.0,6.0,
1289,,,image-slider-responseMAS,166,4594,933758,,0.0,train,72005e,automobiles,1649050000000.0,184536.0,17.0,
1290,,,image-slider-responseMAS,167,2441,937202,,0.565,train,a8664b,automobiles,1649050000000.0,184537.0,46.0,
1291,,,image-slider-responseMAS,168,3129,941334,,0.3275,train,ac6619,automobiles,1649050000000.0,184538.0,59.0,
1292,,,image-slider-responseMAS,169,2745,945081,,0.4625,train,5e78a1,automobiles,1649050000000.0,184539.0,12.0,
1293,,,image-slider-responseMAS,170,2304,948387,,0.37,train,d5a9e4,automobiles,1649050000000.0,184540.0,16.0,
1294,,,image-slider-responseMAS,171,2294,951683,,0.725,train,c7b88b,automobiles,1649050000000.0,184541.0,43.0,
1295,,,image-slider-responseMAS,172,3573,956258,,0.4275,train,d0b85a,automobiles,1649050000000.0,184542.0,57.0,
1296,,,image-slider-responseMAS,173,2562,959823,,0.005,train,184415,automobiles,1649050000000.0,184543.0,37.0,
1297,,,image-slider-responseMAS,174,3513,964340,,0.075,train,96c58c,automobiles,1649050000000.0,184544.0,39.0,
1298,,,image-slider-responseMAS,175,2261,967604,,0.4525,train,632b14,automobiles,1649050000000.0,184545.0,45.0,
1299,,,image-slider-responseMAS,176,3858,972465,,0.545,train,4dc7e8,automobiles,1649050000000.0,184546.0,10.0,
1300,,,image-slider-responseMAS,177,3150,976617,,0.2325,train,c94e4b,automobiles,1649050000000.0,184547.0,48.0,
1301,,,image-slider-responseMAS,178,5138,982757,,0.0,train,55824d,automobiles,1649050000000.0,184548.0,38.0,
1302,,,image-slider-responseMAS,179,2431,986191,,0.2475,train,fcdb42,automobiles,1649050000000.0,184549.0,69.0,
1303,,,image-slider-responseMAS,180,14897,1002090,,0.33,train,b8509e,automobiles,1649050000000.0,184550.0,18.0,
1304,,,image-slider-responseMAS,181,1927,1005020,,0.1575,train,897618,automobiles,1649050000000.0,184551.0,56.0,
1305,,,image-slider-responseMAS,182,1805,1007830,,0.385,train,2e3086,automobiles,1649050000000.0,184552.0,5.0,
1306,,,image-slider-responseMAS,183,3912,1012740,,0.275,train,9af443,automobiles,1649050000000.0,184553.0,65.0,
1307,,,image-slider-responseMAS,184,3629,1017380,,0.4625,train,2f6ef6,automobiles,1649050000000.0,184554.0,0.0,
1308,,,image-slider-responseMAS,185,2343,1020720,,0.0225,train,0e8a19,automobiles,1649050000000.0,184555.0,50.0,
1309,,,image-slider-responseMAS,186,2302,1024020,,0.7875,train,ffffff,automobiles,1649050000000.0,184556.0,28.0,
1310,,,image-slider-responseMAS,187,2156,1027180,,0.5325,train,baeaaf,automobiles,1649050000000.0,184557.0,40.0,
1311,,,image-slider-responseMAS,188,2828,1031010,,0.0625,train,3efe44,automobiles,1649050000000.0,184558.0,63.0,
1312,,,image-slider-responseMAS,189,2361,1034380,,0.74,train,83764c,automobiles,1649050000000.0,184559.0,42.0,
1313,,,image-slider-responseMAS,190,3242,1038620,,0.375,train,73f5b0,automobiles,1649050000000.0,184560.0,36.0,
1314,,,image-slider-responseMAS,191,2277,1041900,,0.825,train,3b3b3b,automobiles,1649050000000.0,184561.0,25.0,
1315,,,image-slider-responseMAS,192,3342,1046250,,0.55,train,077acc,automobiles,1649050000000.0,184562.0,4.0,
1316,,,image-slider-responseMAS,193,6100,1053350,,0.295,train,8cf47e,automobiles,1649050000000.0,184563.0,52.0,
1317,,,image-slider-responseMAS,194,2769,1057120,,0.18,train,600b84,automobiles,1649050000000.0,184564.0,7.0,
1318,,,image-slider-responseMAS,195,2514,1060640,,0.2325,train,d5b811,automobiles,1649050000000.0,184565.0,68.0,
1319,,,image-slider-responseMAS,196,3289,1064930,,0.2025,train,e31b73,automobiles,1649050000000.0,184566.0,34.0,
1320,,,image-slider-responseMAS,197,2024,1067960,,0.3025,train,cc4f1b,automobiles,1649050000000.0,184567.0,61.0,
1321,,,image-slider-responseMAS,198,2474,1071440,,0.32,train,1c3d61,automobiles,1649050000000.0,184568.0,11.0,
1322,,,image-slider-responseMAS,199,4172,1076610,,0.15,train,4bcf8e,automobiles,1649050000000.0,184569.0,35.0,
1323,,,image-slider-responseMAS,200,14024,1091640,,0.2775,train,3518ad,automobiles,1649050000000.0,184570.0,1.0,
1324,,,image-slider-responseMAS,201,2351,1094990,,0.145,train,db1f9d,automobiles,1649050000000.0,184571.0,19.0,
1325,,,image-slider-responseMAS,202,2319,1098320,,0.5325,train,90689f,automobiles,1649050000000.0,184572.0,15.0,
1326,,,image-slider-responseMAS,203,2219,1101540,,0.34,train,8558f4,automobiles,1649050000000.0,184573.0,2.0,
1327,,,image-slider-responseMAS,204,2343,1104880,,0.8225,train,eddcad,automobiles,1649050000000.0,184574.0,44.0,
1328,,,image-slider-responseMAS,205,2272,1108160,,0.5375,train,a06776,automobiles,1649050000000.0,184575.0,31.0,
1329,,,image-slider-responseMAS,206,2622,1111780,,0.2225,train,e81a4b,automobiles,1649050000000.0,184576.0,49.0,
1330,,,image-slider-responseMAS,207,2703,1115490,,0.445,train,e6a8b7,automobiles,1649050000000.0,184577.0,32.0,
1331,,,image-slider-responseMAS,208,1763,1118250,,0.305,train,cd26c7,automobiles,1649050000000.0,184578.0,9.0,
1332,,,image-slider-responseMAS,209,2146,1121400,,0.5375,train,a0bae6,automobiles,1649050000000.0,184579.0,13.0,
1333,,,image-slider-responseMAS,210,2786,1125190,,0.395,train,f7a75a,automobiles,1649050000000.0,184580.0,60.0,
1334,,,image-slider-responseMAS,211,4784,1130980,,0.565,train,443b14,automobiles,1649050000000.0,184581.0,41.0,
1335,,,image-slider-responseMAS,212,2316,1134300,,0.19,train,c8e97d,automobiles,1649050000000.0,184582.0,55.0,
1336,,,image-slider-responseMAS,213,2493,1137790,,0.4075,train,c34f74,automobiles,1649050000000.0,184583.0,33.0,
1337,,,image-slider-responseMAS,214,2198,1140990,,0.285,train,67cf5c,automobiles,1649050000000.0,184584.0,51.0,
1338,,,image-slider-responseMAS,215,2095,1144090,,0.245,train,b62ef2,automobiles,1649050000000.0,184585.0,3.0,
1339,,,image-slider-responseMAS,216,1975,1147070,,0.3325,train,fba714,automobiles,1649050000000.0,184586.0,70.0,
1340,,,image-slider-responseMAS,217,3514,1151590,,0.3,train,a553c8,automobiles,1649050000000.0,184587.0,8.0,
1341,,,image-slider-responseMAS,218,3122,1155710,,0.125,train,39f6e0,automobiles,1649050000000.0,184588.0,20.0,
1342,,,image-slider-responseMAS,219,1967,1158680,,0.3775,train,a3c55b,automobiles,1649050000000.0,184589.0,54.0,
1343,,,image-slider-responseMAS,220,2410,1162090,,0.225,train,a2eade,automobiles,1649050000000.0,184590.0,23.0,
1344,,,image-slider-responseMAS,221,2029,1165130,,0.2475,train,d0e942,automobiles,1649050000000.0,184591.0,67.0,
1345,,,image-slider-responseMAS,222,3939,1170070,,0.8825,train,777777,automobiles,1649050000000.0,184592.0,26.0,
1346,,,image-slider-responseMAS,223,2500,1173570,,0.4175,train,3b8378,automobiles,1649050000000.0,184593.0,21.0,
1347,,,image-slider-responseMAS,224,2532,1177100,,0.5325,train,ea1d1d,automobiles,1649050000000.0,184594.0,62.0,
1348,,,image-slider-responseMAS,225,2279,1180390,,0.215,train,aac510,automobiles,1649050000000.0,184595.0,66.0,
1652,,,image-slider-responseMAS,155,5270.2,603762,,0.5575,train,b9b9b9,automobiles,1649050000000.0,184899.0,27.0,
1653,,,image-slider-responseMAS,156,2554.6,607323,,0.5375,train,ffffff,automobiles,1649050000000.0,184900.0,28.0,
1654,,,image-slider-responseMAS,157,1524.7,609852,,0.595,train,2e3086,automobiles,1649050000000.0,184901.0,5.0,
1655,,,image-slider-responseMAS,158,2835.5,613693,,0.57,train,73f5b0,automobiles,1649050000000.0,184902.0,36.0,
1656,,,image-slider-responseMAS,159,3540.9,618240,,0.865,train,3b8378,automobiles,1649050000000.0,184903.0,21.0,
1657,,,image-slider-responseMAS,160,3588.3,622836,,0.855,train,608218,automobiles,1649050000000.0,184904.0,53.0,
1658,,,image-slider-responseMAS,161,2544.6,626388,,0.825,train,a3c55b,automobiles,1649050000000.0,184905.0,54.0,
1659,,,image-slider-responseMAS,162,1519,628911,,0.7975,train,3518ad,automobiles,1649050000000.0,184906.0,1.0,
1660,,,image-slider-responseMAS,163,1949.3,631866,,0.5875,train,f7db7c,automobiles,1649050000000.0,184907.0,58.0,
1661,,,image-slider-responseMAS,164,3119.9,635991,,0.63,train,90689f,automobiles,1649050000000.0,184908.0,15.0,
1662,,,image-slider-responseMAS,165,1777.4,638773,,0.5775,train,746bca,automobiles,1649050000000.0,184909.0,6.0,
1663,,,image-slider-responseMAS,166,3084.8,642864,,0.565,train,f1a78a,automobiles,1649050000000.0,184910.0,47.0,
1664,,,image-slider-responseMAS,167,2285.2,646152,,0.5625,train,0,automobiles,1649050000000.0,184911.0,24.0,
1665,,,image-slider-responseMAS,168,2111.8,649270,,0.6925,train,4bcf8e,automobiles,1649050000000.0,184912.0,35.0,
1666,,,image-slider-responseMAS,169,4079.7,654355,,0.6475,train,55824d,automobiles,1649050000000.0,184913.0,38.0,
1667,,,image-slider-responseMAS,170,2821.6,658182,,0.445,train,443b14,automobiles,1649050000000.0,184914.0,41.0,
1668,,,image-slider-responseMAS,171,4054.5,663241,,0.1075,train,600b84,automobiles,1649050000000.0,184915.0,7.0,
1669,,,image-slider-responseMAS,172,3220.1,667469,,0.705,train,aac510,automobiles,1649050000000.0,184916.0,66.0,
1670,,,image-slider-responseMAS,173,3219.7,671694,,0.325,train,897618,automobiles,1649050000000.0,184917.0,56.0,
1671,,,image-slider-responseMAS,174,3412.1,676113,,0.3425,train,72005e,automobiles,1649050000000.0,184918.0,17.0,
1672,,,image-slider-responseMAS,175,6066.7,683185,,0.6375,train,a8664b,automobiles,1649050000000.0,184919.0,46.0,
1673,,,image-slider-responseMAS,176,2539.8,686729,,0.255,train,512d5f,automobiles,1649050000000.0,184920.0,14.0,
1674,,,image-slider-responseMAS,177,5518.4,693255,,0.6475,train,0e8a19,automobiles,1649050000000.0,184921.0,50.0,
1675,,,image-slider-responseMAS,178,3877.2,698139,,0.8475,train,baeaaf,automobiles,1649050000000.0,184922.0,40.0,
1676,,,image-slider-responseMAS,179,7983.7,707128,,0.7075,train,184415,automobiles,1649050000000.0,184923.0,37.0,
1677,,,image-slider-responseMAS,180,2575.1,710707,,0.655,train,8cf47e,automobiles,1649050000000.0,184924.0,52.0,
1678,,,image-slider-responseMAS,181,4759.8,716470,,0.36,train,a553c8,automobiles,1649050000000.0,184925.0,8.0,
1679,,,image-slider-responseMAS,182,2192.3,719669,,0.1475,train,e31b73,automobiles,1649050000000.0,184926.0,34.0,
1680,,,image-slider-responseMAS,183,9008.3,729683,,0.685,train,eddcad,automobiles,1649050000000.0,184927.0,44.0,
1681,,,image-slider-responseMAS,184,1768.5,732457,,0.715,train,dddddd,automobiles,1649050000000.0,184928.0,29.0,
1682,,,image-slider-responseMAS,185,5340.6,738804,,0.64,train,5e2b3a,automobiles,1649050000000.0,184929.0,30.0,
1683,,,image-slider-responseMAS,186,1913.5,741722,,0.68,train,ac6619,automobiles,1649050000000.0,184930.0,59.0,
1684,,,image-slider-responseMAS,187,11163.6,753892,,0.635,train,fcdb42,automobiles,1649050000000.0,184931.0,69.0,
1685,,,image-slider-responseMAS,188,2467.3,757363,,0.6075,train,fba714,automobiles,1649050000000.0,184932.0,70.0,
1686,,,image-slider-responseMAS,189,2173.3,760541,,0.6425,train,c8e97d,automobiles,1649050000000.0,184933.0,55.0,
1687,,,image-slider-responseMAS,190,2223,763771,,0.32,train,c94e4b,automobiles,1649050000000.0,184934.0,48.0,
1688,,,image-slider-responseMAS,191,1871.5,766650,,0.2975,train,cc4f1b,automobiles,1649050000000.0,184935.0,61.0,
1689,,,image-slider-responseMAS,192,2313.1,769968,,0.67,train,f7a75a,automobiles,1649050000000.0,184936.0,60.0,
1690,,,image-slider-responseMAS,193,6061.8,777036,,0.3175,train,e6a8b7,automobiles,1649050000000.0,184937.0,32.0,
1691,,,image-slider-responseMAS,194,1583.9,779626,,0.2775,train,b8509e,automobiles,1649050000000.0,184938.0,18.0,
1692,,,image-slider-responseMAS,195,2489.3,783121,,0.2125,train,077acc,automobiles,1649050000000.0,184939.0,4.0,
1693,,,image-slider-responseMAS,196,2440.6,786567,,0.0275,train,ea1d1d,automobiles,1649050000000.0,184940.0,62.0,
1694,,,image-slider-responseMAS,197,3179.7,790753,,0.695,train,3b3b3b,automobiles,1649050000000.0,184941.0,25.0,
1695,,,image-slider-responseMAS,198,1394.9,793153,,0.6725,train,c7b88b,automobiles,1649050000000.0,184942.0,43.0,
1696,,,image-slider-responseMAS,199,2312.7,796472,,0.3575,train,d5a9e4,automobiles,1649050000000.0,184943.0,16.0,
1697,,,image-slider-responseMAS,200,1792.6,799270,,0.28,train,c34f74,automobiles,1649050000000.0,184944.0,33.0,
1698,,,image-slider-responseMAS,201,2651.4,802927,,0.765,train,83764c,automobiles,1649050000000.0,184945.0,42.0,
1699,,,image-slider-responseMAS,202,3901.4,807834,,0.3275,train,b62ef2,automobiles,1649050000000.0,184946.0,3.0,
1700,,,image-slider-responseMAS,203,2761.7,811602,,0.685,train,d0b85a,automobiles,1649050000000.0,184947.0,57.0,
1701,,,image-slider-responseMAS,204,3235.2,815841,,0.8,train,5e78a1,automobiles,1649050000000.0,184948.0,12.0,
1702,,,image-slider-responseMAS,205,5310.9,822155,,0.335,train,4dc7e8,automobiles,1649050000000.0,184949.0,10.0,
1703,,,image-slider-responseMAS,206,4339.3,827499,,0.335,train,2f6ef6,automobiles,1649050000000.0,184950.0,0.0,
1704,,,image-slider-responseMAS,207,2516.7,831022,,0.735,train,96c58c,automobiles,1649050000000.0,184951.0,39.0,
1705,,,image-slider-responseMAS,208,3519.8,835550,,0.65,train,1c3d61,automobiles,1649050000000.0,184952.0,11.0,
1706,,,image-slider-responseMAS,209,1242.8,837796,,0.3125,train,39f6e0,automobiles,1649050000000.0,184953.0,20.0,
1707,,,image-slider-responseMAS,210,1782.9,840585,,0.05,train,e81a4b,automobiles,1649050000000.0,184954.0,49.0,
1708,,,image-slider-responseMAS,211,2529.5,844120,,0.045,train,3efe44,automobiles,1649050000000.0,184955.0,63.0,
1709,,,image-slider-responseMAS,212,3010.8,848136,,0.15,train,73cf10,automobiles,1649050000000.0,184956.0,64.0,
1710,,,image-slider-responseMAS,213,2401,851543,,0.5925,train,777777,automobiles,1649050000000.0,184957.0,26.0,
1711,,,image-slider-responseMAS,214,1281.2,853829,,0.74,train,a0bae6,automobiles,1649050000000.0,184958.0,13.0,
1712,,,image-slider-responseMAS,215,1320.5,856153,,0.8275,train,d5b811,automobiles,1649050000000.0,184959.0,68.0,
1713,,,image-slider-responseMAS,216,1584.8,858745,,0.1425,train,cd26c7,automobiles,1649050000000.0,184960.0,9.0,
1714,,,image-slider-responseMAS,217,3325.4,863075,,0.4025,train,632b14,automobiles,1649050000000.0,184961.0,45.0,
1715,,,image-slider-responseMAS,218,1407.7,865487,,0.075,train,67cf5c,automobiles,1649050000000.0,184962.0,51.0,
1716,,,image-slider-responseMAS,219,1222.7,867715,,0.2525,train,9af443,automobiles,1649050000000.0,184963.0,65.0,
1717,,,image-slider-responseMAS,220,1428.2,870146,,0.8125,train,7ec6ba,automobiles,1649050000000.0,184964.0,22.0,
1718,,,image-slider-responseMAS,221,1021.2,872173,,0.78,train,d0e942,automobiles,1649050000000.0,184965.0,67.0,
1719,,,image-slider-responseMAS,222,1883.4,875062,,0.185,train,db1f9d,automobiles,1649050000000.0,184966.0,19.0,
1720,,,image-slider-responseMAS,223,3819.7,879887,,0.525,train,8558f4,automobiles,1649050000000.0,184967.0,2.0,
1721,,,image-slider-responseMAS,224,2336.2,883227,,0.82,train,a06776,automobiles,1649050000000.0,184968.0,31.0,
1722,,,image-slider-responseMAS,225,1268.1,885502,,0.6925,train,a2eade,automobiles,1649050000000.0,184969.0,23.0,
2026,,,image-slider-responseMAS,155,2247.3,889780,,0.76,train,cd26c7,automobiles,1649080000000.0,185273.0,9.0,
2027,,,image-slider-responseMAS,156,4455.7,895238,,0.36,train,c34f74,automobiles,1649080000000.0,185274.0,33.0,
2028,,,image-slider-responseMAS,157,10091.8,906331,,0.6425,train,2e3086,automobiles,1649080000000.0,185275.0,5.0,
2029,,,image-slider-responseMAS,158,3502.1,910843,,0.57,train,d5b811,automobiles,1649080000000.0,185276.0,68.0,
2030,,,image-slider-responseMAS,159,4542.7,916388,,0.315,train,a06776,automobiles,1649080000000.0,185277.0,31.0,
2031,,,image-slider-responseMAS,160,2583.4,919974,,0.55,train,c94e4b,automobiles,1649080000000.0,185278.0,48.0,
2032,,,image-slider-responseMAS,161,3488.4,924464,,0.67,train,4bcf8e,automobiles,1649080000000.0,185279.0,35.0,
2033,,,image-slider-responseMAS,162,3045.2,928520,,0.9375,train,3efe44,automobiles,1649080000000.0,185280.0,63.0,
2034,,,image-slider-responseMAS,163,8475.7,937998,,0.685,train,077acc,automobiles,1649080000000.0,185281.0,4.0,
2035,,,image-slider-responseMAS,164,2653.3,941654,,0.845,train,184415,automobiles,1649080000000.0,185282.0,37.0,
2036,,,image-slider-responseMAS,165,3910.9,946566,,0.175,train,600b84,automobiles,1649080000000.0,185283.0,7.0,
2037,,,image-slider-responseMAS,166,2377.8,949946,,0.2675,train,746bca,automobiles,1649080000000.0,185284.0,6.0,
2038,,,image-slider-responseMAS,167,3271.5,954220,,0.61,train,b62ef2,automobiles,1649080000000.0,185285.0,3.0,
2039,,,image-slider-responseMAS,168,2859.5,958085,,0.035,train,512d5f,automobiles,1649080000000.0,185286.0,14.0,
2040,,,image-slider-responseMAS,169,2932.1,962018,,0.0425,train,c7b88b,automobiles,1649080000000.0,185287.0,43.0,
2041,,,image-slider-responseMAS,170,2224.2,965244,,0.98,train,ea1d1d,automobiles,1649080000000.0,185288.0,62.0,
2042,,,image-slider-responseMAS,171,3294.4,969541,,0.1775,train,90689f,automobiles,1649080000000.0,185289.0,15.0,
2043,,,image-slider-responseMAS,172,2553,973096,,0.7975,train,0e8a19,automobiles,1649080000000.0,185290.0,50.0,
2044,,,image-slider-responseMAS,173,3093.5,977193,,0.66,train,8cf47e,automobiles,1649080000000.0,185291.0,52.0,
2045,,,image-slider-responseMAS,174,2701,980895,,0.5675,train,73f5b0,automobiles,1649080000000.0,185292.0,36.0,
2046,,,image-slider-responseMAS,175,4296.1,986193,,0.12,train,0,automobiles,1649080000000.0,185293.0,24.0,
2047,,,image-slider-responseMAS,176,2500.6,989695,,0.7025,train,fcdb42,automobiles,1649080000000.0,185294.0,69.0,
2048,,,image-slider-responseMAS,177,3118.8,993815,,0.63,train,f7a75a,automobiles,1649080000000.0,185295.0,60.0,
2049,,,image-slider-responseMAS,178,3099.9,997917,,0.1625,train,443b14,automobiles,1649080000000.0,185296.0,41.0,
2050,,,image-slider-responseMAS,179,2508.9,1001430,,0.675,train,3b8378,automobiles,1649080000000.0,185297.0,21.0,
2051,,,image-slider-responseMAS,180,4217,1006660,,0.56,train,72005e,automobiles,1649080000000.0,185298.0,17.0,
2052,,,image-slider-responseMAS,181,3172.1,1010830,,0.6775,train,3518ad,automobiles,1649080000000.0,185299.0,1.0,
2053,,,image-slider-responseMAS,182,2462,1014290,,0.5775,train,608218,automobiles,1649080000000.0,185300.0,53.0,
2054,,,image-slider-responseMAS,183,2306.5,1017600,,0.58,train,7ec6ba,automobiles,1649080000000.0,185301.0,22.0,
2055,,,image-slider-responseMAS,184,2647.2,1021250,,0.13,train,b9b9b9,automobiles,1649080000000.0,185302.0,27.0,
2056,,,image-slider-responseMAS,185,3465.3,1025730,,0.6225,train,1c3d61,automobiles,1649080000000.0,185303.0,11.0,
2057,,,image-slider-responseMAS,186,2586.3,1029320,,0.22,train,baeaaf,automobiles,1649080000000.0,185304.0,40.0,
2058,,,image-slider-responseMAS,187,3794.9,1034120,,0.6475,train,897618,automobiles,1649080000000.0,185305.0,56.0,
2059,,,image-slider-responseMAS,188,4333.7,1039460,,0.1925,train,f1a78a,automobiles,1649080000000.0,185306.0,47.0,
2060,,,image-slider-responseMAS,189,4145.2,1044610,,0.665,train,83764c,automobiles,1649080000000.0,185307.0,42.0,
2061,,,image-slider-responseMAS,190,69714.2,1115340,,0.87,train,2f6ef6,automobiles,1649080000000.0,185308.0,0.0,
2062,,,image-slider-responseMAS,191,2807.8,1119150,,0.575,train,632b14,automobiles,1649080000000.0,185309.0,45.0,
2063,,,image-slider-responseMAS,192,3185.5,1123340,,0.265,train,96c58c,automobiles,1649080000000.0,185310.0,39.0,
2064,,,image-slider-responseMAS,193,26810.7,1151160,,0.605,train,f7db7c,automobiles,1649080000000.0,185311.0,58.0,
2065,,,image-slider-responseMAS,194,5096.7,1157260,,0.325,train,a8664b,automobiles,1649080000000.0,185312.0,46.0,
2066,,,image-slider-responseMAS,195,3448.6,1161710,,0.19,train,d5a9e4,automobiles,1649080000000.0,185313.0,16.0,
2067,,,image-slider-responseMAS,196,2523.8,1165240,,0.8525,train,cc4f1b,automobiles,1649080000000.0,185314.0,61.0,
2068,,,image-slider-responseMAS,197,2483,1168730,,0.685,train,ac6619,automobiles,1649080000000.0,185315.0,59.0,
2069,,,image-slider-responseMAS,198,2694.7,1172420,,0.0575,train,ffffff,automobiles,1649080000000.0,185316.0,28.0,
2070,,,image-slider-responseMAS,199,2816.6,1176260,,0.645,train,4dc7e8,automobiles,1649080000000.0,185317.0,10.0,
2071,,,image-slider-responseMAS,200,3694,1180950,,0.605,train,777777,automobiles,1649080000000.0,185318.0,26.0,
2072,,,image-slider-responseMAS,201,3032.2,1184990,,0.785,train,39f6e0,automobiles,1649080000000.0,185319.0,20.0,
2073,,,image-slider-responseMAS,202,2839.8,1188840,,0.5425,train,c8e97d,automobiles,1649080000000.0,185320.0,55.0,
2074,,,image-slider-responseMAS,203,3331.8,1193180,,0.5825,train,aac510,automobiles,1649080000000.0,185321.0,66.0,
2075,,,image-slider-responseMAS,204,2438.2,1196620,,0.835,train,e81a4b,automobiles,1649080000000.0,185322.0,49.0,
2076,,,image-slider-responseMAS,205,3417.6,1201040,,0.0875,train,3b3b3b,automobiles,1649080000000.0,185323.0,25.0,
2077,,,image-slider-responseMAS,206,2657.5,1204710,,0.0775,train,a0bae6,automobiles,1649080000000.0,185324.0,13.0,
2078,,,image-slider-responseMAS,207,4275.5,1210000,,0.6225,train,fba714,automobiles,1649080000000.0,185325.0,70.0,
2079,,,image-slider-responseMAS,208,2631.6,1213630,,0.645,train,5e78a1,automobiles,1649080000000.0,185326.0,12.0,
2080,,,image-slider-responseMAS,209,3623.8,1218260,,0.81,train,73cf10,automobiles,1649080000000.0,185327.0,64.0,
2081,,,image-slider-responseMAS,210,6231.3,1225500,,0.0375,train,eddcad,automobiles,1649080000000.0,185328.0,44.0,
2082,,,image-slider-responseMAS,211,2509,1229010,,0.3225,train,b8509e,automobiles,1649080000000.0,185329.0,18.0,
2083,,,image-slider-responseMAS,212,2804.8,1232820,,0.1425,train,d0b85a,automobiles,1649080000000.0,185330.0,57.0,
2084,,,image-slider-responseMAS,213,4534.5,1238360,,0.175,train,5e2b3a,automobiles,1649080000000.0,185331.0,30.0,
2085,,,image-slider-responseMAS,214,2662.2,1242020,,0.0375,train,dddddd,automobiles,1649080000000.0,185332.0,29.0,
2086,,,image-slider-responseMAS,215,3656.5,1246680,,0.585,train,55824d,automobiles,1649080000000.0,185333.0,38.0,
2087,,,image-slider-responseMAS,216,5166.9,1252850,,0.66,train,e31b73,automobiles,1649080000000.0,185334.0,34.0,
2088,,,image-slider-responseMAS,217,5072.6,1258930,,0.435,train,db1f9d,automobiles,1649080000000.0,185335.0,19.0,
2089,,,image-slider-responseMAS,218,3001.1,1262930,,0.1975,train,a553c8,automobiles,1649080000000.0,185336.0,8.0,
2090,,,image-slider-responseMAS,219,3734,1267660,,0.1975,train,e6a8b7,automobiles,1649080000000.0,185337.0,32.0,
2091,,,image-slider-responseMAS,220,3093.3,1271760,,0.935,train,9af443,automobiles,1649080000000.0,185338.0,65.0,
2092,,,image-slider-responseMAS,221,2701.7,1275460,,0.675,train,d0e942,automobiles,1649080000000.0,185339.0,67.0,
2093,,,image-slider-responseMAS,222,2869.3,1279330,,0.22,train,8558f4,automobiles,1649080000000.0,185340.0,2.0,
2094,,,image-slider-responseMAS,223,2324.1,1282660,,0.7025,train,67cf5c,automobiles,1649080000000.0,185341.0,51.0,
2095,,,image-slider-responseMAS,224,2107.6,1285770,,0.17,train,a2eade,automobiles,1649080000000.0,185342.0,23.0,
2096,,,image-slider-responseMAS,225,2587.3,1289370,,0.635,train,a3c55b,automobiles,1649080000000.0,185343.0,54.0,
2400,,,image-slider-responseMAS,155,9283,644580,,0.4925,train,55824d,automobiles,1649090000000.0,185647.0,38.0,
2401,,,image-slider-responseMAS,156,1556,647139,,0.5025,train,8cf47e,automobiles,1649090000000.0,185648.0,52.0,
2402,,,image-slider-responseMAS,157,5295,653436,,0.43,train,4dc7e8,automobiles,1649090000000.0,185649.0,10.0,
2403,,,image-slider-responseMAS,158,1605,656042,,0.4475,train,184415,automobiles,1649090000000.0,185650.0,37.0,
2404,,,image-slider-responseMAS,159,1811,658856,,0.5575,train,b8509e,automobiles,1649090000000.0,185651.0,18.0,
2405,,,image-slider-responseMAS,160,1404,661263,,0.585,train,f1a78a,automobiles,1649090000000.0,185652.0,47.0,
2406,,,image-slider-responseMAS,161,1565,663830,,0.35,train,608218,automobiles,1649090000000.0,185653.0,53.0,
2407,,,image-slider-responseMAS,162,1176,666009,,0.83,train,ea1d1d,automobiles,1649090000000.0,185654.0,62.0,
2408,,,image-slider-responseMAS,163,2364,669376,,0.335,train,96c58c,automobiles,1649090000000.0,185655.0,39.0,
2409,,,image-slider-responseMAS,164,2158,672536,,0.22,train,39f6e0,automobiles,1649090000000.0,185656.0,20.0,
2410,,,image-slider-responseMAS,165,2120,675659,,0.285,train,73f5b0,automobiles,1649090000000.0,185657.0,36.0,
2411,,,image-slider-responseMAS,166,3141,679803,,0.605,train,dddddd,automobiles,1649090000000.0,185658.0,29.0,
2412,,,image-slider-responseMAS,167,2886,683691,,0.725,train,f7a75a,automobiles,1649090000000.0,185659.0,60.0,
2413,,,image-slider-responseMAS,168,1643,686337,,0.665,train,cd26c7,automobiles,1649090000000.0,185660.0,9.0,
2414,,,image-slider-responseMAS,169,2857,690196,,0.8125,train,c94e4b,automobiles,1649090000000.0,185661.0,48.0,
2415,,,image-slider-responseMAS,170,2618,693817,,0.1675,train,077acc,automobiles,1649090000000.0,185662.0,4.0,
2416,,,image-slider-responseMAS,171,3576,698396,,0.3,train,f7db7c,automobiles,1649090000000.0,185663.0,58.0,
2417,,,image-slider-responseMAS,172,1349,700749,,0.725,train,d5a9e4,automobiles,1649090000000.0,185664.0,16.0,
2418,,,image-slider-responseMAS,173,2015,703767,,0.76,train,600b84,automobiles,1649090000000.0,185665.0,7.0,
2419,,,image-slider-responseMAS,174,3323,708093,,0.39,train,ffffff,automobiles,1649090000000.0,185666.0,28.0,
2420,,,image-slider-responseMAS,175,9227,718323,,0.2375,train,a2eade,automobiles,1649090000000.0,185667.0,23.0,
2421,,,image-slider-responseMAS,176,10256,729581,,0.7425,train,a553c8,automobiles,1649090000000.0,185668.0,8.0,
2422,,,image-slider-responseMAS,177,1500,732084,,0.6625,train,3b3b3b,automobiles,1649090000000.0,185669.0,25.0,
2423,,,image-slider-responseMAS,178,987,734073,,0.715,train,3efe44,automobiles,1649090000000.0,185670.0,63.0,
2424,,,image-slider-responseMAS,179,1216,736292,,0.71,train,fcdb42,automobiles,1649090000000.0,185671.0,69.0,
2425,,,image-slider-responseMAS,180,1611,738906,,0.7075,train,0,automobiles,1649090000000.0,185672.0,24.0,
2426,,,image-slider-responseMAS,181,1271,741180,,0.72,train,e81a4b,automobiles,1649090000000.0,185673.0,49.0,
2427,,,image-slider-responseMAS,182,1350,743533,,0.7375,train,baeaaf,automobiles,1649090000000.0,185674.0,40.0,
2428,,,image-slider-responseMAS,183,1382,745918,,0.83,train,4bcf8e,automobiles,1649090000000.0,185675.0,35.0,
2429,,,image-slider-responseMAS,184,1492,748413,,0.2,train,9af443,automobiles,1649090000000.0,185676.0,65.0,
2430,,,image-slider-responseMAS,185,1524,750940,,0.825,train,632b14,automobiles,1649090000000.0,185677.0,45.0,
2431,,,image-slider-responseMAS,186,2278,754221,,0.195,train,a3c55b,automobiles,1649090000000.0,185678.0,54.0,
2432,,,image-slider-responseMAS,187,1288,756510,,0.7775,train,897618,automobiles,1649090000000.0,185679.0,56.0,
2433,,,image-slider-responseMAS,188,1169,758681,,0.76,train,fba714,automobiles,1649090000000.0,185680.0,70.0,
2434,,,image-slider-responseMAS,189,1127,760812,,0.7975,train,b62ef2,automobiles,1649090000000.0,185681.0,3.0,
2435,,,image-slider-responseMAS,190,1192,763007,,0.8325,train,db1f9d,automobiles,1649090000000.0,185682.0,19.0,
2436,,,image-slider-responseMAS,191,2816,766826,,0.2925,train,7ec6ba,automobiles,1649090000000.0,185683.0,22.0,
2437,,,image-slider-responseMAS,192,1880,769708,,0.23,train,aac510,automobiles,1649090000000.0,185684.0,66.0,
2438,,,image-slider-responseMAS,193,2802,773512,,0.2025,train,3518ad,automobiles,1649090000000.0,185685.0,1.0,
2439,,,image-slider-responseMAS,194,1572,776086,,0.72,train,8558f4,automobiles,1649090000000.0,185686.0,2.0,
2440,,,image-slider-responseMAS,195,4274,781363,,0.8225,train,512d5f,automobiles,1649090000000.0,185687.0,14.0,
2441,,,image-slider-responseMAS,196,1667,784034,,0.735,train,a8664b,automobiles,1649090000000.0,185688.0,46.0,
2442,,,image-slider-responseMAS,197,1613,786648,,0.7575,train,a06776,automobiles,1649090000000.0,185689.0,31.0,
2443,,,image-slider-responseMAS,198,2356,790006,,0.23,train,1c3d61,automobiles,1649090000000.0,185690.0,11.0,
2444,,,image-slider-responseMAS,199,2341,793350,,0.4,train,eddcad,automobiles,1649090000000.0,185691.0,44.0,
2445,,,image-slider-responseMAS,200,4527,798880,,0.79,train,746bca,automobiles,1649090000000.0,185692.0,6.0,
2446,,,image-slider-responseMAS,201,7178,807061,,0.68,train,d0b85a,automobiles,1649090000000.0,185693.0,57.0,
2447,,,image-slider-responseMAS,202,2057,810120,,0.19,train,c8e97d,automobiles,1649090000000.0,185694.0,55.0,
2448,,,image-slider-responseMAS,203,2808,813931,,0.2275,train,777777,automobiles,1649090000000.0,185695.0,26.0,
2449,,,image-slider-responseMAS,204,2451,817385,,0.31,train,c7b88b,automobiles,1649090000000.0,185696.0,43.0,
2450,,,image-slider-responseMAS,205,2023,820411,,0.205,train,73cf10,automobiles,1649090000000.0,185697.0,64.0,
2451,,,image-slider-responseMAS,206,6921,828335,,0.27,train,2f6ef6,automobiles,1649090000000.0,185698.0,0.0,
2452,,,image-slider-responseMAS,207,2417,831756,,0.3225,train,d5b811,automobiles,1649090000000.0,185699.0,68.0,
2453,,,image-slider-responseMAS,208,1645,834402,,0.205,train,a0bae6,automobiles,1649090000000.0,185700.0,13.0,
2454,,,image-slider-responseMAS,209,1224,836629,,0.72,train,2e3086,automobiles,1649090000000.0,185701.0,5.0,
2455,,,image-slider-responseMAS,210,1897,839528,,0.2875,train,67cf5c,automobiles,1649090000000.0,185702.0,51.0,
2456,,,image-slider-responseMAS,211,1279,841810,,0.88,train,3b8378,automobiles,1649090000000.0,185703.0,21.0,
2457,,,image-slider-responseMAS,212,1484,844298,,0.395,train,72005e,automobiles,1649090000000.0,185704.0,17.0,
2458,,,image-slider-responseMAS,213,1501,846801,,0.7525,train,90689f,automobiles,1649090000000.0,185705.0,15.0,
2459,,,image-slider-responseMAS,214,1636,849439,,0.345,train,e6a8b7,automobiles,1649090000000.0,185706.0,32.0,
2460,,,image-slider-responseMAS,215,1532,851975,,0.765,train,e31b73,automobiles,1649090000000.0,185707.0,34.0,
2461,,,image-slider-responseMAS,216,1730,854706,,0.7825,train,0e8a19,automobiles,1649090000000.0,185708.0,50.0,
2462,,,image-slider-responseMAS,217,1113,856822,,0.7625,train,d0e942,automobiles,1649090000000.0,185709.0,67.0,
2463,,,image-slider-responseMAS,218,1493,859317,,0.2625,train,5e2b3a,automobiles,1649090000000.0,185710.0,30.0,
2464,,,image-slider-responseMAS,219,1660,861980,,0.7525,train,443b14,automobiles,1649090000000.0,185711.0,41.0,
2465,,,image-slider-responseMAS,220,1826,864809,,0.24,train,ac6619,automobiles,1649090000000.0,185712.0,59.0,
2466,,,image-slider-responseMAS,221,1336,867147,,0.7625,train,c34f74,automobiles,1649090000000.0,185713.0,33.0,
2467,,,image-slider-responseMAS,222,1222,869373,,0.725,train,5e78a1,automobiles,1649090000000.0,185714.0,12.0,
2468,,,image-slider-responseMAS,223,1840,872215,,0.7625,train,cc4f1b,automobiles,1649090000000.0,185715.0,61.0,
2469,,,image-slider-responseMAS,224,1090,874308,,0.775,train,b9b9b9,automobiles,1649090000000.0,185716.0,27.0,
2470,,,image-slider-responseMAS,225,1991,877302,,0.6675,train,83764c,automobiles,1649090000000.0,185717.0,42.0,
2774,,,image-slider-responseMAS,155,2210.6,496935,,0.6725,train,897618,automobiles,1649090000000.0,186021.0,56.0,
2775,,,image-slider-responseMAS,156,1546.4,499488,,0.625,train,2e3086,automobiles,1649090000000.0,186022.0,5.0,
2776,,,image-slider-responseMAS,157,1466,501962,,0.61,train,3b8378,automobiles,1649090000000.0,186023.0,21.0,
2777,,,image-slider-responseMAS,158,1341.9,504308,,0.3525,train,b62ef2,automobiles,1649090000000.0,186024.0,3.0,
2778,,,image-slider-responseMAS,159,1894.1,507205,,0.245,train,d0b85a,automobiles,1649090000000.0,186025.0,57.0,
2779,,,image-slider-responseMAS,160,1437.7,509646,,0.3875,train,a3c55b,automobiles,1649090000000.0,186026.0,54.0,
2780,,,image-slider-responseMAS,161,1915.3,512567,,0.0,train,c8e97d,automobiles,1649090000000.0,186027.0,55.0,
2781,,,image-slider-responseMAS,162,3351.9,516923,,0.0825,train,b8509e,automobiles,1649090000000.0,186028.0,18.0,
2782,,,image-slider-responseMAS,163,1950.1,519877,,0.2725,train,d0e942,automobiles,1649090000000.0,186029.0,67.0,
2783,,,image-slider-responseMAS,164,1373.9,522254,,0.7725,train,1c3d61,automobiles,1649090000000.0,186030.0,11.0,
2784,,,image-slider-responseMAS,165,1501.3,524759,,0.845,train,0,automobiles,1649090000000.0,186031.0,24.0,
2785,,,image-slider-responseMAS,166,1334.3,527098,,0.2625,train,96c58c,automobiles,1649090000000.0,186032.0,39.0,
2786,,,image-slider-responseMAS,167,2077.2,530178,,0.6825,train,5e78a1,automobiles,1649090000000.0,186033.0,12.0,
2787,,,image-slider-responseMAS,168,1535,532714,,0.8225,train,a8664b,automobiles,1649090000000.0,186034.0,46.0,
2788,,,image-slider-responseMAS,169,2125.4,535842,,0.34,train,8cf47e,automobiles,1649090000000.0,186035.0,52.0,
2789,,,image-slider-responseMAS,170,6062.9,544110,,1.0,train,5e2b3a,automobiles,1649090000000.0,186036.0,30.0,
2790,,,image-slider-responseMAS,171,1547.2,546661,,0.085,train,ea1d1d,automobiles,1649090000000.0,186037.0,62.0,
2791,,,image-slider-responseMAS,172,1658.5,549324,,0.785,train,184415,automobiles,1649090000000.0,186038.0,37.0,
2792,,,image-slider-responseMAS,173,1814.7,552142,,0.0,train,8558f4,automobiles,1649090000000.0,186039.0,2.0,
2793,,,image-slider-responseMAS,174,2383.5,555530,,0.7775,train,ac6619,automobiles,1649090000000.0,186040.0,59.0,
2794,,,image-slider-responseMAS,175,1463.3,557997,,0.755,train,b9b9b9,automobiles,1649090000000.0,186041.0,27.0,
2795,,,image-slider-responseMAS,176,2072.4,561076,,0.14,train,72005e,automobiles,1649090000000.0,186042.0,17.0,
2796,,,image-slider-responseMAS,177,1836.7,563916,,0.1975,train,73cf10,automobiles,1649090000000.0,186043.0,64.0,
2797,,,image-slider-responseMAS,178,6889.1,571809,,0.5025,train,3518ad,automobiles,1649090000000.0,186044.0,1.0,
2798,,,image-slider-responseMAS,179,2356.5,575169,,0.6375,train,c7b88b,automobiles,1649090000000.0,186045.0,43.0,
2799,,,image-slider-responseMAS,180,1694.1,577866,,0.21,train,a06776,automobiles,1649090000000.0,186046.0,31.0,
2800,,,image-slider-responseMAS,181,1525.3,580395,,0.8075,train,443b14,automobiles,1649090000000.0,186047.0,41.0,
2801,,,image-slider-responseMAS,182,1635.8,583037,,0.31,train,9af443,automobiles,1649090000000.0,186048.0,65.0,
2802,,,image-slider-responseMAS,183,1602,585646,,0.2125,train,90689f,automobiles,1649090000000.0,186049.0,15.0,
2803,,,image-slider-responseMAS,184,2433,589085,,0.0,train,e81a4b,automobiles,1649090000000.0,186050.0,49.0,
2804,,,image-slider-responseMAS,185,1691,591783,,0.27,train,eddcad,automobiles,1649090000000.0,186051.0,44.0,
2805,,,image-slider-responseMAS,186,2501,595288,,0.29,train,4dc7e8,automobiles,1649090000000.0,186052.0,10.0,
2806,,,image-slider-responseMAS,187,1692.9,597985,,0.305,train,e31b73,automobiles,1649090000000.0,186053.0,34.0,
2807,,,image-slider-responseMAS,188,2151.9,601145,,0.7275,train,a0bae6,automobiles,1649090000000.0,186054.0,13.0,
2808,,,image-slider-responseMAS,189,1798.8,603947,,0.3725,train,baeaaf,automobiles,1649090000000.0,186055.0,40.0,
2809,,,image-slider-responseMAS,190,1646.3,606596,,0.6075,train,0e8a19,automobiles,1649090000000.0,186056.0,50.0,
2810,,,image-slider-responseMAS,191,3458.7,611057,,0.7525,train,dddddd,automobiles,1649090000000.0,186057.0,29.0,
2811,,,image-slider-responseMAS,192,1706.7,613770,,0.6525,train,f7db7c,automobiles,1649090000000.0,186058.0,58.0,
2812,,,image-slider-responseMAS,193,2421.4,617194,,0.3075,train,077acc,automobiles,1649090000000.0,186059.0,4.0,
2813,,,image-slider-responseMAS,194,1925.3,620123,,0.395,train,c34f74,automobiles,1649090000000.0,186060.0,33.0,
2814,,,image-slider-responseMAS,195,2253.3,623379,,0.285,train,c94e4b,automobiles,1649090000000.0,186061.0,48.0,
2815,,,image-slider-responseMAS,196,1615.1,625997,,0.31,train,f1a78a,automobiles,1649090000000.0,186062.0,47.0,
2816,,,image-slider-responseMAS,197,2841.5,629843,,0.345,train,f7a75a,automobiles,1649090000000.0,186063.0,60.0,
2817,,,image-slider-responseMAS,198,1661.8,632509,,0.61,train,ffffff,automobiles,1649090000000.0,186064.0,28.0,
2818,,,image-slider-responseMAS,199,1673.8,635191,,0.5925,train,cc4f1b,automobiles,1649090000000.0,186065.0,61.0,
2819,,,image-slider-responseMAS,200,1478.7,637672,,0.6125,train,83764c,automobiles,1649090000000.0,186066.0,42.0,
2820,,,image-slider-responseMAS,201,1694.1,640370,,0.3875,train,39f6e0,automobiles,1649090000000.0,186067.0,20.0,
2821,,,image-slider-responseMAS,202,1698.9,643075,,0.3475,train,67cf5c,automobiles,1649090000000.0,186068.0,51.0,
2822,,,image-slider-responseMAS,203,1596.1,645676,,0.415,train,cd26c7,automobiles,1649090000000.0,186069.0,9.0,
2823,,,image-slider-responseMAS,204,2059,648741,,0.37,train,512d5f,automobiles,1649090000000.0,186070.0,14.0,
2824,,,image-slider-responseMAS,205,3976.8,653721,,0.605,train,55824d,automobiles,1649090000000.0,186071.0,38.0,
2825,,,image-slider-responseMAS,206,2137.1,656864,,0.315,train,a553c8,automobiles,1649090000000.0,186072.0,8.0,
2826,,,image-slider-responseMAS,207,1495.1,659362,,0.315,train,4bcf8e,automobiles,1649090000000.0,186073.0,35.0,
2827,,,image-slider-responseMAS,208,2339,662706,,0.595,train,608218,automobiles,1649090000000.0,186074.0,53.0,
2828,,,image-slider-responseMAS,209,2053.7,665762,,0.4025,train,aac510,automobiles,1649090000000.0,186075.0,66.0,
2829,,,image-slider-responseMAS,210,2253.1,669018,,0.3925,train,d5b811,automobiles,1649090000000.0,186076.0,68.0,
2830,,,image-slider-responseMAS,211,6628.7,676652,,0.5725,train,600b84,automobiles,1649090000000.0,186077.0,7.0,
2831,,,image-slider-responseMAS,212,2281.3,679941,,0.585,train,746bca,automobiles,1649090000000.0,186078.0,6.0,
2832,,,image-slider-responseMAS,213,2080.5,683028,,0.335,train,73f5b0,automobiles,1649090000000.0,186079.0,36.0,
2833,,,image-slider-responseMAS,214,2076.8,686108,,0.4325,train,3efe44,automobiles,1649090000000.0,186080.0,63.0,
2834,,,image-slider-responseMAS,215,1786.9,688901,,0.255,train,db1f9d,automobiles,1649090000000.0,186081.0,19.0,
2835,,,image-slider-responseMAS,216,1925.8,691831,,0.7425,train,632b14,automobiles,1649090000000.0,186082.0,45.0,
2836,,,image-slider-responseMAS,217,1383.6,694217,,0.61,train,3b3b3b,automobiles,1649090000000.0,186083.0,25.0,
2837,,,image-slider-responseMAS,218,3616.3,698838,,0.34,train,fcdb42,automobiles,1649090000000.0,186084.0,69.0,
2838,,,image-slider-responseMAS,219,1333.8,701175,,0.2825,train,e6a8b7,automobiles,1649090000000.0,186085.0,32.0,
2839,,,image-slider-responseMAS,220,1287.2,703466,,0.3175,train,7ec6ba,automobiles,1649090000000.0,186086.0,22.0,
2840,,,image-slider-responseMAS,221,1693.2,706163,,0.7375,train,2f6ef6,automobiles,1649090000000.0,186087.0,0.0,
2841,,,image-slider-responseMAS,222,3232.9,710401,,0.3925,train,a2eade,automobiles,1649090000000.0,186088.0,23.0,
2842,,,image-slider-responseMAS,223,1928.8,713337,,0.37,train,d5a9e4,automobiles,1649090000000.0,186089.0,16.0,
2843,,,image-slider-responseMAS,224,2527.5,716872,,0.76,train,777777,automobiles,1649090000000.0,186090.0,26.0,
2844,,,image-slider-responseMAS,225,1992.1,719872,,0.415,train,fba714,automobiles,1649090000000.0,186091.0,70.0,
3149,,,image-slider-responseMAS,155,2360,821420,,0.635,train,3518ad,automobiles,1649100000000.0,186396.0,1.0,
3150,,,image-slider-responseMAS,156,1091,823513,,0.6175,train,077acc,automobiles,1649100000000.0,186397.0,4.0,
3151,,,image-slider-responseMAS,157,1195,825711,,0.61,train,632b14,automobiles,1649100000000.0,186398.0,45.0,
3152,,,image-slider-responseMAS,158,1084,827798,,0.65,train,443b14,automobiles,1649100000000.0,186399.0,41.0,
3153,,,image-slider-responseMAS,159,8055,836857,,0.6925,train,184415,automobiles,1649100000000.0,186400.0,37.0,
3154,,,image-slider-responseMAS,160,1284,839144,,0.6725,train,83764c,automobiles,1649100000000.0,186401.0,42.0,
3155,,,image-slider-responseMAS,161,2447,842594,,0.18,train,600b84,automobiles,1649100000000.0,186402.0,7.0,
3156,,,image-slider-responseMAS,162,5398,848994,,0.1875,train,a553c8,automobiles,1649100000000.0,186403.0,8.0,
3157,,,image-slider-responseMAS,163,2923,852921,,0.8075,train,d5b811,automobiles,1649100000000.0,186404.0,68.0,
3158,,,image-slider-responseMAS,164,1240,855164,,0.685,train,d0b85a,automobiles,1649100000000.0,186405.0,57.0,
3159,,,image-slider-responseMAS,165,1901,858068,,0.6425,train,9af443,automobiles,1649100000000.0,186406.0,65.0,
3160,,,image-slider-responseMAS,166,1241,860312,,0.7525,train,fba714,automobiles,1649100000000.0,186407.0,70.0,
3161,,,image-slider-responseMAS,167,1940,863255,,1.0,train,c94e4b,automobiles,1649100000000.0,186408.0,48.0,
3162,,,image-slider-responseMAS,168,5555,869813,,0.82,train,5e2b3a,automobiles,1649100000000.0,186409.0,30.0,
3163,,,image-slider-responseMAS,169,7122,877939,,0.0,train,cd26c7,automobiles,1649100000000.0,186410.0,9.0,
3164,,,image-slider-responseMAS,170,11068,890010,,0.845,train,608218,automobiles,1649100000000.0,186411.0,53.0,
3165,,,image-slider-responseMAS,171,15773,906786,,0.33,train,eddcad,automobiles,1649100000000.0,186412.0,44.0,
3166,,,image-slider-responseMAS,172,3562,911351,,0.2775,train,e6a8b7,automobiles,1649100000000.0,186413.0,32.0,
3167,,,image-slider-responseMAS,173,3216,915570,,0.815,train,67cf5c,automobiles,1649100000000.0,186414.0,51.0,
3168,,,image-slider-responseMAS,174,82658,999229,,0.68,train,c7b88b,automobiles,1649100000000.0,186415.0,43.0,
3169,,,image-slider-responseMAS,175,5941,1006170,,0.0,train,0,automobiles,1649100000000.0,186416.0,24.0,
3170,,,image-slider-responseMAS,176,1386,1008560,,0.18,train,d0e942,automobiles,1649100000000.0,186417.0,67.0,
3171,,,image-slider-responseMAS,177,4348,1013910,,0.645,train,4bcf8e,automobiles,1649100000000.0,186418.0,35.0,
3172,,,image-slider-responseMAS,178,1468,1016380,,0.6325,train,90689f,automobiles,1649100000000.0,186419.0,15.0,
3173,,,image-slider-responseMAS,179,3937,1021320,,0.6075,train,baeaaf,automobiles,1649100000000.0,186420.0,40.0,
3174,,,image-slider-responseMAS,180,1684,1024010,,0.745,train,777777,automobiles,1649100000000.0,186421.0,26.0,
3175,,,image-slider-responseMAS,181,5058,1030070,,0.6675,train,a2eade,automobiles,1649100000000.0,186422.0,23.0,
3176,,,image-slider-responseMAS,182,4153,1035230,,0.2275,train,746bca,automobiles,1649100000000.0,186423.0,6.0,
3177,,,image-slider-responseMAS,183,1670,1037900,,1.0,train,ea1d1d,automobiles,1649100000000.0,186424.0,62.0,
3178,,,image-slider-responseMAS,184,1814,1040720,,0.8925,train,96c58c,automobiles,1649100000000.0,186425.0,39.0,
3179,,,image-slider-responseMAS,185,2273,1044000,,0.42,train,dddddd,automobiles,1649100000000.0,186426.0,29.0,
3180,,,image-slider-responseMAS,186,1440,1046440,,0.16,train,512d5f,automobiles,1649100000000.0,186427.0,14.0,
3181,,,image-slider-responseMAS,187,1916,1049360,,0.19,train,c8e97d,automobiles,1649100000000.0,186428.0,55.0,
3182,,,image-slider-responseMAS,188,2120,1052480,,0.745,train,8cf47e,automobiles,1649100000000.0,186429.0,52.0,
3183,,,image-slider-responseMAS,189,1189,1054670,,0.29,train,d5a9e4,automobiles,1649100000000.0,186430.0,16.0,
3184,,,image-slider-responseMAS,190,4282,1059960,,1.0,train,55824d,automobiles,1649100000000.0,186431.0,38.0,
3185,,,image-slider-responseMAS,191,1552,1062510,,0.0,train,b62ef2,automobiles,1649100000000.0,186432.0,3.0,
3186,,,image-slider-responseMAS,192,1565,1065080,,0.8275,train,3b8378,automobiles,1649100000000.0,186433.0,21.0,
3187,,,image-slider-responseMAS,193,1939,1068020,,0.635,train,2f6ef6,automobiles,1649100000000.0,186434.0,0.0,
3188,,,image-slider-responseMAS,194,1887,1070910,,0.175,train,b9b9b9,automobiles,1649100000000.0,186435.0,27.0,
3189,,,image-slider-responseMAS,195,2923,1074840,,1.0,train,e81a4b,automobiles,1649100000000.0,186436.0,49.0,
3190,,,image-slider-responseMAS,196,1647,1077490,,0.74,train,c34f74,automobiles,1649100000000.0,186437.0,33.0,
3191,,,image-slider-responseMAS,197,1257,1079750,,0.195,train,e31b73,automobiles,1649100000000.0,186438.0,34.0,
3192,,,image-slider-responseMAS,198,2643,1083390,,0.8775,train,a3c55b,automobiles,1649100000000.0,186439.0,54.0,
3193,,,image-slider-responseMAS,199,2780,1087180,,0.295,train,73cf10,automobiles,1649100000000.0,186440.0,64.0,
3194,,,image-slider-responseMAS,200,2301,1090480,,0.18,train,8558f4,automobiles,1649100000000.0,186441.0,2.0,
3195,,,image-slider-responseMAS,201,2949,1094430,,1.0,train,1c3d61,automobiles,1649100000000.0,186442.0,11.0,
3196,,,image-slider-responseMAS,202,2115,1097550,,0.6925,train,a06776,automobiles,1649100000000.0,186443.0,31.0,
3197,,,image-slider-responseMAS,203,1373,1099920,,0.685,train,f7db7c,automobiles,1649100000000.0,186444.0,58.0,
3198,,,image-slider-responseMAS,204,1962,1102890,,0.6475,train,cc4f1b,automobiles,1649100000000.0,186445.0,61.0,
3199,,,image-slider-responseMAS,205,2931,1106820,,0.6825,train,2e3086,automobiles,1649100000000.0,186446.0,5.0,
3200,,,image-slider-responseMAS,206,1940,1109770,,0.445,train,7ec6ba,automobiles,1649100000000.0,186447.0,22.0,
3201,,,image-slider-responseMAS,207,2992,1113760,,0.875,train,fcdb42,automobiles,1649100000000.0,186448.0,69.0,
3202,,,image-slider-responseMAS,208,1395,1116160,,0.595,train,a8664b,automobiles,1649100000000.0,186449.0,46.0,
3203,,,image-slider-responseMAS,209,2181,1119340,,0.765,train,3efe44,automobiles,1649100000000.0,186450.0,63.0,
3204,,,image-slider-responseMAS,210,1100,1121450,,0.71,train,4dc7e8,automobiles,1649100000000.0,186451.0,10.0,
3205,,,image-slider-responseMAS,211,1761,1124210,,1.0,train,3b3b3b,automobiles,1649100000000.0,186452.0,25.0,
3206,,,image-slider-responseMAS,212,1498,1126720,,0.0,train,db1f9d,automobiles,1649100000000.0,186453.0,19.0,
3207,,,image-slider-responseMAS,213,2788,1130510,,0.735,train,5e78a1,automobiles,1649100000000.0,186454.0,12.0,
3208,,,image-slider-responseMAS,214,1369,1132880,,0.59,train,897618,automobiles,1649100000000.0,186455.0,56.0,
3209,,,image-slider-responseMAS,215,1265,1135150,,0.33,train,39f6e0,automobiles,1649100000000.0,186456.0,20.0,
3210,,,image-slider-responseMAS,216,1278,1137430,,0.605,train,f7a75a,automobiles,1649100000000.0,186457.0,60.0,
3211,,,image-slider-responseMAS,217,1201,1139630,,0.55,train,a0bae6,automobiles,1649100000000.0,186458.0,13.0,
3212,,,image-slider-responseMAS,218,2017,1142650,,0.66,train,aac510,automobiles,1649100000000.0,186459.0,66.0,
3213,,,image-slider-responseMAS,219,3087,1146740,,0.1575,train,ffffff,automobiles,1649100000000.0,186460.0,28.0,
3214,,,image-slider-responseMAS,220,1503,1149250,,0.0,train,72005e,automobiles,1649100000000.0,186461.0,17.0,
3215,,,image-slider-responseMAS,221,2114,1152360,,0.3,train,b8509e,automobiles,1649100000000.0,186462.0,18.0,
3216,,,image-slider-responseMAS,222,1527,1154900,,0.1175,train,f1a78a,automobiles,1649100000000.0,186463.0,47.0,
3217,,,image-slider-responseMAS,223,1060,1156960,,0.7875,train,ac6619,automobiles,1649100000000.0,186464.0,59.0,
3218,,,image-slider-responseMAS,224,4141,1162100,,1.0,train,0e8a19,automobiles,1649100000000.0,186465.0,50.0,
3219,,,image-slider-responseMAS,225,7786,1170890,,0.1025,train,73f5b0,automobiles,1649100000000.0,186466.0,36.0,
3522,,,image-slider-responseMAS,155,2512.7,750813,,0.975,train,ffffff,automobiles,1649100000000.0,186769.0,28.0,
3523,,,image-slider-responseMAS,156,2627.9,754449,,0.32,train,0e8a19,automobiles,1649100000000.0,186770.0,50.0,
3524,,,image-slider-responseMAS,157,3494.8,758956,,1.0,train,d5a9e4,automobiles,1649100000000.0,186771.0,16.0,
3525,,,image-slider-responseMAS,158,2470.5,762434,,0.9375,train,d0e942,automobiles,1649100000000.0,186772.0,67.0,
3526,,,image-slider-responseMAS,159,2824.7,766270,,0.875,train,39f6e0,automobiles,1649100000000.0,186773.0,20.0,
3527,,,image-slider-responseMAS,160,3134.8,770409,,0.3625,train,83764c,automobiles,1649100000000.0,186774.0,42.0,
3528,,,image-slider-responseMAS,161,4139.8,775561,,0.57,train,4bcf8e,automobiles,1649100000000.0,186775.0,35.0,
3529,,,image-slider-responseMAS,162,2704.5,779272,,0.4625,train,a3c55b,automobiles,1649100000000.0,186776.0,54.0,
3530,,,image-slider-responseMAS,163,3043.6,783326,,0.0875,train,1c3d61,automobiles,1649100000000.0,186777.0,11.0,
3531,,,image-slider-responseMAS,164,4109.2,788442,,0.5275,train,2f6ef6,automobiles,1649100000000.0,186778.0,0.0,
3532,,,image-slider-responseMAS,165,3914.3,793367,,0.44,train,aac510,automobiles,1649100000000.0,186779.0,66.0,
3533,,,image-slider-responseMAS,166,2259.7,796634,,0.35,train,b8509e,automobiles,1649100000000.0,186780.0,18.0,
3534,,,image-slider-responseMAS,167,2383.5,800025,,0.9125,train,a0bae6,automobiles,1649100000000.0,186781.0,13.0,
3535,,,image-slider-responseMAS,168,3353.9,804387,,0.4425,train,90689f,automobiles,1649100000000.0,186782.0,15.0,
3536,,,image-slider-responseMAS,169,2720.1,808114,,0.2625,train,3518ad,automobiles,1649100000000.0,186783.0,1.0,
3537,,,image-slider-responseMAS,170,2619.8,811742,,0.58,train,3efe44,automobiles,1649100000000.0,186784.0,63.0,
3538,,,image-slider-responseMAS,171,2246.2,814991,,0.57,train,cd26c7,automobiles,1649100000000.0,186785.0,9.0,
3539,,,image-slider-responseMAS,172,3461.6,819458,,0.6275,train,d5b811,automobiles,1649100000000.0,186786.0,68.0,
3540,,,image-slider-responseMAS,173,2075.3,822548,,0.9125,train,a2eade,automobiles,1649100000000.0,186787.0,23.0,
3541,,,image-slider-responseMAS,174,3459.7,827014,,0.185,train,512d5f,automobiles,1649100000000.0,186788.0,14.0,
3542,,,image-slider-responseMAS,175,3015.7,831034,,0.0575,train,3b3b3b,automobiles,1649100000000.0,186789.0,25.0,
3543,,,image-slider-responseMAS,176,3815.6,835856,,0.31,train,a8664b,automobiles,1649100000000.0,186790.0,46.0,
3544,,,image-slider-responseMAS,177,8601.2,845474,,0.5675,train,67cf5c,automobiles,1649100000000.0,186791.0,51.0,
3545,,,image-slider-responseMAS,178,3322,849802,,0.87,train,73f5b0,automobiles,1649100000000.0,186792.0,36.0,
3546,,,image-slider-responseMAS,179,3167.2,853980,,0.44,train,c94e4b,automobiles,1649100000000.0,186793.0,48.0,
3547,,,image-slider-responseMAS,180,4269.7,859256,,0.5225,train,e31b73,automobiles,1649100000000.0,186794.0,34.0,
3548,,,image-slider-responseMAS,181,2635.8,862908,,0.9125,train,c7b88b,automobiles,1649100000000.0,186795.0,43.0,
3549,,,image-slider-responseMAS,182,3216.6,867128,,0.82,train,7ec6ba,automobiles,1649100000000.0,186796.0,22.0,
3550,,,image-slider-responseMAS,183,13276.4,881420,,0.9025,train,8cf47e,automobiles,1649100000000.0,186797.0,52.0,
3551,,,image-slider-responseMAS,184,10562.4,893001,,0.31,train,55824d,automobiles,1649100000000.0,186798.0,38.0,
3552,,,image-slider-responseMAS,185,3844.2,897858,,0.1625,train,2e3086,automobiles,1649100000000.0,186799.0,5.0,
3553,,,image-slider-responseMAS,186,2637.5,901503,,0.9475,train,eddcad,automobiles,1649100000000.0,186800.0,44.0,
3554,,,image-slider-responseMAS,187,2537.8,905058,,0.8775,train,fcdb42,automobiles,1649100000000.0,186801.0,69.0,
3555,,,image-slider-responseMAS,188,2172.6,908244,,0.9175,train,f1a78a,automobiles,1649100000000.0,186802.0,47.0,
3556,,,image-slider-responseMAS,189,2041.9,911292,,0.2,train,608218,automobiles,1649100000000.0,186803.0,53.0,
3557,,,image-slider-responseMAS,190,3281.5,915581,,0.455,train,a06776,automobiles,1649100000000.0,186804.0,31.0,
3558,,,image-slider-responseMAS,191,2675.2,919260,,0.1625,train,632b14,automobiles,1649100000000.0,186805.0,45.0,
3559,,,image-slider-responseMAS,192,3198,923466,,0.535,train,fba714,automobiles,1649100000000.0,186806.0,70.0,
3560,,,image-slider-responseMAS,193,6156,930633,,0.415,train,d0b85a,automobiles,1649100000000.0,186807.0,57.0,
3561,,,image-slider-responseMAS,194,4204.9,935840,,0.4625,train,5e78a1,automobiles,1649100000000.0,186808.0,12.0,
3562,,,image-slider-responseMAS,195,2671.1,939526,,0.5475,train,8558f4,automobiles,1649100000000.0,186809.0,2.0,
3563,,,image-slider-responseMAS,196,2358.4,942898,,0.9225,train,c8e97d,automobiles,1649100000000.0,186810.0,55.0,
3564,,,image-slider-responseMAS,197,2394.7,946303,,0.115,train,443b14,automobiles,1649100000000.0,186811.0,41.0,
3565,,,image-slider-responseMAS,198,2493.8,949810,,0.32,train,777777,automobiles,1649100000000.0,186812.0,26.0,
3566,,,image-slider-responseMAS,199,2934.7,953760,,0.455,train,b9b9b9,automobiles,1649100000000.0,186813.0,27.0,
3567,,,image-slider-responseMAS,200,2990.6,957768,,0.3,train,cc4f1b,automobiles,1649100000000.0,186814.0,61.0,
3568,,,image-slider-responseMAS,201,3703.9,962482,,0.535,train,73cf10,automobiles,1649100000000.0,186815.0,64.0,
3569,,,image-slider-responseMAS,202,2880.2,966373,,0.1875,train,897618,automobiles,1649100000000.0,186816.0,56.0,
3570,,,image-slider-responseMAS,203,2508.9,969900,,0.395,train,e81a4b,automobiles,1649100000000.0,186817.0,49.0,
3571,,,image-slider-responseMAS,204,2784.3,973695,,0.185,train,72005e,automobiles,1649100000000.0,186818.0,17.0,
3572,,,image-slider-responseMAS,205,2997,977695,,0.35,train,db1f9d,automobiles,1649100000000.0,186819.0,19.0,
3573,,,image-slider-responseMAS,206,2454.3,981162,,0.6575,train,9af443,automobiles,1649100000000.0,186820.0,65.0,
3574,,,image-slider-responseMAS,207,2518.2,984696,,0.1575,train,600b84,automobiles,1649100000000.0,186821.0,7.0,
3575,,,image-slider-responseMAS,208,2522,988224,,0.075,train,184415,automobiles,1649100000000.0,186822.0,37.0,
3576,,,image-slider-responseMAS,209,3076.3,992314,,0.7,train,4dc7e8,automobiles,1649100000000.0,186823.0,10.0,
3577,,,image-slider-responseMAS,210,2918.8,996240,,0.0,train,0,automobiles,1649100000000.0,186824.0,24.0,
3578,,,image-slider-responseMAS,211,3177.5,1000420,,0.9,train,e6a8b7,automobiles,1649100000000.0,186825.0,32.0,
3579,,,image-slider-responseMAS,212,6402.8,1007830,,0.54,train,077acc,automobiles,1649100000000.0,186826.0,4.0,
3580,,,image-slider-responseMAS,213,2665.7,1011510,,0.4125,train,ea1d1d,automobiles,1649100000000.0,186827.0,62.0,
3581,,,image-slider-responseMAS,214,2815.8,1015330,,0.2,train,5e2b3a,automobiles,1649100000000.0,186828.0,30.0,
3582,,,image-slider-responseMAS,215,3563.2,1019910,,0.5625,train,f7a75a,automobiles,1649100000000.0,186829.0,60.0,
3583,,,image-slider-responseMAS,216,3938.8,1024860,,0.7275,train,96c58c,automobiles,1649100000000.0,186830.0,39.0,
3584,,,image-slider-responseMAS,217,4975.7,1030840,,0.2125,train,3b8378,automobiles,1649100000000.0,186831.0,21.0,
3585,,,image-slider-responseMAS,218,2056.5,1033920,,0.3575,train,c34f74,automobiles,1649100000000.0,186832.0,33.0,
3586,,,image-slider-responseMAS,219,2253.4,1037180,,0.815,train,baeaaf,automobiles,1649100000000.0,186833.0,40.0,
3587,,,image-slider-responseMAS,220,2155,1040350,,0.875,train,f7db7c,automobiles,1649100000000.0,186834.0,58.0,
3588,,,image-slider-responseMAS,221,3497.3,1044850,,0.545,train,b62ef2,automobiles,1649100000000.0,186835.0,3.0,
3589,,,image-slider-responseMAS,222,2504,1048370,,0.57,train,a553c8,automobiles,1649100000000.0,186836.0,8.0,
3590,,,image-slider-responseMAS,223,2572,1051960,,0.215,train,ac6619,automobiles,1649100000000.0,186837.0,59.0,
3591,,,image-slider-responseMAS,224,2240.7,1055200,,0.4325,train,746bca,automobiles,1649100000000.0,186838.0,6.0,
3592,,,image-slider-responseMAS,225,2555.9,1058760,,0.9125,train,dddddd,automobiles,1649100000000.0,186839.0,29.0,
3897,,,image-slider-responseMAS,155,2641.5,741408,,0.335,train,b62ef2,automobiles,1649110000000.0,187144.0,3.0,
3898,,,image-slider-responseMAS,156,2132.9,744550,,0.36,train,aac510,automobiles,1649110000000.0,187145.0,66.0,
3899,,,image-slider-responseMAS,157,1734.6,747289,,0.6325,train,c94e4b,automobiles,1649110000000.0,187146.0,48.0,
3900,,,image-slider-responseMAS,158,1118.5,749411,,0.725,train,96c58c,automobiles,1649110000000.0,187147.0,39.0,
3901,,,image-slider-responseMAS,159,1304.1,751722,,0.7225,train,f7db7c,automobiles,1649110000000.0,187148.0,58.0,
3902,,,image-slider-responseMAS,160,4808.5,757534,,0.93,train,0,automobiles,1649110000000.0,187149.0,24.0,
3903,,,image-slider-responseMAS,161,1639.9,760176,,0.2925,train,a2eade,automobiles,1649110000000.0,187150.0,23.0,
3904,,,image-slider-responseMAS,162,1013.5,762193,,0.3775,train,67cf5c,automobiles,1649110000000.0,187151.0,51.0,
3905,,,image-slider-responseMAS,163,1634.6,764836,,0.7275,train,777777,automobiles,1649110000000.0,187152.0,26.0,
3906,,,image-slider-responseMAS,164,1467.1,767313,,0.83,train,83764c,automobiles,1649110000000.0,187153.0,42.0,
3907,,,image-slider-responseMAS,165,1755.4,770074,,0.2975,train,73f5b0,automobiles,1649110000000.0,187154.0,36.0,
3908,,,image-slider-responseMAS,166,1560.7,772639,,0.255,train,72005e,automobiles,1649110000000.0,187155.0,17.0,
3909,,,image-slider-responseMAS,167,2131.6,775780,,0.75,train,ac6619,automobiles,1649110000000.0,187156.0,59.0,
3910,,,image-slider-responseMAS,168,1539.5,778327,,0.7275,train,ffffff,automobiles,1649110000000.0,187157.0,28.0,
3911,,,image-slider-responseMAS,169,2447.2,781783,,0.6575,train,ea1d1d,automobiles,1649110000000.0,187158.0,62.0,
3912,,,image-slider-responseMAS,170,2308,785099,,0.7825,train,5e2b3a,automobiles,1649110000000.0,187159.0,30.0,
3913,,,image-slider-responseMAS,171,1487.3,787590,,0.27,train,8558f4,automobiles,1649110000000.0,187160.0,2.0,
3914,,,image-slider-responseMAS,172,1999.3,790594,,0.3275,train,d0e942,automobiles,1649110000000.0,187161.0,67.0,
3915,,,image-slider-responseMAS,173,1788.3,793391,,0.1,train,077acc,automobiles,1649110000000.0,187162.0,4.0,
3916,,,image-slider-responseMAS,174,1945.7,796340,,0.275,train,632b14,automobiles,1649110000000.0,187163.0,45.0,
3917,,,image-slider-responseMAS,175,1927.7,799272,,0.78,train,443b14,automobiles,1649110000000.0,187164.0,41.0,
3918,,,image-slider-responseMAS,176,1232.2,801513,,0.65,train,cc4f1b,automobiles,1649110000000.0,187165.0,61.0,
3919,,,image-slider-responseMAS,177,1604.4,804124,,0.2075,train,8cf47e,automobiles,1649110000000.0,187166.0,52.0,
3920,,,image-slider-responseMAS,178,1443.6,806576,,0.2225,train,c8e97d,automobiles,1649110000000.0,187167.0,55.0,
3921,,,image-slider-responseMAS,179,1634.4,809219,,0.3175,train,c7b88b,automobiles,1649110000000.0,187168.0,43.0,
3922,,,image-slider-responseMAS,180,1464.2,811686,,0.25,train,e31b73,automobiles,1649110000000.0,187169.0,34.0,
3923,,,image-slider-responseMAS,181,3711.4,816403,,0.765,train,1c3d61,automobiles,1649110000000.0,187170.0,11.0,
3924,,,image-slider-responseMAS,182,1892.6,819305,,0.225,train,2f6ef6,automobiles,1649110000000.0,187171.0,0.0,
3925,,,image-slider-responseMAS,183,4207.6,824520,,0.1275,train,f1a78a,automobiles,1649110000000.0,187172.0,47.0,
3926,,,image-slider-responseMAS,184,1254.5,826779,,0.2775,train,b8509e,automobiles,1649110000000.0,187173.0,18.0,
3927,,,image-slider-responseMAS,185,10457,838243,,0.2325,train,fcdb42,automobiles,1649110000000.0,187174.0,69.0,
3928,,,image-slider-responseMAS,186,4364,843610,,0.3475,train,55824d,automobiles,1649110000000.0,187175.0,38.0,
3929,,,image-slider-responseMAS,187,1515.3,846133,,0.14,train,3b8378,automobiles,1649110000000.0,187176.0,21.0,
3930,,,image-slider-responseMAS,188,1594.4,848734,,0.2925,train,a06776,automobiles,1649110000000.0,187177.0,31.0,
3931,,,image-slider-responseMAS,189,1285.7,851027,,0.2475,train,73cf10,automobiles,1649110000000.0,187178.0,64.0,
3932,,,image-slider-responseMAS,190,2188.3,854223,,0.1925,train,eddcad,automobiles,1649110000000.0,187179.0,44.0,
3933,,,image-slider-responseMAS,191,5854,861082,,0.205,train,d0b85a,automobiles,1649110000000.0,187180.0,57.0,
3934,,,image-slider-responseMAS,192,13442.3,875528,,0.1425,train,a3c55b,automobiles,1649110000000.0,187181.0,54.0,
3935,,,image-slider-responseMAS,193,5094.4,881630,,0.235,train,fba714,automobiles,1649110000000.0,187182.0,70.0,
3936,,,image-slider-responseMAS,194,3210.5,885848,,0.1275,train,4bcf8e,automobiles,1649110000000.0,187183.0,35.0,
3937,,,image-slider-responseMAS,195,5515.2,892369,,0.2825,train,c34f74,automobiles,1649110000000.0,187184.0,33.0,
3938,,,image-slider-responseMAS,196,2190.7,895566,,0.1375,train,db1f9d,automobiles,1649110000000.0,187185.0,19.0,
3939,,,image-slider-responseMAS,197,6331.6,902901,,0.255,train,d5a9e4,automobiles,1649110000000.0,187186.0,16.0,
3940,,,image-slider-responseMAS,198,2195.6,906100,,0.1275,train,39f6e0,automobiles,1649110000000.0,187187.0,20.0,
3941,,,image-slider-responseMAS,199,5128,912230,,0.2025,train,e6a8b7,automobiles,1649110000000.0,187188.0,32.0,
3942,,,image-slider-responseMAS,200,1622.9,914859,,0.2225,train,a8664b,automobiles,1649110000000.0,187189.0,46.0,
3943,,,image-slider-responseMAS,201,6112.4,921980,,0.1325,train,608218,automobiles,1649110000000.0,187190.0,53.0,
3944,,,image-slider-responseMAS,202,3018.7,926006,,0.315,train,baeaaf,automobiles,1649110000000.0,187191.0,40.0,
3945,,,image-slider-responseMAS,203,5102,932117,,0.71,train,b9b9b9,automobiles,1649110000000.0,187192.0,27.0,
3946,,,image-slider-responseMAS,204,2534.8,935661,,0.315,train,0e8a19,automobiles,1649110000000.0,187193.0,50.0,
3947,,,image-slider-responseMAS,205,4220.2,940890,,0.695,train,3b3b3b,automobiles,1649110000000.0,187194.0,25.0,
3948,,,image-slider-responseMAS,206,1838,943734,,0.7425,train,5e78a1,automobiles,1649110000000.0,187195.0,12.0,
3949,,,image-slider-responseMAS,207,6263.7,951007,,0.2825,train,184415,automobiles,1649110000000.0,187196.0,37.0,
3950,,,image-slider-responseMAS,208,1707,953722,,0.3275,train,cd26c7,automobiles,1649110000000.0,187197.0,9.0,
3951,,,image-slider-responseMAS,209,2157.1,956888,,0.62,train,a0bae6,automobiles,1649110000000.0,187198.0,13.0,
3952,,,image-slider-responseMAS,210,1422.8,959313,,0.3075,train,4dc7e8,automobiles,1649110000000.0,187199.0,10.0,
3953,,,image-slider-responseMAS,211,2489,962807,,0.715,train,7ec6ba,automobiles,1649110000000.0,187200.0,22.0,
3954,,,image-slider-responseMAS,212,2499.3,966311,,0.65,train,3518ad,automobiles,1649110000000.0,187201.0,1.0,
3955,,,image-slider-responseMAS,213,2083.5,969402,,0.6475,train,dddddd,automobiles,1649110000000.0,187202.0,29.0,
3956,,,image-slider-responseMAS,214,1597.2,972008,,0.2325,train,9af443,automobiles,1649110000000.0,187203.0,65.0,
3957,,,image-slider-responseMAS,215,1938.4,974955,,0.14,train,e81a4b,automobiles,1649110000000.0,187204.0,49.0,
3958,,,image-slider-responseMAS,216,3353,979311,,0.7975,train,600b84,automobiles,1649110000000.0,187205.0,7.0,
3959,,,image-slider-responseMAS,217,1895.5,982212,,0.6575,train,2e3086,automobiles,1649110000000.0,187206.0,5.0,
3960,,,image-slider-responseMAS,218,2358.3,985577,,0.2375,train,a553c8,automobiles,1649110000000.0,187207.0,8.0,
3961,,,image-slider-responseMAS,219,1369.4,987955,,0.125,train,746bca,automobiles,1649110000000.0,187208.0,6.0,
3962,,,image-slider-responseMAS,220,1262.9,990227,,0.24,train,f7a75a,automobiles,1649110000000.0,187209.0,60.0,
3963,,,image-slider-responseMAS,221,1519.9,992751,,0.2825,train,3efe44,automobiles,1649110000000.0,187210.0,63.0,
3964,,,image-slider-responseMAS,222,2610.3,996364,,0.635,train,90689f,automobiles,1649110000000.0,187211.0,15.0,
3965,,,image-slider-responseMAS,223,3338.7,1000710,,0.2275,train,d5b811,automobiles,1649110000000.0,187212.0,68.0,
3966,,,image-slider-responseMAS,224,23998.3,1025720,,0.705,train,512d5f,automobiles,1649110000000.0,187213.0,14.0,
3967,,,image-slider-responseMAS,225,17072.7,1043800,,0.6225,train,897618,automobiles,1649110000000.0,187214.0,56.0,
4270,,,image-slider-responseMAS,155,2091.8,447509,,0.3875,train,8cf47e,automobiles,1649110000000.0,187517.0,52.0,
4271,,,image-slider-responseMAS,156,2309.4,450824,,0.3775,train,2f6ef6,automobiles,1649110000000.0,187518.0,0.0,
4272,,,image-slider-responseMAS,157,1443.7,453275,,0.6775,train,3b3b3b,automobiles,1649110000000.0,187519.0,25.0,
4273,,,image-slider-responseMAS,158,1086.7,455365,,0.6725,train,1c3d61,automobiles,1649110000000.0,187520.0,11.0,
4274,,,image-slider-responseMAS,159,1994.4,458366,,0.375,train,4bcf8e,automobiles,1649110000000.0,187521.0,35.0,
4275,,,image-slider-responseMAS,160,1452.9,460825,,0.3475,train,ac6619,automobiles,1649110000000.0,187522.0,59.0,
4276,,,image-slider-responseMAS,161,841.9,462677,,0.18,train,ea1d1d,automobiles,1649110000000.0,187523.0,62.0,
4277,,,image-slider-responseMAS,162,957.6,464641,,0.2575,train,a0bae6,automobiles,1649110000000.0,187524.0,13.0,
4278,,,image-slider-responseMAS,163,891.4,466542,,0.265,train,7ec6ba,automobiles,1649110000000.0,187525.0,22.0,
4279,,,image-slider-responseMAS,164,1694.9,469242,,0.355,train,f1a78a,automobiles,1649110000000.0,187526.0,47.0,
4280,,,image-slider-responseMAS,165,2401.2,472649,,0.64,train,ffffff,automobiles,1649110000000.0,187527.0,28.0,
4281,,,image-slider-responseMAS,166,3088.9,476742,,0.365,train,b8509e,automobiles,1649110000000.0,187528.0,18.0,
4282,,,image-slider-responseMAS,167,2189.4,479934,,0.5425,train,e31b73,automobiles,1649110000000.0,187529.0,34.0,
4283,,,image-slider-responseMAS,168,876.1,481816,,0.38,train,d5a9e4,automobiles,1649110000000.0,187530.0,16.0,
4284,,,image-slider-responseMAS,169,2365.1,485185,,1.0,train,0,automobiles,1649110000000.0,187531.0,24.0,
4285,,,image-slider-responseMAS,170,900.6,487092,,0.2875,train,fba714,automobiles,1649110000000.0,187532.0,70.0,
4286,,,image-slider-responseMAS,171,1311.7,489409,,0.4025,train,e6a8b7,automobiles,1649110000000.0,187533.0,32.0,
4287,,,image-slider-responseMAS,172,1711,492125,,0.6725,train,3518ad,automobiles,1649110000000.0,187534.0,1.0,
4288,,,image-slider-responseMAS,173,1711.6,494842,,0.385,train,897618,automobiles,1649110000000.0,187535.0,56.0,
4289,,,image-slider-responseMAS,174,1313,497159,,0.36,train,90689f,automobiles,1649110000000.0,187536.0,15.0,
4290,,,image-slider-responseMAS,175,1309.5,499474,,0.655,train,e81a4b,automobiles,1649110000000.0,187537.0,49.0,
4291,,,image-slider-responseMAS,176,865.4,501344,,0.22,train,f7a75a,automobiles,1649110000000.0,187538.0,60.0,
4292,,,image-slider-responseMAS,177,1956.8,504309,,0.715,train,184415,automobiles,1649110000000.0,187539.0,37.0,
4293,,,image-slider-responseMAS,178,876.9,506191,,0.255,train,a3c55b,automobiles,1649110000000.0,187540.0,54.0,
4294,,,image-slider-responseMAS,179,1138.2,508334,,0.3775,train,dddddd,automobiles,1649110000000.0,187541.0,29.0,
4295,,,image-slider-responseMAS,180,2243.3,511584,,0.4075,train,39f6e0,automobiles,1649110000000.0,187542.0,20.0,
4296,,,image-slider-responseMAS,181,811.9,513401,,0.2675,train,d5b811,automobiles,1649110000000.0,187543.0,68.0,
4297,,,image-slider-responseMAS,182,1750.6,516158,,0.7125,train,b9b9b9,automobiles,1649110000000.0,187544.0,27.0,
4298,,,image-slider-responseMAS,183,1279.8,518443,,0.2625,train,cd26c7,automobiles,1649110000000.0,187545.0,9.0,
4299,,,image-slider-responseMAS,184,993.7,520442,,0.32,train,eddcad,automobiles,1649110000000.0,187546.0,44.0,
4300,,,image-slider-responseMAS,185,2719.7,524167,,0.1125,train,443b14,automobiles,1649110000000.0,187547.0,41.0,
4301,,,image-slider-responseMAS,186,1122.4,526299,,0.2525,train,a553c8,automobiles,1649110000000.0,187548.0,8.0,
4302,,,image-slider-responseMAS,187,872,528176,,0.3375,train,c94e4b,automobiles,1649110000000.0,187549.0,48.0,
4303,,,image-slider-responseMAS,188,967.2,530152,,0.36,train,baeaaf,automobiles,1649110000000.0,187550.0,40.0,
4304,,,image-slider-responseMAS,189,792.3,531951,,0.1975,train,9af443,automobiles,1649110000000.0,187551.0,65.0,
4305,,,image-slider-responseMAS,190,1285.2,534241,,0.3,train,a2eade,automobiles,1649110000000.0,187552.0,23.0,
4306,,,image-slider-responseMAS,191,1328.9,536577,,0.265,train,73cf10,automobiles,1649110000000.0,187553.0,64.0,
4307,,,image-slider-responseMAS,192,2060.4,539641,,0.7775,train,2e3086,automobiles,1649110000000.0,187554.0,5.0,
4308,,,image-slider-responseMAS,193,1497.1,542141,,0.6,train,777777,automobiles,1649110000000.0,187555.0,26.0,
4309,,,image-slider-responseMAS,194,1543.8,544691,,0.56,train,632b14,automobiles,1649110000000.0,187556.0,45.0,
4310,,,image-slider-responseMAS,195,2532.7,548230,,0.7375,train,5e78a1,automobiles,1649110000000.0,187557.0,12.0,
4311,,,image-slider-responseMAS,196,1392.3,550631,,0.3375,train,4dc7e8,automobiles,1649110000000.0,187558.0,10.0,
4312,,,image-slider-responseMAS,197,1877.7,553517,,0.2775,train,b62ef2,automobiles,1649110000000.0,187559.0,3.0,
4313,,,image-slider-responseMAS,198,2215.3,556736,,0.61,train,a06776,automobiles,1649110000000.0,187560.0,31.0,
4314,,,image-slider-responseMAS,199,2024,559767,,0.5725,train,83764c,automobiles,1649110000000.0,187561.0,42.0,
4315,,,image-slider-responseMAS,200,1378.5,562151,,0.1825,train,3efe44,automobiles,1649110000000.0,187562.0,63.0,
4316,,,image-slider-responseMAS,201,884.5,564041,,0.1975,train,67cf5c,automobiles,1649110000000.0,187563.0,51.0,
4317,,,image-slider-responseMAS,202,973.4,566017,,0.2875,train,73f5b0,automobiles,1649110000000.0,187564.0,36.0,
4318,,,image-slider-responseMAS,203,2177.7,569201,,0.5625,train,c34f74,automobiles,1649110000000.0,187565.0,33.0,
4319,,,image-slider-responseMAS,204,2708.9,572917,,0.805,train,72005e,automobiles,1649110000000.0,187566.0,17.0,
4320,,,image-slider-responseMAS,205,1780.3,575701,,0.83,train,512d5f,automobiles,1649110000000.0,187567.0,14.0,
4321,,,image-slider-responseMAS,206,1984.1,578691,,0.395,train,8558f4,automobiles,1649110000000.0,187568.0,2.0,
4322,,,image-slider-responseMAS,207,1677.7,581376,,0.3525,train,c7b88b,automobiles,1649110000000.0,187569.0,43.0,
4323,,,image-slider-responseMAS,208,1651.9,584035,,0.8125,train,5e2b3a,automobiles,1649110000000.0,187570.0,30.0,
4324,,,image-slider-responseMAS,209,2044,587083,,0.175,train,db1f9d,automobiles,1649110000000.0,187571.0,19.0,
4325,,,image-slider-responseMAS,210,3256,591344,,0.9075,train,55824d,automobiles,1649110000000.0,187572.0,38.0,
4326,,,image-slider-responseMAS,211,1606.9,593959,,0.2175,train,d0e942,automobiles,1649110000000.0,187573.0,67.0,
4327,,,image-slider-responseMAS,212,778.2,595743,,0.2925,train,aac510,automobiles,1649110000000.0,187574.0,66.0,
4328,,,image-slider-responseMAS,213,1919,598668,,0.6725,train,0e8a19,automobiles,1649110000000.0,187575.0,50.0,
4329,,,image-slider-responseMAS,214,1682.2,601357,,0.73,train,077acc,automobiles,1649110000000.0,187576.0,4.0,
4330,,,image-slider-responseMAS,215,1965.6,604334,,0.305,train,608218,automobiles,1649110000000.0,187577.0,53.0,
4331,,,image-slider-responseMAS,216,1869.5,607209,,0.415,train,c8e97d,automobiles,1649110000000.0,187578.0,55.0,
4332,,,image-slider-responseMAS,217,949.5,609168,,0.3025,train,f7db7c,automobiles,1649110000000.0,187579.0,58.0,
4333,,,image-slider-responseMAS,218,2979.1,613152,,0.7475,train,3b8378,automobiles,1649110000000.0,187580.0,21.0,
4334,,,image-slider-responseMAS,219,1102.5,615256,,0.7075,train,746bca,automobiles,1649110000000.0,187581.0,6.0,
4335,,,image-slider-responseMAS,220,1032.3,617292,,0.68,train,600b84,automobiles,1649110000000.0,187582.0,7.0,
4336,,,image-slider-responseMAS,221,1425.2,619723,,0.5875,train,96c58c,automobiles,1649110000000.0,187583.0,39.0,
4337,,,image-slider-responseMAS,222,1460.5,622192,,0.3925,train,a8664b,automobiles,1649110000000.0,187584.0,46.0,
4338,,,image-slider-responseMAS,223,1702.3,624897,,0.6225,train,fcdb42,automobiles,1649110000000.0,187585.0,69.0,
4339,,,image-slider-responseMAS,224,2536.5,628431,,0.31,train,cc4f1b,automobiles,1649110000000.0,187586.0,61.0,
4340,,,image-slider-responseMAS,225,2002.7,631433,,0.2775,train,d0b85a,automobiles,1649110000000.0,187587.0,57.0,
4644,,,image-slider-responseMAS,155,2226.9,507288,,0.035,train,d5a9e4,automobiles,1649110000000.0,187891.0,16.0,
4645,,,image-slider-responseMAS,156,1247.2,509539,,0.005,train,c8e97d,automobiles,1649110000000.0,187892.0,55.0,
4646,,,image-slider-responseMAS,157,1815.4,512361,,0.0075,train,e81a4b,automobiles,1649110000000.0,187893.0,49.0,
4647,,,image-slider-responseMAS,158,1702.6,515070,,0.0,train,a553c8,automobiles,1649110000000.0,187894.0,8.0,
4648,,,image-slider-responseMAS,159,1791.1,517868,,0.0075,train,d0e942,automobiles,1649110000000.0,187895.0,67.0,
4649,,,image-slider-responseMAS,160,1732.7,520609,,0.0,train,8cf47e,automobiles,1649110000000.0,187896.0,52.0,
4650,,,image-slider-responseMAS,161,1869.6,523487,,0.5525,train,cc4f1b,automobiles,1649110000000.0,187897.0,61.0,
4651,,,image-slider-responseMAS,162,2225.1,526718,,1.0,train,443b14,automobiles,1649110000000.0,187898.0,41.0,
4652,,,image-slider-responseMAS,163,1863.4,529589,,0.0,train,ea1d1d,automobiles,1649110000000.0,187899.0,62.0,
4653,,,image-slider-responseMAS,164,1727.1,532323,,0.0,train,c34f74,automobiles,1649110000000.0,187900.0,33.0,
4654,,,image-slider-responseMAS,165,1622.7,534951,,0.0,train,c94e4b,automobiles,1649110000000.0,187901.0,48.0,
4655,,,image-slider-responseMAS,166,1390.8,537347,,0.0,train,39f6e0,automobiles,1649110000000.0,187902.0,20.0,
4656,,,image-slider-responseMAS,167,2436.7,540786,,1.0,train,0,automobiles,1649110000000.0,187903.0,24.0,
4657,,,image-slider-responseMAS,168,2379.5,544172,,0.075,train,96c58c,automobiles,1649110000000.0,187904.0,39.0,
4658,,,image-slider-responseMAS,169,2996,548176,,0.0,train,9af443,automobiles,1649110000000.0,187905.0,65.0,
4659,,,image-slider-responseMAS,170,2298.7,551478,,1.0,train,777777,automobiles,1649110000000.0,187906.0,26.0,
4660,,,image-slider-responseMAS,171,1971.3,554453,,0.0,train,3efe44,automobiles,1649110000000.0,187907.0,63.0,
4661,,,image-slider-responseMAS,172,1768.8,557226,,0.38,train,ffffff,automobiles,1649110000000.0,187908.0,28.0,
4662,,,image-slider-responseMAS,173,1737.3,559968,,0.1725,train,2f6ef6,automobiles,1649110000000.0,187909.0,0.0,
4663,,,image-slider-responseMAS,174,1840.9,562814,,0.04,train,8558f4,automobiles,1649110000000.0,187910.0,2.0,
4664,,,image-slider-responseMAS,175,2971.1,566793,,0.0,train,b62ef2,automobiles,1649110000000.0,187911.0,3.0,
4665,,,image-slider-responseMAS,176,1935.9,569735,,0.6125,train,f7a75a,automobiles,1649110000000.0,187912.0,60.0,
4666,,,image-slider-responseMAS,177,1769.6,572509,,0.005,train,fcdb42,automobiles,1649110000000.0,187913.0,69.0,
4667,,,image-slider-responseMAS,178,1797.3,575313,,0.56,train,a0bae6,automobiles,1649110000000.0,187914.0,13.0,
4668,,,image-slider-responseMAS,179,1979.4,578295,,0.2025,train,077acc,automobiles,1649110000000.0,187915.0,4.0,
4669,,,image-slider-responseMAS,180,1670.9,580973,,0.0,train,73f5b0,automobiles,1649110000000.0,187916.0,36.0,
4670,,,image-slider-responseMAS,181,1922.6,583899,,0.8975,train,608218,automobiles,1649110000000.0,187917.0,53.0,
4671,,,image-slider-responseMAS,182,1689.6,586592,,0.635,train,f7db7c,automobiles,1649110000000.0,187918.0,58.0,
4672,,,image-slider-responseMAS,183,2726.5,590322,,0.7425,train,a8664b,automobiles,1649110000000.0,187919.0,46.0,
4673,,,image-slider-responseMAS,184,1670.3,593000,,0.78,train,5e78a1,automobiles,1649110000000.0,187920.0,12.0,
4674,,,image-slider-responseMAS,185,1856,595861,,0.825,train,eddcad,automobiles,1649110000000.0,187921.0,44.0,
4675,,,image-slider-responseMAS,186,2010.8,598876,,0.6875,train,0e8a19,automobiles,1649110000000.0,187922.0,50.0,
4676,,,image-slider-responseMAS,187,1718.8,601602,,0.0,train,b8509e,automobiles,1649110000000.0,187923.0,18.0,
4677,,,image-slider-responseMAS,188,2296.4,604905,,1.0,train,3b3b3b,automobiles,1649110000000.0,187924.0,25.0,
4678,,,image-slider-responseMAS,189,1655.3,607565,,0.7625,train,83764c,automobiles,1649110000000.0,187925.0,42.0,
4679,,,image-slider-responseMAS,190,2403.8,610975,,0.0175,train,4dc7e8,automobiles,1649110000000.0,187926.0,10.0,
4680,,,image-slider-responseMAS,191,2234.1,614213,,0.0,train,4bcf8e,automobiles,1649110000000.0,187927.0,35.0,
4681,,,image-slider-responseMAS,192,1620.1,616840,,0.0,train,cd26c7,automobiles,1649110000000.0,187928.0,9.0,
4682,,,image-slider-responseMAS,193,1788.6,619633,,0.925,train,1c3d61,automobiles,1649110000000.0,187929.0,11.0,
4683,,,image-slider-responseMAS,194,2098.9,622736,,0.12,train,a3c55b,automobiles,1649110000000.0,187930.0,54.0,
4684,,,image-slider-responseMAS,195,1478.5,625220,,0.715,train,55824d,automobiles,1649110000000.0,187931.0,38.0,
4685,,,image-slider-responseMAS,196,1366.4,627591,,0.2975,train,fba714,automobiles,1649110000000.0,187932.0,70.0,
4686,,,image-slider-responseMAS,197,2096.4,630695,,0.545,train,5e2b3a,automobiles,1649110000000.0,187933.0,30.0,
4687,,,image-slider-responseMAS,198,1811.8,633516,,0.425,train,aac510,automobiles,1649110000000.0,187934.0,66.0,
4688,,,image-slider-responseMAS,199,1573,636096,,0.5275,train,ac6619,automobiles,1649110000000.0,187935.0,59.0,
4689,,,image-slider-responseMAS,200,1938.9,639038,,0.8475,train,632b14,automobiles,1649110000000.0,187936.0,45.0,
4690,,,image-slider-responseMAS,201,1656.2,641699,,0.8675,train,184415,automobiles,1649110000000.0,187937.0,37.0,
4691,,,image-slider-responseMAS,202,1543.4,644247,,0.4075,train,d5b811,automobiles,1649110000000.0,187938.0,68.0,
4692,,,image-slider-responseMAS,203,1937.6,647188,,0.015,train,db1f9d,automobiles,1649110000000.0,187939.0,19.0,
4693,,,image-slider-responseMAS,204,1608.2,649799,,0.3075,train,f1a78a,automobiles,1649110000000.0,187940.0,47.0,
4694,,,image-slider-responseMAS,205,2604.8,653410,,0.1525,train,e6a8b7,automobiles,1649110000000.0,187941.0,32.0,
4695,,,image-slider-responseMAS,206,2403.1,656819,,0.5225,train,2e3086,automobiles,1649110000000.0,187942.0,5.0,
4696,,,image-slider-responseMAS,207,2725.3,660550,,0.525,train,3518ad,automobiles,1649110000000.0,187943.0,1.0,
4697,,,image-slider-responseMAS,208,2577.7,664136,,0.0,train,746bca,automobiles,1649110000000.0,187944.0,6.0,
4698,,,image-slider-responseMAS,209,1592.7,666733,,0.1925,train,600b84,automobiles,1649110000000.0,187945.0,7.0,
4699,,,image-slider-responseMAS,210,2007.9,669748,,0.2525,train,73cf10,automobiles,1649110000000.0,187946.0,64.0,
4700,,,image-slider-responseMAS,211,2775.3,673534,,0.675,train,b9b9b9,automobiles,1649110000000.0,187947.0,27.0,
4701,,,image-slider-responseMAS,212,1999.8,676540,,0.0,train,e31b73,automobiles,1649110000000.0,187948.0,34.0,
4702,,,image-slider-responseMAS,213,1613.1,679159,,0.67,train,897618,automobiles,1649110000000.0,187949.0,56.0,
4703,,,image-slider-responseMAS,214,1516.3,681683,,0.3325,train,baeaaf,automobiles,1649110000000.0,187950.0,40.0,
4704,,,image-slider-responseMAS,215,2402.5,685093,,0.1425,train,3b8378,automobiles,1649110000000.0,187951.0,21.0,
4705,,,image-slider-responseMAS,216,2670,688766,,0.63,train,c7b88b,automobiles,1649110000000.0,187952.0,43.0,
4706,,,image-slider-responseMAS,217,1881.6,691652,,0.01,train,67cf5c,automobiles,1649110000000.0,187953.0,51.0,
4707,,,image-slider-responseMAS,218,1829,694490,,0.0,train,90689f,automobiles,1649110000000.0,187954.0,15.0,
4708,,,image-slider-responseMAS,219,2143.1,697641,,0.725,train,dddddd,automobiles,1649110000000.0,187955.0,29.0,
4709,,,image-slider-responseMAS,220,1760.6,700407,,0.0,train,a2eade,automobiles,1649110000000.0,187956.0,23.0,
4710,,,image-slider-responseMAS,221,1750.4,703164,,0.0,train,7ec6ba,automobiles,1649110000000.0,187957.0,22.0,
4711,,,image-slider-responseMAS,222,1791,705962,,0.2875,train,d0b85a,automobiles,1649110000000.0,187958.0,57.0,
4712,,,image-slider-responseMAS,223,2359.3,709331,,0.3625,train,72005e,automobiles,1649110000000.0,187959.0,17.0,
4713,,,image-slider-responseMAS,224,1636.7,711976,,0.165,train,a06776,automobiles,1649110000000.0,187960.0,31.0,
4714,,,image-slider-responseMAS,225,3760.9,716742,,0.4525,train,512d5f,automobiles,1649110000000.0,187961.0,14.0,
5018,,,image-slider-responseMAS,155,4217.8,749150,,0.05,train,f7a75a,automobiles,1649110000000.0,188265.0,60.0,
5019,,,image-slider-responseMAS,156,2065.1,752217,,0.2125,train,55824d,automobiles,1649110000000.0,188266.0,38.0,
5020,,,image-slider-responseMAS,157,2059,755280,,0.645,train,f7db7c,automobiles,1649110000000.0,188267.0,58.0,
5021,,,image-slider-responseMAS,158,1858.4,758145,,0.0,train,184415,automobiles,1649110000000.0,188268.0,37.0,
5022,,,image-slider-responseMAS,159,2152.7,761307,,0.8875,train,eddcad,automobiles,1649110000000.0,188269.0,44.0,
5023,,,image-slider-responseMAS,160,1457,763767,,0.1225,train,a8664b,automobiles,1649110000000.0,188270.0,46.0,
5024,,,image-slider-responseMAS,161,1931.1,766704,,0.7375,train,c7b88b,automobiles,1649110000000.0,188271.0,43.0,
5025,,,image-slider-responseMAS,162,2215.6,769938,,0.95,train,632b14,automobiles,1649110000000.0,188272.0,45.0,
5026,,,image-slider-responseMAS,163,1845.4,772798,,0.175,train,73f5b0,automobiles,1649110000000.0,188273.0,36.0,
5027,,,image-slider-responseMAS,164,2482.7,776296,,0.0225,train,3518ad,automobiles,1649110000000.0,188274.0,1.0,
5028,,,image-slider-responseMAS,165,2945.2,780248,,1.0,train,b9b9b9,automobiles,1649110000000.0,188275.0,27.0,
5029,,,image-slider-responseMAS,166,2583.7,783840,,0.0,train,e31b73,automobiles,1649110000000.0,188276.0,34.0,
5030,,,image-slider-responseMAS,167,1788.2,786636,,0.2625,train,baeaaf,automobiles,1649110000000.0,188277.0,40.0,
5031,,,image-slider-responseMAS,168,3232.2,790878,,1.0,train,3b3b3b,automobiles,1649110000000.0,188278.0,25.0,
5032,,,image-slider-responseMAS,169,3293.3,795188,,0.315,train,c8e97d,automobiles,1649110000000.0,188279.0,55.0,
5033,,,image-slider-responseMAS,170,1551,797741,,0.085,train,7ec6ba,automobiles,1649110000000.0,188280.0,22.0,
5034,,,image-slider-responseMAS,171,1398.4,800148,,0.1075,train,4dc7e8,automobiles,1649110000000.0,188281.0,10.0,
5035,,,image-slider-responseMAS,172,2464.1,803614,,1.0,train,777777,automobiles,1649110000000.0,188282.0,26.0,
5036,,,image-slider-responseMAS,173,4669.9,809291,,0.7325,train,c94e4b,automobiles,1649110000000.0,188283.0,48.0,
5037,,,image-slider-responseMAS,174,1792.8,812088,,0.0,train,a553c8,automobiles,1649110000000.0,188284.0,8.0,
5038,,,image-slider-responseMAS,175,3138.7,816230,,0.0875,train,8558f4,automobiles,1649110000000.0,188285.0,2.0,
5039,,,image-slider-responseMAS,176,1613.6,818851,,0.195,train,d5a9e4,automobiles,1649110000000.0,188286.0,16.0,
5040,,,image-slider-responseMAS,177,2650.2,822513,,0.3875,train,9af443,automobiles,1649110000000.0,188287.0,65.0,
5041,,,image-slider-responseMAS,178,1702.1,825223,,0.7925,train,5e2b3a,automobiles,1649110000000.0,188288.0,30.0,
5042,,,image-slider-responseMAS,179,1859.4,828092,,0.365,train,e6a8b7,automobiles,1649110000000.0,188289.0,32.0,
5043,,,image-slider-responseMAS,180,2440,831537,,0.385,train,a3c55b,automobiles,1649110000000.0,188290.0,54.0,
5044,,,image-slider-responseMAS,181,1540,834082,,0.175,train,90689f,automobiles,1649110000000.0,188291.0,15.0,
5045,,,image-slider-responseMAS,182,2395.6,837486,,0.05,train,db1f9d,automobiles,1649110000000.0,188292.0,19.0,
5046,,,image-slider-responseMAS,183,2599.6,841094,,0.755,train,e81a4b,automobiles,1649110000000.0,188293.0,49.0,
5047,,,image-slider-responseMAS,184,1953.2,844053,,0.595,train,a06776,automobiles,1649110000000.0,188294.0,31.0,
5048,,,image-slider-responseMAS,185,1935.2,846999,,0.3375,train,67cf5c,automobiles,1649110000000.0,188295.0,51.0,
5049,,,image-slider-responseMAS,186,2359.7,850367,,0.31,train,a2eade,automobiles,1649110000000.0,188296.0,23.0,
5050,,,image-slider-responseMAS,187,1696.5,853070,,0.25,train,72005e,automobiles,1649110000000.0,188297.0,17.0,
5051,,,image-slider-responseMAS,188,2196.2,856270,,0.16,train,b62ef2,automobiles,1649110000000.0,188298.0,3.0,
5052,,,image-slider-responseMAS,189,2392.6,859667,,0.565,train,2e3086,automobiles,1649110000000.0,188299.0,5.0,
5053,,,image-slider-responseMAS,190,1993.4,862673,,1.0,train,0,automobiles,1649110000000.0,188300.0,24.0,
5054,,,image-slider-responseMAS,191,2955.9,866645,,0.7775,train,83764c,automobiles,1649110000000.0,188301.0,42.0,
5055,,,image-slider-responseMAS,192,1638.8,869287,,0.125,train,746bca,automobiles,1649110000000.0,188302.0,6.0,
5056,,,image-slider-responseMAS,193,1403.2,871692,,0.235,train,3efe44,automobiles,1649110000000.0,188303.0,63.0,
5057,,,image-slider-responseMAS,194,1426.9,874128,,0.27,train,73cf10,automobiles,1649110000000.0,188304.0,64.0,
5058,,,image-slider-responseMAS,195,2968.2,878111,,0.73,train,ea1d1d,automobiles,1649110000000.0,188305.0,62.0,
5059,,,image-slider-responseMAS,196,1864.6,880985,,0.6,train,d5b811,automobiles,1649110000000.0,188306.0,68.0,
5060,,,image-slider-responseMAS,197,1692.4,883686,,0.575,train,fcdb42,automobiles,1649110000000.0,188307.0,69.0,
5061,,,image-slider-responseMAS,198,1674.4,886365,,0.67,train,897618,automobiles,1649110000000.0,188308.0,56.0,
5062,,,image-slider-responseMAS,199,2141.6,889520,,0.29,train,39f6e0,automobiles,1649110000000.0,188309.0,20.0,
5063,,,image-slider-responseMAS,200,1526.5,892056,,0.1875,train,cd26c7,automobiles,1649110000000.0,188310.0,9.0,
5064,,,image-slider-responseMAS,201,2323.7,895386,,0.245,train,3b8378,automobiles,1649110000000.0,188311.0,21.0,
5065,,,image-slider-responseMAS,202,1640.1,898031,,0.225,train,4bcf8e,automobiles,1649110000000.0,188312.0,35.0,
5066,,,image-slider-responseMAS,203,2358.4,901396,,0.6975,train,c34f74,automobiles,1649110000000.0,188313.0,33.0,
5067,,,image-slider-responseMAS,204,1598.1,904003,,0.635,train,2f6ef6,automobiles,1649110000000.0,188314.0,0.0,
5068,,,image-slider-responseMAS,205,3055.1,908063,,0.295,train,0e8a19,automobiles,1649110000000.0,188315.0,50.0,
5069,,,image-slider-responseMAS,206,3058,912131,,0.2625,train,a0bae6,automobiles,1649110000000.0,188316.0,13.0,
5070,,,image-slider-responseMAS,207,1770.2,914909,,0.6625,train,fba714,automobiles,1649110000000.0,188317.0,70.0,
5071,,,image-slider-responseMAS,208,1372,917300,,0.065,train,600b84,automobiles,1649110000000.0,188318.0,7.0,
5072,,,image-slider-responseMAS,209,1563.6,919877,,0.725,train,ac6619,automobiles,1649110000000.0,188319.0,59.0,
5073,,,image-slider-responseMAS,210,3040.3,923927,,0.955,train,ffffff,automobiles,1649110000000.0,188320.0,28.0,
5074,,,image-slider-responseMAS,211,1801.4,926740,,0.275,train,8cf47e,automobiles,1649110000000.0,188321.0,52.0,
5075,,,image-slider-responseMAS,212,1199.6,928942,,0.2325,train,b8509e,automobiles,1649110000000.0,188322.0,18.0,
5076,,,image-slider-responseMAS,213,2978.8,932932,,0.6325,train,d0b85a,automobiles,1649110000000.0,188323.0,57.0,
5077,,,image-slider-responseMAS,214,3025.8,936969,,0.83,train,443b14,automobiles,1649110000000.0,188324.0,41.0,
5078,,,image-slider-responseMAS,215,2589.7,940571,,0.29,train,96c58c,automobiles,1649110000000.0,188325.0,39.0,
5079,,,image-slider-responseMAS,216,1702.1,943287,,0.2975,train,608218,automobiles,1649110000000.0,188326.0,53.0,
5080,,,image-slider-responseMAS,217,1873.3,946170,,0.3175,train,aac510,automobiles,1649110000000.0,188327.0,66.0,
5081,,,image-slider-responseMAS,218,1698.4,948872,,0.1875,train,077acc,automobiles,1649110000000.0,188328.0,4.0,
5082,,,image-slider-responseMAS,219,1964.9,951847,,0.13,train,5e78a1,automobiles,1649110000000.0,188329.0,12.0,
5083,,,image-slider-responseMAS,220,1686.8,954541,,0.115,train,512d5f,automobiles,1649110000000.0,188330.0,14.0,
5084,,,image-slider-responseMAS,221,2542.1,958086,,0.9475,train,dddddd,automobiles,1649110000000.0,188331.0,29.0,
5085,,,image-slider-responseMAS,222,4837.5,963938,,0.3525,train,d0e942,automobiles,1649110000000.0,188332.0,67.0,
5086,,,image-slider-responseMAS,223,3067.6,968012,,0.57,train,1c3d61,automobiles,1649110000000.0,188333.0,11.0,
5087,,,image-slider-responseMAS,224,2003.5,971033,,0.69,train,cc4f1b,automobiles,1649110000000.0,188334.0,61.0,
5088,,,image-slider-responseMAS,225,2079.8,974120,,0.6875,train,f1a78a,automobiles,1649110000000.0,188335.0,47.0,
5395,,,image-slider-responseMAS,155,4073.9,610870,,0.5875,train,c94e4b,automobiles,1649110000000.0,188642.0,48.0,
5396,,,image-slider-responseMAS,156,4183.3,616061,,0.74,train,39f6e0,automobiles,1649110000000.0,188643.0,20.0,
5397,,,image-slider-responseMAS,157,1871,618935,,0.465,train,c8e97d,automobiles,1649110000000.0,188644.0,55.0,
5398,,,image-slider-responseMAS,158,3821.1,623760,,0.2475,train,600b84,automobiles,1649110000000.0,188645.0,7.0,
5399,,,image-slider-responseMAS,159,2502.5,627266,,0.775,train,3b3b3b,automobiles,1649110000000.0,188646.0,25.0,
5400,,,image-slider-responseMAS,160,1998.7,630269,,0.365,train,55824d,automobiles,1649110000000.0,188647.0,38.0,
5401,,,image-slider-responseMAS,161,4018.5,635293,,1.0,train,ea1d1d,automobiles,1649110000000.0,188648.0,62.0,
5402,,,image-slider-responseMAS,162,19803.6,656105,,0.45,train,7ec6ba,automobiles,1649110000000.0,188649.0,22.0,
5403,,,image-slider-responseMAS,163,1901.1,659012,,0.5575,train,632b14,automobiles,1649110000000.0,188650.0,45.0,
5404,,,image-slider-responseMAS,164,2188.9,662205,,0.7575,train,72005e,automobiles,1649110000000.0,188651.0,17.0,
5405,,,image-slider-responseMAS,165,1670.2,664881,,0.8425,train,73f5b0,automobiles,1649110000000.0,188652.0,36.0,
5406,,,image-slider-responseMAS,166,2232.7,668121,,0.3975,train,dddddd,automobiles,1649110000000.0,188653.0,29.0,
5407,,,image-slider-responseMAS,167,4411.7,673537,,0.7875,train,8cf47e,automobiles,1649110000000.0,188654.0,52.0,
5408,,,image-slider-responseMAS,168,3135.1,677678,,0.7,train,d0e942,automobiles,1649110000000.0,188655.0,67.0,
5409,,,image-slider-responseMAS,169,1488.2,680170,,0.3125,train,184415,automobiles,1649110000000.0,188656.0,37.0,
5410,,,image-slider-responseMAS,170,3672.9,684850,,0.9425,train,cc4f1b,automobiles,1649110000000.0,188657.0,61.0,
5411,,,image-slider-responseMAS,171,2254,688110,,0.285,train,a553c8,automobiles,1649110000000.0,188658.0,8.0,
5412,,,image-slider-responseMAS,172,2441.4,691558,,0.89,train,e31b73,automobiles,1649110000000.0,188659.0,34.0,
5413,,,image-slider-responseMAS,173,3102,695667,,0.3125,train,a2eade,automobiles,1649110000000.0,188660.0,23.0,
5414,,,image-slider-responseMAS,174,2608.4,699283,,0.3975,train,f7a75a,automobiles,1649110000000.0,188661.0,60.0,
5415,,,image-slider-responseMAS,175,1749.4,702038,,0.4025,train,b62ef2,automobiles,1649110000000.0,188662.0,3.0,
5416,,,image-slider-responseMAS,176,1583.2,704625,,0.3875,train,4dc7e8,automobiles,1649110000000.0,188663.0,10.0,
5417,,,image-slider-responseMAS,177,1553.6,707181,,0.45,train,e6a8b7,automobiles,1649110000000.0,188664.0,32.0,
5418,,,image-slider-responseMAS,178,1512.8,709698,,0.4525,train,897618,automobiles,1649110000000.0,188665.0,56.0,
5419,,,image-slider-responseMAS,179,1497.6,712199,,0.7575,train,9af443,automobiles,1649110000000.0,188666.0,65.0,
5420,,,image-slider-responseMAS,180,2977.1,716180,,0.1525,train,d5b811,automobiles,1649110000000.0,188667.0,68.0,
5421,,,image-slider-responseMAS,181,1894.3,719078,,0.7625,train,2f6ef6,automobiles,1649110000000.0,188668.0,0.0,
5422,,,image-slider-responseMAS,182,1569.2,721652,,0.42,train,fcdb42,automobiles,1649110000000.0,188669.0,69.0,
5423,,,image-slider-responseMAS,183,2058.8,724717,,0.4175,train,f7db7c,automobiles,1649110000000.0,188670.0,58.0,
5424,,,image-slider-responseMAS,184,2602.5,728324,,0.695,train,73cf10,automobiles,1649110000000.0,188671.0,64.0,
5425,,,image-slider-responseMAS,185,2141.1,731470,,0.4275,train,a3c55b,automobiles,1649110000000.0,188672.0,54.0,
5426,,,image-slider-responseMAS,186,1615,734089,,0.4075,train,67cf5c,automobiles,1649110000000.0,188673.0,51.0,
5427,,,image-slider-responseMAS,187,1295.6,736391,,0.4325,train,d0b85a,automobiles,1649110000000.0,188674.0,57.0,
5428,,,image-slider-responseMAS,188,1489.8,738883,,0.3775,train,b9b9b9,automobiles,1649110000000.0,188675.0,27.0,
5429,,,image-slider-responseMAS,189,1631.4,741520,,0.6,train,3518ad,automobiles,1649110000000.0,188676.0,1.0,
5430,,,image-slider-responseMAS,190,2682.1,745207,,0.345,train,ffffff,automobiles,1649110000000.0,188677.0,28.0,
5431,,,image-slider-responseMAS,191,1889.7,748105,,0.2375,train,4bcf8e,automobiles,1649110000000.0,188678.0,35.0,
5432,,,image-slider-responseMAS,192,1860.8,750972,,0.36,train,746bca,automobiles,1649110000000.0,188679.0,6.0,
5433,,,image-slider-responseMAS,193,1369.8,753349,,0.455,train,1c3d61,automobiles,1649110000000.0,188680.0,11.0,
5434,,,image-slider-responseMAS,194,7893.3,762247,,0.38,train,c7b88b,automobiles,1649110000000.0,188681.0,43.0,
5435,,,image-slider-responseMAS,195,2050.3,765306,,0.2925,train,443b14,automobiles,1649110000000.0,188682.0,41.0,
5436,,,image-slider-responseMAS,196,2380.7,768691,,0.245,train,c34f74,automobiles,1649110000000.0,188683.0,33.0,
5437,,,image-slider-responseMAS,197,2193.4,771892,,0.365,train,eddcad,automobiles,1649110000000.0,188684.0,44.0,
5438,,,image-slider-responseMAS,198,3509.2,776406,,0.5525,train,8558f4,automobiles,1649110000000.0,188685.0,2.0,
5439,,,image-slider-responseMAS,199,2808,780222,,0.2975,train,baeaaf,automobiles,1649110000000.0,188686.0,40.0,
5440,,,image-slider-responseMAS,200,1543.3,782770,,0.35,train,ac6619,automobiles,1649110000000.0,188687.0,59.0,
5441,,,image-slider-responseMAS,201,1991.1,785764,,0.8725,train,3efe44,automobiles,1649110000000.0,188688.0,63.0,
5442,,,image-slider-responseMAS,202,3702.8,790471,,0.17,train,b8509e,automobiles,1649110000000.0,188689.0,18.0,
5443,,,image-slider-responseMAS,203,2803,794278,,0.355,train,a8664b,automobiles,1649110000000.0,188690.0,46.0,
5444,,,image-slider-responseMAS,204,1775.3,797058,,0.4375,train,83764c,automobiles,1649110000000.0,188691.0,42.0,
5445,,,image-slider-responseMAS,205,1934,799996,,0.785,train,077acc,automobiles,1649110000000.0,188692.0,4.0,
5446,,,image-slider-responseMAS,206,1472.6,802473,,0.255,train,777777,automobiles,1649110000000.0,188693.0,26.0,
5447,,,image-slider-responseMAS,207,1718.9,805197,,0.345,train,a0bae6,automobiles,1649110000000.0,188694.0,13.0,
5448,,,image-slider-responseMAS,208,4194.2,810397,,0.945,train,aac510,automobiles,1649110000000.0,188695.0,66.0,
5449,,,image-slider-responseMAS,209,3252.8,814657,,1.0,train,e81a4b,automobiles,1649110000000.0,188696.0,49.0,
5450,,,image-slider-responseMAS,210,1806.2,817469,,0.3725,train,3b8378,automobiles,1649110000000.0,188697.0,21.0,
5451,,,image-slider-responseMAS,211,2173.2,820647,,0.9275,train,db1f9d,automobiles,1649110000000.0,188698.0,19.0,
5452,,,image-slider-responseMAS,212,2140.4,823793,,0.38,train,608218,automobiles,1649110000000.0,188699.0,53.0,
5453,,,image-slider-responseMAS,213,2721.4,827520,,0.28,train,512d5f,automobiles,1649110000000.0,188700.0,14.0,
5454,,,image-slider-responseMAS,214,1990.7,830515,,0.425,train,5e78a1,automobiles,1649110000000.0,188701.0,12.0,
5455,,,image-slider-responseMAS,215,2077.7,833596,,0.3875,train,cd26c7,automobiles,1649110000000.0,188702.0,9.0,
5456,,,image-slider-responseMAS,216,1471.5,836073,,0.4175,train,f1a78a,automobiles,1649110000000.0,188703.0,47.0,
5457,,,image-slider-responseMAS,217,2173.4,839251,,0.195,train,90689f,automobiles,1649110000000.0,188704.0,15.0,
5458,,,image-slider-responseMAS,218,2046.2,842301,,0.3325,train,5e2b3a,automobiles,1649110000000.0,188705.0,30.0,
5459,,,image-slider-responseMAS,219,2553.1,845861,,0.3375,train,0,automobiles,1649110000000.0,188706.0,24.0,
5460,,,image-slider-responseMAS,220,2944.5,849810,,0.965,train,fba714,automobiles,1649110000000.0,188707.0,70.0,
5461,,,image-slider-responseMAS,221,1661.5,852478,,0.5675,train,2e3086,automobiles,1649110000000.0,188708.0,5.0,
5462,,,image-slider-responseMAS,222,1520.7,855002,,0.3175,train,d5a9e4,automobiles,1649110000000.0,188709.0,16.0,
5463,,,image-slider-responseMAS,223,1877.7,857884,,0.36,train,96c58c,automobiles,1649110000000.0,188710.0,39.0,
5464,,,image-slider-responseMAS,224,2116.7,861007,,0.59,train,0e8a19,automobiles,1649110000000.0,188711.0,50.0,
5465,,,image-slider-responseMAS,225,1655.5,863667,,0.285,train,a06776,automobiles,1649110000000.0,188712.0,31.0,
5768,,,image-slider-responseMAS,155,2551.8,571969,,0.6275,train,897618,automobiles,1649110000000.0,189015.0,56.0,
5769,,,image-slider-responseMAS,156,17544.2,590519,,0.62,train,443b14,automobiles,1649110000000.0,189016.0,41.0,
5770,,,image-slider-responseMAS,157,2296.7,593823,,0.0875,train,e81a4b,automobiles,1649110000000.0,189017.0,49.0,
5771,,,image-slider-responseMAS,158,1865.8,596693,,0.1725,train,83764c,automobiles,1649110000000.0,189018.0,42.0,
5772,,,image-slider-responseMAS,159,1801.9,599505,,0.73,train,3efe44,automobiles,1649110000000.0,189019.0,63.0,
5773,,,image-slider-responseMAS,160,2244.2,602753,,0.0,train,d5a9e4,automobiles,1649110000000.0,189020.0,16.0,
5774,,,image-slider-responseMAS,161,2306.9,606066,,0.6125,train,73cf10,automobiles,1649110000000.0,189021.0,64.0,
5775,,,image-slider-responseMAS,162,2572.7,609647,,0.155,train,ea1d1d,automobiles,1649110000000.0,189022.0,62.0,
5776,,,image-slider-responseMAS,163,2770.9,613421,,0.65,train,d5b811,automobiles,1649110000000.0,189023.0,68.0,
5777,,,image-slider-responseMAS,164,2770.1,617195,,0.0,train,7ec6ba,automobiles,1649110000000.0,189024.0,22.0,
5778,,,image-slider-responseMAS,165,2875.5,621074,,0.0075,train,90689f,automobiles,1649110000000.0,189025.0,15.0,
5779,,,image-slider-responseMAS,166,3303.1,625383,,0.0,train,a06776,automobiles,1649110000000.0,189026.0,31.0,
5780,,,image-slider-responseMAS,167,2969.8,629356,,0.7675,train,1c3d61,automobiles,1649110000000.0,189027.0,11.0,
5781,,,image-slider-responseMAS,168,5863.5,636228,,0.855,train,e31b73,automobiles,1649110000000.0,189028.0,34.0,
5782,,,image-slider-responseMAS,169,1905.6,639136,,0.0,train,b8509e,automobiles,1649110000000.0,189029.0,18.0,
5783,,,image-slider-responseMAS,170,9915.9,650055,,0.0,train,d0b85a,automobiles,1649110000000.0,189030.0,57.0,
5784,,,image-slider-responseMAS,171,3001.7,654065,,0.93,train,3518ad,automobiles,1649110000000.0,189031.0,1.0,
5785,,,image-slider-responseMAS,172,1661,656731,,0.0,train,5e78a1,automobiles,1649110000000.0,189032.0,12.0,
5786,,,image-slider-responseMAS,173,1491.8,659229,,0.0,train,f7a75a,automobiles,1649110000000.0,189033.0,60.0,
5787,,,image-slider-responseMAS,174,3102.2,663334,,0.0,train,a8664b,automobiles,1649110000000.0,189034.0,46.0,
5788,,,image-slider-responseMAS,175,2234.4,666575,,0.0,train,c34f74,automobiles,1649110000000.0,189035.0,33.0,
5789,,,image-slider-responseMAS,176,1433.4,669015,,0.33,train,512d5f,automobiles,1649110000000.0,189036.0,14.0,
5790,,,image-slider-responseMAS,177,2879,672904,,0.575,train,ac6619,automobiles,1649110000000.0,189037.0,59.0,
5791,,,image-slider-responseMAS,178,2190.8,676102,,0.0,train,8558f4,automobiles,1649110000000.0,189038.0,2.0,
5792,,,image-slider-responseMAS,179,3005.3,680111,,0.835,train,4dc7e8,automobiles,1649110000000.0,189039.0,10.0,
5793,,,image-slider-responseMAS,180,3739.4,684855,,0.8675,train,3b3b3b,automobiles,1649110000000.0,189040.0,25.0,
5794,,,image-slider-responseMAS,181,2080,687943,,0.615,train,077acc,automobiles,1649110000000.0,189041.0,4.0,
5795,,,image-slider-responseMAS,182,1885.9,690837,,0.0,train,a0bae6,automobiles,1649110000000.0,189042.0,13.0,
5796,,,image-slider-responseMAS,183,1775.7,693617,,0.6775,train,9af443,automobiles,1649110000000.0,189043.0,65.0,
5797,,,image-slider-responseMAS,184,1523.7,696146,,0.075,train,a2eade,automobiles,1649110000000.0,189044.0,23.0,
5798,,,image-slider-responseMAS,185,1531.8,698685,,0.605,train,600b84,automobiles,1649110000000.0,189045.0,7.0,
5799,,,image-slider-responseMAS,186,1610.8,701303,,0.35,train,96c58c,automobiles,1649110000000.0,189046.0,39.0,
5800,,,image-slider-responseMAS,187,1774.7,704083,,0.53,train,2f6ef6,automobiles,1649110000000.0,189047.0,0.0,
5801,,,image-slider-responseMAS,188,2048.9,707138,,0.2025,train,608218,automobiles,1649110000000.0,189048.0,53.0,
5802,,,image-slider-responseMAS,189,2373.4,710516,,0.1925,train,72005e,automobiles,1649110000000.0,189049.0,17.0,
5803,,,image-slider-responseMAS,190,26171.3,737691,,0.185,train,c94e4b,automobiles,1649110000000.0,189050.0,48.0,
5804,,,image-slider-responseMAS,191,1934.9,740632,,0.6225,train,3b8378,automobiles,1649110000000.0,189051.0,21.0,
5805,,,image-slider-responseMAS,192,1656.4,743291,,0.6725,train,aac510,automobiles,1649110000000.0,189052.0,66.0,
5806,,,image-slider-responseMAS,193,1395.9,745691,,0.2125,train,c8e97d,automobiles,1649110000000.0,189053.0,55.0,
5807,,,image-slider-responseMAS,194,1807,748504,,0.6225,train,cc4f1b,automobiles,1649110000000.0,189054.0,61.0,
5808,,,image-slider-responseMAS,195,1509.2,751017,,0.6475,train,fba714,automobiles,1649110000000.0,189055.0,70.0,
5809,,,image-slider-responseMAS,196,2706.3,754727,,0.27,train,67cf5c,automobiles,1649110000000.0,189056.0,51.0,
5810,,,image-slider-responseMAS,197,2269.4,758000,,0.805,train,2e3086,automobiles,1649110000000.0,189057.0,5.0,
5811,,,image-slider-responseMAS,198,4821,763827,,0.0,train,e6a8b7,automobiles,1649110000000.0,189058.0,32.0,
5812,,,image-slider-responseMAS,199,2079.5,766915,,0.2025,train,eddcad,automobiles,1649110000000.0,189059.0,44.0,
5813,,,image-slider-responseMAS,200,1682.8,769606,,1.0,train,777777,automobiles,1649110000000.0,189060.0,26.0,
5814,,,image-slider-responseMAS,201,1960,772572,,1.0,train,ffffff,automobiles,1649110000000.0,189061.0,28.0,
5815,,,image-slider-responseMAS,202,1644.1,775224,,0.075,train,5e2b3a,automobiles,1649110000000.0,189062.0,30.0,
5816,,,image-slider-responseMAS,203,1482.8,777713,,0.28,train,73f5b0,automobiles,1649110000000.0,189063.0,36.0,
5817,,,image-slider-responseMAS,204,1476.4,780194,,0.03,train,746bca,automobiles,1649110000000.0,189064.0,6.0,
5818,,,image-slider-responseMAS,205,1287.3,782489,,0.58,train,39f6e0,automobiles,1649110000000.0,189065.0,20.0,
5819,,,image-slider-responseMAS,206,2032.1,785526,,0.255,train,f7db7c,automobiles,1649110000000.0,189066.0,58.0,
5820,,,image-slider-responseMAS,207,1350,787880,,0.16,train,a553c8,automobiles,1649110000000.0,189067.0,8.0,
5821,,,image-slider-responseMAS,208,3724.7,792608,,0.98,train,0,automobiles,1649110000000.0,189068.0,24.0,
5822,,,image-slider-responseMAS,209,1614.5,795226,,0.0,train,f1a78a,automobiles,1649110000000.0,189069.0,47.0,
5823,,,image-slider-responseMAS,210,1334.1,797564,,0.23,train,b62ef2,automobiles,1649110000000.0,189070.0,3.0,
5824,,,image-slider-responseMAS,211,1957.5,800529,,0.8275,train,632b14,automobiles,1649110000000.0,189071.0,45.0,
5825,,,image-slider-responseMAS,212,1724.5,803260,,0.2775,train,55824d,automobiles,1649110000000.0,189072.0,38.0,
5826,,,image-slider-responseMAS,213,2370.5,806639,,0.1575,train,184415,automobiles,1649110000000.0,189073.0,37.0,
5827,,,image-slider-responseMAS,214,1674.5,809319,,0.2425,train,baeaaf,automobiles,1649110000000.0,189074.0,40.0,
5828,,,image-slider-responseMAS,215,1494.3,811820,,0.5825,train,0e8a19,automobiles,1649110000000.0,189075.0,50.0,
5829,,,image-slider-responseMAS,216,1683,814512,,0.0,train,c7b88b,automobiles,1649110000000.0,189076.0,43.0,
5830,,,image-slider-responseMAS,217,1278.4,816798,,0.6175,train,b9b9b9,automobiles,1649110000000.0,189077.0,27.0,
5831,,,image-slider-responseMAS,218,1557.1,819360,,0.8325,train,db1f9d,automobiles,1649110000000.0,189078.0,19.0,
5832,,,image-slider-responseMAS,219,2624.8,822990,,0.575,train,4bcf8e,automobiles,1649110000000.0,189079.0,35.0,
5833,,,image-slider-responseMAS,220,1872.8,825868,,0.245,train,a3c55b,automobiles,1649110000000.0,189080.0,54.0,
5834,,,image-slider-responseMAS,221,1607.4,828478,,0.6925,train,d0e942,automobiles,1649110000000.0,189081.0,67.0,
5835,,,image-slider-responseMAS,222,1723.4,831209,,0.575,train,fcdb42,automobiles,1649110000000.0,189082.0,69.0,
5836,,,image-slider-responseMAS,223,1673.3,833886,,0.8475,train,cd26c7,automobiles,1649110000000.0,189083.0,9.0,
5837,,,image-slider-responseMAS,224,1451.3,836342,,0.1625,train,8cf47e,automobiles,1649110000000.0,189084.0,52.0,
5838,,,image-slider-responseMAS,225,1768.9,839115,,0.8325,train,dddddd,automobiles,1649110000000.0,189085.0,29.0,
6141,,,image-slider-responseMAS,155,2820.1,736352,,0.0,train,a06776,automobiles,1649110000000.0,189388.0,31.0,
6142,,,image-slider-responseMAS,156,2174.3,739531,,0.0,train,2f6ef6,automobiles,1649110000000.0,189389.0,0.0,
6143,,,image-slider-responseMAS,157,1986.3,742526,,0.0,train,3efe44,automobiles,1649110000000.0,189390.0,63.0,
6144,,,image-slider-responseMAS,158,2489.2,746022,,0.0,train,72005e,automobiles,1649110000000.0,189391.0,17.0,
6145,,,image-slider-responseMAS,159,1818.2,748843,,0.0,train,c34f74,automobiles,1649110000000.0,189392.0,33.0,
6146,,,image-slider-responseMAS,160,1908.8,751758,,1.0,train,4dc7e8,automobiles,1649110000000.0,189393.0,10.0,
6147,,,image-slider-responseMAS,161,1665.2,754427,,1.0,train,5e78a1,automobiles,1649110000000.0,189394.0,12.0,
6148,,,image-slider-responseMAS,162,1696.6,757130,,1.0,train,ffffff,automobiles,1649110000000.0,189395.0,28.0,
6149,,,image-slider-responseMAS,163,1822.5,759958,,0.0,train,a2eade,automobiles,1649110000000.0,189396.0,23.0,
6150,,,image-slider-responseMAS,164,1612.7,762580,,0.0,train,baeaaf,automobiles,1649110000000.0,189397.0,40.0,
6151,,,image-slider-responseMAS,165,1726,765314,,0.0,train,fcdb42,automobiles,1649110000000.0,189398.0,69.0,
6152,,,image-slider-responseMAS,166,1485.9,767807,,0.0,train,a3c55b,automobiles,1649110000000.0,189399.0,54.0,
6153,,,image-slider-responseMAS,167,2012.1,770827,,0.0,train,c8e97d,automobiles,1649110000000.0,189400.0,55.0,
6154,,,image-slider-responseMAS,168,2618.6,774450,,0.0,train,f7db7c,automobiles,1649110000000.0,189401.0,58.0,
6155,,,image-slider-responseMAS,169,1893,777350,,0.0,train,3518ad,automobiles,1649110000000.0,189402.0,1.0,
6156,,,image-slider-responseMAS,170,1674.1,780028,,0.0,train,cc4f1b,automobiles,1649110000000.0,189403.0,61.0,
6157,,,image-slider-responseMAS,171,2031.4,783064,,0.0,train,608218,automobiles,1649110000000.0,189404.0,53.0,
6158,,,image-slider-responseMAS,172,14966.3,799034,,0.0,train,f1a78a,automobiles,1649110000000.0,189405.0,47.0,
6159,,,image-slider-responseMAS,173,2068.3,802107,,0.0,train,184415,automobiles,1649110000000.0,189406.0,37.0,
6160,,,image-slider-responseMAS,174,2146,805256,,0.0,train,73f5b0,automobiles,1649110000000.0,189407.0,36.0,
6161,,,image-slider-responseMAS,175,2333.5,808592,,0.0,train,39f6e0,automobiles,1649110000000.0,189408.0,20.0,
6162,,,image-slider-responseMAS,176,1790,811389,,0.0,train,cd26c7,automobiles,1649110000000.0,189409.0,9.0,
6163,,,image-slider-responseMAS,177,2501.2,814894,,0.0,train,b62ef2,automobiles,1649110000000.0,189410.0,3.0,
6164,,,image-slider-responseMAS,178,2071.1,817969,,0.0,train,a0bae6,automobiles,1649110000000.0,189411.0,13.0,
6165,,,image-slider-responseMAS,179,1894.4,820869,,0.0,train,c94e4b,automobiles,1649110000000.0,189412.0,48.0,
6166,,,image-slider-responseMAS,180,2092.8,823968,,0.0,train,0e8a19,automobiles,1649110000000.0,189413.0,50.0,
6167,,,image-slider-responseMAS,181,1934.1,826907,,0.0,train,e6a8b7,automobiles,1649110000000.0,189414.0,32.0,
6168,,,image-slider-responseMAS,182,1873.2,829783,,0.0,train,db1f9d,automobiles,1649110000000.0,189415.0,19.0,
6169,,,image-slider-responseMAS,183,2259,833049,,1.0,train,0,automobiles,1649110000000.0,189416.0,24.0,
6170,,,image-slider-responseMAS,184,1782.1,835837,,1.0,train,3b3b3b,automobiles,1649110000000.0,189417.0,25.0,
6171,,,image-slider-responseMAS,185,2337.1,839183,,0.0,train,b8509e,automobiles,1649110000000.0,189418.0,18.0,
6172,,,image-slider-responseMAS,186,1861.3,842051,,0.0,train,67cf5c,automobiles,1649110000000.0,189419.0,51.0,
6173,,,image-slider-responseMAS,187,1829.6,844886,,0.0,train,4bcf8e,automobiles,1649110000000.0,189420.0,35.0,
6174,,,image-slider-responseMAS,188,3563.1,849457,,0.0,train,600b84,automobiles,1649110000000.0,189421.0,7.0,
6175,,,image-slider-responseMAS,189,1789.7,852253,,0.0,train,83764c,automobiles,1649110000000.0,189422.0,42.0,
6176,,,image-slider-responseMAS,190,1506,854764,,0.0,train,e31b73,automobiles,1649110000000.0,189423.0,34.0,
6177,,,image-slider-responseMAS,191,1505.6,857274,,0.0,train,3b8378,automobiles,1649110000000.0,189424.0,21.0,
6178,,,image-slider-responseMAS,192,1936.6,860214,,0.0,train,90689f,automobiles,1649110000000.0,189425.0,15.0,
6179,,,image-slider-responseMAS,193,1642.2,862860,,0.0,train,632b14,automobiles,1649110000000.0,189426.0,45.0,
6180,,,image-slider-responseMAS,194,1675.1,865538,,0.0,train,1c3d61,automobiles,1649110000000.0,189427.0,11.0,
6181,,,image-slider-responseMAS,195,2113.3,868660,,0.0,train,e81a4b,automobiles,1649110000000.0,189428.0,49.0,
6182,,,image-slider-responseMAS,196,1634.4,871298,,0.0,train,a8664b,automobiles,1649110000000.0,189429.0,46.0,
6183,,,image-slider-responseMAS,197,2078.2,874381,,0.0,train,73cf10,automobiles,1649110000000.0,189430.0,64.0,
6184,,,image-slider-responseMAS,198,1784.6,877171,,0.0,train,7ec6ba,automobiles,1649110000000.0,189431.0,22.0,
6185,,,image-slider-responseMAS,199,1592.8,879767,,0.0,train,443b14,automobiles,1649110000000.0,189432.0,41.0,
6186,,,image-slider-responseMAS,200,3388.7,884162,,1.0,train,ea1d1d,automobiles,1649110000000.0,189433.0,62.0,
6187,,,image-slider-responseMAS,201,1672,886839,,0.0,train,5e2b3a,automobiles,1649110000000.0,189434.0,30.0,
6188,,,image-slider-responseMAS,202,2882.9,890731,,0.0,train,8558f4,automobiles,1649110000000.0,189435.0,2.0,
6189,,,image-slider-responseMAS,203,1665,893402,,0.0,train,d0e942,automobiles,1649110000000.0,189436.0,67.0,
6190,,,image-slider-responseMAS,204,2157.5,896564,,0.0,train,746bca,automobiles,1649110000000.0,189437.0,6.0,
6191,,,image-slider-responseMAS,205,2861.4,900434,,1.0,train,b9b9b9,automobiles,1649110000000.0,189438.0,27.0,
6192,,,image-slider-responseMAS,206,3804.2,905242,,0.0,train,8cf47e,automobiles,1649110000000.0,189439.0,52.0,
6193,,,image-slider-responseMAS,207,1967.4,908213,,1.0,train,dddddd,automobiles,1649110000000.0,189440.0,29.0,
6194,,,image-slider-responseMAS,208,1891.5,911114,,1.0,train,c7b88b,automobiles,1649110000000.0,189441.0,43.0,
6195,,,image-slider-responseMAS,209,1933.4,914053,,0.0,train,d5a9e4,automobiles,1649110000000.0,189442.0,16.0,
6196,,,image-slider-responseMAS,210,1905.8,916962,,0.0,train,9af443,automobiles,1649110000000.0,189443.0,65.0,
6197,,,image-slider-responseMAS,211,2156.5,920122,,1.0,train,eddcad,automobiles,1649110000000.0,189444.0,44.0,
6198,,,image-slider-responseMAS,212,2404.3,923531,,1.0,train,777777,automobiles,1649110000000.0,189445.0,26.0,
6199,,,image-slider-responseMAS,213,2096.4,926630,,0.0,train,d0b85a,automobiles,1649110000000.0,189446.0,57.0,
6200,,,image-slider-responseMAS,214,2805.5,930444,,0.0,train,897618,automobiles,1649110000000.0,189447.0,56.0,
6201,,,image-slider-responseMAS,215,1769.3,933218,,0.0,train,aac510,automobiles,1649110000000.0,189448.0,66.0,
6202,,,image-slider-responseMAS,216,2753.5,936975,,1.0,train,077acc,automobiles,1649110000000.0,189449.0,4.0,
6203,,,image-slider-responseMAS,217,1896.5,939876,,0.0,train,f7a75a,automobiles,1649110000000.0,189450.0,60.0,
6204,,,image-slider-responseMAS,218,1736.9,942617,,0.0,train,ac6619,automobiles,1649110000000.0,189451.0,59.0,
6205,,,image-slider-responseMAS,219,1941.2,945565,,0.0,train,2e3086,automobiles,1649110000000.0,189452.0,5.0,
6206,,,image-slider-responseMAS,220,1934.6,948506,,0.0,train,d5b811,automobiles,1649110000000.0,189453.0,68.0,
6207,,,image-slider-responseMAS,221,1760.4,951270,,0.0,train,fba714,automobiles,1649110000000.0,189454.0,70.0,
6208,,,image-slider-responseMAS,222,1709.7,953983,,0.0,train,512d5f,automobiles,1649110000000.0,189455.0,14.0,
6209,,,image-slider-responseMAS,223,1928.1,956918,,0.0,train,96c58c,automobiles,1649110000000.0,189456.0,39.0,
6210,,,image-slider-responseMAS,224,1968.7,959890,,0.0,train,a553c8,automobiles,1649110000000.0,189457.0,8.0,
6211,,,image-slider-responseMAS,225,3076.8,963975,,0.0,train,55824d,automobiles,1649110000000.0,189458.0,38.0,
6514,,,image-slider-responseMAS,155,2492.6,1217510,,0.0025,train,96c58c,automobiles,1649110000000.0,189761.0,39.0,
6515,,,image-slider-responseMAS,156,1906.9,1220420,,0.0,train,c7b88b,automobiles,1649110000000.0,189762.0,43.0,
6516,,,image-slider-responseMAS,157,2744.5,1224170,,1.0,train,73f5b0,automobiles,1649110000000.0,189763.0,36.0,
6517,,,image-slider-responseMAS,158,2182.6,1227360,,0.0,train,a8664b,automobiles,1649110000000.0,189764.0,46.0,
6518,,,image-slider-responseMAS,159,2539.2,1230900,,0.0,train,632b14,automobiles,1649110000000.0,189765.0,45.0,
6519,,,image-slider-responseMAS,160,2498,1234400,,0.0,train,4dc7e8,automobiles,1649110000000.0,189766.0,10.0,
6520,,,image-slider-responseMAS,161,2325.9,1237730,,1.0,train,a2eade,automobiles,1649110000000.0,189767.0,23.0,
6521,,,image-slider-responseMAS,162,4827,1243560,,0.0,train,ac6619,automobiles,1649110000000.0,189768.0,59.0,
6522,,,image-slider-responseMAS,163,2847.9,1247420,,0.0,train,3b8378,automobiles,1649110000000.0,189769.0,21.0,
6523,,,image-slider-responseMAS,164,3043.5,1251460,,1.0,train,d0e942,automobiles,1649110000000.0,189770.0,67.0,
6524,,,image-slider-responseMAS,165,36094.5,1288560,,1.0,train,39f6e0,automobiles,1649110000000.0,189771.0,20.0,
6525,,,image-slider-responseMAS,166,5027.8,1294600,,0.0,train,83764c,automobiles,1649110000000.0,189772.0,42.0,
6526,,,image-slider-responseMAS,167,1879.4,1297480,,0.0,train,cd26c7,automobiles,1649110000000.0,189773.0,9.0,
6527,,,image-slider-responseMAS,168,2349.1,1300830,,0.0,train,b62ef2,automobiles,1649110000000.0,189774.0,3.0,
6528,,,image-slider-responseMAS,169,3365.7,1305200,,1.0,train,eddcad,automobiles,1649110000000.0,189775.0,44.0,
6529,,,image-slider-responseMAS,170,3129.8,1309340,,0.0,train,5e78a1,automobiles,1649110000000.0,189776.0,12.0,
6530,,,image-slider-responseMAS,171,4938.5,1315280,,0.0,train,d0b85a,automobiles,1649110000000.0,189777.0,57.0,
6531,,,image-slider-responseMAS,172,5412.1,1321700,,0.0,train,fcdb42,automobiles,1649110000000.0,189778.0,69.0,
6532,,,image-slider-responseMAS,173,27533.9,1350240,,0.99,train,73cf10,automobiles,1649110000000.0,189779.0,64.0,
6533,,,image-slider-responseMAS,174,8537,1359780,,0.0,train,2e3086,automobiles,1649110000000.0,189780.0,5.0,
6534,,,image-slider-responseMAS,175,2401.7,1363190,,0.0,train,f7db7c,automobiles,1649110000000.0,189781.0,58.0,
6535,,,image-slider-responseMAS,176,3006.9,1367200,,0.0,train,2f6ef6,automobiles,1649110000000.0,189782.0,0.0,
6536,,,image-slider-responseMAS,177,7771.8,1375970,,0.0,train,746bca,automobiles,1649110000000.0,189783.0,6.0,
6537,,,image-slider-responseMAS,178,2732.7,1379710,,1.0,train,b9b9b9,automobiles,1649110000000.0,189784.0,27.0,
6538,,,image-slider-responseMAS,179,4645.2,1385360,,0.0,train,184415,automobiles,1649110000000.0,189785.0,37.0,
6539,,,image-slider-responseMAS,180,2478.2,1388850,,1.0,train,ffffff,automobiles,1649110000000.0,189786.0,28.0,
6540,,,image-slider-responseMAS,181,48845,1438700,,0.0,train,8558f4,automobiles,1649110000000.0,189787.0,2.0,
6541,,,image-slider-responseMAS,182,2753.8,1442460,,0.0,train,e31b73,automobiles,1649110000000.0,189788.0,34.0,
6542,,,image-slider-responseMAS,183,11072.1,1454530,,0.0,train,1c3d61,automobiles,1649110000000.0,189789.0,11.0,
6543,,,image-slider-responseMAS,184,2524.6,1458060,,0.0,train,077acc,automobiles,1649110000000.0,189790.0,4.0,
6544,,,image-slider-responseMAS,185,17053.9,1476120,,0.995,train,ea1d1d,automobiles,1649110000000.0,189791.0,62.0,
6545,,,image-slider-responseMAS,186,1822.7,1478950,,0.0,train,600b84,automobiles,1649110000000.0,189792.0,7.0,
6546,,,image-slider-responseMAS,187,1664,1481620,,0.0,train,3efe44,automobiles,1649110000000.0,189793.0,63.0,
6547,,,image-slider-responseMAS,188,2279.9,1484900,,1.0,train,c34f74,automobiles,1649110000000.0,189794.0,33.0,
6548,,,image-slider-responseMAS,189,1833.6,1487730,,0.09,train,9af443,automobiles,1649110000000.0,189795.0,65.0,
6549,,,image-slider-responseMAS,190,1945.8,1490680,,0.7925,train,0e8a19,automobiles,1649110000000.0,189796.0,50.0,
6550,,,image-slider-responseMAS,191,1281.8,1492970,,0.2675,train,8cf47e,automobiles,1649110000000.0,189797.0,52.0,
6551,,,image-slider-responseMAS,192,1265.1,1495240,,0.6775,train,608218,automobiles,1649110000000.0,189798.0,53.0,
6552,,,image-slider-responseMAS,193,1315,1497550,,0.6575,train,c8e97d,automobiles,1649110000000.0,189799.0,55.0,
6553,,,image-slider-responseMAS,194,2101.4,1500660,,0.4475,train,d5a9e4,automobiles,1649110000000.0,189800.0,16.0,
6554,,,image-slider-responseMAS,195,2102,1503760,,1.0,train,dddddd,automobiles,1649110000000.0,189801.0,29.0,
6555,,,image-slider-responseMAS,196,7031,1511800,,1.0,train,777777,automobiles,1649110000000.0,189802.0,26.0,
6556,,,image-slider-responseMAS,197,1620.7,1514430,,0.0,train,90689f,automobiles,1649110000000.0,189803.0,15.0,
6557,,,image-slider-responseMAS,198,2854.9,1518280,,0.7075,train,f7a75a,automobiles,1649110000000.0,189804.0,60.0,
6558,,,image-slider-responseMAS,199,4130.3,1523420,,0.2125,train,aac510,automobiles,1649110000000.0,189805.0,66.0,
6559,,,image-slider-responseMAS,200,2159,1526580,,1.0,train,0,automobiles,1649110000000.0,189806.0,24.0,
6560,,,image-slider-responseMAS,201,1876.8,1529460,,0.19,train,897618,automobiles,1649110000000.0,189807.0,56.0,
6561,,,image-slider-responseMAS,202,2360.5,1532830,,0.355,train,67cf5c,automobiles,1649110000000.0,189808.0,51.0,
6562,,,image-slider-responseMAS,203,2429.2,1536260,,0.185,train,72005e,automobiles,1649110000000.0,189809.0,17.0,
6563,,,image-slider-responseMAS,204,1506.3,1538770,,0.7175,train,d5b811,automobiles,1649110000000.0,189810.0,68.0,
6564,,,image-slider-responseMAS,205,39267.3,1579040,,0.1825,train,4bcf8e,automobiles,1649110000000.0,189811.0,35.0,
6565,,,image-slider-responseMAS,206,3755.8,1583810,,0.1475,train,512d5f,automobiles,1649110000000.0,189812.0,14.0,
6566,,,image-slider-responseMAS,207,11409.5,1596220,,1.0,train,3b3b3b,automobiles,1649110000000.0,189813.0,25.0,
6567,,,image-slider-responseMAS,208,22754.7,1619980,,0.16,train,e6a8b7,automobiles,1649110000000.0,189814.0,32.0,
6568,,,image-slider-responseMAS,209,10803.4,1631790,,0.205,train,a3c55b,automobiles,1649110000000.0,189815.0,54.0,
6569,,,image-slider-responseMAS,210,2756.8,1635550,,0.8475,train,3518ad,automobiles,1649110000000.0,189816.0,1.0,
6570,,,image-slider-responseMAS,211,2780,1639340,,0.26,train,c94e4b,automobiles,1649110000000.0,189817.0,48.0,
6571,,,image-slider-responseMAS,212,1460.3,1641800,,0.795,train,443b14,automobiles,1649110000000.0,189818.0,41.0,
6572,,,image-slider-responseMAS,213,1365.6,1644170,,0.3175,train,a06776,automobiles,1649110000000.0,189819.0,31.0,
6573,,,image-slider-responseMAS,214,1427.9,1646600,,1.0,train,55824d,automobiles,1649110000000.0,189820.0,38.0,
6574,,,image-slider-responseMAS,215,1656.9,1649260,,0.0,train,7ec6ba,automobiles,1649110000000.0,189821.0,22.0,
6575,,,image-slider-responseMAS,216,2218.3,1652480,,0.9925,train,db1f9d,automobiles,1649110000000.0,189822.0,19.0,
6576,,,image-slider-responseMAS,217,3600.3,1657090,,1.0,train,e81a4b,automobiles,1649110000000.0,189823.0,49.0,
6577,,,image-slider-responseMAS,218,2172.9,1660260,,0.0,train,5e2b3a,automobiles,1649110000000.0,189824.0,30.0,
6578,,,image-slider-responseMAS,219,14017.6,1675290,,0.0,train,baeaaf,automobiles,1649110000000.0,189825.0,40.0,
6579,,,image-slider-responseMAS,220,2617.8,1678910,,0.0,train,fba714,automobiles,1649110000000.0,189826.0,70.0,
6580,,,image-slider-responseMAS,221,2168.9,1682080,,0.0025,train,cc4f1b,automobiles,1649110000000.0,189827.0,61.0,
6581,,,image-slider-responseMAS,222,1876.7,1684960,,0.0075,train,f1a78a,automobiles,1649110000000.0,189828.0,47.0,
6582,,,image-slider-responseMAS,223,2399,1688370,,0.0,train,b8509e,automobiles,1649110000000.0,189829.0,18.0,
6583,,,image-slider-responseMAS,224,1777.6,1691150,,0.0025,train,a553c8,automobiles,1649110000000.0,189830.0,8.0,
6584,,,image-slider-responseMAS,225,1754,1693900,,0.0,train,a0bae6,automobiles,1649110000000.0,189831.0,13.0,
6888,,,image-slider-responseMAS,155,2726.1,793611,,0.1375,train,0e8a19,automobiles,1649120000000.0,190135.0,50.0,
6889,,,image-slider-responseMAS,156,2274.1,796891,,0.1725,train,4bcf8e,automobiles,1649120000000.0,190136.0,35.0,
6890,,,image-slider-responseMAS,157,2361.5,800259,,0.15,train,8558f4,automobiles,1649120000000.0,190137.0,2.0,
6891,,,image-slider-responseMAS,158,2171.9,803437,,0.0175,train,cd26c7,automobiles,1649120000000.0,190138.0,9.0,
6892,,,image-slider-responseMAS,159,1801.7,806253,,0.0,train,72005e,automobiles,1649120000000.0,190139.0,17.0,
6893,,,image-slider-responseMAS,160,2750.1,810010,,1.0,train,5e2b3a,automobiles,1649120000000.0,190140.0,30.0,
6894,,,image-slider-responseMAS,161,3353,814377,,0.1,train,e6a8b7,automobiles,1649120000000.0,190141.0,32.0,
6895,,,image-slider-responseMAS,162,2083.4,817464,,0.175,train,8cf47e,automobiles,1649120000000.0,190142.0,52.0,
6896,,,image-slider-responseMAS,163,7153.6,825623,,0.64,train,4dc7e8,automobiles,1649120000000.0,190143.0,10.0,
6897,,,image-slider-responseMAS,164,2726.4,829358,,0.2125,train,608218,automobiles,1649120000000.0,190144.0,53.0,
6898,,,image-slider-responseMAS,165,1669.8,832045,,0.115,train,9af443,automobiles,1649120000000.0,190145.0,65.0,
6899,,,image-slider-responseMAS,166,4340.9,837389,,0.7825,train,d0b85a,automobiles,1649120000000.0,190146.0,57.0,
6900,,,image-slider-responseMAS,167,2610.9,841014,,0.1425,train,db1f9d,automobiles,1649120000000.0,190147.0,19.0,
6901,,,image-slider-responseMAS,168,3090.3,845114,,1.0,train,3b3b3b,automobiles,1649120000000.0,190148.0,25.0,
6902,,,image-slider-responseMAS,169,2520.1,848652,,0.85,train,ac6619,automobiles,1649120000000.0,190149.0,59.0,
6903,,,image-slider-responseMAS,170,1766.2,851427,,0.89,train,a8664b,automobiles,1649120000000.0,190150.0,46.0,
6904,,,image-slider-responseMAS,171,3580.6,856012,,0.5175,train,73f5b0,automobiles,1649120000000.0,190151.0,36.0,
6905,,,image-slider-responseMAS,172,4723.3,861748,,0.3475,train,184415,automobiles,1649120000000.0,190152.0,37.0,
6906,,,image-slider-responseMAS,173,2248.3,865010,,0.0,train,2f6ef6,automobiles,1649120000000.0,190153.0,0.0,
6907,,,image-slider-responseMAS,174,2669.6,868691,,0.175,train,55824d,automobiles,1649120000000.0,190154.0,38.0,
6908,,,image-slider-responseMAS,175,1973,871668,,1.0,train,b9b9b9,automobiles,1649120000000.0,190155.0,27.0,
6909,,,image-slider-responseMAS,176,2390.5,875063,,1.0,train,0,automobiles,1649120000000.0,190156.0,24.0,
6910,,,image-slider-responseMAS,177,2145.6,878214,,1.0,train,ffffff,automobiles,1649120000000.0,190157.0,28.0,
6911,,,image-slider-responseMAS,178,1875,881090,,0.8425,train,83764c,automobiles,1649120000000.0,190158.0,42.0,
6912,,,image-slider-responseMAS,179,1927.2,884028,,0.3975,train,2e3086,automobiles,1649120000000.0,190159.0,5.0,
6913,,,image-slider-responseMAS,180,2243.4,887277,,0.2525,train,67cf5c,automobiles,1649120000000.0,190160.0,51.0,
6914,,,image-slider-responseMAS,181,2119,890403,,0.2425,train,a3c55b,automobiles,1649120000000.0,190161.0,54.0,
6915,,,image-slider-responseMAS,182,3224.7,894633,,0.1175,train,3518ad,automobiles,1649120000000.0,190162.0,1.0,
6916,,,image-slider-responseMAS,183,2543.4,898189,,0.3525,train,512d5f,automobiles,1649120000000.0,190163.0,14.0,
6917,,,image-slider-responseMAS,184,2484.6,901678,,0.1225,train,a2eade,automobiles,1649120000000.0,190164.0,23.0,
6918,,,image-slider-responseMAS,185,2366.2,905050,,0.7975,train,eddcad,automobiles,1649120000000.0,190165.0,44.0,
6919,,,image-slider-responseMAS,186,2527.9,908583,,0.3275,train,077acc,automobiles,1649120000000.0,190166.0,4.0,
6920,,,image-slider-responseMAS,187,1947,911546,,0.0,train,a553c8,automobiles,1649120000000.0,190167.0,8.0,
6921,,,image-slider-responseMAS,188,2060.5,914613,,0.3375,train,746bca,automobiles,1649120000000.0,190168.0,6.0,
6922,,,image-slider-responseMAS,189,2782.7,918401,,0.8025,train,d5b811,automobiles,1649120000000.0,190169.0,68.0,
6923,,,image-slider-responseMAS,190,2027.1,921431,,1.0,train,dddddd,automobiles,1649120000000.0,190170.0,29.0,
6924,,,image-slider-responseMAS,191,2758.4,925206,,0.84,train,c7b88b,automobiles,1649120000000.0,190171.0,43.0,
6925,,,image-slider-responseMAS,192,2635.3,928847,,0.86,train,e81a4b,automobiles,1649120000000.0,190172.0,49.0,
6926,,,image-slider-responseMAS,193,2049.1,931914,,0.3825,train,96c58c,automobiles,1649120000000.0,190173.0,39.0,
6927,,,image-slider-responseMAS,194,3867.5,936786,,0.885,train,a06776,automobiles,1649120000000.0,190174.0,31.0,
6928,,,image-slider-responseMAS,195,2291.8,940086,,1.0,train,443b14,automobiles,1649120000000.0,190175.0,41.0,
6929,,,image-slider-responseMAS,196,2195.4,943290,,1.0,train,632b14,automobiles,1649120000000.0,190176.0,45.0,
6930,,,image-slider-responseMAS,197,2776.7,947075,,0.135,train,39f6e0,automobiles,1649120000000.0,190177.0,20.0,
6931,,,image-slider-responseMAS,198,3399.7,951483,,0.3725,train,3b8378,automobiles,1649120000000.0,190178.0,21.0,
6932,,,image-slider-responseMAS,199,3596.8,956083,,0.7725,train,897618,automobiles,1649120000000.0,190179.0,56.0,
6933,,,image-slider-responseMAS,200,2564.6,959661,,0.24,train,c8e97d,automobiles,1649120000000.0,190180.0,55.0,
6934,,,image-slider-responseMAS,201,3079.3,963747,,0.0,train,b62ef2,automobiles,1649120000000.0,190181.0,3.0,
6935,,,image-slider-responseMAS,202,2211.2,966962,,0.6525,train,fba714,automobiles,1649120000000.0,190182.0,70.0,
6936,,,image-slider-responseMAS,203,2802.7,970782,,0.6225,train,c94e4b,automobiles,1649120000000.0,190183.0,48.0,
6937,,,image-slider-responseMAS,204,3949,975735,,0.5025,train,c34f74,automobiles,1649120000000.0,190184.0,33.0,
6938,,,image-slider-responseMAS,205,2612.1,979364,,0.37,train,1c3d61,automobiles,1649120000000.0,190185.0,11.0,
6939,,,image-slider-responseMAS,206,4538.1,984906,,0.0925,train,aac510,automobiles,1649120000000.0,190186.0,66.0,
6940,,,image-slider-responseMAS,207,1778.2,987701,,0.0,train,b8509e,automobiles,1649120000000.0,190187.0,18.0,
6941,,,image-slider-responseMAS,208,2261.6,990969,,0.79,train,cc4f1b,automobiles,1649120000000.0,190188.0,61.0,
6942,,,image-slider-responseMAS,209,3496.9,995470,,0.225,train,e31b73,automobiles,1649120000000.0,190189.0,34.0,
6943,,,image-slider-responseMAS,210,3302.2,999783,,0.0,train,600b84,automobiles,1649120000000.0,190190.0,7.0,
6944,,,image-slider-responseMAS,211,5479.4,1006280,,0.2225,train,a0bae6,automobiles,1649120000000.0,190191.0,13.0,
6945,,,image-slider-responseMAS,212,4167.3,1011460,,0.7675,train,f7a75a,automobiles,1649120000000.0,190192.0,60.0,
6946,,,image-slider-responseMAS,213,1887.1,1014360,,0.3525,train,5e78a1,automobiles,1649120000000.0,190193.0,12.0,
6947,,,image-slider-responseMAS,214,3509.9,1018880,,0.195,train,7ec6ba,automobiles,1649120000000.0,190194.0,22.0,
6948,,,image-slider-responseMAS,215,1886.1,1021780,,0.8375,train,f7db7c,automobiles,1649120000000.0,190195.0,58.0,
6949,,,image-slider-responseMAS,216,2317.9,1025100,,0.2375,train,baeaaf,automobiles,1649120000000.0,190196.0,40.0,
6950,,,image-slider-responseMAS,217,3926.6,1030040,,0.0,train,d5a9e4,automobiles,1649120000000.0,190197.0,16.0,
6951,,,image-slider-responseMAS,218,2963.8,1034000,,0.6625,train,fcdb42,automobiles,1649120000000.0,190198.0,69.0,
6952,,,image-slider-responseMAS,219,2316.1,1037330,,0.7375,train,d0e942,automobiles,1649120000000.0,190199.0,67.0,
6953,,,image-slider-responseMAS,220,2173.1,1040510,,0.275,train,73cf10,automobiles,1649120000000.0,190200.0,64.0,
6954,,,image-slider-responseMAS,221,2504.2,1044030,,0.0,train,90689f,automobiles,1649120000000.0,190201.0,15.0,
6955,,,image-slider-responseMAS,222,2550.6,1047600,,0.7275,train,f1a78a,automobiles,1649120000000.0,190202.0,47.0,
6956,,,image-slider-responseMAS,223,2664.8,1051270,,1.0,train,ea1d1d,automobiles,1649120000000.0,190203.0,62.0,
6957,,,image-slider-responseMAS,224,2485,1054770,,0.0,train,3efe44,automobiles,1649120000000.0,190204.0,63.0,
6958,,,image-slider-responseMAS,225,2734.4,1058510,,1.0,train,777777,automobiles,1649120000000.0,190205.0,26.0,
7262,,,image-slider-responseMAS,155,2403.4,667972,,0.22,train,077acc,automobiles,1649120000000.0,190509.0,4.0,
7263,,,image-slider-responseMAS,156,2087.2,671065,,0.6425,train,9af443,automobiles,1649120000000.0,190510.0,65.0,
7264,,,image-slider-responseMAS,157,1803.9,673873,,0.37,train,600b84,automobiles,1649120000000.0,190511.0,7.0,
7265,,,image-slider-responseMAS,158,1635.4,676512,,0.6075,train,eddcad,automobiles,1649120000000.0,190512.0,44.0,
7266,,,image-slider-responseMAS,159,2049.8,679571,,0.745,train,72005e,automobiles,1649120000000.0,190513.0,17.0,
7267,,,image-slider-responseMAS,160,1823.6,682412,,0.1775,train,c34f74,automobiles,1649120000000.0,190514.0,33.0,
7268,,,image-slider-responseMAS,161,2418.5,685838,,0.28,train,d0e942,automobiles,1649120000000.0,190515.0,67.0,
7269,,,image-slider-responseMAS,162,2102,688945,,0.75,train,c7b88b,automobiles,1649120000000.0,190516.0,43.0,
7270,,,image-slider-responseMAS,163,1670.2,691619,,0.1875,train,fcdb42,automobiles,1649120000000.0,190517.0,69.0,
7271,,,image-slider-responseMAS,164,4574.3,697201,,0.7525,train,608218,automobiles,1649120000000.0,190518.0,53.0,
7272,,,image-slider-responseMAS,165,2102.1,700309,,0.725,train,184415,automobiles,1649120000000.0,190519.0,37.0,
7273,,,image-slider-responseMAS,166,2067.6,703384,,0.23,train,a06776,automobiles,1649120000000.0,190520.0,31.0,
7274,,,image-slider-responseMAS,167,1988.8,706376,,0.3725,train,b62ef2,automobiles,1649120000000.0,190521.0,3.0,
7275,,,image-slider-responseMAS,168,2351,709735,,0.6675,train,a8664b,automobiles,1649120000000.0,190522.0,46.0,
7276,,,image-slider-responseMAS,169,2130.7,712877,,0.8475,train,55824d,automobiles,1649120000000.0,190523.0,38.0,
7277,,,image-slider-responseMAS,170,2102,715986,,0.825,train,2f6ef6,automobiles,1649120000000.0,190524.0,0.0,
7278,,,image-slider-responseMAS,171,1850.9,718843,,0.67,train,1c3d61,automobiles,1649120000000.0,190525.0,11.0,
7279,,,image-slider-responseMAS,172,2424.8,722270,,0.9475,train,ffffff,automobiles,1649120000000.0,190526.0,28.0,
7280,,,image-slider-responseMAS,173,2087.5,725360,,0.2875,train,a553c8,automobiles,1649120000000.0,190527.0,8.0,
7281,,,image-slider-responseMAS,174,2134.4,728518,,0.975,train,0,automobiles,1649120000000.0,190528.0,24.0,
7282,,,image-slider-responseMAS,175,2168.5,731694,,0.745,train,3b3b3b,automobiles,1649120000000.0,190529.0,25.0,
7283,,,image-slider-responseMAS,176,2053.7,734752,,0.565,train,2e3086,automobiles,1649120000000.0,190530.0,5.0,
7284,,,image-slider-responseMAS,177,2087.6,737843,,0.7025,train,a3c55b,automobiles,1649120000000.0,190531.0,54.0,
7285,,,image-slider-responseMAS,178,3105.3,741971,,0.285,train,b8509e,automobiles,1649120000000.0,190532.0,18.0,
7286,,,image-slider-responseMAS,179,2184.6,745163,,0.235,train,c94e4b,automobiles,1649120000000.0,190533.0,48.0,
7287,,,image-slider-responseMAS,180,1854,748021,,0.2825,train,c8e97d,automobiles,1649120000000.0,190534.0,55.0,
7288,,,image-slider-responseMAS,181,2019.3,751047,,0.27,train,5e78a1,automobiles,1649120000000.0,190535.0,12.0,
7289,,,image-slider-responseMAS,182,1782.6,753836,,0.6675,train,3518ad,automobiles,1649120000000.0,190536.0,1.0,
7290,,,image-slider-responseMAS,183,4243,759085,,0.3175,train,746bca,automobiles,1649120000000.0,190537.0,6.0,
7291,,,image-slider-responseMAS,184,2468.5,762560,,0.395,train,4dc7e8,automobiles,1649120000000.0,190538.0,10.0,
7292,,,image-slider-responseMAS,185,2076.7,765639,,0.2275,train,39f6e0,automobiles,1649120000000.0,190539.0,20.0,
7293,,,image-slider-responseMAS,186,3700.8,770346,,0.75,train,dddddd,automobiles,1649120000000.0,190540.0,29.0,
7294,,,image-slider-responseMAS,187,2187.3,773539,,0.2475,train,cc4f1b,automobiles,1649120000000.0,190541.0,61.0,
7295,,,image-slider-responseMAS,188,1816.6,776364,,0.385,train,67cf5c,automobiles,1649120000000.0,190542.0,51.0,
7296,,,image-slider-responseMAS,189,1819.6,779188,,0.31,train,73f5b0,automobiles,1649120000000.0,190543.0,36.0,
7297,,,image-slider-responseMAS,190,1818,782012,,0.375,train,e31b73,automobiles,1649120000000.0,190544.0,34.0,
7298,,,image-slider-responseMAS,191,3395.4,786411,,0.07,train,cd26c7,automobiles,1649120000000.0,190545.0,9.0,
7299,,,image-slider-responseMAS,192,2117.2,789533,,0.7925,train,443b14,automobiles,1649120000000.0,190546.0,41.0,
7300,,,image-slider-responseMAS,193,1784.1,792341,,0.265,train,0e8a19,automobiles,1649120000000.0,190547.0,50.0,
7301,,,image-slider-responseMAS,194,2371.5,795717,,0.24,train,d5a9e4,automobiles,1649120000000.0,190548.0,16.0,
7302,,,image-slider-responseMAS,195,2901.3,799627,,0.71,train,b9b9b9,automobiles,1649120000000.0,190549.0,27.0,
7303,,,image-slider-responseMAS,196,3189.3,803821,,0.705,train,ac6619,automobiles,1649120000000.0,190550.0,59.0,
7304,,,image-slider-responseMAS,197,2454.1,807280,,0.2825,train,7ec6ba,automobiles,1649120000000.0,190551.0,22.0,
7305,,,image-slider-responseMAS,198,2150.6,810439,,0.655,train,f7a75a,automobiles,1649120000000.0,190552.0,60.0,
7306,,,image-slider-responseMAS,199,1767.7,813214,,0.73,train,897618,automobiles,1649120000000.0,190553.0,56.0,
7307,,,image-slider-responseMAS,200,2049.1,816272,,0.8,train,ea1d1d,automobiles,1649120000000.0,190554.0,62.0,
7308,,,image-slider-responseMAS,201,1917.6,819195,,0.225,train,8cf47e,automobiles,1649120000000.0,190555.0,52.0,
7309,,,image-slider-responseMAS,202,1951.4,822154,,0.285,train,90689f,automobiles,1649120000000.0,190556.0,15.0,
7310,,,image-slider-responseMAS,203,1699.5,824879,,0.64,train,a0bae6,automobiles,1649120000000.0,190557.0,13.0,
7311,,,image-slider-responseMAS,204,3202.8,829090,,0.68,train,f7db7c,automobiles,1649120000000.0,190558.0,58.0,
7312,,,image-slider-responseMAS,205,4525.9,834621,,0.7425,train,83764c,automobiles,1649120000000.0,190559.0,42.0,
7313,,,image-slider-responseMAS,206,2149.1,837778,,0.825,train,5e2b3a,automobiles,1649120000000.0,190560.0,30.0,
7314,,,image-slider-responseMAS,207,2237,841021,,0.7275,train,aac510,automobiles,1649120000000.0,190561.0,66.0,
7315,,,image-slider-responseMAS,208,2323.7,844347,,0.195,train,db1f9d,automobiles,1649120000000.0,190562.0,19.0,
7316,,,image-slider-responseMAS,209,2236,847589,,0.225,train,f1a78a,automobiles,1649120000000.0,190563.0,47.0,
7317,,,image-slider-responseMAS,210,2187.4,850781,,0.2675,train,512d5f,automobiles,1649120000000.0,190564.0,14.0,
7318,,,image-slider-responseMAS,211,2739.3,854525,,0.7275,train,e6a8b7,automobiles,1649120000000.0,190565.0,32.0,
7319,,,image-slider-responseMAS,212,2517.4,858050,,0.75,train,d0b85a,automobiles,1649120000000.0,190566.0,57.0,
7320,,,image-slider-responseMAS,213,2352.5,861409,,0.7525,train,777777,automobiles,1649120000000.0,190567.0,26.0,
7321,,,image-slider-responseMAS,214,2301.7,864719,,0.1725,train,fba714,automobiles,1649120000000.0,190568.0,70.0,
7322,,,image-slider-responseMAS,215,2935.1,868663,,0.8175,train,e81a4b,automobiles,1649120000000.0,190569.0,49.0,
7323,,,image-slider-responseMAS,216,3052.7,872723,,0.6775,train,baeaaf,automobiles,1649120000000.0,190570.0,40.0,
7324,,,image-slider-responseMAS,217,2719.1,876450,,0.665,train,4bcf8e,automobiles,1649120000000.0,190571.0,35.0,
7325,,,image-slider-responseMAS,218,2384.7,879842,,0.705,train,3b8378,automobiles,1649120000000.0,190572.0,21.0,
7326,,,image-slider-responseMAS,219,7982.7,888832,,0.27,train,3efe44,automobiles,1649120000000.0,190573.0,63.0,
7327,,,image-slider-responseMAS,220,9125.9,898961,,0.7575,train,8558f4,automobiles,1649120000000.0,190574.0,2.0,
7328,,,image-slider-responseMAS,221,2401.1,902369,,0.74,train,a2eade,automobiles,1649120000000.0,190575.0,23.0,
7329,,,image-slider-responseMAS,222,1900.7,905278,,0.755,train,632b14,automobiles,1649120000000.0,190576.0,45.0,
7330,,,image-slider-responseMAS,223,2356.2,908642,,0.75,train,d5b811,automobiles,1649120000000.0,190577.0,68.0,
7331,,,image-slider-responseMAS,224,3031.8,912682,,0.905,train,73cf10,automobiles,1649120000000.0,190578.0,64.0,
7332,,,image-slider-responseMAS,225,2719.8,916411,,0.26,train,96c58c,automobiles,1649120000000.0,190579.0,39.0,
7637,,,image-slider-responseMAS,155,4448.4,780471,,0.3,train,1c3d61,automobiles,1649120000000.0,190884.0,11.0,
7638,,,image-slider-responseMAS,156,2902.2,784379,,0.1575,train,632b14,automobiles,1649120000000.0,190885.0,45.0,
7639,,,image-slider-responseMAS,157,2974.6,788359,,0.0,train,a2eade,automobiles,1649120000000.0,190886.0,23.0,
7640,,,image-slider-responseMAS,158,3850.6,793215,,0.0,train,96c58c,automobiles,1649120000000.0,190887.0,39.0,
7641,,,image-slider-responseMAS,159,2686.2,796908,,0.685,train,0,automobiles,1649120000000.0,190888.0,24.0,
7642,,,image-slider-responseMAS,160,2723.7,800636,,0.0,train,e6a8b7,automobiles,1649120000000.0,190889.0,32.0,
7643,,,image-slider-responseMAS,161,2029.9,803667,,0.0,train,4dc7e8,automobiles,1649120000000.0,190890.0,10.0,
7644,,,image-slider-responseMAS,162,2031.3,806702,,0.015,train,512d5f,automobiles,1649120000000.0,190891.0,14.0,
7645,,,image-slider-responseMAS,163,1908,809612,,0.005,train,b62ef2,automobiles,1649120000000.0,190892.0,3.0,
7646,,,image-slider-responseMAS,164,2030.5,812646,,0.005,train,67cf5c,automobiles,1649120000000.0,190893.0,51.0,
7647,,,image-slider-responseMAS,165,1717.7,815365,,0.0,train,f1a78a,automobiles,1649120000000.0,190894.0,47.0,
7648,,,image-slider-responseMAS,166,1843.8,818212,,0.03,train,39f6e0,automobiles,1649120000000.0,190895.0,20.0,
7649,,,image-slider-responseMAS,167,1604.5,820820,,0.0,train,4bcf8e,automobiles,1649120000000.0,190896.0,35.0,
7650,,,image-slider-responseMAS,168,2413.2,824236,,0.5625,train,443b14,automobiles,1649120000000.0,190897.0,41.0,
7651,,,image-slider-responseMAS,169,2209.2,827448,,0.7725,train,5e2b3a,automobiles,1649120000000.0,190898.0,30.0,
7652,,,image-slider-responseMAS,170,1874.7,830324,,0.0,train,d0e942,automobiles,1649120000000.0,190899.0,67.0,
7653,,,image-slider-responseMAS,171,1643.5,832971,,0.0175,train,c7b88b,automobiles,1649120000000.0,190900.0,43.0,
7654,,,image-slider-responseMAS,172,3134,837106,,0.0,train,d0b85a,automobiles,1649120000000.0,190901.0,57.0,
7655,,,image-slider-responseMAS,173,2195.6,840304,,1.0,train,ea1d1d,automobiles,1649120000000.0,190902.0,62.0,
7656,,,image-slider-responseMAS,174,2436.1,843742,,0.01,train,ac6619,automobiles,1649120000000.0,190903.0,59.0,
7657,,,image-slider-responseMAS,175,2969.4,847714,,0.2375,train,a553c8,automobiles,1649120000000.0,190904.0,8.0,
7658,,,image-slider-responseMAS,176,1917.5,850634,,0.0,train,fcdb42,automobiles,1649120000000.0,190905.0,69.0,
7659,,,image-slider-responseMAS,177,2909.7,854550,,0.0,train,90689f,automobiles,1649120000000.0,190906.0,15.0,
7660,,,image-slider-responseMAS,178,1589.6,857142,,0.045,train,73f5b0,automobiles,1649120000000.0,190907.0,36.0,
7661,,,image-slider-responseMAS,179,1799.8,859944,,0.0075,train,baeaaf,automobiles,1649120000000.0,190908.0,40.0,
7662,,,image-slider-responseMAS,180,3143.3,864092,,0.8125,train,777777,automobiles,1649120000000.0,190909.0,26.0,
7663,,,image-slider-responseMAS,181,2034.2,867128,,0.01,train,f7db7c,automobiles,1649120000000.0,190910.0,58.0,
7664,,,image-slider-responseMAS,182,1646.1,869777,,0.0,train,aac510,automobiles,1649120000000.0,190911.0,66.0,
7665,,,image-slider-responseMAS,183,1607.4,872388,,0.0,train,b8509e,automobiles,1649120000000.0,190912.0,18.0,
7666,,,image-slider-responseMAS,184,1419,874809,,0.0,train,600b84,automobiles,1649120000000.0,190913.0,7.0,
7667,,,image-slider-responseMAS,185,2526.9,878338,,0.0175,train,7ec6ba,automobiles,1649120000000.0,190914.0,22.0,
7668,,,image-slider-responseMAS,186,1457.3,880797,,0.0,train,55824d,automobiles,1649120000000.0,190915.0,38.0,
7669,,,image-slider-responseMAS,187,3409.3,885208,,0.515,train,e81a4b,automobiles,1649120000000.0,190916.0,49.0,
7670,,,image-slider-responseMAS,188,2275.7,888487,,0.01,train,5e78a1,automobiles,1649120000000.0,190917.0,12.0,
7671,,,image-slider-responseMAS,189,2067.9,891560,,0.005,train,608218,automobiles,1649120000000.0,190918.0,53.0,
7672,,,image-slider-responseMAS,190,1620.1,894183,,0.0,train,c8e97d,automobiles,1649120000000.0,190919.0,55.0,
7673,,,image-slider-responseMAS,191,2028.3,897213,,0.7225,train,cc4f1b,automobiles,1649120000000.0,190920.0,61.0,
7674,,,image-slider-responseMAS,192,1663.3,899880,,0.01,train,c34f74,automobiles,1649120000000.0,190921.0,33.0,
7675,,,image-slider-responseMAS,193,2719.8,903603,,0.005,train,d5b811,automobiles,1649120000000.0,190922.0,68.0,
7676,,,image-slider-responseMAS,194,1499.4,906108,,0.0,train,a0bae6,automobiles,1649120000000.0,190923.0,13.0,
7677,,,image-slider-responseMAS,195,1596.7,908706,,0.0075,train,e31b73,automobiles,1649120000000.0,190924.0,34.0,
7678,,,image-slider-responseMAS,196,1305.7,911014,,0.035,train,d5a9e4,automobiles,1649120000000.0,190925.0,16.0,
7679,,,image-slider-responseMAS,197,1481.7,913497,,0.0,train,db1f9d,automobiles,1649120000000.0,190926.0,19.0,
7680,,,image-slider-responseMAS,198,1965.6,916468,,0.0125,train,077acc,automobiles,1649120000000.0,190927.0,4.0,
7681,,,image-slider-responseMAS,199,2370.2,919840,,0.0,train,ffffff,automobiles,1649120000000.0,190928.0,28.0,
7682,,,image-slider-responseMAS,200,9267,930113,,0.0,train,72005e,automobiles,1649120000000.0,190929.0,17.0,
7683,,,image-slider-responseMAS,201,2347.4,933462,,0.0,train,2e3086,automobiles,1649120000000.0,190930.0,5.0,
7684,,,image-slider-responseMAS,202,1556,936020,,0.0375,train,897618,automobiles,1649120000000.0,190931.0,56.0,
7685,,,image-slider-responseMAS,203,2604.5,939627,,0.0075,train,a3c55b,automobiles,1649120000000.0,190932.0,54.0,
7686,,,image-slider-responseMAS,204,25657.5,966290,,0.24,train,fba714,automobiles,1649120000000.0,190933.0,70.0,
7687,,,image-slider-responseMAS,205,2842,970137,,0.3,train,8558f4,automobiles,1649120000000.0,190934.0,2.0,
7688,,,image-slider-responseMAS,206,1598.5,972740,,0.045,train,cd26c7,automobiles,1649120000000.0,190935.0,9.0,
7689,,,image-slider-responseMAS,207,3215.6,976957,,0.565,train,184415,automobiles,1649120000000.0,190936.0,37.0,
7690,,,image-slider-responseMAS,208,2338.6,980299,,0.1825,train,3b8378,automobiles,1649120000000.0,190937.0,21.0,
7691,,,image-slider-responseMAS,209,1668.3,982973,,0.1625,train,0e8a19,automobiles,1649120000000.0,190938.0,50.0,
7692,,,image-slider-responseMAS,210,1797.2,985775,,0.345,train,2f6ef6,automobiles,1649120000000.0,190939.0,0.0,
7693,,,image-slider-responseMAS,211,2363.8,989144,,0.6225,train,b9b9b9,automobiles,1649120000000.0,190940.0,27.0,
7694,,,image-slider-responseMAS,212,1841.6,991992,,0.0975,train,3efe44,automobiles,1649120000000.0,190941.0,63.0,
7695,,,image-slider-responseMAS,213,2288.9,995283,,0.1175,train,746bca,automobiles,1649120000000.0,190942.0,6.0,
7696,,,image-slider-responseMAS,214,2226.2,998512,,0.28,train,3518ad,automobiles,1649120000000.0,190943.0,1.0,
7697,,,image-slider-responseMAS,215,1530.7,1001040,,0.615,train,83764c,automobiles,1649120000000.0,190944.0,42.0,
7698,,,image-slider-responseMAS,216,2382,1004430,,0.6525,train,eddcad,automobiles,1649120000000.0,190945.0,44.0,
7699,,,image-slider-responseMAS,217,2342.9,1007780,,0.0525,train,9af443,automobiles,1649120000000.0,190946.0,65.0,
7700,,,image-slider-responseMAS,218,1803.5,1010590,,0.61,train,dddddd,automobiles,1649120000000.0,190947.0,29.0,
7701,,,image-slider-responseMAS,219,1949.5,1013540,,0.5875,train,a8664b,automobiles,1649120000000.0,190948.0,46.0,
7702,,,image-slider-responseMAS,220,2123.9,1016670,,0.1375,train,a06776,automobiles,1649120000000.0,190949.0,31.0,
7703,,,image-slider-responseMAS,221,2409.8,1020080,,0.2025,train,f7a75a,automobiles,1649120000000.0,190950.0,60.0,
7704,,,image-slider-responseMAS,222,1722.3,1022810,,0.06,train,8cf47e,automobiles,1649120000000.0,190951.0,52.0,
7705,,,image-slider-responseMAS,223,2924.7,1026740,,0.0525,train,73cf10,automobiles,1649120000000.0,190952.0,64.0,
7706,,,image-slider-responseMAS,224,2628.2,1030370,,0.695,train,c94e4b,automobiles,1649120000000.0,190953.0,48.0,
7707,,,image-slider-responseMAS,225,2730.7,1034100,,0.945,train,3b3b3b,automobiles,1649120000000.0,190954.0,25.0,
8010,,,image-slider-responseMAS,155,2657,675684,,0.615,train,600b84,automobiles,1649120000000.0,191257.0,7.0,
8011,,,image-slider-responseMAS,156,3243,679930,,0.8,train,184415,automobiles,1649120000000.0,191258.0,37.0,
8012,,,image-slider-responseMAS,157,2689,683623,,0.7125,train,d0e942,automobiles,1649120000000.0,191259.0,67.0,
8013,,,image-slider-responseMAS,158,3221,687847,,0.64,train,2e3086,automobiles,1649120000000.0,191260.0,5.0,
8014,,,image-slider-responseMAS,159,2496,691346,,0.605,train,512d5f,automobiles,1649120000000.0,191261.0,14.0,
8015,,,image-slider-responseMAS,160,2584,694933,,0.7125,train,96c58c,automobiles,1649120000000.0,191262.0,39.0,
8016,,,image-slider-responseMAS,161,8546,704481,,0.6525,train,746bca,automobiles,1649120000000.0,191263.0,6.0,
8017,,,image-slider-responseMAS,162,3474,708958,,0.275,train,5e78a1,automobiles,1649120000000.0,191264.0,12.0,
8018,,,image-slider-responseMAS,163,2681,712641,,0.3575,train,5e2b3a,automobiles,1649120000000.0,191265.0,30.0,
8019,,,image-slider-responseMAS,164,3407,717052,,0.3125,train,077acc,automobiles,1649120000000.0,191266.0,4.0,
8020,,,image-slider-responseMAS,165,1113,719168,,0.6825,train,443b14,automobiles,1649120000000.0,191267.0,41.0,
8021,,,image-slider-responseMAS,166,1495,721665,,0.295,train,3518ad,automobiles,1649120000000.0,191268.0,1.0,
8022,,,image-slider-responseMAS,167,1937,724606,,0.38,train,55824d,automobiles,1649120000000.0,191269.0,38.0,
8023,,,image-slider-responseMAS,168,1605,727214,,0.715,train,4bcf8e,automobiles,1649120000000.0,191270.0,35.0,
8024,,,image-slider-responseMAS,169,2836,731052,,0.625,train,baeaaf,automobiles,1649120000000.0,191271.0,40.0,
8025,,,image-slider-responseMAS,170,2210,734265,,0.7875,train,fcdb42,automobiles,1649120000000.0,191272.0,69.0,
8026,,,image-slider-responseMAS,171,2230,737498,,0.7025,train,a3c55b,automobiles,1649120000000.0,191273.0,54.0,
8027,,,image-slider-responseMAS,172,1678,740179,,0.6925,train,e6a8b7,automobiles,1649120000000.0,191274.0,32.0,
8028,,,image-slider-responseMAS,173,1766,742948,,0.7025,train,c7b88b,automobiles,1649120000000.0,191275.0,43.0,
8029,,,image-slider-responseMAS,174,2269,746220,,0.29,train,a06776,automobiles,1649120000000.0,191276.0,31.0,
8030,,,image-slider-responseMAS,175,2058,749281,,0.5225,train,67cf5c,automobiles,1649120000000.0,191277.0,51.0,
8031,,,image-slider-responseMAS,176,3940,754225,,0.81,train,aac510,automobiles,1649120000000.0,191278.0,66.0,
8032,,,image-slider-responseMAS,177,2026,757254,,0.6925,train,c8e97d,automobiles,1649120000000.0,191279.0,55.0,
8033,,,image-slider-responseMAS,178,1622,759879,,0.57,train,eddcad,automobiles,1649120000000.0,191280.0,44.0,
8034,,,image-slider-responseMAS,179,2036,762917,,0.6875,train,8cf47e,automobiles,1649120000000.0,191281.0,52.0,
8035,,,image-slider-responseMAS,180,1339,765259,,0.6675,train,632b14,automobiles,1649120000000.0,191282.0,45.0,
8036,,,image-slider-responseMAS,181,1526,767788,,0.865,train,f7db7c,automobiles,1649120000000.0,191283.0,58.0,
8037,,,image-slider-responseMAS,182,1808,770598,,0.7675,train,c34f74,automobiles,1649120000000.0,191284.0,33.0,
8038,,,image-slider-responseMAS,183,1646,773248,,0.7,train,a2eade,automobiles,1649120000000.0,191285.0,23.0,
8039,,,image-slider-responseMAS,184,2067,776318,,0.3025,train,608218,automobiles,1649120000000.0,191286.0,53.0,
8040,,,image-slider-responseMAS,185,1726,779047,,0.46,train,0,automobiles,1649120000000.0,191287.0,24.0,
8041,,,image-slider-responseMAS,186,2776,782827,,0.6025,train,73cf10,automobiles,1649120000000.0,191288.0,64.0,
8042,,,image-slider-responseMAS,187,1921,785751,,0.3625,train,90689f,automobiles,1649120000000.0,191289.0,15.0,
8043,,,image-slider-responseMAS,188,2212,788965,,0.685,train,d5a9e4,automobiles,1649120000000.0,191290.0,16.0,
8044,,,image-slider-responseMAS,189,1881,791850,,0.5875,train,d5b811,automobiles,1649120000000.0,191291.0,68.0,
8045,,,image-slider-responseMAS,190,1969,794822,,0.4075,train,1c3d61,automobiles,1649120000000.0,191292.0,11.0,
8046,,,image-slider-responseMAS,191,2441,798265,,0.6875,train,39f6e0,automobiles,1649120000000.0,191293.0,20.0,
8047,,,image-slider-responseMAS,192,2031,801299,,0.6,train,8558f4,automobiles,1649120000000.0,191294.0,2.0,
8048,,,image-slider-responseMAS,193,1704,804006,,0.4025,train,b9b9b9,automobiles,1649120000000.0,191295.0,27.0,
8049,,,image-slider-responseMAS,194,2318,807327,,0.7525,train,ffffff,automobiles,1649120000000.0,191296.0,28.0,
8050,,,image-slider-responseMAS,195,7052,815382,,0.675,train,dddddd,automobiles,1649120000000.0,191297.0,29.0,
8051,,,image-slider-responseMAS,196,2397,818782,,0.585,train,a8664b,automobiles,1649120000000.0,191298.0,46.0,
8052,,,image-slider-responseMAS,197,1340,821126,,0.2975,train,f7a75a,automobiles,1649120000000.0,191299.0,60.0,
8053,,,image-slider-responseMAS,198,1275,823404,,0.4575,train,db1f9d,automobiles,1649120000000.0,191300.0,19.0,
8054,,,image-slider-responseMAS,199,1487,825892,,0.7825,train,cc4f1b,automobiles,1649120000000.0,191301.0,61.0,
8055,,,image-slider-responseMAS,200,1533,828428,,0.4025,train,3b3b3b,automobiles,1649120000000.0,191302.0,25.0,
8056,,,image-slider-responseMAS,201,3691,833122,,1.0,train,fba714,automobiles,1649120000000.0,191303.0,70.0,
8057,,,image-slider-responseMAS,202,2309,836433,,0.255,train,777777,automobiles,1649120000000.0,191304.0,26.0,
8058,,,image-slider-responseMAS,203,2000,839437,,0.3575,train,897618,automobiles,1649120000000.0,191305.0,56.0,
8059,,,image-slider-responseMAS,204,1310,841749,,0.33,train,f1a78a,automobiles,1649120000000.0,191306.0,47.0,
8060,,,image-slider-responseMAS,205,1781,844534,,0.65,train,a553c8,automobiles,1649120000000.0,191307.0,8.0,
8061,,,image-slider-responseMAS,206,1679,847215,,0.615,train,2f6ef6,automobiles,1649120000000.0,191308.0,0.0,
8062,,,image-slider-responseMAS,207,2221,850440,,0.77,train,73f5b0,automobiles,1649120000000.0,191309.0,36.0,
8063,,,image-slider-responseMAS,208,1913,853355,,0.765,train,9af443,automobiles,1649120000000.0,191310.0,65.0,
8064,,,image-slider-responseMAS,209,1582,855940,,0.76,train,cd26c7,automobiles,1649120000000.0,191311.0,9.0,
8065,,,image-slider-responseMAS,210,2219,859163,,0.6825,train,72005e,automobiles,1649120000000.0,191312.0,17.0,
8066,,,image-slider-responseMAS,211,2348,862514,,0.5775,train,3efe44,automobiles,1649120000000.0,191313.0,63.0,
8067,,,image-slider-responseMAS,212,2148,865665,,0.3825,train,83764c,automobiles,1649120000000.0,191314.0,42.0,
8068,,,image-slider-responseMAS,213,7607,874275,,0.745,train,d0b85a,automobiles,1649120000000.0,191315.0,57.0,
8069,,,image-slider-responseMAS,214,3213,878491,,0.765,train,e81a4b,automobiles,1649120000000.0,191316.0,49.0,
8070,,,image-slider-responseMAS,215,31726,911219,,0.66,train,7ec6ba,automobiles,1649120000000.0,191317.0,22.0,
8071,,,image-slider-responseMAS,216,4764,916985,,0.64,train,b8509e,automobiles,1649120000000.0,191318.0,18.0,
8072,,,image-slider-responseMAS,217,1817,919805,,0.4425,train,e31b73,automobiles,1649120000000.0,191319.0,34.0,
8073,,,image-slider-responseMAS,218,2478,923285,,0.6775,train,0e8a19,automobiles,1649120000000.0,191320.0,50.0,
8074,,,image-slider-responseMAS,219,2139,926428,,0.59,train,c94e4b,automobiles,1649120000000.0,191321.0,48.0,
8075,,,image-slider-responseMAS,220,1209,928641,,0.4625,train,b62ef2,automobiles,1649120000000.0,191322.0,3.0,
8076,,,image-slider-responseMAS,221,1169,930814,,0.635,train,ea1d1d,automobiles,1649120000000.0,191323.0,62.0,
8077,,,image-slider-responseMAS,222,1914,933730,,0.3475,train,3b8378,automobiles,1649120000000.0,191324.0,21.0,
8078,,,image-slider-responseMAS,223,1954,936687,,0.525,train,ac6619,automobiles,1649120000000.0,191325.0,59.0,
8079,,,image-slider-responseMAS,224,1936,939626,,0.39,train,a0bae6,automobiles,1649120000000.0,191326.0,13.0,
8080,,,image-slider-responseMAS,225,1648,942277,,0.6775,train,4dc7e8,automobiles,1649120000000.0,191327.0,10.0,
8387,,,image-slider-responseMAS,155,3531.8,876790,,0.0275,train,608218,automobiles,1649130000000.0,191634.0,53.0,
8388,,,image-slider-responseMAS,156,2064.5,879856,,0.055,train,5e78a1,automobiles,1649130000000.0,191635.0,12.0,
8389,,,image-slider-responseMAS,157,2146.1,883005,,0.13,train,184415,automobiles,1649130000000.0,191636.0,37.0,
8390,,,image-slider-responseMAS,158,1881.1,885888,,0.09,train,f7db7c,automobiles,1649130000000.0,191637.0,58.0,
8391,,,image-slider-responseMAS,159,1300.4,888190,,0.105,train,83764c,automobiles,1649130000000.0,191638.0,42.0,
8392,,,image-slider-responseMAS,160,1481.6,890673,,0.1525,train,3efe44,automobiles,1649130000000.0,191639.0,63.0,
8393,,,image-slider-responseMAS,161,2035.7,893722,,0.02,train,a553c8,automobiles,1649130000000.0,191640.0,8.0,
8394,,,image-slider-responseMAS,162,2113.8,896846,,0.035,train,2f6ef6,automobiles,1649130000000.0,191641.0,0.0,
8395,,,image-slider-responseMAS,163,2291.7,900139,,0.0,train,c7b88b,automobiles,1649130000000.0,191642.0,43.0,
8396,,,image-slider-responseMAS,164,1966.7,903121,,0.0,train,d0e942,automobiles,1649130000000.0,191643.0,67.0,
8397,,,image-slider-responseMAS,165,2049.3,906172,,0.0,train,512d5f,automobiles,1649130000000.0,191644.0,14.0,
8398,,,image-slider-responseMAS,166,3289.4,910471,,0.0,train,b9b9b9,automobiles,1649130000000.0,191645.0,27.0,
8399,,,image-slider-responseMAS,167,2736,914217,,0.0,train,73cf10,automobiles,1649130000000.0,191646.0,64.0,
8400,,,image-slider-responseMAS,168,4578.7,919803,,0.79,train,3518ad,automobiles,1649130000000.0,191647.0,1.0,
8401,,,image-slider-responseMAS,169,2585.7,923390,,0.0,train,96c58c,automobiles,1649130000000.0,191648.0,39.0,
8402,,,image-slider-responseMAS,170,2062,926454,,0.0225,train,67cf5c,automobiles,1649130000000.0,191649.0,51.0,
8403,,,image-slider-responseMAS,171,3695.1,931151,,0.79,train,632b14,automobiles,1649130000000.0,191650.0,45.0,
8404,,,image-slider-responseMAS,172,2397.3,934553,,0.0,train,746bca,automobiles,1649130000000.0,191651.0,6.0,
8405,,,image-slider-responseMAS,173,2647.6,938203,,0.0,train,897618,automobiles,1649130000000.0,191652.0,56.0,
8406,,,image-slider-responseMAS,174,1974.4,941186,,0.0275,train,fba714,automobiles,1649130000000.0,191653.0,70.0,
8407,,,image-slider-responseMAS,175,2553.3,944746,,0.0,train,600b84,automobiles,1649130000000.0,191654.0,7.0,
8408,,,image-slider-responseMAS,176,2186.5,947934,,0.0,train,90689f,automobiles,1649130000000.0,191655.0,15.0,
8409,,,image-slider-responseMAS,177,2867.6,951804,,0.005,train,c34f74,automobiles,1649130000000.0,191656.0,33.0,
8410,,,image-slider-responseMAS,178,2111.6,954920,,0.05,train,a0bae6,automobiles,1649130000000.0,191657.0,13.0,
8411,,,image-slider-responseMAS,179,2542.5,958465,,0.0075,train,a06776,automobiles,1649130000000.0,191658.0,31.0,
8412,,,image-slider-responseMAS,180,2477.3,961952,,0.0025,train,c8e97d,automobiles,1649130000000.0,191659.0,55.0,
8413,,,image-slider-responseMAS,181,2661.6,965618,,0.055,train,d0b85a,automobiles,1649130000000.0,191660.0,57.0,
8414,,,image-slider-responseMAS,182,2697,969318,,0.7625,train,443b14,automobiles,1649130000000.0,191661.0,41.0,
8415,,,image-slider-responseMAS,183,2796,973116,,0.0225,train,db1f9d,automobiles,1649130000000.0,191662.0,19.0,
8416,,,image-slider-responseMAS,184,3173.6,977300,,0.0,train,72005e,automobiles,1649130000000.0,191663.0,17.0,
8417,,,image-slider-responseMAS,185,2058.4,980368,,0.0,train,e31b73,automobiles,1649130000000.0,191664.0,34.0,
8418,,,image-slider-responseMAS,186,2746,984117,,0.0,train,a2eade,automobiles,1649130000000.0,191665.0,23.0,
8419,,,image-slider-responseMAS,187,2290.1,987417,,0.0,train,d5b811,automobiles,1649130000000.0,191666.0,68.0,
8420,,,image-slider-responseMAS,188,2230.6,990650,,0.79,train,2e3086,automobiles,1649130000000.0,191667.0,5.0,
8421,,,image-slider-responseMAS,189,2950.4,994601,,0.0175,train,55824d,automobiles,1649130000000.0,191668.0,38.0,
8422,,,image-slider-responseMAS,190,2480.8,998085,,0.0,train,8558f4,automobiles,1649130000000.0,191669.0,2.0,
8423,,,image-slider-responseMAS,191,2111.6,1001200,,0.0,train,ffffff,automobiles,1649130000000.0,191670.0,28.0,
8424,,,image-slider-responseMAS,192,2446.3,1004660,,0.0,train,73f5b0,automobiles,1649130000000.0,191671.0,36.0,
8425,,,image-slider-responseMAS,193,4094.8,1009770,,0.0,train,777777,automobiles,1649130000000.0,191672.0,26.0,
8426,,,image-slider-responseMAS,194,1942.9,1012720,,0.0,train,3b3b3b,automobiles,1649130000000.0,191673.0,25.0,
8427,,,image-slider-responseMAS,195,2181.7,1015900,,0.0,train,d5a9e4,automobiles,1649130000000.0,191674.0,16.0,
8428,,,image-slider-responseMAS,196,2167,1019070,,0.0,train,fcdb42,automobiles,1649130000000.0,191675.0,69.0,
8429,,,image-slider-responseMAS,197,2646.5,1022720,,0.41,train,0,automobiles,1649130000000.0,191676.0,24.0,
8430,,,image-slider-responseMAS,198,3953.9,1027670,,0.995,train,3b8378,automobiles,1649130000000.0,191677.0,21.0,
8431,,,image-slider-responseMAS,199,3056.5,1031730,,0.5575,train,7ec6ba,automobiles,1649130000000.0,191678.0,22.0,
8432,,,image-slider-responseMAS,200,1996.2,1034730,,0.165,train,a3c55b,automobiles,1649130000000.0,191679.0,54.0,
8433,,,image-slider-responseMAS,201,5513.7,1041250,,1.0,train,1c3d61,automobiles,1649130000000.0,191680.0,11.0,
8434,,,image-slider-responseMAS,202,1806.7,1044070,,0.0,train,f7a75a,automobiles,1649130000000.0,191681.0,60.0,
8435,,,image-slider-responseMAS,203,3645.4,1048730,,0.02,train,a8664b,automobiles,1649130000000.0,191682.0,46.0,
8436,,,image-slider-responseMAS,204,1815.2,1051550,,0.08,train,4bcf8e,automobiles,1649130000000.0,191683.0,35.0,
8437,,,image-slider-responseMAS,205,1957.5,1054510,,0.0875,train,b8509e,automobiles,1649130000000.0,191684.0,18.0,
8438,,,image-slider-responseMAS,206,1939.9,1057460,,0.0,train,eddcad,automobiles,1649130000000.0,191685.0,44.0,
8439,,,image-slider-responseMAS,207,2063.8,1060530,,0.0625,train,f1a78a,automobiles,1649130000000.0,191686.0,47.0,
8440,,,image-slider-responseMAS,208,2610.8,1064150,,0.8175,train,ea1d1d,automobiles,1649130000000.0,191687.0,62.0,
8441,,,image-slider-responseMAS,209,2611.6,1067760,,0.05,train,aac510,automobiles,1649130000000.0,191688.0,66.0,
8442,,,image-slider-responseMAS,210,1979.9,1070750,,0.12,train,4dc7e8,automobiles,1649130000000.0,191689.0,10.0,
8443,,,image-slider-responseMAS,211,1952,1073700,,0.0,train,39f6e0,automobiles,1649130000000.0,191690.0,20.0,
8444,,,image-slider-responseMAS,212,2858.9,1077560,,0.045,train,cd26c7,automobiles,1649130000000.0,191691.0,9.0,
8445,,,image-slider-responseMAS,213,2151.6,1080710,,0.1175,train,e81a4b,automobiles,1649130000000.0,191692.0,49.0,
8446,,,image-slider-responseMAS,214,2011.4,1083730,,0.06,train,ac6619,automobiles,1649130000000.0,191693.0,59.0,
8447,,,image-slider-responseMAS,215,1433.6,1086160,,0.0,train,b62ef2,automobiles,1649130000000.0,191694.0,3.0,
8448,,,image-slider-responseMAS,216,2546.5,1089710,,0.955,train,077acc,automobiles,1649130000000.0,191695.0,4.0,
8449,,,image-slider-responseMAS,217,2673.9,1093390,,0.07,train,8cf47e,automobiles,1649130000000.0,191696.0,52.0,
8450,,,image-slider-responseMAS,218,3826.8,1098230,,0.9425,train,5e2b3a,automobiles,1649130000000.0,191697.0,30.0,
8451,,,image-slider-responseMAS,219,1672.5,1100910,,0.0,train,dddddd,automobiles,1649130000000.0,191698.0,29.0,
8452,,,image-slider-responseMAS,220,6117.3,1108030,,0.46,train,e6a8b7,automobiles,1649130000000.0,191699.0,32.0,
8453,,,image-slider-responseMAS,221,5740.2,1114780,,0.155,train,baeaaf,automobiles,1649130000000.0,191700.0,40.0,
8454,,,image-slider-responseMAS,222,3249.4,1119030,,0.05,train,0e8a19,automobiles,1649130000000.0,191701.0,50.0,
8455,,,image-slider-responseMAS,223,2400.2,1122430,,0.075,train,9af443,automobiles,1649130000000.0,191702.0,65.0,
8456,,,image-slider-responseMAS,224,1827.4,1125260,,0.1125,train,c94e4b,automobiles,1649130000000.0,191703.0,48.0,
8457,,,image-slider-responseMAS,225,1963.9,1128230,,0.0,train,cc4f1b,automobiles,1649130000000.0,191704.0,61.0,
8761,,,image-slider-responseMAS,155,2288.9,677569,,0.595,train,d5a9e4,automobiles,1649130000000.0,192008.0,16.0,
8762,,,image-slider-responseMAS,156,979.1,679553,,0.55,train,7ec6ba,automobiles,1649130000000.0,192009.0,22.0,
8763,,,image-slider-responseMAS,157,2231.1,682789,,0.2425,train,777777,automobiles,1649130000000.0,192010.0,26.0,
8764,,,image-slider-responseMAS,158,3536.6,687334,,0.6025,train,a3c55b,automobiles,1649130000000.0,192011.0,54.0,
8765,,,image-slider-responseMAS,159,1711.1,690050,,0.585,train,632b14,automobiles,1649130000000.0,192012.0,45.0,
8766,,,image-slider-responseMAS,160,1678.3,692731,,0.33,train,c7b88b,automobiles,1649130000000.0,192013.0,43.0,
8767,,,image-slider-responseMAS,161,1152.2,694886,,0.3875,train,a0bae6,automobiles,1649130000000.0,192014.0,13.0,
8768,,,image-slider-responseMAS,162,2298.3,698188,,0.6175,train,3518ad,automobiles,1649130000000.0,192015.0,1.0,
8769,,,image-slider-responseMAS,163,3189.1,702381,,0.2725,train,1c3d61,automobiles,1649130000000.0,192016.0,11.0,
8770,,,image-slider-responseMAS,164,1072.9,704463,,0.3575,train,a553c8,automobiles,1649130000000.0,192017.0,8.0,
8771,,,image-slider-responseMAS,165,1856,707325,,0.59,train,f1a78a,automobiles,1649130000000.0,192018.0,47.0,
8772,,,image-slider-responseMAS,166,1070.7,709398,,0.3575,train,ac6619,automobiles,1649130000000.0,192019.0,59.0,
8773,,,image-slider-responseMAS,167,2014.9,712416,,0.3175,train,e31b73,automobiles,1649130000000.0,192020.0,34.0,
8774,,,image-slider-responseMAS,168,2099.5,715521,,0.28,train,67cf5c,automobiles,1649130000000.0,192021.0,51.0,
8775,,,image-slider-responseMAS,169,2742,719269,,0.3175,train,4bcf8e,automobiles,1649130000000.0,192022.0,35.0,
8776,,,image-slider-responseMAS,170,1030.3,721310,,0.6575,train,73cf10,automobiles,1649130000000.0,192023.0,64.0,
8777,,,image-slider-responseMAS,171,9196.9,731513,,0.3425,train,fcdb42,automobiles,1649130000000.0,192024.0,69.0,
8778,,,image-slider-responseMAS,172,2722.1,735241,,0.39,train,608218,automobiles,1649130000000.0,192025.0,53.0,
8779,,,image-slider-responseMAS,173,1017.6,737262,,0.3825,train,ea1d1d,automobiles,1649130000000.0,192026.0,62.0,
8780,,,image-slider-responseMAS,174,970.1,739237,,0.665,train,39f6e0,automobiles,1649130000000.0,192027.0,20.0,
8781,,,image-slider-responseMAS,175,1339.6,741580,,0.6875,train,d0e942,automobiles,1649130000000.0,192028.0,67.0,
8782,,,image-slider-responseMAS,176,1119.2,743702,,0.68,train,e6a8b7,automobiles,1649130000000.0,192029.0,32.0,
8783,,,image-slider-responseMAS,177,1503.6,746209,,0.5975,train,5e2b3a,automobiles,1649130000000.0,192030.0,30.0,
8784,,,image-slider-responseMAS,178,3218.9,750434,,0.29,train,73f5b0,automobiles,1649130000000.0,192031.0,36.0,
8785,,,image-slider-responseMAS,179,1564.4,753004,,0.6325,train,72005e,automobiles,1649130000000.0,192032.0,17.0,
8786,,,image-slider-responseMAS,180,1118.8,755125,,0.6,train,aac510,automobiles,1649130000000.0,192033.0,66.0,
8787,,,image-slider-responseMAS,181,1867.9,757997,,0.965,train,443b14,automobiles,1649130000000.0,192034.0,41.0,
8788,,,image-slider-responseMAS,182,923.4,759924,,0.235,train,f7a75a,automobiles,1649130000000.0,192035.0,60.0,
8789,,,image-slider-responseMAS,183,2086.2,763014,,0.7,train,f7db7c,automobiles,1649130000000.0,192036.0,58.0,
8790,,,image-slider-responseMAS,184,1085.9,765104,,0.295,train,a2eade,automobiles,1649130000000.0,192037.0,23.0,
8791,,,image-slider-responseMAS,185,1549.2,767656,,0.1325,train,c8e97d,automobiles,1649130000000.0,192038.0,55.0,
8792,,,image-slider-responseMAS,186,1235.5,769896,,0.345,train,a8664b,automobiles,1649130000000.0,192039.0,46.0,
8793,,,image-slider-responseMAS,187,1285,772187,,0.5675,train,d5b811,automobiles,1649130000000.0,192040.0,68.0,
8794,,,image-slider-responseMAS,188,1987.9,775178,,0.5575,train,96c58c,automobiles,1649130000000.0,192041.0,39.0,
8795,,,image-slider-responseMAS,189,1665.4,777852,,0.9625,train,897618,automobiles,1649130000000.0,192042.0,56.0,
8796,,,image-slider-responseMAS,190,1505.5,780359,,0.815,train,dddddd,automobiles,1649130000000.0,192043.0,29.0,
8797,,,image-slider-responseMAS,191,933.3,782299,,0.835,train,9af443,automobiles,1649130000000.0,192044.0,65.0,
8798,,,image-slider-responseMAS,192,1720.9,785024,,0.8,train,3b3b3b,automobiles,1649130000000.0,192045.0,25.0,
8799,,,image-slider-responseMAS,193,1617.7,787644,,0.215,train,c34f74,automobiles,1649130000000.0,192046.0,33.0,
8800,,,image-slider-responseMAS,194,1220.5,789870,,0.2375,train,db1f9d,automobiles,1649130000000.0,192047.0,19.0,
8801,,,image-slider-responseMAS,195,1444.6,792317,,0.7675,train,eddcad,automobiles,1649130000000.0,192048.0,44.0,
8802,,,image-slider-responseMAS,196,1839.1,795163,,0.93,train,077acc,automobiles,1649130000000.0,192049.0,4.0,
8803,,,image-slider-responseMAS,197,1590.8,797757,,0.805,train,cc4f1b,automobiles,1649130000000.0,192050.0,61.0,
8804,,,image-slider-responseMAS,198,1243.6,800009,,0.915,train,2f6ef6,automobiles,1649130000000.0,192051.0,0.0,
8805,,,image-slider-responseMAS,199,1325.2,802342,,0.965,train,83764c,automobiles,1649130000000.0,192052.0,42.0,
8806,,,image-slider-responseMAS,200,2264.2,805610,,0.995,train,746bca,automobiles,1649130000000.0,192053.0,6.0,
8807,,,image-slider-responseMAS,201,1425.5,808040,,0.8625,train,b9b9b9,automobiles,1649130000000.0,192054.0,27.0,
8808,,,image-slider-responseMAS,202,4794.7,813844,,0.815,train,a06776,automobiles,1649130000000.0,192055.0,31.0,
8809,,,image-slider-responseMAS,203,7714,822561,,0.7325,train,2e3086,automobiles,1649130000000.0,192056.0,5.0,
8810,,,image-slider-responseMAS,204,1330.5,824894,,0.35,train,e81a4b,automobiles,1649130000000.0,192057.0,49.0,
8811,,,image-slider-responseMAS,205,1443.8,827345,,0.2575,train,184415,automobiles,1649130000000.0,192058.0,37.0,
8812,,,image-slider-responseMAS,206,1653.9,830002,,0.295,train,55824d,automobiles,1649130000000.0,192059.0,38.0,
8813,,,image-slider-responseMAS,207,1240.3,832246,,0.2675,train,4dc7e8,automobiles,1649130000000.0,192060.0,10.0,
8814,,,image-slider-responseMAS,208,16110.7,849361,,0.655,train,600b84,automobiles,1649130000000.0,192061.0,7.0,
8815,,,image-slider-responseMAS,209,1736.5,852101,,0.3525,train,0e8a19,automobiles,1649130000000.0,192062.0,50.0,
8816,,,image-slider-responseMAS,210,894.4,853998,,0.29,train,90689f,automobiles,1649130000000.0,192063.0,15.0,
8817,,,image-slider-responseMAS,211,2234.8,857238,,0.725,train,d0b85a,automobiles,1649130000000.0,192064.0,57.0,
8818,,,image-slider-responseMAS,212,1635.7,859881,,0.6025,train,baeaaf,automobiles,1649130000000.0,192065.0,40.0,
8819,,,image-slider-responseMAS,213,1207.3,862092,,0.275,train,fba714,automobiles,1649130000000.0,192066.0,70.0,
8820,,,image-slider-responseMAS,214,5191.2,868289,,0.63,train,512d5f,automobiles,1649130000000.0,192067.0,14.0,
8821,,,image-slider-responseMAS,215,2587,871883,,0.6325,train,b8509e,automobiles,1649130000000.0,192068.0,18.0,
8822,,,image-slider-responseMAS,216,1814.4,874705,,0.31,train,cd26c7,automobiles,1649130000000.0,192069.0,9.0,
8823,,,image-slider-responseMAS,217,1249.9,876962,,0.6825,train,5e78a1,automobiles,1649130000000.0,192070.0,12.0,
8824,,,image-slider-responseMAS,218,2353.8,880321,,0.695,train,b62ef2,automobiles,1649130000000.0,192071.0,3.0,
8825,,,image-slider-responseMAS,219,2396.9,883722,,0.7325,train,8cf47e,automobiles,1649130000000.0,192072.0,52.0,
8826,,,image-slider-responseMAS,220,2282.7,887012,,0.67,train,0,automobiles,1649130000000.0,192073.0,24.0,
8827,,,image-slider-responseMAS,221,1794,889809,,0.3625,train,3b8378,automobiles,1649130000000.0,192074.0,21.0,
8828,,,image-slider-responseMAS,222,2032.9,892848,,0.785,train,c94e4b,automobiles,1649130000000.0,192075.0,48.0,
8829,,,image-slider-responseMAS,223,1921.1,895777,,0.1325,train,3efe44,automobiles,1649130000000.0,192076.0,63.0,
8830,,,image-slider-responseMAS,224,1798.9,898582,,0.9,train,8558f4,automobiles,1649130000000.0,192077.0,2.0,
8831,,,image-slider-responseMAS,225,1845.7,901436,,0.335,train,ffffff,automobiles,1649130000000.0,192078.0,28.0,
