head,left,right,winner,sampler,score,puid,response_time,network_latency,time_received,loser,left_html,right_html,head_html,winner_html,loser_html,left_filename,right_filename,head_filename,winner_filename,loser_filename,time_received_since_start,datetime_received,start_time
29,27,4,27,Random,-9999,71c3aed32b558833,4.0290000438690186,0.1419999599456787,1638370244.007,4,dusk,socks,noon,dusk,socks,dusk,socks,noon,dusk,socks,2212.232773542404,2021-12-01T14:50:44.007000,1638368031.7742264
16,11,14,11,Random,-9999,71c3aed32b558833,3.635999917984009,0.14299988746643066,1638370247.949,14,disgust,sad,lemon,disgust,sad,disgust,sad,lemon,disgust,sad,2216.174773454666,2021-12-01T14:50:47.949000,1638368031.7742264
23,11,8,8,Random,-9999,71c3aed32b558833,2.0989999771118164,0.28800010681152344,1638370250.232,11,disgust,far,sky,far,disgust,disgust,far,sky,far,disgust,2218.4577736854553,2021-12-01T14:50:50.232000,1638368031.7742264
20,5,7,7,Random,-9999,71c3aed32b558833,3.8910000324249268,0.1399998664855957,1638370254.263,5,above,beside,beach,beside,above,above,beside,beach,beside,above,2222.488773584366,2021-12-01T14:50:54.263000,1638368031.7742264
10,22,29,22,Random,-9999,71c3aed32b558833,3.7170000076293945,0.1419999599456787,1638370258.122,29,ocean,noon,angry,ocean,noon,ocean,noon,angry,ocean,noon,2226.347773551941,2021-12-01T14:50:58.122000,1638368031.7742264
7,18,3,18,Random,-9999,71c3aed32b558833,3.7120001316070557,0.1639997959136963,1638370264.109,3,strawberry,shoes,beside,strawberry,shoes,strawberry,shoes,beside,strawberry,shoes,2232.334773540497,2021-12-01T14:51:04.109000,1638368031.7742264
19,29,16,16,Random,-9999,71c3aed32b558833,4.733999967575073,0.1510000228881836,1638370268.994,29,noon,lemon,watermelon,lemon,noon,noon,lemon,watermelon,lemon,noon,2237.21977353096,2021-12-01T14:51:08.994000,1638368031.7742264
10,25,15,25,Random,-9999,71c3aed32b558833,3.0250000953674316,0.15599989891052246,1638370272.173,15,dawn,blueberry,angry,dawn,blueberry,dawn,blueberry,angry,dawn,blueberry,2240.3987736701965,2021-12-01T14:51:12.173000,1638368031.7742264
19,15,0,15,Random,-9999,71c3aed32b558833,3.8439998626708984,0.14499998092651367,1638370276.164,0,blueberry,dress,watermelon,blueberry,dress,blueberry,dress,watermelon,blueberry,dress,2244.389773607254,2021-12-01T14:51:16.164000,1638368031.7742264
17,1,20,20,Random,-9999,71c3aed32b558833,2.8919999599456787,0.14400005340576172,1638370279.201,1,pants,beach,mango,beach,pants,pants,beach,mango,beach,pants,2247.426773548126,2021-12-01T14:51:19.201000,1638368031.7742264
24,29,6,29,Random,-9999,71c3aed32b558833,2.9230000972747803,0.14499998092651367,1638370282.27,6,noon,below,sunset,noon,below,noon,below,sunset,noon,below,2250.4957735538483,2021-12-01T14:51:22.270000,1638368031.7742264
13,19,25,19,Random,-9999,71c3aed32b558833,2.134000062942505,0.1510000228881836,1638370284.58,25,watermelon,dawn,happy,watermelon,dawn,watermelon,dawn,happy,watermelon,dawn,2252.805773496628,2021-12-01T14:51:24.580000,1638368031.7742264
22,4,14,14,Random,-9999,71c3aed32b558833,2.8370001316070557,0.17399978637695312,1638370287.583,4,socks,sad,ocean,sad,socks,socks,sad,ocean,sad,socks,2255.8087735176086,2021-12-01T14:51:27.583000,1638368031.7742264
17,25,15,15,Random,-9999,71c3aed32b558833,4.174999952316284,0.16899991035461426,1638370291.902,25,dawn,blueberry,mango,blueberry,dawn,dawn,blueberry,mango,blueberry,dawn,2260.1277735233307,2021-12-01T14:51:31.902000,1638368031.7742264
19,14,18,18,Random,-9999,71c3aed32b558833,1.501999855041504,0.14600014686584473,1638370293.574,14,sad,strawberry,watermelon,strawberry,sad,sad,strawberry,watermelon,strawberry,sad,2261.799773454666,2021-12-01T14:51:33.574000,1638368031.7742264
18,22,4,22,Random,-9999,71c3aed32b558833,3.256999969482422,0.16700005531311035,1638370296.967,4,ocean,socks,strawberry,ocean,socks,ocean,socks,strawberry,ocean,socks,2265.192773580551,2021-12-01T14:51:36.967000,1638368031.7742264
16,29,24,29,Random,-9999,71c3aed32b558833,2.9240000247955322,0.1359999179840088,1638370300.024,24,noon,sunset,lemon,noon,sunset,noon,sunset,lemon,noon,sunset,2268.24977350235,2021-12-01T14:51:40.024000,1638368031.7742264
11,19,2,2,Random,-9999,71c3aed32b558833,3.805000066757202,0.13499999046325684,1638370303.967,19,watermelon,shirt,disgust,shirt,watermelon,watermelon,shirt,disgust,shirt,watermelon,2272.192773580551,2021-12-01T14:51:43.967000,1638368031.7742264
24,26,28,28,Random,-9999,71c3aed32b558833,3.680000066757202,0.13899993896484375,1638370307.801,26,day,night,sunset,night,day,day,night,sunset,night,day,2276.0267736911774,2021-12-01T14:51:47.801000,1638368031.7742264
23,8,24,24,Random,-9999,71c3aed32b558833,2.267000198364258,0.14699983596801758,1638370310.198,8,far,sunset,sky,sunset,far,far,sunset,sky,sunset,far,2278.4237735271454,2021-12-01T14:51:50.198000,1638368031.7742264
23,7,11,7,Random,-9999,71c3aed32b558833,6.186999797821045,0.13499999046325684,1638370316.529,11,beside,disgust,sky,beside,disgust,beside,disgust,sky,beside,disgust,2284.7547736167908,2021-12-01T14:51:56.529000,1638368031.7742264
6,4,14,4,Random,-9999,71c3aed32b558833,2.2990000247955322,0.14700007438659668,1638370318.977,14,socks,sad,below,socks,sad,socks,sad,below,socks,sad,2287.2027735710144,2021-12-01T14:51:58.977000,1638368031.7742264
21,1,0,0,Random,-9999,71c3aed32b558833,4.434999942779541,0.14300012588500977,1638370323.554,1,pants,dress,field,dress,pants,pants,dress,field,dress,pants,2291.7797734737396,2021-12-01T14:52:03.554000,1638368031.7742264
27,8,13,8,Random,-9999,71c3aed32b558833,2.6659998893737793,0.14400005340576172,1638370326.36,13,far,happy,dusk,far,happy,far,happy,dusk,far,happy,2294.5857734680176,2021-12-01T14:52:06.360000,1638368031.7742264
18,8,5,5,Random,-9999,71c3aed32b558833,4.008999824523926,0.14100003242492676,1638370330.503,8,far,above,strawberry,above,far,far,above,strawberry,above,far,2298.7287735939026,2021-12-01T14:52:10.503000,1638368031.7742264
1,23,27,27,Random,-9999,71c3aed32b558833,2.9170000553131104,0.13499999046325684,1638370333.561,23,sky,dusk,pants,dusk,sky,sky,dusk,pants,dusk,sky,2301.7867736816406,2021-12-01T14:52:13.561000,1638368031.7742264
25,0,16,0,Random,-9999,71c3aed32b558833,2.866999864578247,0.14499998092651367,1638370336.581,16,dress,lemon,dawn,dress,lemon,dress,lemon,dawn,dress,lemon,2304.806773662567,2021-12-01T14:52:16.581000,1638368031.7742264
14,21,13,13,Random,-9999,71c3aed32b558833,2.6630001068115234,0.14400005340576172,1638370339.374,21,field,happy,sad,happy,field,field,happy,sad,happy,field,2307.599773645401,2021-12-01T14:52:19.374000,1638368031.7742264
19,18,15,18,Random,-9999,71c3aed32b558833,1.7669999599456787,0.13400006294250488,1638370341.217,15,strawberry,blueberry,watermelon,strawberry,blueberry,strawberry,blueberry,watermelon,strawberry,blueberry,2309.442773580551,2021-12-01T14:52:21.217000,1638368031.7742264
9,4,3,4,Random,-9999,71c3aed32b558833,3.1660001277923584,0.07899999618530273,1638370344.522,3,socks,shoes,near,socks,shoes,socks,shoes,near,socks,shoes,2312.7477736473083,2021-12-01T14:52:24.522000,1638368031.7742264
24,22,29,22,Random,-9999,71c3aed32b558833,2.236999988555908,0.1380000114440918,1638370346.895,29,ocean,noon,sunset,ocean,noon,ocean,noon,sunset,ocean,noon,2315.1207735538483,2021-12-01T14:52:26.895000,1638368031.7742264
1,25,19,25,Random,-9999,71c3aed32b558833,2.8889999389648438,0.13199996948242188,1638370349.919,19,dawn,watermelon,pants,dawn,watermelon,dawn,watermelon,pants,dawn,watermelon,2318.1447734832764,2021-12-01T14:52:29.919000,1638368031.7742264
29,6,15,15,Random,-9999,71c3aed32b558833,3.6110000610351562,0.14299988746643066,1638370353.675,6,below,blueberry,noon,blueberry,below,below,blueberry,noon,blueberry,below,2321.900773525238,2021-12-01T14:52:33.675000,1638368031.7742264
1,21,17,21,Random,-9999,71c3aed32b558833,2.2799999713897705,0.1419999599456787,1638370356.088,17,field,mango,pants,field,mango,field,mango,pants,field,mango,2324.3137736320496,2021-12-01T14:52:36.088000,1638368031.7742264
16,3,14,3,Random,-9999,71c3aed32b558833,3.501999855041504,0.13700008392333984,1638370359.736,14,shoes,sad,lemon,shoes,sad,shoes,sad,lemon,shoes,sad,2327.961773633957,2021-12-01T14:52:39.736000,1638368031.7742264
11,13,28,13,Random,-9999,71c3aed32b558833,3.9749999046325684,0.14300012588500977,1638370363.862,28,happy,night,disgust,happy,night,happy,night,disgust,happy,night,2332.0877735614777,2021-12-01T14:52:43.862000,1638368031.7742264
20,6,28,28,Random,-9999,71c3aed32b558833,2.4600000381469727,0.16499996185302734,1638370366.476,6,below,night,beach,night,below,below,night,beach,night,below,2334.7017736434937,2021-12-01T14:52:46.476000,1638368031.7742264
16,2,23,2,Random,-9999,71c3aed32b558833,2.505000114440918,0.14299988746643066,1638370369.129,23,shirt,sky,lemon,shirt,sky,shirt,sky,lemon,shirt,sky,2337.3547735214233,2021-12-01T14:52:49.129000,1638368031.7742264
0,19,2,19,Random,-9999,71c3aed32b558833,3.322999954223633,0.14100003242492676,1638370372.591,2,watermelon,shirt,dress,watermelon,shirt,watermelon,shirt,dress,watermelon,shirt,2340.8167736530304,2021-12-01T14:52:52.591000,1638368031.7742264
12,11,17,11,Random,-9999,71c3aed32b558833,6.07699990272522,0.13899993896484375,1638370378.806,17,disgust,mango,fearful,disgust,mango,disgust,mango,fearful,disgust,mango,2347.0317735671997,2021-12-01T14:52:58.806000,1638368031.7742264
19,27,2,2,Random,-9999,71c3aed32b558833,3.2920000553131104,0.14400005340576172,1638370382.231,27,dusk,shirt,watermelon,shirt,dusk,dusk,shirt,watermelon,shirt,dusk,2350.456773519516,2021-12-01T14:53:02.231000,1638368031.7742264
9,5,7,7,Random,-9999,71c3aed32b558833,3.63700008392334,0.13299989700317383,1638370386.006,5,above,beside,near,beside,above,above,beside,near,beside,above,2354.2317736148834,2021-12-01T14:53:06.006000,1638368031.7742264
17,15,11,15,Random,-9999,71c3aed32b558833,1.6010000705718994,0.1359999179840088,1638370387.684,11,blueberry,disgust,mango,blueberry,disgust,blueberry,disgust,mango,blueberry,disgust,2355.9097735881805,2021-12-01T14:53:07.684000,1638368031.7742264
3,29,24,24,Random,-9999,71c3aed32b558833,3.5490000247955322,0.0839998722076416,1638370391.38,29,noon,sunset,shoes,sunset,noon,noon,sunset,shoes,sunset,noon,2359.6057736873627,2021-12-01T14:53:11.380000,1638368031.7742264
16,8,1,8,Random,-9999,71c3aed32b558833,2.9769999980926514,0.1400001049041748,1638370394.495,1,far,pants,lemon,far,pants,far,pants,lemon,far,pants,2362.720773458481,2021-12-01T14:53:14.495000,1638368031.7742264
15,9,5,9,Random,-9999,71c3aed32b558833,2.1530001163482666,0.1399998664855957,1638370396.781,5,near,above,blueberry,near,above,near,above,blueberry,near,above,2365.0067734718323,2021-12-01T14:53:16.781000,1638368031.7742264
10,19,27,27,Random,-9999,71c3aed32b558833,2.5210001468658447,0.14400005340576172,1638370401.614,19,watermelon,dusk,angry,dusk,watermelon,watermelon,dusk,angry,dusk,watermelon,2369.8397736549377,2021-12-01T14:53:21.614000,1638368031.7742264
29,7,12,7,Random,-9999,71c3aed32b558833,2.6039998531341553,0.1359999179840088,1638370404.349,12,beside,fearful,noon,beside,fearful,beside,fearful,noon,beside,fearful,2372.5747735500336,2021-12-01T14:53:24.349000,1638368031.7742264
28,10,8,8,Random,-9999,71c3aed32b558833,1.6180000305175781,0.13399982452392578,1638370406.044,10,angry,far,night,far,angry,angry,far,night,far,angry,2374.2697734832764,2021-12-01T14:53:26.044000,1638368031.7742264
13,20,24,20,Random,-9999,71c3aed32b558833,2.382000207901001,0.07999992370605469,1638370408.566,24,beach,sunset,happy,beach,sunset,beach,sunset,happy,beach,sunset,2376.791773557663,2021-12-01T14:53:28.566000,1638368031.7742264
16,25,7,25,Random,-9999,71c3aed32b558833,4.58899998664856,0.13399982452392578,1638370413.291,7,dawn,beside,lemon,dawn,beside,dawn,beside,lemon,dawn,beside,2381.5167734622955,2021-12-01T14:53:33.291000,1638368031.7742264
3,13,2,2,Random,-9999,71c3aed32b558833,2.9809999465942383,0.14400005340576172,1638370422.915,13,happy,shirt,shoes,shirt,happy,happy,shirt,shoes,shirt,happy,2391.140773534775,2021-12-01T14:53:42.915000,1638368031.7742264
17,23,0,0,Random,-9999,71c3aed32b558833,1.753999948501587,0.1419999599456787,1638370424.75,23,sky,dress,mango,dress,sky,sky,dress,mango,dress,sky,2392.9757735729218,2021-12-01T14:53:44.750000,1638368031.7742264
24,13,18,13,Random,-9999,71c3aed32b558833,3.4519999027252197,0.11700010299682617,1638370428.383,18,happy,strawberry,sunset,happy,strawberry,happy,strawberry,sunset,happy,strawberry,2396.608773469925,2021-12-01T14:53:48.383000,1638368031.7742264
7,27,22,22,Random,-9999,71c3aed32b558833,2.2089998722076416,0.14100003242492676,1638370432.885,27,dusk,ocean,beside,ocean,dusk,dusk,ocean,beside,ocean,dusk,2401.110773563385,2021-12-01T14:53:52.885000,1638368031.7742264
10,20,7,7,Random,-9999,71c3aed32b558833,4.161999940872192,0.1550002098083496,1638370437.363,20,beach,beside,angry,beside,beach,beach,beside,angry,beside,beach,2405.5887734889984,2021-12-01T14:53:57.363000,1638368031.7742264
0,3,4,3,Random,-9999,71c3aed32b558833,2.821000099182129,0.2869999408721924,1638370440.449,4,shoes,socks,dress,shoes,socks,shoes,socks,dress,shoes,socks,2408.674773454666,2021-12-01T14:54:00.449000,1638368031.7742264
9,6,16,6,Random,-9999,71c3aed32b558833,2.7190001010894775,0.2929999828338623,1638370443.322,16,below,lemon,near,below,lemon,below,lemon,near,below,lemon,2411.5477735996246,2021-12-01T14:54:03.322000,1638368031.7742264
11,19,24,19,Random,-9999,71c3aed32b558833,3.5119998455047607,0.13700008392333984,1638370446.974,24,watermelon,sunset,disgust,watermelon,sunset,watermelon,sunset,disgust,watermelon,sunset,2415.1997735500336,2021-12-01T14:54:06.974000,1638368031.7742264
11,8,9,8,Random,-9999,71c3aed32b558833,2.4099998474121094,0.13300013542175293,1638370449.52,9,far,near,disgust,far,near,far,near,disgust,far,near,2417.7457735538483,2021-12-01T14:54:09.520000,1638368031.7742264
4,19,27,27,Random,-9999,71c3aed32b558833,12.046000003814697,0.13100004196166992,1638370461.697,19,watermelon,dusk,socks,dusk,watermelon,watermelon,dusk,socks,dusk,watermelon,2429.9227735996246,2021-12-01T14:54:21.697000,1638368031.7742264
8,11,5,5,Random,-9999,71c3aed32b558833,12.361000061035156,0.1399998664855957,1638370474.203,11,disgust,above,far,above,disgust,disgust,above,far,above,disgust,2442.4287736415863,2021-12-01T14:54:34.203000,1638368031.7742264
8,4,16,4,Random,-9999,71c3aed32b558833,2.198000192642212,0.15999984741210938,1638370476.55,16,socks,lemon,far,socks,lemon,socks,lemon,far,socks,lemon,2444.775773525238,2021-12-01T14:54:36.550000,1638368031.7742264
11,23,14,14,Random,-9999,71c3aed32b558833,3.0340001583099365,0.13199996948242188,1638370479.726,23,sky,sad,disgust,sad,sky,sky,sad,disgust,sad,sky,2447.9517736434937,2021-12-01T14:54:39.726000,1638368031.7742264
7,23,12,23,Random,-9999,71c3aed32b558833,2.42900013923645,0.14699983596801758,1638370482.29,12,sky,fearful,beside,sky,fearful,sky,fearful,beside,sky,fearful,2450.515773534775,2021-12-01T14:54:42.290000,1638368031.7742264
28,18,12,12,Random,-9999,ab2f04f7bdaf5bd4,3.2730000019073486,0.22600007057189941,1638370482.377,18,strawberry,fearful,night,fearful,strawberry,strawberry,fearful,night,fearful,strawberry,2450.602773666382,2021-12-01T14:54:42.377000,1638368031.7742264
6,4,20,4,Random,-9999,71c3aed32b558833,1.6630001068115234,0.13699984550476074,1638370484.034,20,socks,beach,below,socks,beach,socks,beach,below,socks,beach,2452.259773492813,2021-12-01T14:54:44.034000,1638368031.7742264
22,15,24,24,Random,-9999,71c3aed32b558833,1.8510000705718994,0.07899999618530273,1638370485.967,15,blueberry,sunset,ocean,sunset,blueberry,blueberry,sunset,ocean,sunset,blueberry,2454.192773580551,2021-12-01T14:54:45.967000,1638368031.7742264
29,13,24,13,Random,-9999,71c3aed32b558833,2.509000062942505,0.0819997787475586,1638370488.618,24,happy,sunset,noon,happy,sunset,happy,sunset,noon,happy,sunset,2456.8437736034393,2021-12-01T14:54:48.618000,1638368031.7742264
24,1,19,1,Random,-9999,71c3aed32b558833,3.2160000801086426,0.13499999046325684,1638370491.968,19,pants,watermelon,sunset,pants,watermelon,pants,watermelon,sunset,pants,watermelon,2460.193773508072,2021-12-01T14:54:51.968000,1638368031.7742264
8,6,24,24,Random,-9999,ab2f04f7bdaf5bd4,11.450000047683716,0.14700007438659668,1638370494.038,6,below,sunset,far,sunset,below,below,sunset,far,sunset,below,2462.2637736797333,2021-12-01T14:54:54.038000,1638368031.7742264
24,19,28,28,Random,-9999,71c3aed32b558833,2.059000015258789,0.13700008392333984,1638370494.179,19,watermelon,night,sunset,night,watermelon,watermelon,night,sunset,night,watermelon,2462.4047734737396,2021-12-01T14:54:54.179000,1638368031.7742264
9,12,13,13,Random,-9999,71c3aed32b558833,2.115000009536743,0.370999813079834,1638370496.641,12,fearful,happy,near,happy,fearful,fearful,happy,near,happy,fearful,2464.8667736053467,2021-12-01T14:54:56.641000,1638368031.7742264
4,12,25,25,Random,-9999,ab2f04f7bdaf5bd4,2.6429998874664307,0.1510000228881836,1638370496.823,12,fearful,dawn,socks,dawn,fearful,fearful,dawn,socks,dawn,fearful,2465.0487735271454,2021-12-01T14:54:56.823000,1638368031.7742264
3,11,2,2,Random,-9999,ab2f04f7bdaf5bd4,2.3949999809265137,0.1380000114440918,1638370499.358,11,disgust,shirt,shoes,shirt,disgust,disgust,shirt,shoes,shirt,disgust,2467.583773612976,2021-12-01T14:54:59.358000,1638368031.7742264
12,7,17,7,Random,-9999,71c3aed32b558833,2.824000120162964,0.13100004196166992,1638370499.694,17,beside,mango,fearful,beside,mango,beside,mango,fearful,beside,mango,2467.919773578644,2021-12-01T14:54:59.694000,1638368031.7742264
20,1,4,4,Random,-9999,ab2f04f7bdaf5bd4,6.210999965667725,0.1419999599456787,1638370505.714,1,pants,socks,beach,socks,pants,pants,socks,beach,socks,pants,2473.9397735595703,2021-12-01T14:55:05.714000,1638368031.7742264
1,6,17,6,Random,-9999,ab2f04f7bdaf5bd4,2.1689999103546143,0.14300012588500977,1638370508.026,17,below,mango,pants,below,mango,below,mango,pants,below,mango,2476.25177359581,2021-12-01T14:55:08.026000,1638368031.7742264
26,24,17,24,Random,-9999,ab2f04f7bdaf5bd4,2.4730000495910645,0.14899992942810059,1638370510.65,17,sunset,mango,day,sunset,mango,sunset,mango,day,sunset,mango,2478.875773668289,2021-12-01T14:55:10.650000,1638368031.7742264
23,15,26,26,Random,-9999,ab2f04f7bdaf5bd4,2.2690000534057617,0.1419999599456787,1638370513.054,15,blueberry,day,sky,day,blueberry,blueberry,day,sky,day,blueberry,2481.2797734737396,2021-12-01T14:55:13.054000,1638368031.7742264
12,15,27,27,Random,-9999,ab2f04f7bdaf5bd4,2.8919999599456787,0.14600014686584473,1638370516.096,15,blueberry,dusk,fearful,dusk,blueberry,blueberry,dusk,fearful,dusk,blueberry,2484.3217735290527,2021-12-01T14:55:16.096000,1638368031.7742264
25,23,6,6,Random,-9999,ab2f04f7bdaf5bd4,3.6540000438690186,0.1399998664855957,1638370519.893,23,sky,below,dawn,below,sky,sky,below,dawn,below,sky,2488.118773460388,2021-12-01T14:55:19.893000,1638368031.7742264
15,10,17,17,Random,-9999,eb4c2d6611564609,2.246999979019165,0.5140001773834229,1638370520.392,10,angry,mango,blueberry,mango,angry,angry,mango,blueberry,mango,angry,2488.6177735328674,2021-12-01T14:55:20.392000,1638368031.7742264
20,5,22,22,Random,-9999,ab2f04f7bdaf5bd4,1.3989999294281006,0.1400001049041748,1638370521.374,5,above,ocean,beach,ocean,above,above,ocean,beach,ocean,above,2489.599773645401,2021-12-01T14:55:21.374000,1638368031.7742264
20,24,10,24,Random,-9999,eb4c2d6611564609,1.511000156402588,0.24899983406066895,1638370522.246,10,sunset,angry,beach,sunset,angry,sunset,angry,beach,sunset,angry,2490.47177362442,2021-12-01T14:55:22.246000,1638368031.7742264
9,5,24,5,Random,-9999,ab2f04f7bdaf5bd4,2.254999876022339,0.0820000171661377,1638370523.766,24,above,sunset,near,above,sunset,above,sunset,near,above,sunset,2491.9917736053467,2021-12-01T14:55:23.766000,1638368031.7742264
25,11,4,4,Random,-9999,eb4c2d6611564609,2.614000082015991,0.2590000629425049,1638370527.216,11,disgust,socks,dawn,socks,disgust,disgust,socks,dawn,socks,disgust,2495.4417736530304,2021-12-01T14:55:27.216000,1638368031.7742264
26,19,0,19,Random,-9999,ab2f04f7bdaf5bd4,4.411999940872192,0.1400001049041748,1638370528.323,0,watermelon,dress,day,watermelon,dress,watermelon,dress,day,watermelon,dress,2496.5487735271454,2021-12-01T14:55:28.323000,1638368031.7742264
3,6,0,6,Random,-9999,eb4c2d6611564609,1.689000129699707,0.182999849319458,1638370528.979,0,below,dress,shoes,below,dress,below,dress,shoes,below,dress,2497.2047736644745,2021-12-01T14:55:28.979000,1638368031.7742264
25,21,11,11,Random,-9999,ab2f04f7bdaf5bd4,3.997999906539917,0.14300012588500977,1638370532.465,21,field,disgust,dawn,disgust,field,field,disgust,dawn,disgust,field,2500.690773487091,2021-12-01T14:55:32.465000,1638368031.7742264
15,17,24,17,Random,-9999,eb4c2d6611564609,3.4800000190734863,0.08799982070922852,1638370532.748,24,mango,sunset,blueberry,mango,sunset,mango,sunset,blueberry,mango,sunset,2500.9737734794617,2021-12-01T14:55:32.748000,1638368031.7742264
24,22,2,22,Random,-9999,eb4c2d6611564609,1.6299998760223389,0.2740001678466797,1638370534.453,2,ocean,shirt,sunset,ocean,shirt,ocean,shirt,sunset,ocean,shirt,2502.6787736415863,2021-12-01T14:55:34.453000,1638368031.7742264
2,26,29,26,Random,-9999,ab2f04f7bdaf5bd4,2.380999803543091,0.14100003242492676,1638370534.976,29,day,noon,shirt,day,noon,day,noon,shirt,day,noon,2503.2017736434937,2021-12-01T14:55:34.976000,1638368031.7742264
22,8,18,8,Random,-9999,eb4c2d6611564609,2.184999942779541,0.07599997520446777,1638370536.774,18,far,strawberry,ocean,far,strawberry,far,strawberry,ocean,far,strawberry,2504.99977350235,2021-12-01T14:55:36.774000,1638368031.7742264
5,19,25,25,Random,-9999,eb4c2d6611564609,1.7849998474121094,0.24200010299682617,1638370538.739,19,watermelon,dawn,above,dawn,watermelon,watermelon,dawn,above,dawn,watermelon,2506.9647736549377,2021-12-01T14:55:38.739000,1638368031.7742264
29,10,3,10,Random,-9999,ab2f04f7bdaf5bd4,4.76800012588501,0.13499999046325684,1638370539.883,3,angry,shoes,noon,angry,shoes,angry,shoes,noon,angry,shoes,2508.108773469925,2021-12-01T14:55:39.883000,1638368031.7742264
9,0,8,8,Random,-9999,eb4c2d6611564609,2.1710000038146973,0.07400012016296387,1638370541.192,0,dress,far,near,far,dress,dress,far,near,far,dress,2509.4177734851837,2021-12-01T14:55:41.192000,1638368031.7742264
5,28,25,25,Random,-9999,ab2f04f7bdaf5bd4,2.7639999389648438,0.1359999179840088,1638370542.789,28,night,dawn,above,dawn,night,night,dawn,above,dawn,night,2511.014773607254,2021-12-01T14:55:42.789000,1638368031.7742264
0,9,8,9,Random,-9999,eb4c2d6611564609,2.6470000743865967,0.2839999198913574,1638370543.986,8,near,far,dress,near,far,near,far,dress,near,far,2512.211773633957,2021-12-01T14:55:43.986000,1638368031.7742264
25,3,21,21,Random,-9999,ab2f04f7bdaf5bd4,2.25,0.14499998092651367,1638370545.23,3,shoes,field,dawn,field,shoes,shoes,field,dawn,field,shoes,2513.4557735919952,2021-12-01T14:55:45.230000,1638368031.7742264
23,24,18,24,Random,-9999,eb4c2d6611564609,1.3619999885559082,0.14599990844726562,1638370545.429,18,sunset,strawberry,sky,sunset,strawberry,sunset,strawberry,sky,sunset,strawberry,2513.6547734737396,2021-12-01T14:55:45.429000,1638368031.7742264
23,5,14,5,Random,-9999,eb4c2d6611564609,1.4479999542236328,0.08700013160705566,1638370546.965,14,above,sad,sky,above,sad,above,sad,sky,above,sad,2515.190773487091,2021-12-01T14:55:46.965000,1638368031.7742264
7,20,15,15,Random,-9999,ab2f04f7bdaf5bd4,2.635999917984009,0.13499999046325684,1638370547.955,20,beach,blueberry,beside,blueberry,beach,beach,blueberry,beside,blueberry,beach,2516.180773496628,2021-12-01T14:55:47.955000,1638368031.7742264
20,11,18,18,Random,-9999,eb4c2d6611564609,1.5819997787475586,0.08100008964538574,1638370548.621,11,disgust,strawberry,beach,strawberry,disgust,disgust,strawberry,beach,strawberry,disgust,2516.84677362442,2021-12-01T14:55:48.621000,1638368031.7742264
26,19,28,28,Random,-9999,ab2f04f7bdaf5bd4,1.6510000228881836,0.14700007438659668,1638370549.928,19,watermelon,night,day,night,watermelon,watermelon,night,day,night,watermelon,2518.153773546219,2021-12-01T14:55:49.928000,1638368031.7742264
29,16,3,16,Random,-9999,eb4c2d6611564609,1.994999885559082,0.1530001163482666,1638370550.985,3,lemon,shoes,noon,lemon,shoes,lemon,shoes,noon,lemon,shoes,2519.2107734680176,2021-12-01T14:55:50.985000,1638368031.7742264
21,7,24,24,Random,-9999,ab2f04f7bdaf5bd4,1.7279999256134033,0.3169999122619629,1638370551.761,7,beside,sunset,field,sunset,beside,beside,sunset,field,sunset,beside,2519.9867734909058,2021-12-01T14:55:51.761000,1638368031.7742264
7,10,28,28,Random,-9999,ab2f04f7bdaf5bd4,3.2079999446868896,0.3400001525878906,1638370555.351,10,angry,night,beside,night,angry,angry,night,beside,night,angry,2523.5767736434937,2021-12-01T14:55:55.351000,1638368031.7742264
16,11,7,11,Random,-9999,eb4c2d6611564609,2.6690001487731934,0.26999998092651367,1638370556.071,7,disgust,beside,lemon,disgust,beside,disgust,beside,lemon,disgust,beside,2524.296773672104,2021-12-01T14:55:56.071000,1638368031.7742264
26,21,15,15,Random,-9999,ab2f04f7bdaf5bd4,1.9839999675750732,0.1510000228881836,1638370557.483,21,field,blueberry,day,blueberry,field,field,blueberry,day,blueberry,field,2525.708773612976,2021-12-01T14:55:57.483000,1638368031.7742264
12,26,24,26,Random,-9999,eb4c2d6611564609,2.634999990463257,0.1419999599456787,1638370558.845,24,day,sunset,fearful,day,sunset,day,sunset,fearful,day,sunset,2527.070773601532,2021-12-01T14:55:58.845000,1638368031.7742264
26,12,24,24,Random,-9999,ab2f04f7bdaf5bd4,2.313999891281128,0.15600013732910156,1638370559.952,12,fearful,sunset,day,sunset,fearful,fearful,sunset,day,sunset,fearful,2528.177773475647,2021-12-01T14:55:59.952000,1638368031.7742264
1,18,19,19,Random,-9999,ab2f04f7bdaf5bd4,1.6340000629425049,0.15000009536743164,1638370561.675,18,strawberry,watermelon,pants,watermelon,strawberry,strawberry,watermelon,pants,watermelon,strawberry,2529.900773525238,2021-12-01T14:56:01.675000,1638368031.7742264
21,29,22,22,Random,-9999,ab2f04f7bdaf5bd4,1.2149999141693115,0.0989999771118164,1638370562.988,29,noon,ocean,field,ocean,noon,noon,ocean,field,ocean,noon,2531.2137734889984,2021-12-01T14:56:02.988000,1638368031.7742264
23,9,17,17,Random,-9999,ab2f04f7bdaf5bd4,1.1639997959136963,0.18900012969970703,1638370564.337,9,near,mango,sky,mango,near,near,mango,sky,mango,near,2532.5627734661102,2021-12-01T14:56:04.337000,1638368031.7742264
7,19,26,26,Random,-9999,eb4c2d6611564609,2.1700000762939453,0.12999987602233887,1638370565.438,19,watermelon,day,beside,day,watermelon,watermelon,day,beside,day,watermelon,2533.663773536682,2021-12-01T14:56:05.438000,1638368031.7742264
23,28,11,28,Random,-9999,ab2f04f7bdaf5bd4,1.310999870300293,0.10000014305114746,1638370565.744,11,night,disgust,sky,night,disgust,night,disgust,sky,night,disgust,2533.96977353096,2021-12-01T14:56:05.744000,1638368031.7742264
14,28,1,1,Random,-9999,ab2f04f7bdaf5bd4,1.6600000858306885,0.08100008964538574,1638370567.491,28,night,pants,sad,pants,night,night,pants,sad,pants,night,2535.7167735099792,2021-12-01T14:56:07.491000,1638368031.7742264
16,11,20,20,Random,-9999,eb4c2d6611564609,3.555999994277954,0.13400006294250488,1638370569.134,11,disgust,beach,lemon,beach,disgust,disgust,beach,lemon,beach,disgust,2537.3597736358643,2021-12-01T14:56:09.134000,1638368031.7742264
12,9,21,9,Random,-9999,ab2f04f7bdaf5bd4,2.058000087738037,0.09400010108947754,1638370569.698,21,near,field,fearful,near,field,near,field,fearful,near,field,2537.9237735271454,2021-12-01T14:56:09.698000,1638368031.7742264
0,17,7,17,Random,-9999,ab2f04f7bdaf5bd4,1.2869999408721924,0.1380000114440918,1638370571.063,7,mango,beside,dress,mango,beside,mango,beside,dress,mango,beside,2539.288773536682,2021-12-01T14:56:11.063000,1638368031.7742264
27,19,9,19,Random,-9999,eb4c2d6611564609,3.488999843597412,0.14499998092651367,1638370572.762,9,watermelon,near,dusk,watermelon,near,watermelon,near,dusk,watermelon,near,2540.987773656845,2021-12-01T14:56:12.762000,1638368031.7742264
20,4,19,4,Random,-9999,ab2f04f7bdaf5bd4,3.058000087738037,0.07799983024597168,1638370574.265,19,socks,watermelon,beach,socks,watermelon,socks,watermelon,beach,socks,watermelon,2542.490773677826,2021-12-01T14:56:14.265000,1638368031.7742264
28,14,29,14,Random,-9999,ab2f04f7bdaf5bd4,1.8480000495910645,0.14699983596801758,1638370576.194,29,sad,noon,night,sad,noon,sad,noon,night,sad,noon,2544.419773578644,2021-12-01T14:56:16.194000,1638368031.7742264
2,9,0,0,Random,-9999,eb4c2d6611564609,1.561000108718872,0.23099994659423828,1638370576.568,9,near,dress,shirt,dress,near,near,dress,shirt,dress,near,2544.793773651123,2021-12-01T14:56:16.568000,1638368031.7742264
16,15,19,19,Random,-9999,ab2f04f7bdaf5bd4,1.555999994277954,0.0840001106262207,1638370577.85,15,blueberry,watermelon,lemon,watermelon,blueberry,blueberry,watermelon,lemon,watermelon,blueberry,2546.0757734775543,2021-12-01T14:56:17.850000,1638368031.7742264
22,6,17,6,Random,-9999,eb4c2d6611564609,2.4670000076293945,0.26199984550476074,1638370579.48,17,below,mango,ocean,below,mango,below,mango,ocean,below,mango,2547.7057735919952,2021-12-01T14:56:19.480000,1638368031.7742264
29,25,24,25,Random,-9999,eb4c2d6611564609,7.959000110626221,0.2760000228881836,1638370587.683,24,dawn,sunset,noon,dawn,sunset,dawn,sunset,noon,dawn,sunset,2555.90877366066,2021-12-01T14:56:27.683000,1638368031.7742264
8,28,11,28,Random,-9999,eb4c2d6611564609,1.749000072479248,0.2929999828338623,1638370589.553,11,night,disgust,far,night,disgust,night,disgust,far,night,disgust,2557.778773546219,2021-12-01T14:56:29.553000,1638368031.7742264
20,23,4,23,Random,-9999,eb4c2d6611564609,2.808000087738037,0.09099984169006348,1638370592.59,4,sky,socks,beach,sky,socks,sky,socks,beach,sky,socks,2560.815773487091,2021-12-01T14:56:32.590000,1638368031.7742264
1,29,26,29,Random,-9999,eb4c2d6611564609,2.8480000495910645,0.2109999656677246,1638370595.733,26,noon,day,pants,noon,day,noon,day,pants,noon,day,2563.958773612976,2021-12-01T14:56:35.733000,1638368031.7742264
11,20,4,4,Random,-9999,eb4c2d6611564609,2.368000030517578,0.2969999313354492,1638370598.29,20,beach,socks,disgust,socks,beach,beach,socks,disgust,socks,beach,2566.515773534775,2021-12-01T14:56:38.290000,1638368031.7742264
26,22,16,22,Random,-9999,eb4c2d6611564609,4.061999797821045,0.18400001525878906,1638370602.538,16,ocean,lemon,day,ocean,lemon,ocean,lemon,day,ocean,lemon,2570.7637736797333,2021-12-01T14:56:42.538000,1638368031.7742264
12,20,8,8,Random,-9999,eb4c2d6611564609,1.7150001525878906,0.19000005722045898,1638370604.333,20,beach,far,fearful,far,beach,beach,far,fearful,far,beach,2572.5587735176086,2021-12-01T14:56:44.333000,1638368031.7742264
14,6,18,6,Random,-9999,eb4c2d6611564609,1.7920000553131104,0.0819997787475586,1638370606.199,18,below,strawberry,sad,below,strawberry,below,strawberry,sad,below,strawberry,2574.424773454666,2021-12-01T14:56:46.199000,1638368031.7742264
1,9,20,9,Random,-9999,eb4c2d6611564609,1.9110000133514404,0.07400012016296387,1638370608.192,20,near,beach,pants,near,beach,near,beach,pants,near,beach,2576.4177734851837,2021-12-01T14:56:48.192000,1638368031.7742264
18,10,4,10,Random,-9999,eb4c2d6611564609,3.7779998779296875,0.0820000171661377,1638370612.111,4,angry,socks,strawberry,angry,socks,angry,socks,strawberry,angry,socks,2580.336773633957,2021-12-01T14:56:52.111000,1638368031.7742264
18,6,3,3,Random,-9999,ab2f04f7bdaf5bd4,38.09400010108948,0.09499979019165039,1638370616.09,6,below,shoes,strawberry,shoes,below,below,shoes,strawberry,shoes,below,2584.315773487091,2021-12-01T14:56:56.090000,1638368031.7742264
9,13,17,13,Random,-9999,eb4c2d6611564609,4.806999921798706,0.14100003242492676,1638370617.23,17,happy,mango,near,happy,mango,happy,mango,near,happy,mango,2585.4557735919952,2021-12-01T14:56:57.230000,1638368031.7742264
6,9,21,21,Random,-9999,ab2f04f7bdaf5bd4,1.305999994277954,0.15599989891052246,1638370617.605,9,near,field,below,field,near,near,field,below,field,near,2585.8307735919952,2021-12-01T14:56:57.605000,1638368031.7742264
26,29,8,8,Random,-9999,ab2f04f7bdaf5bd4,1.7379999160766602,0.19500017166137695,1638370619.426,29,noon,far,day,far,noon,noon,far,day,far,noon,2587.6517736911774,2021-12-01T14:56:59.426000,1638368031.7742264
25,5,20,20,Random,-9999,eb4c2d6611564609,2.5360000133514404,0.3300001621246338,1638370619.918,5,above,beach,dawn,beach,above,above,beach,dawn,beach,above,2588.1437735557556,2021-12-01T14:56:59.918000,1638368031.7742264
18,22,3,3,Random,-9999,ab2f04f7bdaf5bd4,1.2590000629425049,0.08500003814697266,1638370620.782,22,ocean,shoes,strawberry,shoes,ocean,ocean,shoes,strawberry,shoes,ocean,2589.0077736377716,2021-12-01T14:57:00.782000,1638368031.7742264
24,3,26,26,Random,-9999,ab2f04f7bdaf5bd4,1.6040000915527344,0.0969998836517334,1638370622.471,3,shoes,day,sunset,day,shoes,shoes,day,sunset,day,shoes,2590.6967735290527,2021-12-01T14:57:02.471000,1638368031.7742264
6,2,26,2,Random,-9999,eb4c2d6611564609,2.8949999809265137,0.13399982452392578,1638370622.992,26,shirt,day,below,shirt,day,shirt,day,below,shirt,day,2591.2177736759186,2021-12-01T14:57:02.992000,1638368031.7742264
0,26,29,26,Random,-9999,ab2f04f7bdaf5bd4,1.38100004196167,0.08599996566772461,1638370623.942,29,day,noon,dress,day,noon,day,noon,dress,day,noon,2592.1677734851837,2021-12-01T14:57:03.942000,1638368031.7742264
20,28,15,15,Random,-9999,eb4c2d6611564609,2.689000129699707,0.1770000457763672,1638370625.815,28,night,blueberry,beach,blueberry,night,night,blueberry,beach,blueberry,night,2594.040773630142,2021-12-01T14:57:05.815000,1638368031.7742264
21,14,16,14,Random,-9999,ab2f04f7bdaf5bd4,1.8389999866485596,0.09100008010864258,1638370625.869,16,sad,lemon,field,sad,lemon,sad,lemon,field,sad,lemon,2594.09477353096,2021-12-01T14:57:05.869000,1638368031.7742264
22,26,25,26,Random,-9999,eb4c2d6611564609,1.7920000553131104,0.1380000114440918,1638370627.682,25,day,dawn,ocean,day,dawn,day,dawn,ocean,day,dawn,2595.9077734947205,2021-12-01T14:57:07.682000,1638368031.7742264
25,24,8,24,Random,-9999,ab2f04f7bdaf5bd4,2.2039999961853027,0.1419999599456787,1638370628.274,8,sunset,far,dawn,sunset,far,sunset,far,dawn,sunset,far,2596.49977350235,2021-12-01T14:57:08.274000,1638368031.7742264
14,1,19,1,Random,-9999,eb4c2d6611564609,2.0739998817443848,0.07400012016296387,1638370629.911,19,pants,watermelon,sad,pants,watermelon,pants,watermelon,sad,pants,watermelon,2598.136773586273,2021-12-01T14:57:09.911000,1638368031.7742264
21,22,18,22,Random,-9999,ab2f04f7bdaf5bd4,2.003999948501587,0.14600014686584473,1638370630.419,18,ocean,strawberry,field,ocean,strawberry,ocean,strawberry,field,ocean,strawberry,2598.6447734832764,2021-12-01T14:57:10.419000,1638368031.7742264
21,9,8,9,Random,-9999,eb4c2d6611564609,1.821000099182129,0.14899992942810059,1638370631.832,8,near,far,field,near,far,near,far,field,near,far,2600.057773590088,2021-12-01T14:57:11.832000,1638368031.7742264
27,9,3,9,Random,-9999,ab2f04f7bdaf5bd4,2.2009999752044678,0.14400005340576172,1638370632.758,3,near,shoes,dusk,near,shoes,near,shoes,dusk,near,shoes,2600.983773469925,2021-12-01T14:57:12.758000,1638368031.7742264
0,2,10,2,Random,-9999,eb4c2d6611564609,1.7339999675750732,0.10599994659423828,1638370633.645,10,shirt,angry,dress,shirt,angry,shirt,angry,dress,shirt,angry,2601.8707735538483,2021-12-01T14:57:13.645000,1638368031.7742264
23,5,6,5,Random,-9999,ab2f04f7bdaf5bd4,1.6579999923706055,0.1419999599456787,1638370634.506,6,above,below,sky,above,below,above,below,sky,above,below,2602.7317736148834,2021-12-01T14:57:14.506000,1638368031.7742264
25,23,20,23,Random,-9999,ab2f04f7bdaf5bd4,1.7940001487731934,0.08699989318847656,1638370636.388,20,sky,beach,dawn,sky,beach,sky,beach,dawn,sky,beach,2604.613773584366,2021-12-01T14:57:16.388000,1638368031.7742264
2,11,17,17,Random,-9999,eb4c2d6611564609,3.431999921798706,0.08000016212463379,1638370637.22,11,disgust,mango,shirt,mango,disgust,disgust,mango,shirt,mango,disgust,2605.445773601532,2021-12-01T14:57:17.220000,1638368031.7742264
6,15,27,27,Random,-9999,ab2f04f7bdaf5bd4,2.365000009536743,0.08899998664855957,1638370638.909,15,blueberry,dusk,below,dusk,blueberry,blueberry,dusk,below,dusk,blueberry,2607.134773492813,2021-12-01T14:57:18.909000,1638368031.7742264
0,23,15,23,Random,-9999,eb4c2d6611564609,2.2239999771118164,0.14100003242492676,1638370639.579,15,sky,blueberry,dress,sky,blueberry,sky,blueberry,dress,sky,blueberry,2607.804773569107,2021-12-01T14:57:19.579000,1638368031.7742264
22,6,14,6,Random,-9999,eb4c2d6611564609,2.0299999713897705,0.13499999046325684,1638370641.745,14,below,sad,ocean,below,sad,below,sad,ocean,below,sad,2609.970773458481,2021-12-01T14:57:21.745000,1638368031.7742264
9,13,6,6,Random,-9999,ab2f04f7bdaf5bd4,2.880999803543091,0.1549999713897705,1638370641.929,13,happy,below,near,below,happy,happy,below,near,below,happy,2610.1547734737396,2021-12-01T14:57:21.929000,1638368031.7742264
8,24,25,24,Random,-9999,eb4c2d6611564609,2.635000228881836,0.13299989700317383,1638370644.517,25,sunset,dawn,far,sunset,dawn,sunset,dawn,far,sunset,dawn,2612.7427735328674,2021-12-01T14:57:24.517000,1638368031.7742264
27,13,2,13,Random,-9999,ab2f04f7bdaf5bd4,3.7190001010894775,0.1400001049041748,1638370645.787,2,happy,shirt,dusk,happy,shirt,happy,shirt,dusk,happy,shirt,2614.012773513794,2021-12-01T14:57:25.787000,1638368031.7742264
26,14,15,14,Random,-9999,eb4c2d6611564609,3.9140000343322754,0.13899993896484375,1638370648.695,15,sad,blueberry,day,sad,blueberry,sad,blueberry,day,sad,blueberry,2616.9207735061646,2021-12-01T14:57:28.695000,1638368031.7742264
3,24,21,21,Random,-9999,ab2f04f7bdaf5bd4,3.003000020980835,0.1399998664855957,1638370648.933,24,sunset,field,shoes,field,sunset,sunset,field,shoes,field,sunset,2617.15877366066,2021-12-01T14:57:28.933000,1638368031.7742264
27,28,7,28,Random,-9999,eb4c2d6611564609,1.818000078201294,0.2649998664855957,1638370650.593,7,night,beside,dusk,night,beside,night,beside,dusk,night,beside,2618.818773508072,2021-12-01T14:57:30.593000,1638368031.7742264
3,13,27,27,Random,-9999,ab2f04f7bdaf5bd4,2.381999969482422,0.13700008392333984,1638370651.454,13,happy,dusk,shoes,dusk,happy,happy,dusk,shoes,dusk,happy,2619.679773569107,2021-12-01T14:57:31.454000,1638368031.7742264
19,8,12,12,Random,-9999,ab2f04f7bdaf5bd4,1.5260000228881836,0.14100003242492676,1638370653.067,8,far,fearful,watermelon,fearful,far,far,fearful,watermelon,fearful,far,2621.2927734851837,2021-12-01T14:57:33.067000,1638368031.7742264
15,28,11,11,Random,-9999,ab2f04f7bdaf5bd4,2.1630001068115234,0.08499979972839355,1638370655.365,28,night,disgust,blueberry,disgust,night,night,disgust,blueberry,disgust,night,2623.5907735824585,2021-12-01T14:57:35.365000,1638368031.7742264
5,24,26,24,Random,-9999,eb4c2d6611564609,2.756999969482422,0.23000001907348633,1638370655.705,26,sunset,day,above,sunset,day,sunset,day,above,sunset,day,2623.930773496628,2021-12-01T14:57:35.705000,1638368031.7742264
5,26,15,26,Random,-9999,ab2f04f7bdaf5bd4,1.0099999904632568,0.13700008392333984,1638370656.465,15,day,blueberry,above,day,blueberry,day,blueberry,above,day,blueberry,2624.690773487091,2021-12-01T14:57:36.465000,1638368031.7742264
8,7,21,21,Random,-9999,eb4c2d6611564609,2.1579999923706055,0.2070000171661377,1638370658.11,7,beside,field,far,field,beside,beside,field,far,field,beside,2626.3357734680176,2021-12-01T14:57:38.110000,1638368031.7742264
8,9,22,22,Random,-9999,ab2f04f7bdaf5bd4,2.5820000171661377,0.0839998722076416,1638370659.184,9,near,ocean,far,ocean,near,near,ocean,far,ocean,near,2627.4097735881805,2021-12-01T14:57:39.184000,1638368031.7742264
23,28,10,28,Random,-9999,ab2f04f7bdaf5bd4,1.4609999656677246,0.14400005340576172,1638370660.733,10,night,angry,sky,night,angry,night,angry,sky,night,angry,2628.958773612976,2021-12-01T14:57:40.733000,1638368031.7742264
26,0,8,8,Random,-9999,ab2f04f7bdaf5bd4,3.5290000438690186,0.08299994468688965,1638370664.398,0,dress,far,day,far,dress,dress,far,day,far,dress,2632.623773574829,2021-12-01T14:57:44.398000,1638368031.7742264
10,8,13,13,Random,-9999,eb4c2d6611564609,7.187999963760376,0.18000006675720215,1638370665.442,8,far,happy,angry,happy,far,far,happy,angry,happy,far,2633.6677734851837,2021-12-01T14:57:45.442000,1638368031.7742264
20,4,19,19,Random,-9999,ab2f04f7bdaf5bd4,0.9579999446868896,0.14599990844726562,1638370665.454,4,socks,watermelon,beach,watermelon,socks,socks,watermelon,beach,watermelon,socks,2633.679773569107,2021-12-01T14:57:45.454000,1638368031.7742264
29,28,22,22,Random,-9999,ab2f04f7bdaf5bd4,1.5249998569488525,0.08700013160705566,1638370667.06,28,night,ocean,noon,ocean,night,night,ocean,noon,ocean,night,2635.2857735157013,2021-12-01T14:57:47.060000,1638368031.7742264
26,27,2,27,Random,-9999,eb4c2d6611564609,2.3369998931884766,0.14300012588500977,1638370667.928,2,dusk,shirt,day,dusk,shirt,dusk,shirt,day,dusk,shirt,2636.153773546219,2021-12-01T14:57:47.928000,1638368031.7742264
11,19,8,19,Random,-9999,ab2f04f7bdaf5bd4,1.3650000095367432,0.0820000171661377,1638370668.512,8,watermelon,far,disgust,watermelon,far,watermelon,far,disgust,watermelon,far,2636.737773656845,2021-12-01T14:57:48.512000,1638368031.7742264
28,5,22,5,Random,-9999,ab2f04f7bdaf5bd4,1.565000057220459,0.08800005912780762,1638370670.16,22,above,ocean,night,above,ocean,above,ocean,night,above,ocean,2638.3857736587524,2021-12-01T14:57:50.160000,1638368031.7742264
8,21,23,21,Random,-9999,ab2f04f7bdaf5bd4,1.374000072479248,0.08699989318847656,1638370671.624,23,field,sky,far,field,sky,field,sky,far,field,sky,2639.849773645401,2021-12-01T14:57:51.624000,1638368031.7742264
15,10,4,4,Random,-9999,eb4c2d6611564609,3.688000202178955,0.14599990844726562,1638370671.754,10,angry,socks,blueberry,socks,angry,angry,socks,blueberry,socks,angry,2639.9797735214233,2021-12-01T14:57:51.754000,1638368031.7742264
15,7,3,7,Random,-9999,ab2f04f7bdaf5bd4,1.6319999694824219,0.08600020408630371,1638370673.339,3,beside,shoes,blueberry,beside,shoes,beside,shoes,blueberry,beside,shoes,2641.5647735595703,2021-12-01T14:57:53.339000,1638368031.7742264
23,27,22,27,Random,-9999,ab2f04f7bdaf5bd4,1.3320000171661377,0.08299994468688965,1638370674.759,22,dusk,ocean,sky,dusk,ocean,dusk,ocean,sky,dusk,ocean,2642.9847736358643,2021-12-01T14:57:54.759000,1638368031.7742264
26,23,21,21,Random,-9999,eb4c2d6611564609,3.5400002002716064,0.14099979400634766,1638370675.431,23,sky,field,day,field,sky,sky,field,day,field,sky,2643.6567735671997,2021-12-01T14:57:55.431000,1638368031.7742264
20,27,10,10,Random,-9999,ab2f04f7bdaf5bd4,2.99399995803833,0.08899998664855957,1638370677.894,27,dusk,angry,beach,angry,dusk,dusk,angry,beach,angry,dusk,2646.1197736263275,2021-12-01T14:57:57.894000,1638368031.7742264
14,19,12,19,Random,-9999,eb4c2d6611564609,2.0360000133514404,0.5969998836517334,1638370678.069,12,watermelon,fearful,sad,watermelon,fearful,watermelon,fearful,sad,watermelon,fearful,2646.294773578644,2021-12-01T14:57:58.069000,1638368031.7742264
2,4,7,4,Random,-9999,ab2f04f7bdaf5bd4,1.7230000495910645,0.14499998092651367,1638370679.701,7,socks,beside,shirt,socks,beside,socks,beside,shirt,socks,beside,2647.926773548126,2021-12-01T14:57:59.701000,1638368031.7742264
19,15,25,15,Random,-9999,eb4c2d6611564609,1.625999927520752,0.14100003242492676,1638370679.775,25,blueberry,dawn,watermelon,blueberry,dawn,blueberry,dawn,watermelon,blueberry,dawn,2648.000773668289,2021-12-01T14:57:59.775000,1638368031.7742264
20,8,6,8,Random,-9999,ab2f04f7bdaf5bd4,1.9449999332427979,0.08299994468688965,1638370681.828,6,far,below,beach,far,below,far,below,beach,far,below,2650.0537736415863,2021-12-01T14:58:01.828000,1638368031.7742264
2,24,10,24,Random,-9999,ab2f04f7bdaf5bd4,1.3910000324249268,0.18799996376037598,1638370683.304,10,sunset,angry,shirt,sunset,angry,sunset,angry,shirt,sunset,angry,2651.5297734737396,2021-12-01T14:58:03.304000,1638368031.7742264
4,13,24,13,Random,-9999,eb4c2d6611564609,4.500999927520752,0.08000016212463379,1638370684.434,24,happy,sunset,socks,happy,sunset,happy,sunset,socks,happy,sunset,2652.6597735881805,2021-12-01T14:58:04.434000,1638368031.7742264
13,19,23,23,Random,-9999,ab2f04f7bdaf5bd4,2.25,0.07899999618530273,1638370685.694,19,watermelon,sky,happy,sky,watermelon,watermelon,sky,happy,sky,watermelon,2653.919773578644,2021-12-01T14:58:05.694000,1638368031.7742264
11,12,5,12,Random,-9999,eb4c2d6611564609,3.934000015258789,0.16100001335144043,1638370688.538,5,fearful,above,disgust,fearful,above,fearful,above,disgust,fearful,above,2656.7637736797333,2021-12-01T14:58:08.538000,1638368031.7742264
13,10,18,18,Random,-9999,ab2f04f7bdaf5bd4,2.7159998416900635,0.14300012588500977,1638370688.561,10,angry,strawberry,happy,strawberry,angry,angry,strawberry,happy,strawberry,angry,2656.7867736816406,2021-12-01T14:58:08.561000,1638368031.7742264
6,15,29,15,Random,-9999,ab2f04f7bdaf5bd4,2.861999988555908,0.14499998092651367,1638370691.562,29,blueberry,noon,below,blueberry,noon,blueberry,noon,below,blueberry,noon,2659.7877736091614,2021-12-01T14:58:11.562000,1638368031.7742264
7,24,26,26,Random,-9999,eb4c2d6611564609,4.001000165939331,0.1699998378753662,1638370692.738,24,sunset,day,beside,day,sunset,sunset,day,beside,day,sunset,2660.9637734889984,2021-12-01T14:58:12.738000,1638368031.7742264
24,19,9,19,Random,-9999,ab2f04f7bdaf5bd4,1.2719998359680176,0.1420001983642578,1638370692.917,9,watermelon,near,sunset,watermelon,near,watermelon,near,sunset,watermelon,near,2661.142773628235,2021-12-01T14:58:12.917000,1638368031.7742264
4,2,28,2,Random,-9999,ab2f04f7bdaf5bd4,1.1050000190734863,0.0840001106262207,1638370694.107,28,shirt,night,socks,shirt,night,shirt,night,socks,shirt,night,2662.3327736854553,2021-12-01T14:58:14.107000,1638368031.7742264
15,2,5,5,Random,-9999,ab2f04f7bdaf5bd4,1.566999912261963,0.08599996566772461,1638370695.754,2,shirt,above,blueberry,above,shirt,shirt,above,blueberry,above,shirt,2663.9797735214233,2021-12-01T14:58:15.754000,1638368031.7742264
3,22,29,29,Random,-9999,eb4c2d6611564609,3.947000026702881,0.19700002670288086,1638370696.891,22,ocean,noon,shoes,noon,ocean,ocean,noon,shoes,noon,ocean,2665.1167736053467,2021-12-01T14:58:16.891000,1638368031.7742264
25,26,1,26,Random,-9999,ab2f04f7bdaf5bd4,1.7770001888275146,0.07899999618530273,1638370697.61,1,day,pants,dawn,day,pants,day,pants,dawn,day,pants,2665.8357734680176,2021-12-01T14:58:17.610000,1638368031.7742264
28,17,14,14,Random,-9999,ab2f04f7bdaf5bd4,1.9879999160766602,0.07999992370605469,1638370699.749,17,mango,sad,night,sad,mango,mango,sad,night,sad,mango,2667.974773645401,2021-12-01T14:58:19.749000,1638368031.7742264
0,22,23,23,Random,-9999,ab2f04f7bdaf5bd4,2.1440000534057617,0.14400005340576172,1638370702.028,22,ocean,sky,dress,sky,ocean,ocean,sky,dress,sky,ocean,2670.25377368927,2021-12-01T14:58:22.028000,1638368031.7742264
10,13,17,13,Random,-9999,ab2f04f7bdaf5bd4,2.3349997997283936,0.14100003242492676,1638370704.504,17,happy,mango,angry,happy,mango,happy,mango,angry,happy,mango,2672.7297735214233,2021-12-01T14:58:24.504000,1638368031.7742264
19,3,15,15,Random,-9999,eb4c2d6611564609,7.705000162124634,0.20799994468688965,1638370704.825,3,shoes,blueberry,watermelon,blueberry,shoes,shoes,blueberry,watermelon,blueberry,shoes,2673.0507736206055,2021-12-01T14:58:24.825000,1638368031.7742264
19,8,0,8,Random,-9999,ab2f04f7bdaf5bd4,2.4120001792907715,0.21000003814697266,1638370707.126,0,far,dress,watermelon,far,dress,far,dress,watermelon,far,dress,2675.3517735004425,2021-12-01T14:58:27.126000,1638368031.7742264
3,11,18,11,Random,-9999,eb4c2d6611564609,2.38100004196167,0.23599982261657715,1638370707.434,18,disgust,strawberry,shoes,disgust,strawberry,disgust,strawberry,shoes,disgust,strawberry,2675.6597735881805,2021-12-01T14:58:27.434000,1638368031.7742264
26,17,0,17,Random,-9999,ab2f04f7bdaf5bd4,1.5230000019073486,0.14099979400634766,1638370708.733,0,mango,dress,day,mango,dress,mango,dress,day,mango,dress,2676.958773612976,2021-12-01T14:58:28.733000,1638368031.7742264
14,9,13,9,Random,-9999,ab2f04f7bdaf5bd4,1.066999912261963,0.07899999618530273,1638370709.882,13,near,happy,sad,near,happy,near,happy,sad,near,happy,2678.107773542404,2021-12-01T14:58:29.882000,1638368031.7742264
15,6,17,6,Random,-9999,eb4c2d6611564609,3.1069998741149902,0.22900009155273438,1638370710.69,17,below,mango,blueberry,below,mango,below,mango,blueberry,below,mango,2678.915773630142,2021-12-01T14:58:30.690000,1638368031.7742264
14,23,9,23,Random,-9999,ab2f04f7bdaf5bd4,1.3030002117156982,0.08299994468688965,1638370711.271,9,sky,near,sad,sky,near,sky,near,sad,sky,near,2679.496773481369,2021-12-01T14:58:31.271000,1638368031.7742264
5,1,7,1,Random,-9999,ab2f04f7bdaf5bd4,1.2599999904632568,0.0839998722076416,1638370712.614,7,pants,beside,above,pants,beside,pants,beside,above,pants,beside,2680.8397736549377,2021-12-01T14:58:32.614000,1638368031.7742264
0,27,13,13,Random,-9999,ab2f04f7bdaf5bd4,0.8789999485015869,0.09200000762939453,1638370713.584,27,dusk,happy,dress,happy,dusk,dusk,happy,dress,happy,dusk,2681.809773683548,2021-12-01T14:58:33.584000,1638368031.7742264
22,27,11,27,Random,-9999,eb4c2d6611564609,2.821000099182129,0.14100003242492676,1638370713.722,11,dusk,disgust,ocean,dusk,disgust,dusk,disgust,ocean,dusk,disgust,2681.9477734565735,2021-12-01T14:58:33.722000,1638368031.7742264
15,4,16,4,Random,-9999,ab2f04f7bdaf5bd4,0.744999885559082,0.08500003814697266,1638370714.412,16,socks,lemon,blueberry,socks,lemon,socks,lemon,blueberry,socks,lemon,2682.637773513794,2021-12-01T14:58:34.412000,1638368031.7742264
12,27,23,27,Random,-9999,ab2f04f7bdaf5bd4,1.1530001163482666,0.0839998722076416,1638370715.647,23,dusk,sky,fearful,dusk,sky,dusk,sky,fearful,dusk,sky,2683.8727736473083,2021-12-01T14:58:35.647000,1638368031.7742264
23,4,6,4,Random,-9999,eb4c2d6611564609,2.3359999656677246,0.21499991416931152,1638370716.373,6,socks,below,sky,socks,below,socks,below,sky,socks,below,2684.5987734794617,2021-12-01T14:58:36.373000,1638368031.7742264
3,12,17,12,Random,-9999,ab2f04f7bdaf5bd4,1.440999984741211,0.08299994468688965,1638370717.173,17,fearful,mango,shoes,fearful,mango,fearful,mango,shoes,fearful,mango,2685.3987736701965,2021-12-01T14:58:37.173000,1638368031.7742264
17,3,5,5,Random,-9999,ab2f04f7bdaf5bd4,1.0729999542236328,0.0840001106262207,1638370718.332,3,shoes,above,mango,above,shoes,shoes,above,mango,above,shoes,2686.557773590088,2021-12-01T14:58:38.332000,1638368031.7742264
15,26,9,26,Random,-9999,ab2f04f7bdaf5bd4,1.0529999732971191,0.08700013160705566,1638370719.457,9,day,near,blueberry,day,near,day,near,blueberry,day,near,2687.682773590088,2021-12-01T14:58:39.457000,1638368031.7742264
8,12,26,12,Random,-9999,eb4c2d6611564609,3.003000020980835,0.31599998474121094,1638370719.52,26,fearful,day,far,fearful,day,fearful,day,far,fearful,day,2687.7457735538483,2021-12-01T14:58:39.520000,1638368031.7742264
22,20,0,20,Random,-9999,ab2f04f7bdaf5bd4,0.9240000247955322,0.07800006866455078,1638370720.47,0,beach,dress,ocean,beach,dress,beach,dress,ocean,beach,dress,2688.695773601532,2021-12-01T14:58:40.470000,1638368031.7742264
20,21,4,4,Random,-9999,ab2f04f7bdaf5bd4,1.2769999504089355,0.0839998722076416,1638370721.836,21,field,socks,beach,socks,field,field,socks,beach,socks,field,2690.0617735385895,2021-12-01T14:58:41.836000,1638368031.7742264
1,10,22,10,Random,-9999,eb4c2d6611564609,3.5959999561309814,0.13499999046325684,1638370723.25,22,angry,ocean,pants,angry,ocean,angry,ocean,pants,angry,ocean,2691.4757735729218,2021-12-01T14:58:43.250000,1638368031.7742264
3,17,10,17,Random,-9999,ab2f04f7bdaf5bd4,1.5800001621246338,0.08999991416931152,1638370723.5,10,mango,angry,shoes,mango,angry,mango,angry,shoes,mango,angry,2691.7257735729218,2021-12-01T14:58:43.500000,1638368031.7742264
1,22,10,10,Random,-9999,ab2f04f7bdaf5bd4,0.8110001087188721,0.08500003814697266,1638370724.386,22,ocean,angry,pants,angry,ocean,ocean,angry,pants,angry,ocean,2692.6117734909058,2021-12-01T14:58:44.386000,1638368031.7742264
24,18,14,18,Random,-9999,972d19c8ba50713c,10.752000093460083,0.17499995231628418,1638370725.174,14,strawberry,sad,sunset,strawberry,sad,strawberry,sad,sunset,strawberry,sad,2693.3997735977173,2021-12-01T14:58:45.174000,1638368031.7742264
19,28,24,28,Random,-9999,ab2f04f7bdaf5bd4,1.444000005722046,0.07899999618530273,1638370725.92,24,night,sunset,watermelon,night,sunset,night,sunset,watermelon,night,sunset,2694.1457736492157,2021-12-01T14:58:45.920000,1638368031.7742264
8,3,5,5,Random,-9999,eb4c2d6611564609,2.7790000438690186,0.1359999179840088,1638370726.322,3,shoes,above,far,above,shoes,shoes,above,far,above,shoes,2694.5477735996246,2021-12-01T14:58:46.322000,1638368031.7742264
13,23,14,14,Random,-9999,ab2f04f7bdaf5bd4,0.8839998245239258,0.08500003814697266,1638370726.888,23,sky,sad,happy,sad,sky,sky,sad,happy,sad,sky,2695.113773584366,2021-12-01T14:58:46.888000,1638368031.7742264
10,23,11,23,Random,-9999,ab2f04f7bdaf5bd4,0.8910000324249268,0.0840001106262207,1638370727.859,11,sky,disgust,angry,sky,disgust,sky,disgust,angry,sky,disgust,2696.084773540497,2021-12-01T14:58:47.859000,1638368031.7742264
12,10,13,13,Random,-9999,ab2f04f7bdaf5bd4,0.7880001068115234,0.07699990272521973,1638370728.72,10,angry,happy,fearful,happy,angry,angry,happy,fearful,happy,angry,2696.945773601532,2021-12-01T14:58:48.720000,1638368031.7742264
18,10,2,2,Random,-9999,eb4c2d6611564609,2.31000018119812,0.28999996185302734,1638370728.878,10,angry,shirt,strawberry,shirt,angry,angry,shirt,strawberry,shirt,angry,2697.1037735939026,2021-12-01T14:58:48.878000,1638368031.7742264
17,23,26,23,Random,-9999,ab2f04f7bdaf5bd4,1.5470001697540283,0.08799982070922852,1638370730.357,26,sky,day,mango,sky,day,sky,day,mango,sky,day,2698.5827736854553,2021-12-01T14:58:50.357000,1638368031.7742264
17,23,5,5,Random,-9999,972d19c8ba50713c,5.644999980926514,0.13499999046325684,1638370730.95,23,sky,above,mango,above,sky,sky,above,mango,above,sky,2699.1757736206055,2021-12-01T14:58:50.950000,1638368031.7742264
7,6,0,6,Random,-9999,ab2f04f7bdaf5bd4,0.6909999847412109,0.07599997520446777,1638370731.118,0,below,dress,beside,below,dress,below,dress,beside,below,dress,2699.3437736034393,2021-12-01T14:58:51.118000,1638368031.7742264
23,24,21,24,Random,-9999,eb4c2d6611564609,1.4069998264312744,0.27300000190734863,1638370732.533,21,sunset,field,sky,sunset,field,sunset,field,sky,sunset,field,2700.7587735652924,2021-12-01T14:58:52.533000,1638368031.7742264
21,16,25,16,Random,-9999,ab2f04f7bdaf5bd4,1.4140000343322754,0.07800006866455078,1638370732.623,25,lemon,dawn,field,lemon,dawn,lemon,dawn,field,lemon,dawn,2700.8487734794617,2021-12-01T14:58:52.623000,1638368031.7742264
18,16,7,16,Random,-9999,972d19c8ba50713c,2.4149999618530273,0.13199996948242188,1638370733.507,7,lemon,beside,strawberry,lemon,beside,lemon,beside,strawberry,lemon,beside,2701.732773542404,2021-12-01T14:58:53.507000,1638368031.7742264
27,13,26,13,Random,-9999,ab2f04f7bdaf5bd4,1.0120000839233398,0.08599996566772461,1638370733.708,26,happy,day,dusk,happy,day,happy,day,dusk,happy,day,2701.9337735176086,2021-12-01T14:58:53.708000,1638368031.7742264
15,19,6,19,Random,-9999,eb4c2d6611564609,1.5910000801086426,0.14400005340576172,1638370734.256,6,watermelon,below,blueberry,watermelon,below,watermelon,below,blueberry,watermelon,below,2702.4817736148834,2021-12-01T14:58:54.256000,1638368031.7742264
2,16,14,16,Random,-9999,ab2f04f7bdaf5bd4,0.8090000152587891,0.07899999618530273,1638370734.611,14,lemon,sad,shirt,lemon,sad,lemon,sad,shirt,lemon,sad,2702.836773633957,2021-12-01T14:58:54.611000,1638368031.7742264
9,2,21,2,Random,-9999,ab2f04f7bdaf5bd4,1.0230000019073486,0.09500002861022949,1638370735.725,21,shirt,field,near,shirt,field,shirt,field,near,shirt,field,2703.9507734775543,2021-12-01T14:58:55.725000,1638368031.7742264
22,23,12,23,Random,-9999,972d19c8ba50713c,2.303999900817871,0.13700008392333984,1638370735.942,12,sky,fearful,ocean,sky,fearful,sky,fearful,ocean,sky,fearful,2704.1677734851837,2021-12-01T14:58:55.942000,1638368031.7742264
22,16,27,27,Random,-9999,eb4c2d6611564609,2.0399999618530273,0.07599997520446777,1638370736.436,16,lemon,dusk,ocean,dusk,lemon,lemon,dusk,ocean,dusk,lemon,2704.6617736816406,2021-12-01T14:58:56.436000,1638368031.7742264
0,11,7,11,Random,-9999,ab2f04f7bdaf5bd4,0.8840000629425049,0.08299994468688965,1638370736.69,7,disgust,beside,dress,disgust,beside,disgust,beside,dress,disgust,beside,2704.915773630142,2021-12-01T14:58:56.690000,1638368031.7742264
15,20,21,20,Random,-9999,ab2f04f7bdaf5bd4,0.8070001602172852,0.08099985122680664,1638370737.581,21,beach,field,blueberry,beach,field,beach,field,blueberry,beach,field,2705.806773662567,2021-12-01T14:58:57.581000,1638368031.7742264
15,13,6,13,Random,-9999,ab2f04f7bdaf5bd4,0.755000114440918,0.08500003814697266,1638370738.409,6,happy,below,blueberry,happy,below,happy,below,blueberry,happy,below,2706.634773492813,2021-12-01T14:58:58.409000,1638368031.7742264
7,17,15,15,Random,-9999,eb4c2d6611564609,2.000999927520752,0.13100004196166992,1638370738.584,17,mango,blueberry,beside,blueberry,mango,mango,blueberry,beside,blueberry,mango,2706.809773683548,2021-12-01T14:58:58.584000,1638368031.7742264
8,23,10,23,Random,-9999,ab2f04f7bdaf5bd4,0.8329999446868896,0.07899999618530273,1638370739.336,10,sky,angry,far,sky,angry,sky,angry,far,sky,angry,2707.5617735385895,2021-12-01T14:58:59.336000,1638368031.7742264
10,28,18,28,Random,-9999,ab2f04f7bdaf5bd4,0.9289999008178711,0.08800005912780762,1638370740.339,18,night,strawberry,angry,night,strawberry,night,strawberry,angry,night,strawberry,2708.5647735595703,2021-12-01T14:59:00.339000,1638368031.7742264
3,28,24,28,Random,-9999,972d19c8ba50713c,4.288000106811523,0.13499999046325684,1638370740.363,24,night,sunset,shoes,night,sunset,night,sunset,shoes,night,sunset,2708.5887734889984,2021-12-01T14:59:00.363000,1638368031.7742264
28,19,3,3,Random,-9999,eb4c2d6611564609,2.304999828338623,0.21300005912780762,1638370741.083,19,watermelon,shoes,night,shoes,watermelon,watermelon,shoes,night,shoes,watermelon,2709.3087735176086,2021-12-01T14:59:01.083000,1638368031.7742264
23,4,5,4,Random,-9999,ab2f04f7bdaf5bd4,0.8410000801086426,0.07899999618530273,1638370741.27,5,socks,above,sky,socks,above,socks,above,sky,socks,above,2709.4957735538483,2021-12-01T14:59:01.270000,1638368031.7742264
16,10,19,10,Random,-9999,ab2f04f7bdaf5bd4,0.7219998836517334,0.08500003814697266,1638370742.086,19,angry,watermelon,lemon,angry,watermelon,angry,watermelon,lemon,angry,watermelon,2710.3117735385895,2021-12-01T14:59:02.086000,1638368031.7742264
25,12,0,12,Random,-9999,ab2f04f7bdaf5bd4,0.7279999256134033,0.09500002861022949,1638370742.9,0,fearful,dress,dawn,fearful,dress,fearful,dress,dawn,fearful,dress,2711.125773668289,2021-12-01T14:59:02.900000,1638368031.7742264
21,26,8,26,Random,-9999,972d19c8ba50713c,2.8610000610351562,0.13499999046325684,1638370743.361,8,day,far,field,day,far,day,far,field,day,far,2711.586773633957,2021-12-01T14:59:03.361000,1638368031.7742264
7,21,26,21,Random,-9999,ab2f04f7bdaf5bd4,0.6430001258850098,0.08999991416931152,1638370743.627,26,field,day,beside,field,day,field,day,beside,field,day,2711.852773666382,2021-12-01T14:59:03.627000,1638368031.7742264
6,23,20,20,Random,-9999,eb4c2d6611564609,2.7879998683929443,0.1360001564025879,1638370744.007,23,sky,beach,below,beach,sky,sky,beach,below,beach,sky,2712.232773542404,2021-12-01T14:59:04.007000,1638368031.7742264
14,24,11,24,Random,-9999,ab2f04f7bdaf5bd4,0.7850000858306885,0.08599996566772461,1638370744.493,11,sunset,disgust,sad,sunset,disgust,sunset,disgust,sad,sunset,disgust,2712.7187736034393,2021-12-01T14:59:04.493000,1638368031.7742264
22,2,28,2,Random,-9999,ab2f04f7bdaf5bd4,0.9210000038146973,0.07999992370605469,1638370745.501,28,shirt,night,ocean,shirt,night,shirt,night,ocean,shirt,night,2713.7267735004425,2021-12-01T14:59:05.501000,1638368031.7742264
21,4,15,4,Random,-9999,ab2f04f7bdaf5bd4,0.7980000972747803,0.0820000171661377,1638370746.372,15,socks,blueberry,field,socks,blueberry,socks,blueberry,field,socks,blueberry,2714.597773551941,2021-12-01T14:59:06.372000,1638368031.7742264
23,8,25,25,Random,-9999,eb4c2d6611564609,2.946000099182129,0.1380000114440918,1638370747.099,8,far,dawn,sky,dawn,far,far,dawn,sky,dawn,far,2715.3247735500336,2021-12-01T14:59:07.099000,1638368031.7742264
0,9,27,27,Random,-9999,ab2f04f7bdaf5bd4,1.5910000801086426,0.07799983024597168,1638370748.053,9,near,dusk,dress,dusk,near,near,dusk,dress,dusk,near,2716.278773546219,2021-12-01T14:59:08.053000,1638368031.7742264
7,12,25,25,Random,-9999,ab2f04f7bdaf5bd4,0.9800000190734863,0.08500003814697266,1638370749.113,12,fearful,dawn,beside,dawn,fearful,fearful,dawn,beside,dawn,fearful,2717.3387734889984,2021-12-01T14:59:09.113000,1638368031.7742264
23,13,6,6,Random,-9999,eb4c2d6611564609,2.577000141143799,0.13699984550476074,1638370749.808,13,happy,below,sky,below,happy,happy,below,sky,below,happy,2718.03377366066,2021-12-01T14:59:09.808000,1638368031.7742264
27,6,0,6,Random,-9999,ab2f04f7bdaf5bd4,0.6909999847412109,0.09200000762939453,1638370749.888,0,below,dress,dusk,below,dress,below,dress,dusk,below,dress,2718.113773584366,2021-12-01T14:59:09.888000,1638368031.7742264
19,10,7,7,Random,-9999,ab2f04f7bdaf5bd4,0.7049999237060547,0.07599997520446777,1638370750.68,10,angry,beside,watermelon,beside,angry,angry,beside,watermelon,beside,angry,2718.905773639679,2021-12-01T14:59:10.680000,1638368031.7742264
27,20,6,20,Random,-9999,ab2f04f7bdaf5bd4,0.7980000972747803,0.0820000171661377,1638370751.561,6,beach,below,dusk,beach,below,beach,below,dusk,beach,below,2719.7867736816406,2021-12-01T14:59:11.561000,1638368031.7742264
12,20,6,6,Random,-9999,972d19c8ba50713c,8.646000146865845,0.13699984550476074,1638370752.136,20,beach,below,fearful,below,beach,beach,below,fearful,below,beach,2720.3617734909058,2021-12-01T14:59:12.136000,1638368031.7742264
17,3,11,11,Random,-9999,eb4c2d6611564609,2.2740001678466797,0.1399998664855957,1638370752.225,3,shoes,disgust,mango,disgust,shoes,shoes,disgust,mango,disgust,shoes,2720.4507734775543,2021-12-01T14:59:12.225000,1638368031.7742264
25,12,0,0,Random,-9999,ab2f04f7bdaf5bd4,0.6970000267028809,0.0839998722076416,1638370752.332,12,fearful,dress,dawn,dress,fearful,fearful,dress,dawn,dress,fearful,2720.557773590088,2021-12-01T14:59:12.332000,1638368031.7742264
28,3,22,3,Random,-9999,ab2f04f7bdaf5bd4,0.9760000705718994,0.0820000171661377,1638370753.4,22,shoes,ocean,night,shoes,ocean,shoes,ocean,night,shoes,ocean,2721.625773668289,2021-12-01T14:59:13.400000,1638368031.7742264
20,21,28,28,Random,-9999,ab2f04f7bdaf5bd4,0.5920000076293945,0.08500003814697266,1638370754.066,21,field,night,beach,night,field,field,night,beach,night,field,2722.291773557663,2021-12-01T14:59:14.066000,1638368031.7742264
12,19,13,13,Random,-9999,ab2f04f7bdaf5bd4,1.2929999828338623,0.07699990272521973,1638370755.446,19,watermelon,happy,fearful,happy,watermelon,watermelon,happy,fearful,happy,watermelon,2723.671773672104,2021-12-01T14:59:15.446000,1638368031.7742264
16,3,2,2,Random,-9999,eb4c2d6611564609,3.2290000915527344,0.1379997730255127,1638370755.59,3,shoes,shirt,lemon,shirt,shoes,shoes,shirt,lemon,shirt,shoes,2723.815773487091,2021-12-01T14:59:15.590000,1638368031.7742264
29,23,0,0,Random,-9999,ab2f04f7bdaf5bd4,1.2579998970031738,0.0820000171661377,1638370756.783,23,sky,dress,noon,dress,sky,sky,dress,noon,dress,sky,2725.0087735652924,2021-12-01T14:59:16.783000,1638368031.7742264
25,22,20,22,Random,-9999,ab2f04f7bdaf5bd4,0.6159999370574951,0.08500003814697266,1638370757.489,20,ocean,beach,dawn,ocean,beach,ocean,beach,dawn,ocean,beach,2725.7147736549377,2021-12-01T14:59:17.489000,1638368031.7742264
6,12,0,0,Random,-9999,ab2f04f7bdaf5bd4,0.689000129699707,0.08599996566772461,1638370758.252,12,fearful,dress,below,dress,fearful,fearful,dress,below,dress,fearful,2726.477773666382,2021-12-01T14:59:18.252000,1638368031.7742264
25,29,19,19,Random,-9999,eb4c2d6611564609,2.759000062942505,0.14100003242492676,1638370758.489,29,noon,watermelon,dawn,watermelon,noon,noon,watermelon,dawn,watermelon,noon,2726.7147736549377,2021-12-01T14:59:18.489000,1638368031.7742264
11,17,0,17,Random,-9999,ab2f04f7bdaf5bd4,0.6129999160766602,0.07899999618530273,1638370758.95,0,mango,dress,disgust,mango,dress,mango,dress,disgust,mango,dress,2727.1757736206055,2021-12-01T14:59:18.950000,1638368031.7742264
25,11,19,19,Random,-9999,ab2f04f7bdaf5bd4,0.8020000457763672,0.08599996566772461,1638370759.844,11,disgust,watermelon,dawn,watermelon,disgust,disgust,watermelon,dawn,watermelon,disgust,2728.0697736740112,2021-12-01T14:59:19.844000,1638368031.7742264
26,10,4,10,Random,-9999,ab2f04f7bdaf5bd4,1.3960001468658447,0.08599996566772461,1638370761.313,4,angry,socks,day,angry,socks,angry,socks,day,angry,socks,2729.538773536682,2021-12-01T14:59:21.313000,1638368031.7742264
7,4,6,4,Random,-9999,eb4c2d6611564609,3.3410000801086426,0.1380000114440918,1638370761.965,6,socks,below,beside,socks,below,socks,below,beside,socks,below,2730.190773487091,2021-12-01T14:59:21.965000,1638368031.7742264
7,16,13,16,Random,-9999,972d19c8ba50713c,9.85700011253357,0.12599992752075195,1638370762.125,13,lemon,happy,beside,lemon,happy,lemon,happy,beside,lemon,happy,2730.3507735729218,2021-12-01T14:59:22.125000,1638368031.7742264
17,6,28,6,Random,-9999,ab2f04f7bdaf5bd4,0.8450000286102295,0.07699990272521973,1638370762.254,28,below,night,mango,below,night,below,night,mango,below,night,2730.4797735214233,2021-12-01T14:59:22.254000,1638368031.7742264
27,22,15,22,Random,-9999,ab2f04f7bdaf5bd4,0.6410000324249268,0.10599994659423828,1638370762.995,15,ocean,blueberry,dusk,ocean,blueberry,ocean,blueberry,dusk,ocean,blueberry,2731.220773458481,2021-12-01T14:59:22.995000,1638368031.7742264
15,26,3,26,Random,-9999,ab2f04f7bdaf5bd4,0.812000036239624,0.09200000762939453,1638370763.899,3,day,shoes,blueberry,day,shoes,day,shoes,blueberry,day,shoes,2732.12477350235,2021-12-01T14:59:23.899000,1638368031.7742264
6,16,7,16,Random,-9999,ab2f04f7bdaf5bd4,0.6559998989105225,0.08800005912780762,1638370764.641,7,lemon,beside,below,lemon,beside,lemon,beside,below,lemon,beside,2732.8667736053467,2021-12-01T14:59:24.641000,1638368031.7742264
2,1,29,29,Random,-9999,ab2f04f7bdaf5bd4,0.6639997959136963,0.08500003814697266,1638370765.39,1,pants,noon,shirt,noon,pants,pants,noon,shirt,noon,pants,2733.615773677826,2021-12-01T14:59:25.390000,1638368031.7742264
15,26,7,26,Random,-9999,eb4c2d6611564609,3.2810001373291016,0.14299988746643066,1638370765.393,7,day,beside,blueberry,day,beside,day,beside,blueberry,day,beside,2733.618773460388,2021-12-01T14:59:25.393000,1638368031.7742264
17,26,3,26,Random,-9999,972d19c8ba50713c,3.1499998569488525,0.13499999046325684,1638370765.409,3,day,shoes,mango,day,shoes,day,shoes,mango,day,shoes,2733.634773492813,2021-12-01T14:59:25.409000,1638368031.7742264
1,0,9,0,Random,-9999,ab2f04f7bdaf5bd4,0.5820000171661377,0.0840001106262207,1638370766.044,9,dress,near,pants,dress,near,dress,near,pants,dress,near,2734.2697734832764,2021-12-01T14:59:26.044000,1638368031.7742264
25,16,6,6,Random,-9999,ab2f04f7bdaf5bd4,0.7130000591278076,0.07799983024597168,1638370766.835,16,lemon,below,dawn,below,lemon,lemon,below,dawn,below,lemon,2735.0607736110687,2021-12-01T14:59:26.835000,1638368031.7742264
4,16,11,16,Random,-9999,eb4c2d6611564609,2.109999895095825,0.1419999599456787,1638370767.638,11,lemon,disgust,socks,lemon,disgust,lemon,disgust,socks,lemon,disgust,2735.863773584366,2021-12-01T14:59:27.638000,1638368031.7742264
11,18,19,18,Random,-9999,ab2f04f7bdaf5bd4,0.7939999103546143,0.07599997520446777,1638370767.704,19,strawberry,watermelon,disgust,strawberry,watermelon,strawberry,watermelon,disgust,strawberry,watermelon,2735.929773569107,2021-12-01T14:59:27.704000,1638368031.7742264
14,3,6,6,Random,-9999,ab2f04f7bdaf5bd4,0.8190000057220459,0.07700014114379883,1638370768.6,3,shoes,below,sad,below,shoes,shoes,below,sad,below,shoes,2736.8257734775543,2021-12-01T14:59:28.600000,1638368031.7742264
5,2,22,2,Random,-9999,972d19c8ba50713c,3.765000104904175,0.13499999046325684,1638370769.309,22,shirt,ocean,above,shirt,ocean,shirt,ocean,above,shirt,ocean,2737.5347735881805,2021-12-01T14:59:29.309000,1638368031.7742264
6,27,17,27,Random,-9999,ab2f04f7bdaf5bd4,0.7310001850128174,0.0839998722076416,1638370769.421,17,dusk,mango,below,dusk,mango,dusk,mango,below,dusk,mango,2737.6467735767365,2021-12-01T14:59:29.421000,1638368031.7742264
2,3,10,10,Random,-9999,ab2f04f7bdaf5bd4,0.5169999599456787,0.08700013160705566,1638370770.024,3,shoes,angry,shirt,angry,shoes,shoes,angry,shirt,angry,shoes,2738.24977350235,2021-12-01T14:59:30.024000,1638368031.7742264
18,4,10,4,Random,-9999,ab2f04f7bdaf5bd4,0.7070000171661377,0.09999990463256836,1638370770.831,10,socks,angry,strawberry,socks,angry,socks,angry,strawberry,socks,angry,2739.056773662567,2021-12-01T14:59:30.831000,1638368031.7742264
11,8,28,8,Random,-9999,eb4c2d6611564609,3.052999973297119,0.1360001564025879,1638370770.84,28,far,night,disgust,far,night,far,night,disgust,far,night,2739.065773487091,2021-12-01T14:59:30.840000,1638368031.7742264
14,0,9,9,Random,-9999,ab2f04f7bdaf5bd4,1.0189998149871826,0.08800005912780762,1638370771.942,0,dress,near,sad,near,dress,dress,near,sad,near,dress,2740.1677734851837,2021-12-01T14:59:31.942000,1638368031.7742264
15,6,4,4,Random,-9999,ab2f04f7bdaf5bd4,1.0169999599456787,0.08300018310546875,1638370773.039,6,below,socks,blueberry,socks,below,below,socks,blueberry,socks,below,2741.264773607254,2021-12-01T14:59:33.039000,1638368031.7742264
18,4,26,26,Random,-9999,eb4c2d6611564609,2.319999933242798,0.14299988746643066,1638370773.292,4,socks,day,strawberry,day,socks,socks,day,strawberry,day,socks,2741.517773628235,2021-12-01T14:59:33.292000,1638368031.7742264
1,5,18,5,Random,-9999,972d19c8ba50713c,4.210000038146973,0.13899993896484375,1638370773.66,18,above,strawberry,pants,above,strawberry,above,strawberry,pants,above,strawberry,2741.8857736587524,2021-12-01T14:59:33.660000,1638368031.7742264
12,3,19,19,Random,-9999,ab2f04f7bdaf5bd4,0.6389999389648438,0.08500003814697266,1638370773.76,3,shoes,watermelon,fearful,watermelon,shoes,shoes,watermelon,fearful,watermelon,shoes,2741.985773563385,2021-12-01T14:59:33.760000,1638368031.7742264
11,20,4,20,Random,-9999,ab2f04f7bdaf5bd4,0.625,0.0839998722076416,1638370774.472,4,beach,socks,disgust,beach,socks,beach,socks,disgust,beach,socks,2742.6977734565735,2021-12-01T14:59:34.472000,1638368031.7742264
26,17,1,1,Random,-9999,ab2f04f7bdaf5bd4,0.5719997882843018,0.08000016212463379,1638370775.129,17,mango,pants,day,pants,mango,mango,pants,day,pants,mango,2743.3547735214233,2021-12-01T14:59:35.129000,1638368031.7742264
3,4,26,4,Random,-9999,972d19c8ba50713c,1.7139999866485596,0.1380000114440918,1638370775.453,26,socks,day,shoes,socks,day,socks,day,shoes,socks,day,2743.6787736415863,2021-12-01T14:59:35.453000,1638368031.7742264
29,22,3,22,Random,-9999,ab2f04f7bdaf5bd4,0.7000000476837158,0.10000014305114746,1638370775.927,3,ocean,shoes,noon,ocean,shoes,ocean,shoes,noon,ocean,shoes,2744.152773618698,2021-12-01T14:59:35.927000,1638368031.7742264
21,20,15,20,Random,-9999,eb4c2d6611564609,2.681999921798706,0.1360001564025879,1638370776.109,15,beach,blueberry,field,beach,blueberry,beach,blueberry,field,beach,blueberry,2744.334773540497,2021-12-01T14:59:36.109000,1638368031.7742264
18,29,15,15,Random,-9999,ab2f04f7bdaf5bd4,0.9230000972747803,0.0839998722076416,1638370776.932,29,noon,blueberry,strawberry,blueberry,noon,noon,blueberry,strawberry,blueberry,noon,2745.1577734947205,2021-12-01T14:59:36.932000,1638368031.7742264
15,2,28,28,Random,-9999,ab2f04f7bdaf5bd4,1.0920000076293945,0.08099985122680664,1638370778.112,2,shirt,night,blueberry,night,shirt,shirt,night,blueberry,night,shirt,2746.3377735614777,2021-12-01T14:59:38.112000,1638368031.7742264
16,5,22,22,Random,-9999,ab2f04f7bdaf5bd4,0.6519999504089355,0.08800005912780762,1638370778.836,5,above,ocean,lemon,ocean,above,above,ocean,lemon,ocean,above,2747.0617735385895,2021-12-01T14:59:38.836000,1638368031.7742264
26,5,14,5,Random,-9999,972d19c8ba50713c,3.38100004196167,0.07500004768371582,1638370778.967,14,above,sad,day,above,sad,above,sad,day,above,sad,2747.192773580551,2021-12-01T14:59:38.967000,1638368031.7742264
15,23,18,18,Random,-9999,ab2f04f7bdaf5bd4,1.070000171661377,0.07899999618530273,1638370779.985,23,sky,strawberry,blueberry,strawberry,sky,sky,strawberry,blueberry,strawberry,sky,2748.2107734680176,2021-12-01T14:59:39.985000,1638368031.7742264
7,16,21,21,Random,-9999,ab2f04f7bdaf5bd4,0.6960000991821289,0.07799983024597168,1638370780.771,16,lemon,field,beside,field,lemon,lemon,field,beside,field,lemon,2748.996773481369,2021-12-01T14:59:40.771000,1638368031.7742264
18,16,28,28,Random,-9999,ab2f04f7bdaf5bd4,0.6980001926422119,0.08499979972839355,1638370781.55,16,lemon,night,strawberry,night,lemon,lemon,night,strawberry,night,lemon,2749.775773525238,2021-12-01T14:59:41.550000,1638368031.7742264
20,8,0,0,Random,-9999,972d19c8ba50713c,3.196000099182129,0.13399982452392578,1638370782.302,8,far,dress,beach,dress,far,far,dress,beach,dress,far,2750.527773618698,2021-12-01T14:59:42.302000,1638368031.7742264
17,14,12,12,Random,-9999,ab2f04f7bdaf5bd4,4.261000156402588,0.09399986267089844,1638370785.962,14,sad,fearful,mango,fearful,sad,sad,fearful,mango,fearful,sad,2754.1877734661102,2021-12-01T14:59:45.962000,1638368031.7742264
16,13,14,13,Random,-9999,972d19c8ba50713c,4.20199990272522,0.13199996948242188,1638370786.628,14,happy,sad,lemon,happy,sad,happy,sad,lemon,happy,sad,2754.8537735939026,2021-12-01T14:59:46.628000,1638368031.7742264
0,6,17,17,Random,-9999,ab2f04f7bdaf5bd4,0.942000150680542,0.14099979400634766,1638370786.986,6,below,mango,dress,mango,below,below,mango,dress,mango,below,2755.211773633957,2021-12-01T14:59:46.986000,1638368031.7742264
28,24,2,2,Random,-9999,ab2f04f7bdaf5bd4,0.7430000305175781,0.09500002861022949,1638370787.822,24,sunset,shirt,night,shirt,sunset,sunset,shirt,night,shirt,sunset,2756.0477735996246,2021-12-01T14:59:47.822000,1638368031.7742264
5,15,1,15,Random,-9999,eb4c2d6611564609,11.710000038146973,0.1380000114440918,1638370787.985,1,blueberry,pants,above,blueberry,pants,blueberry,pants,above,blueberry,pants,2756.2107734680176,2021-12-01T14:59:47.985000,1638368031.7742264
25,10,14,14,Random,-9999,ab2f04f7bdaf5bd4,0.8899998664855957,0.08100008964538574,1638370788.789,10,angry,sad,dawn,sad,angry,angry,sad,dawn,sad,angry,2757.014773607254,2021-12-01T14:59:48.789000,1638368031.7742264
20,15,11,15,Random,-9999,972d19c8ba50713c,2.6080000400543213,0.1360001564025879,1638370789.374,11,blueberry,disgust,beach,blueberry,disgust,blueberry,disgust,beach,blueberry,disgust,2757.599773645401,2021-12-01T14:59:49.374000,1638368031.7742264
0,16,8,16,Random,-9999,ab2f04f7bdaf5bd4,1.1630001068115234,0.0820000171661377,1638370790.032,8,lemon,far,dress,lemon,far,lemon,far,dress,lemon,far,2758.2577736377716,2021-12-01T14:59:50.032000,1638368031.7742264
2,13,16,13,Random,-9999,eb4c2d6611564609,4.11299991607666,0.16700005531311035,1638370792.268,16,happy,lemon,shirt,happy,lemon,happy,lemon,shirt,happy,lemon,2760.493773460388,2021-12-01T14:59:52.268000,1638368031.7742264
21,6,7,7,Random,-9999,eb4c2d6611564609,3.0190000534057617,0.1699998378753662,1638370795.431,6,below,beside,field,beside,below,below,beside,field,beside,below,2763.6567735671997,2021-12-01T14:59:55.431000,1638368031.7742264
4,29,12,29,Random,-9999,eb4c2d6611564609,1.8849999904632568,0.14300012588500977,1638370797.397,12,noon,fearful,socks,noon,fearful,noon,fearful,socks,noon,fearful,2765.6227736473083,2021-12-01T14:59:57.397000,1638368031.7742264
16,9,22,9,Random,-9999,ab2f04f7bdaf5bd4,7.786999940872192,0.07599997520446777,1638370797.959,22,near,ocean,lemon,near,ocean,near,ocean,lemon,near,ocean,2766.184773683548,2021-12-01T14:59:57.959000,1638368031.7742264
20,0,24,24,Random,-9999,ab2f04f7bdaf5bd4,0.5399999618530273,0.14400005340576172,1638370798.59,0,dress,sunset,beach,sunset,dress,dress,sunset,beach,sunset,dress,2766.815773487091,2021-12-01T14:59:58.590000,1638368031.7742264
28,17,16,16,Random,-9999,972d19c8ba50713c,9.181999921798706,0.1380000114440918,1638370798.693,17,mango,lemon,night,lemon,mango,mango,lemon,night,lemon,mango,2766.918773651123,2021-12-01T14:59:58.693000,1638368031.7742264
27,18,29,29,Random,-9999,eb4c2d6611564609,2.6490001678466797,0.07899999618530273,1638370800.187,18,strawberry,noon,dusk,noon,strawberry,strawberry,noon,dusk,noon,strawberry,2768.4127736091614,2021-12-01T15:00:00.187000,1638368031.7742264
1,14,17,14,Random,-9999,ab2f04f7bdaf5bd4,2.132999897003174,0.0820000171661377,1638370800.857,17,sad,mango,pants,sad,mango,sad,mango,pants,sad,mango,2769.0827736854553,2021-12-01T15:00:00.857000,1638368031.7742264
21,13,29,29,Random,-9999,eb4c2d6611564609,1.746999979019165,0.14299988746643066,1638370802.01,13,happy,noon,field,noon,happy,happy,noon,field,noon,happy,2770.235773563385,2021-12-01T15:00:02.010000,1638368031.7742264
11,0,22,0,Random,-9999,972d19c8ba50713c,3.947000026702881,0.13899993896484375,1638370802.777,22,dress,ocean,disgust,dress,ocean,dress,ocean,disgust,dress,ocean,2771.0027735233307,2021-12-01T15:00:02.777000,1638368031.7742264
21,15,14,15,Random,-9999,eb4c2d6611564609,1.8629999160766602,0.07500004768371582,1638370803.951,14,blueberry,sad,field,blueberry,sad,blueberry,sad,field,blueberry,sad,2772.176773548126,2021-12-01T15:00:03.951000,1638368031.7742264
14,0,10,10,Random,-9999,972d19c8ba50713c,2.4140000343322754,0.1399998664855957,1638370805.333,0,dress,angry,sad,angry,dress,dress,angry,sad,angry,dress,2773.5587735176086,2021-12-01T15:00:05.333000,1638368031.7742264
10,7,15,7,Random,-9999,eb4c2d6611564609,2.625,0.07899999618530273,1638370806.72,15,beside,blueberry,angry,beside,blueberry,beside,blueberry,angry,beside,blueberry,2774.945773601532,2021-12-01T15:00:06.720000,1638368031.7742264
16,12,24,24,Random,-9999,972d19c8ba50713c,2.2370002269744873,0.1359999179840088,1638370807.702,12,fearful,sunset,lemon,sunset,fearful,fearful,sunset,lemon,sunset,fearful,2775.927773475647,2021-12-01T15:00:07.702000,1638368031.7742264
15,5,29,5,Random,-9999,eb4c2d6611564609,2.7899999618530273,0.14600014686584473,1638370809.653,29,above,noon,blueberry,above,noon,above,noon,blueberry,above,noon,2777.87877368927,2021-12-01T15:00:09.653000,1638368031.7742264
24,3,25,25,Random,-9999,972d19c8ba50713c,2.4780001640319824,0.13099980354309082,1638370810.312,3,shoes,dawn,sunset,dawn,shoes,shoes,dawn,sunset,dawn,shoes,2778.5377736091614,2021-12-01T15:00:10.312000,1638368031.7742264
4,24,0,0,Random,-9999,972d19c8ba50713c,3.434999942779541,0.1360001564025879,1638370813.891,24,sunset,dress,socks,dress,sunset,sunset,dress,socks,dress,sunset,2782.1167736053467,2021-12-01T15:00:13.891000,1638368031.7742264
28,10,19,10,Random,-9999,972d19c8ba50713c,2.6369998455047607,0.1380000114440918,1638370816.655,19,angry,watermelon,night,angry,watermelon,angry,watermelon,night,angry,watermelon,2784.8807735443115,2021-12-01T15:00:16.655000,1638368031.7742264
10,17,3,3,Random,-9999,eb4c2d6611564609,8.499000072479248,0.13899993896484375,1638370818.299,17,mango,shoes,angry,shoes,mango,mango,shoes,angry,shoes,mango,2786.5247735977173,2021-12-01T15:00:18.299000,1638368031.7742264
28,21,26,26,Random,-9999,972d19c8ba50713c,2.125,0.1359999179840088,1638370818.92,21,field,day,night,day,field,field,day,night,day,field,2787.1457736492157,2021-12-01T15:00:18.920000,1638368031.7742264
24,28,18,28,Random,-9999,eb4c2d6611564609,1.7300000190734863,0.14400005340576172,1638370820.112,18,night,strawberry,sunset,night,strawberry,night,strawberry,sunset,night,strawberry,2788.3377735614777,2021-12-01T15:00:20.112000,1638368031.7742264
3,20,10,10,Random,-9999,eb4c2d6611564609,2.25600004196167,0.0839998722076416,1638370822.507,20,beach,angry,shoes,angry,beach,beach,angry,shoes,angry,beach,2790.732773542404,2021-12-01T15:00:22.507000,1638368031.7742264
8,18,4,18,Random,-9999,972d19c8ba50713c,4.645999908447266,0.13900017738342285,1638370823.704,4,strawberry,socks,far,strawberry,socks,strawberry,socks,far,strawberry,socks,2791.929773569107,2021-12-01T15:00:23.704000,1638368031.7742264
16,17,12,17,Random,-9999,972d19c8ba50713c,1.7690000534057617,0.1399998664855957,1638370825.56,12,mango,fearful,lemon,mango,fearful,mango,fearful,lemon,mango,fearful,2793.7857735157013,2021-12-01T15:00:25.560000,1638368031.7742264
14,28,5,28,Random,-9999,eb4c2d6611564609,5.27400016784668,0.14299988746643066,1638370828.037,5,night,above,sad,night,above,night,above,sad,night,above,2796.262773513794,2021-12-01T15:00:28.037000,1638368031.7742264
1,26,3,3,Random,-9999,972d19c8ba50713c,2.4709999561309814,0.07800006866455078,1638370828.162,26,day,shoes,pants,shoes,day,day,shoes,pants,shoes,day,2796.387773513794,2021-12-01T15:00:28.162000,1638368031.7742264
23,16,9,9,Random,-9999,eb4c2d6611564609,2.253999948501587,0.257000207901001,1638370830.428,16,lemon,near,sky,near,lemon,lemon,near,sky,near,lemon,2798.653773546219,2021-12-01T15:00:30.428000,1638368031.7742264
16,10,28,28,Random,-9999,972d19c8ba50713c,3.5320000648498535,0.1359999179840088,1638370831.83,10,angry,night,lemon,night,angry,angry,night,lemon,night,angry,2800.055773496628,2021-12-01T15:00:31.830000,1638368031.7742264
28,3,17,3,Random,-9999,eb4c2d6611564609,3.7300000190734863,0.2519998550415039,1638370834.406,17,shoes,mango,night,shoes,mango,shoes,mango,night,shoes,mango,2802.6317734718323,2021-12-01T15:00:34.406000,1638368031.7742264
24,12,22,22,Random,-9999,972d19c8ba50713c,4.68399977684021,0.1360001564025879,1638370836.649,12,fearful,ocean,sunset,ocean,fearful,fearful,ocean,sunset,ocean,fearful,2804.87477350235,2021-12-01T15:00:36.649000,1638368031.7742264
29,7,20,20,Random,-9999,eb4c2d6611564609,3.991999864578247,0.1360001564025879,1638370838.548,7,beside,beach,noon,beach,beside,beside,beach,noon,beach,beside,2806.7737736701965,2021-12-01T15:00:38.548000,1638368031.7742264
27,14,18,14,Random,-9999,972d19c8ba50713c,3.9189999103546143,0.13300013542175293,1638370840.703,18,sad,strawberry,dusk,sad,strawberry,sad,strawberry,dusk,sad,strawberry,2808.9287736415863,2021-12-01T15:00:40.703000,1638368031.7742264
13,12,19,12,Random,-9999,972d19c8ba50713c,2.359999895095825,0.13900017738342285,1638370843.199,19,fearful,watermelon,happy,fearful,watermelon,fearful,watermelon,happy,fearful,watermelon,2811.424773454666,2021-12-01T15:00:43.199000,1638368031.7742264
16,12,18,18,Random,-9999,972d19c8ba50713c,4.080000162124634,0.1359999179840088,1638370847.423,12,fearful,strawberry,lemon,strawberry,fearful,fearful,strawberry,lemon,strawberry,fearful,2815.6487736701965,2021-12-01T15:00:47.423000,1638368031.7742264
24,7,10,7,Random,-9999,972d19c8ba50713c,3.058000087738037,0.1380000114440918,1638370850.614,10,beside,angry,sunset,beside,angry,beside,angry,sunset,beside,angry,2818.8397736549377,2021-12-01T15:00:50.614000,1638368031.7742264
19,13,18,18,Random,-9999,972d19c8ba50713c,1.9570000171661377,0.13700008392333984,1638370852.74,13,happy,strawberry,watermelon,strawberry,happy,happy,strawberry,watermelon,strawberry,happy,2820.9657735824585,2021-12-01T15:00:52.740000,1638368031.7742264
0,12,24,24,Random,-9999,972d19c8ba50713c,3.7860000133514404,0.16699981689453125,1638370856.661,12,fearful,sunset,dress,sunset,fearful,fearful,sunset,dress,sunset,fearful,2824.886773586273,2021-12-01T15:00:56.661000,1638368031.7742264
10,3,13,3,Random,-9999,ab2f04f7bdaf5bd4,55.93899989128113,0.1400001049041748,1638370856.939,13,shoes,happy,angry,shoes,happy,shoes,happy,angry,shoes,happy,2825.164773464203,2021-12-01T15:00:56.939000,1638368031.7742264
15,8,27,8,Random,-9999,eb4c2d6611564609,18.63099980354309,0.14300012588500977,1638370857.382,27,far,dusk,blueberry,far,dusk,far,dusk,blueberry,far,dusk,2825.607773542404,2021-12-01T15:00:57.382000,1638368031.7742264
11,28,1,28,Random,-9999,ab2f04f7bdaf5bd4,0.8080000877380371,0.13700008392333984,1638370857.823,1,night,pants,disgust,night,pants,night,pants,disgust,night,pants,2826.0487735271454,2021-12-01T15:00:57.823000,1638368031.7742264
1,15,0,0,Random,-9999,eb4c2d6611564609,1.3430001735687256,0.20799994468688965,1638370858.919,15,blueberry,dress,pants,dress,blueberry,blueberry,dress,pants,dress,blueberry,2827.1447734832764,2021-12-01T15:00:58.919000,1638368031.7742264
29,28,4,28,Random,-9999,ab2f04f7bdaf5bd4,1.819000005722046,0.07699990272521973,1638370859.721,4,night,socks,noon,night,socks,night,socks,noon,night,socks,2827.9467735290527,2021-12-01T15:00:59.721000,1638368031.7742264
5,10,8,8,Random,-9999,972d19c8ba50713c,4.0899999141693115,0.13400006294250488,1638370860.88,10,angry,far,above,far,angry,angry,far,above,far,angry,2829.1057736873627,2021-12-01T15:01:00.880000,1638368031.7742264
9,7,20,7,Random,-9999,eb4c2d6611564609,2.186000108718872,0.19700002670288086,1638370861.244,20,beside,beach,near,beside,beach,beside,beach,near,beside,beach,2829.46977353096,2021-12-01T15:01:01.244000,1638368031.7742264
19,0,12,12,Random,-9999,ab2f04f7bdaf5bd4,2.6969997882843018,0.08100008964538574,1638370862.563,0,dress,fearful,watermelon,fearful,dress,dress,fearful,watermelon,fearful,dress,2830.788773536682,2021-12-01T15:01:02.563000,1638368031.7742264
27,1,4,1,Random,-9999,eb4c2d6611564609,2.0210001468658447,0.247999906539917,1638370863.513,4,pants,socks,dusk,pants,socks,pants,socks,dusk,pants,socks,2831.738773584366,2021-12-01T15:01:03.513000,1638368031.7742264
25,23,4,4,Random,-9999,ab2f04f7bdaf5bd4,1.0139999389648438,0.14400005340576172,1638370863.664,23,sky,socks,dawn,socks,sky,sky,socks,dawn,socks,sky,2831.889773607254,2021-12-01T15:01:03.664000,1638368031.7742264
11,5,1,1,Random,-9999,ab2f04f7bdaf5bd4,1.2840001583099365,0.0820000171661377,1638370865.029,5,above,pants,disgust,pants,above,above,pants,disgust,pants,above,2833.2547736167908,2021-12-01T15:01:05.029000,1638368031.7742264
24,4,10,4,Random,-9999,eb4c2d6611564609,2.4070000648498535,0.13700008392333984,1638370866.059,10,socks,angry,sunset,socks,angry,socks,angry,sunset,socks,angry,2834.2847735881805,2021-12-01T15:01:06.059000,1638368031.7742264
1,10,2,2,Random,-9999,ab2f04f7bdaf5bd4,1.4739999771118164,0.0820000171661377,1638370866.583,10,angry,shirt,pants,shirt,angry,angry,shirt,pants,shirt,angry,2834.8087735176086,2021-12-01T15:01:06.583000,1638368031.7742264
0,9,28,28,Random,-9999,ab2f04f7bdaf5bd4,0.6139998435974121,0.07899999618530273,1638370867.284,9,near,night,dress,night,near,near,night,dress,night,near,2835.509773492813,2021-12-01T15:01:07.284000,1638368031.7742264
21,29,18,18,Random,-9999,ab2f04f7bdaf5bd4,0.5390000343322754,0.08800005912780762,1638370867.909,29,noon,strawberry,field,strawberry,noon,noon,strawberry,field,strawberry,noon,2836.134773492813,2021-12-01T15:01:07.909000,1638368031.7742264
10,5,28,5,Random,-9999,eb4c2d6611564609,2.197999954223633,0.13499999046325684,1638370868.393,28,above,night,angry,above,night,above,night,angry,above,night,2836.618773460388,2021-12-01T15:01:08.393000,1638368031.7742264
25,12,7,7,Random,-9999,ab2f04f7bdaf5bd4,0.5659999847412109,0.08599996566772461,1638370868.562,12,fearful,beside,dawn,beside,fearful,fearful,beside,dawn,beside,fearful,2836.7877736091614,2021-12-01T15:01:08.562000,1638368031.7742264
10,28,25,28,Random,-9999,972d19c8ba50713c,7.55400013923645,0.14100003242492676,1638370868.584,25,night,dawn,angry,night,dawn,night,dawn,angry,night,dawn,2836.809773683548,2021-12-01T15:01:08.584000,1638368031.7742264
17,25,26,26,Random,-9999,ab2f04f7bdaf5bd4,1.2339999675750732,0.08800005912780762,1638370869.881,25,dawn,day,mango,day,dawn,dawn,day,mango,day,dawn,2838.1067736148834,2021-12-01T15:01:09.881000,1638368031.7742264
4,11,26,26,Random,-9999,eb4c2d6611564609,2.2790000438690186,0.13499999046325684,1638370870.812,11,disgust,day,socks,day,disgust,disgust,day,socks,day,disgust,2839.0377736091614,2021-12-01T15:01:10.812000,1638368031.7742264
25,3,29,29,Random,-9999,ab2f04f7bdaf5bd4,2.0829999446868896,0.08299994468688965,1638370872.095,3,shoes,noon,dawn,noon,shoes,shoes,noon,dawn,noon,shoes,2840.320773601532,2021-12-01T15:01:12.095000,1638368031.7742264
0,20,28,28,Random,-9999,ab2f04f7bdaf5bd4,0.9300000667572021,0.13699984550476074,1638370873.108,20,beach,night,dress,night,beach,beach,night,dress,night,beach,2841.333773612976,2021-12-01T15:01:13.108000,1638368031.7742264
7,26,13,13,Random,-9999,972d19c8ba50713c,4.5950000286102295,0.13700008392333984,1638370873.309,26,day,happy,beside,happy,day,day,happy,beside,happy,day,2841.5347735881805,2021-12-01T15:01:13.309000,1638368031.7742264
0,27,14,27,Random,-9999,ab2f04f7bdaf5bd4,0.7439999580383301,0.08599996566772461,1638370873.93,14,dusk,sad,dress,dusk,sad,dusk,sad,dress,dusk,sad,2842.155773639679,2021-12-01T15:01:13.930000,1638368031.7742264
3,10,19,10,Random,-9999,eb4c2d6611564609,3.1590001583099365,0.14299988746643066,1638370874.109,19,angry,watermelon,shoes,angry,watermelon,angry,watermelon,shoes,angry,watermelon,2842.334773540497,2021-12-01T15:01:14.109000,1638368031.7742264
20,9,27,27,Random,-9999,972d19c8ba50713c,2.509000062942505,0.13299989700317383,1638370875.952,9,near,dusk,beach,dusk,near,near,dusk,beach,dusk,near,2844.177773475647,2021-12-01T15:01:15.952000,1638368031.7742264
28,6,15,6,Random,-9999,eb4c2d6611564609,2.3379998207092285,0.32700014114379883,1638370878.912,15,below,blueberry,night,below,blueberry,below,blueberry,night,below,blueberry,2847.137773513794,2021-12-01T15:01:18.912000,1638368031.7742264
2,11,5,5,Random,-9999,972d19c8ba50713c,3.1740000247955322,0.13199996948242188,1638370879.297,11,disgust,above,shirt,above,disgust,disgust,above,shirt,above,disgust,2847.522773504257,2021-12-01T15:01:19.297000,1638368031.7742264
0,12,27,27,Random,-9999,972d19c8ba50713c,2.2060000896453857,0.18799996376037598,1638370881.656,12,fearful,dusk,dress,dusk,fearful,fearful,dusk,dress,dusk,fearful,2849.8817734718323,2021-12-01T15:01:21.656000,1638368031.7742264
18,22,28,22,Random,-9999,eb4c2d6611564609,3.4200000762939453,0.2220001220703125,1638370882.509,28,ocean,night,strawberry,ocean,night,ocean,night,strawberry,ocean,night,2850.7347736358643,2021-12-01T15:01:22.509000,1638368031.7742264
25,16,23,23,Random,-9999,eb4c2d6611564609,2.4160001277923584,0.17499995231628418,1638370885.211,16,lemon,sky,dawn,sky,lemon,lemon,sky,dawn,sky,lemon,2853.4367735385895,2021-12-01T15:01:25.211000,1638368031.7742264
25,7,10,7,Random,-9999,972d19c8ba50713c,4.306999921798706,0.1359999179840088,1638370886.094,10,beside,angry,dawn,beside,angry,beside,angry,dawn,beside,angry,2854.3197736740112,2021-12-01T15:01:26.094000,1638368031.7742264
9,21,3,3,Random,-9999,eb4c2d6611564609,2.742000102996826,0.2869999408721924,1638370888.115,21,field,shoes,near,shoes,field,field,shoes,near,shoes,field,2856.3407735824585,2021-12-01T15:01:28.115000,1638368031.7742264
19,17,11,17,Random,-9999,972d19c8ba50713c,1.9599997997283936,0.1420001983642578,1638370888.221,11,mango,disgust,watermelon,mango,disgust,mango,disgust,watermelon,mango,disgust,2856.4467735290527,2021-12-01T15:01:28.221000,1638368031.7742264
5,18,26,26,Random,-9999,972d19c8ba50713c,2.2849998474121094,0.14600014686584473,1638370890.635,18,strawberry,day,above,day,strawberry,strawberry,day,above,day,strawberry,2858.860773563385,2021-12-01T15:01:30.635000,1638368031.7742264
14,26,23,23,Random,-9999,eb4c2d6611564609,2.941999912261963,0.2720000743865967,1638370891.439,26,day,sky,sad,sky,day,day,sky,sad,sky,day,2859.664773464203,2021-12-01T15:01:31.439000,1638368031.7742264
20,17,9,9,Random,-9999,ab2f04f7bdaf5bd4,20.361000061035156,0.07500004768371582,1638370894.429,17,mango,near,beach,near,mango,mango,near,beach,near,mango,2862.6547734737396,2021-12-01T15:01:34.429000,1638368031.7742264
10,19,12,12,Random,-9999,ab2f04f7bdaf5bd4,0.5780000686645508,0.13899993896484375,1638370895.092,19,watermelon,fearful,angry,fearful,watermelon,watermelon,fearful,angry,fearful,watermelon,2863.317773580551,2021-12-01T15:01:35.092000,1638368031.7742264
25,16,14,14,Random,-9999,eb4c2d6611564609,3.746000051498413,0.27500009536743164,1638370895.334,16,lemon,sad,dawn,sad,lemon,lemon,sad,dawn,sad,lemon,2863.559773683548,2021-12-01T15:01:35.334000,1638368031.7742264
23,6,11,11,Random,-9999,ab2f04f7bdaf5bd4,0.5439999103546143,0.08300018310546875,1638370895.715,6,below,disgust,sky,disgust,below,below,disgust,sky,disgust,below,2863.940773487091,2021-12-01T15:01:35.715000,1638368031.7742264
3,27,18,27,Random,-9999,ab2f04f7bdaf5bd4,0.5150001049041748,0.07999992370605469,1638370896.305,18,dusk,strawberry,shoes,dusk,strawberry,dusk,strawberry,shoes,dusk,strawberry,2864.530773639679,2021-12-01T15:01:36.305000,1638368031.7742264
28,21,13,13,Random,-9999,ab2f04f7bdaf5bd4,0.5160000324249268,0.07699990272521973,1638370896.908,21,field,happy,night,happy,field,field,happy,night,happy,field,2865.1337735652924,2021-12-01T15:01:36.908000,1638368031.7742264
11,10,0,10,Random,-9999,eb4c2d6611564609,2.998999834060669,0.1419999599456787,1638370898.476,0,angry,dress,disgust,angry,dress,angry,dress,disgust,angry,dress,2866.7017736434937,2021-12-01T15:01:38.476000,1638368031.7742264
28,27,14,27,Random,-9999,ab2f04f7bdaf5bd4,1.6019999980926514,0.08500003814697266,1638370898.591,14,dusk,sad,night,dusk,sad,dusk,sad,night,dusk,sad,2866.8167736530304,2021-12-01T15:01:38.591000,1638368031.7742264
2,6,9,9,Random,-9999,972d19c8ba50713c,8.250999927520752,0.13900017738342285,1638370899.019,6,below,near,shirt,near,below,below,near,shirt,near,below,2867.2447736263275,2021-12-01T15:01:39.019000,1638368031.7742264
1,26,25,25,Random,-9999,ab2f04f7bdaf5bd4,0.9470000267028809,0.08800005912780762,1638370899.622,26,day,dawn,pants,dawn,day,day,dawn,pants,dawn,day,2867.847773551941,2021-12-01T15:01:39.622000,1638368031.7742264
26,19,13,13,Random,-9999,ab2f04f7bdaf5bd4,0.36100006103515625,0.07999992370605469,1638370900.064,19,watermelon,happy,day,happy,watermelon,watermelon,happy,day,happy,watermelon,2868.289773464203,2021-12-01T15:01:40.064000,1638368031.7742264
4,18,9,9,Random,-9999,ab2f04f7bdaf5bd4,0.440000057220459,0.07999992370605469,1638370900.589,18,strawberry,near,socks,near,strawberry,strawberry,near,socks,near,strawberry,2868.8147735595703,2021-12-01T15:01:40.589000,1638368031.7742264
24,17,6,17,Random,-9999,eb4c2d6611564609,2.1630001068115234,0.14700007438659668,1638370900.934,6,mango,below,sunset,mango,below,mango,below,sunset,mango,below,2869.1597735881805,2021-12-01T15:01:40.934000,1638368031.7742264
15,12,3,3,Random,-9999,ab2f04f7bdaf5bd4,0.4270000457763672,0.08700013160705566,1638370901.101,12,fearful,shoes,blueberry,shoes,fearful,fearful,shoes,blueberry,shoes,fearful,2869.3267736434937,2021-12-01T15:01:41.101000,1638368031.7742264
22,13,12,13,Random,-9999,972d19c8ba50713c,2.001999855041504,0.13400006294250488,1638370901.158,12,happy,fearful,ocean,happy,fearful,happy,fearful,ocean,happy,fearful,2869.3837735652924,2021-12-01T15:01:41.158000,1638368031.7742264
29,6,21,21,Random,-9999,ab2f04f7bdaf5bd4,0.4700000286102295,0.08299994468688965,1638370901.652,6,below,field,noon,field,below,below,field,noon,field,below,2869.8777735233307,2021-12-01T15:01:41.652000,1638368031.7742264
27,0,22,22,Random,-9999,ab2f04f7bdaf5bd4,0.5220000743865967,0.07999992370605469,1638370902.25,0,dress,ocean,dusk,ocean,dress,dress,ocean,dusk,ocean,dress,2870.4757735729218,2021-12-01T15:01:42.250000,1638368031.7742264
19,28,14,28,Random,-9999,ab2f04f7bdaf5bd4,0.504000186920166,0.11399984359741211,1638370902.87,14,night,sad,watermelon,night,sad,night,sad,watermelon,night,sad,2871.095773458481,2021-12-01T15:01:42.870000,1638368031.7742264
24,15,7,7,Random,-9999,ab2f04f7bdaf5bd4,0.5969998836517334,0.07899999618530273,1638370903.544,15,blueberry,beside,sunset,beside,blueberry,blueberry,beside,sunset,beside,blueberry,2871.7697734832764,2021-12-01T15:01:43.544000,1638368031.7742264
22,4,1,1,Random,-9999,972d19c8ba50713c,2.574000120162964,0.13499999046325684,1638370903.864,4,socks,pants,ocean,pants,socks,socks,pants,ocean,pants,socks,2872.0897736549377,2021-12-01T15:01:43.864000,1638368031.7742264
7,8,17,8,Random,-9999,ab2f04f7bdaf5bd4,0.5450000762939453,0.07599997520446777,1638370904.172,17,far,mango,beside,far,mango,far,mango,beside,far,mango,2872.397773504257,2021-12-01T15:01:44.172000,1638368031.7742264
5,18,0,0,Random,-9999,ab2f04f7bdaf5bd4,0.6619999408721924,0.12800002098083496,1638370904.962,18,strawberry,dress,above,dress,strawberry,strawberry,dress,above,dress,strawberry,2873.1877734661102,2021-12-01T15:01:44.962000,1638368031.7742264
14,17,28,17,Random,-9999,ab2f04f7bdaf5bd4,0.4139997959136963,0.10800004005432129,1638370905.476,28,mango,night,sad,mango,night,mango,night,sad,mango,night,2873.7017736434937,2021-12-01T15:01:45.476000,1638368031.7742264
15,24,12,24,Random,-9999,eb4c2d6611564609,4.795000076293945,0.31599998474121094,1638370905.902,12,sunset,fearful,blueberry,sunset,fearful,sunset,fearful,blueberry,sunset,fearful,2874.1277735233307,2021-12-01T15:01:45.902000,1638368031.7742264
12,17,23,17,Random,-9999,ab2f04f7bdaf5bd4,0.5509998798370361,0.07700014114379883,1638370906.104,23,mango,sky,fearful,mango,sky,mango,sky,fearful,mango,sky,2874.3297736644745,2021-12-01T15:01:46.104000,1638368031.7742264
27,26,3,26,Random,-9999,ab2f04f7bdaf5bd4,0.7170000076293945,0.08100008964538574,1638370906.907,3,day,shoes,dusk,day,shoes,day,shoes,dusk,day,shoes,2875.1327736377716,2021-12-01T15:01:46.907000,1638368031.7742264
27,4,21,4,Random,-9999,972d19c8ba50713c,3.0169999599456787,0.13499999046325684,1638370907.012,21,socks,field,dusk,socks,field,socks,field,dusk,socks,field,2875.237773656845,2021-12-01T15:01:47.012000,1638368031.7742264
25,7,23,7,Random,-9999,ab2f04f7bdaf5bd4,0.870999813079834,0.0820000171661377,1638370907.861,23,beside,sky,dawn,beside,sky,beside,sky,dawn,beside,sky,2876.086773633957,2021-12-01T15:01:47.861000,1638368031.7742264
17,23,21,21,Random,-9999,eb4c2d6611564609,2.0190000534057617,0.30699992179870605,1638370908.286,23,sky,field,mango,field,sky,sky,field,mango,field,sky,2876.511773586273,2021-12-01T15:01:48.286000,1638368031.7742264
13,23,15,23,Random,-9999,ab2f04f7bdaf5bd4,0.5590000152587891,0.0840001106262207,1638370908.496,15,sky,blueberry,happy,sky,blueberry,sky,blueberry,happy,sky,blueberry,2876.72177362442,2021-12-01T15:01:48.496000,1638368031.7742264
20,0,10,0,Random,-9999,ab2f04f7bdaf5bd4,0.5929999351501465,0.07500004768371582,1638370909.167,10,dress,angry,beach,dress,angry,dress,angry,beach,dress,angry,2877.392773628235,2021-12-01T15:01:49.167000,1638368031.7742264
13,9,26,9,Random,-9999,ab2f04f7bdaf5bd4,0.5139999389648438,0.07999992370605469,1638370909.767,26,near,day,happy,near,day,near,day,happy,near,day,2877.9927735328674,2021-12-01T15:01:49.767000,1638368031.7742264
1,14,4,14,Random,-9999,ab2f04f7bdaf5bd4,0.625,0.0840001106262207,1638370910.466,4,sad,socks,pants,sad,socks,sad,socks,pants,sad,socks,2878.6917736530304,2021-12-01T15:01:50.466000,1638368031.7742264
20,15,7,7,Random,-9999,eb4c2d6611564609,3.4040000438690186,0.21300005912780762,1638370911.873,15,blueberry,beside,beach,beside,blueberry,blueberry,beside,beach,beside,blueberry,2880.0987734794617,2021-12-01T15:01:51.873000,1638368031.7742264
4,17,9,9,Random,-9999,972d19c8ba50713c,5.869000196456909,0.1399998664855957,1638370913.022,17,mango,near,socks,near,mango,mango,near,socks,near,mango,2881.2477736473083,2021-12-01T15:01:53.022000,1638368031.7742264
28,3,0,3,Random,-9999,eb4c2d6611564609,3.197999954223633,0.18500018119812012,1638370915.226,0,shoes,dress,night,shoes,dress,shoes,dress,night,shoes,dress,2883.4517736434937,2021-12-01T15:01:55.226000,1638368031.7742264
20,1,28,28,Random,-9999,972d19c8ba50713c,3.2280001640319824,0.13399982452392578,1638370916.386,1,pants,night,beach,night,pants,pants,night,beach,night,pants,2884.6117734909058,2021-12-01T15:01:56.386000,1638368031.7742264
17,21,12,21,Random,-9999,eb4c2d6611564609,1.625999927520752,0.16700005531311035,1638370917.173,12,field,fearful,mango,field,fearful,field,fearful,mango,field,fearful,2885.3987736701965,2021-12-01T15:01:57.173000,1638368031.7742264
25,24,7,24,Random,-9999,972d19c8ba50713c,2.5219998359680176,0.1380000114440918,1638370919.045,7,sunset,beside,dawn,sunset,beside,sunset,beside,dawn,sunset,beside,2887.2707736492157,2021-12-01T15:01:59.045000,1638368031.7742264
1,25,18,25,Random,-9999,eb4c2d6611564609,2.807000160217285,0.3019998073577881,1638370922.359,18,dawn,strawberry,pants,dawn,strawberry,dawn,strawberry,pants,dawn,strawberry,2890.584773540497,2021-12-01T15:02:02.359000,1638368031.7742264
29,24,13,24,Random,-9999,eb4c2d6611564609,2.263000011444092,0.2239999771118164,1638370924.76,13,sunset,happy,noon,sunset,happy,sunset,happy,noon,sunset,happy,2892.985773563385,2021-12-01T15:02:04.760000,1638368031.7742264
29,5,19,19,Random,-9999,eb4c2d6611564609,17.14299988746643,0.3730001449584961,1638370942.282,5,above,watermelon,noon,watermelon,above,above,watermelon,noon,watermelon,above,2910.5077736377716,2021-12-01T15:02:22.282000,1638368031.7742264
9,25,28,28,Random,-9999,972d19c8ba50713c,32.931999921798706,0.1400001049041748,1638370952.12,25,dawn,night,near,night,dawn,dawn,night,near,night,dawn,2920.345773458481,2021-12-01T15:02:32.120000,1638368031.7742264
29,2,3,2,Random,-9999,972d19c8ba50713c,3.0230000019073486,0.1359999179840088,1638370955.273,3,shirt,shoes,noon,shirt,shoes,shirt,shoes,noon,shirt,shoes,2923.498773574829,2021-12-01T15:02:35.273000,1638368031.7742264
25,1,15,1,Random,-9999,972d19c8ba50713c,2.933000087738037,0.14100003242492676,1638370958.349,15,pants,blueberry,dawn,pants,blueberry,pants,blueberry,dawn,pants,blueberry,2926.5747735500336,2021-12-01T15:02:38.349000,1638368031.7742264
15,13,16,16,Random,-9999,972d19c8ba50713c,2.5470001697540283,0.13399982452392578,1638370961.03,13,happy,lemon,blueberry,lemon,happy,happy,lemon,blueberry,lemon,happy,2929.2557735443115,2021-12-01T15:02:41.030000,1638368031.7742264
20,22,2,2,Random,-9999,972d19c8ba50713c,1.689000129699707,0.13299989700317383,1638370962.793,22,ocean,shirt,beach,shirt,ocean,ocean,shirt,beach,shirt,ocean,2931.0187735557556,2021-12-01T15:02:42.793000,1638368031.7742264
17,11,24,24,Random,-9999,eb4c2d6611564609,22.403000116348267,0.1419999599456787,1638370964.9,11,disgust,sunset,mango,sunset,disgust,disgust,sunset,mango,sunset,disgust,2933.125773668289,2021-12-01T15:02:44.900000,1638368031.7742264
17,27,16,16,Random,-9999,eb4c2d6611564609,1.5940001010894775,0.21499991416931152,1638370966.567,27,dusk,lemon,mango,lemon,dusk,dusk,lemon,mango,lemon,dusk,2934.7927734851837,2021-12-01T15:02:46.567000,1638368031.7742264
8,26,1,1,Random,-9999,972d19c8ba50713c,5.200000047683716,0.07299995422363281,1638370968.133,26,day,pants,far,pants,day,day,pants,far,pants,day,2936.358773469925,2021-12-01T15:02:48.133000,1638368031.7742264
15,12,28,28,Random,-9999,eb4c2d6611564609,2.240999937057495,0.07699990272521973,1638370969.107,12,fearful,night,blueberry,night,fearful,fearful,night,blueberry,night,fearful,2937.3327736854553,2021-12-01T15:02:49.107000,1638368031.7742264
21,24,7,24,Random,-9999,972d19c8ba50713c,2.7299997806549072,0.1380000114440918,1638370970.995,7,sunset,beside,field,sunset,beside,sunset,beside,field,sunset,beside,2939.220773458481,2021-12-01T15:02:50.995000,1638368031.7742264
1,29,4,29,Random,-9999,972d19c8ba50713c,2.010999917984009,0.13700008392333984,1638370973.149,4,noon,socks,pants,noon,socks,noon,socks,pants,noon,socks,2941.37477350235,2021-12-01T15:02:53.149000,1638368031.7742264
25,19,11,11,Random,-9999,eb4c2d6611564609,4.6579999923706055,0.29200005531311035,1638370973.895,19,watermelon,disgust,dawn,disgust,watermelon,watermelon,disgust,dawn,disgust,watermelon,2942.1207735538483,2021-12-01T15:02:53.895000,1638368031.7742264
23,0,28,28,Random,-9999,972d19c8ba50713c,2.92900013923645,0.1380000114440918,1638370976.209,0,dress,night,sky,night,dress,dress,night,sky,night,dress,2944.434773683548,2021-12-01T15:02:56.209000,1638368031.7742264
9,4,15,4,Random,-9999,eb4c2d6611564609,2.5300002098083496,0.13399982452392578,1638370976.565,15,socks,blueberry,near,socks,blueberry,socks,blueberry,near,socks,blueberry,2944.790773630142,2021-12-01T15:02:56.565000,1638368031.7742264
11,20,8,8,Random,-9999,eb4c2d6611564609,2.507000207901001,0.14099979400634766,1638370979.224,20,beach,far,disgust,far,beach,beach,far,disgust,far,beach,2947.4497735500336,2021-12-01T15:02:59.224000,1638368031.7742264
18,28,22,22,Random,-9999,972d19c8ba50713c,3.1600000858306885,0.13299989700317383,1638370979.505,28,night,ocean,strawberry,ocean,night,night,ocean,strawberry,ocean,night,2947.7307736873627,2021-12-01T15:02:59.505000,1638368031.7742264
24,21,11,21,Random,-9999,972d19c8ba50713c,2.425999879837036,0.13499999046325684,1638370982.062,11,field,disgust,sunset,field,disgust,field,disgust,sunset,field,disgust,2950.2877736091614,2021-12-01T15:03:02.062000,1638368031.7742264
9,15,28,28,Random,-9999,eb4c2d6611564609,2.7309999465942383,0.15199995040893555,1638370982.134,15,blueberry,night,near,night,blueberry,blueberry,night,near,night,blueberry,2950.3597736358643,2021-12-01T15:03:02.134000,1638368031.7742264
5,1,7,7,Random,-9999,972d19c8ba50713c,2.501999855041504,0.13200020790100098,1638370984.697,1,pants,beside,above,beside,pants,pants,beside,above,beside,pants,2952.9227735996246,2021-12-01T15:03:04.697000,1638368031.7742264
10,9,13,13,Random,-9999,eb4c2d6611564609,3.930000066757202,0.1789999008178711,1638370986.201,9,near,happy,angry,happy,near,near,happy,angry,happy,near,2954.426773548126,2021-12-01T15:03:06.201000,1638368031.7742264
9,27,15,27,Random,-9999,eb4c2d6611564609,5.117000102996826,0.1380000114440918,1638370991.461,15,dusk,blueberry,near,dusk,blueberry,dusk,blueberry,near,dusk,blueberry,2959.6867735385895,2021-12-01T15:03:11.461000,1638368031.7742264
27,22,0,22,Random,-9999,972d19c8ba50713c,10.92799997329712,0.13400006294250488,1638370995.76,0,ocean,dress,dusk,ocean,dress,ocean,dress,dusk,ocean,dress,2963.985773563385,2021-12-01T15:03:15.760000,1638368031.7742264
7,13,23,13,Random,-9999,eb4c2d6611564609,8.519000053405762,0.14300012588500977,1638371000.114,23,happy,sky,beside,happy,sky,happy,sky,beside,happy,sky,2968.3397736549377,2021-12-01T15:03:20.114000,1638368031.7742264
11,15,27,15,Random,-9999,972d19c8ba50713c,4.812000036239624,0.13700008392333984,1638371000.713,27,blueberry,dusk,disgust,blueberry,dusk,blueberry,dusk,disgust,blueberry,dusk,2968.9387736320496,2021-12-01T15:03:20.713000,1638368031.7742264
24,0,11,0,Random,-9999,972d19c8ba50713c,2.8389999866485596,0.13499999046325684,1638371003.686,11,dress,disgust,sunset,dress,disgust,dress,disgust,sunset,dress,disgust,2971.9117736816406,2021-12-01T15:03:23.686000,1638368031.7742264
25,24,7,24,Random,-9999,972d19c8ba50713c,4.75,0.1529998779296875,1638371008.591,7,sunset,beside,dawn,sunset,beside,sunset,beside,dawn,sunset,beside,2976.8167736530304,2021-12-01T15:03:28.591000,1638368031.7742264
25,16,4,16,Random,-9999,972d19c8ba50713c,3.1419999599456787,0.1380000114440918,1638371011.866,4,lemon,socks,dawn,lemon,socks,lemon,socks,dawn,lemon,socks,2980.0917735099792,2021-12-01T15:03:31.866000,1638368031.7742264
6,21,23,21,Random,-9999,972d19c8ba50713c,2.571000099182129,0.13299989700317383,1638371014.569,23,field,sky,below,field,sky,field,sky,below,field,sky,2982.794773578644,2021-12-01T15:03:34.569000,1638368031.7742264
17,13,22,13,Random,-9999,eb4c2d6611564609,14.50599980354309,0.16100001335144043,1638371014.802,22,happy,ocean,mango,happy,ocean,happy,ocean,mango,happy,ocean,2983.027773618698,2021-12-01T15:03:34.802000,1638368031.7742264
4,15,28,28,Random,-9999,eb4c2d6611564609,2.0309998989105225,0.1490001678466797,1638371016.966,15,blueberry,night,socks,night,blueberry,blueberry,night,socks,night,blueberry,2985.1917736530304,2021-12-01T15:03:36.966000,1638368031.7742264
2,9,16,9,Random,-9999,972d19c8ba50713c,2.7720000743865967,0.13399982452392578,1638371017.474,16,near,lemon,shirt,near,lemon,near,lemon,shirt,near,lemon,2985.6997735500336,2021-12-01T15:03:37.474000,1638368031.7742264
26,5,19,19,Random,-9999,eb4c2d6611564609,3.328000068664551,0.1359999179840088,1638371020.436,5,above,watermelon,day,watermelon,above,above,watermelon,day,watermelon,above,2988.6617736816406,2021-12-01T15:03:40.436000,1638368031.7742264
22,5,17,5,Random,-9999,972d19c8ba50713c,3.758000135421753,0.13199996948242188,1638371021.367,17,above,mango,ocean,above,mango,above,mango,ocean,above,mango,2989.5927736759186,2021-12-01T15:03:41.367000,1638368031.7742264
18,11,0,0,Random,-9999,eb4c2d6611564609,1.5980000495910645,0.1380000114440918,1638371022.113,11,disgust,dress,strawberry,dress,disgust,disgust,dress,strawberry,dress,disgust,2990.3387734889984,2021-12-01T15:03:42.113000,1638368031.7742264
14,6,8,8,Random,-9999,eb4c2d6611564609,1.7899999618530273,0.08299994468688965,1638371023.985,6,below,far,sad,far,below,below,far,sad,far,below,2992.2107734680176,2021-12-01T15:03:43.985000,1638368031.7742264
10,26,7,26,Random,-9999,972d19c8ba50713c,3.5739998817443848,0.1360001564025879,1638371025.069,7,day,beside,angry,day,beside,day,beside,angry,day,beside,2993.294773578644,2021-12-01T15:03:45.069000,1638368031.7742264
26,9,24,24,Random,-9999,eb4c2d6611564609,5.241000175476074,0.07899999618530273,1638371029.361,9,near,sunset,day,sunset,near,near,sunset,day,sunset,near,2997.586773633957,2021-12-01T15:03:49.361000,1638368031.7742264
26,21,6,21,Random,-9999,eb4c2d6611564609,3.171999931335449,0.1380000114440918,1638371032.669,6,field,below,day,field,below,field,below,day,field,below,3000.8947734832764,2021-12-01T15:03:52.669000,1638368031.7742264
7,2,24,2,Random,-9999,972d19c8ba50713c,7.757999897003174,0.127000093460083,1638371032.955,24,shirt,sunset,beside,shirt,sunset,shirt,sunset,beside,shirt,sunset,3001.180773496628,2021-12-01T15:03:52.955000,1638368031.7742264
17,29,8,29,Random,-9999,eb4c2d6611564609,2.7360000610351562,0.1699998378753662,1638371037.675,8,noon,far,mango,noon,far,noon,far,mango,noon,far,3005.900773525238,2021-12-01T15:03:57.675000,1638368031.7742264
22,21,3,3,Random,-9999,972d19c8ba50713c,4.671000003814697,0.1380000114440918,1638371037.764,21,field,shoes,ocean,shoes,field,field,shoes,ocean,shoes,field,3005.9897735118866,2021-12-01T15:03:57.764000,1638368031.7742264
0,13,12,13,Random,-9999,eb4c2d6611564609,1.3949999809265137,0.1400001049041748,1638371039.146,12,happy,fearful,dress,happy,fearful,happy,fearful,dress,happy,fearful,3007.371773481369,2021-12-01T15:03:59.146000,1638368031.7742264
6,8,17,8,Random,-9999,eb4c2d6611564609,1.818000078201294,0.07999992370605469,1638371041.047,17,far,mango,below,far,mango,far,mango,below,far,mango,3009.272773504257,2021-12-01T15:04:01.047000,1638368031.7742264
19,21,26,26,Random,-9999,eb4c2d6611564609,2.630000114440918,0.0819997787475586,1638371043.813,21,field,day,watermelon,day,field,field,day,watermelon,day,field,3012.038773536682,2021-12-01T15:04:03.813000,1638368031.7742264
13,3,5,3,Random,-9999,972d19c8ba50713c,6.98799991607666,0.13300013542175293,1638371044.893,5,shoes,above,happy,shoes,above,shoes,above,happy,shoes,above,3013.118773460388,2021-12-01T15:04:04.893000,1638368031.7742264
27,2,21,21,Random,-9999,eb4c2d6611564609,3.1549999713897705,0.13899993896484375,1638371047.109,2,shirt,field,dusk,field,shirt,shirt,field,dusk,field,shirt,3015.334773540497,2021-12-01T15:04:07.109000,1638368031.7742264
8,29,5,5,Random,-9999,eb4c2d6611564609,2.0379998683929443,0.1420001983642578,1638371049.279,29,noon,above,far,above,noon,noon,above,far,above,noon,3017.5047736167908,2021-12-01T15:04:09.279000,1638368031.7742264
9,21,0,21,Random,-9999,972d19c8ba50713c,5.171000003814697,0.1359999179840088,1638371050.193,0,field,dress,near,field,dress,field,dress,near,field,dress,3018.418773651123,2021-12-01T15:04:10.193000,1638368031.7742264
4,13,9,9,Random,-9999,eb4c2d6611564609,2.2279999256134033,0.13000011444091797,1638371051.64,13,happy,near,socks,near,happy,happy,near,socks,near,happy,3019.865773677826,2021-12-01T15:04:11.640000,1638368031.7742264
2,1,3,1,Random,-9999,972d19c8ba50713c,3.879999876022339,0.13400006294250488,1638371054.209,3,pants,shoes,shirt,pants,shoes,pants,shoes,shirt,pants,shoes,3022.434773683548,2021-12-01T15:04:14.209000,1638368031.7742264
12,24,0,24,Random,-9999,eb4c2d6611564609,3.9019999504089355,0.1359999179840088,1638371055.685,0,sunset,dress,fearful,sunset,dress,sunset,dress,fearful,sunset,dress,3023.9107735157013,2021-12-01T15:04:15.685000,1638368031.7742264
26,14,6,6,Random,-9999,972d19c8ba50713c,3.257000207901001,0.13899993896484375,1638371057.602,14,sad,below,day,below,sad,sad,below,day,below,sad,3025.8277735710144,2021-12-01T15:04:17.602000,1638368031.7742264
9,4,18,4,Random,-9999,eb4c2d6611564609,2.989000082015991,0.14100003242492676,1638371058.819,18,socks,strawberry,near,socks,strawberry,socks,strawberry,near,socks,strawberry,3027.044773578644,2021-12-01T15:04:18.819000,1638368031.7742264
9,26,10,26,Random,-9999,972d19c8ba50713c,3.5920000076293945,0.13499999046325684,1638371061.326,10,day,angry,near,day,angry,day,angry,near,day,angry,3029.551773548126,2021-12-01T15:04:21.326000,1638368031.7742264
13,19,17,19,Random,-9999,972d19c8ba50713c,2.7079999446868896,0.1360001564025879,1638371064.174,17,watermelon,mango,happy,watermelon,mango,watermelon,mango,happy,watermelon,mango,3032.3997735977173,2021-12-01T15:04:24.174000,1638368031.7742264
14,26,12,12,Random,-9999,972d19c8ba50713c,2.7330000400543213,0.1380000114440918,1638371067.069,26,day,fearful,sad,fearful,day,day,fearful,sad,fearful,day,3035.294773578644,2021-12-01T15:04:27.069000,1638368031.7742264
27,12,4,4,Random,-9999,eb4c2d6611564609,7.7790000438690186,0.18199992179870605,1638371068.971,12,fearful,socks,dusk,socks,fearful,fearful,socks,dusk,socks,fearful,3037.1967735290527,2021-12-01T15:04:28.971000,1638368031.7742264
5,20,17,17,Random,-9999,972d19c8ba50713c,3.0410001277923584,0.1659998893737793,1638371070.287,20,beach,mango,above,mango,beach,beach,mango,above,mango,beach,3038.512773513794,2021-12-01T15:04:30.287000,1638368031.7742264
5,3,21,21,Random,-9999,eb4c2d6611564609,2.9799997806549072,0.13900017738342285,1638371072.083,3,shoes,field,above,field,shoes,shoes,field,above,field,shoes,3040.3087735176086,2021-12-01T15:04:32.083000,1638368031.7742264
7,21,17,21,Random,-9999,972d19c8ba50713c,2.890000104904175,0.1679999828338623,1638371073.313,17,field,mango,beside,field,mango,field,mango,beside,field,mango,3041.538773536682,2021-12-01T15:04:33.313000,1638368031.7742264
24,18,6,6,Random,-9999,eb4c2d6611564609,2.684000015258789,0.377000093460083,1638371075.209,18,strawberry,below,sunset,below,strawberry,strawberry,below,sunset,below,strawberry,3043.434773683548,2021-12-01T15:04:35.209000,1638368031.7742264
28,11,8,8,Random,-9999,972d19c8ba50713c,2.309000015258789,0.14299988746643066,1638371075.781,11,disgust,far,night,far,disgust,disgust,far,night,far,disgust,3044.0067734718323,2021-12-01T15:04:35.781000,1638368031.7742264
29,2,23,23,Random,-9999,eb4c2d6611564609,1.5959999561309814,0.40000009536743164,1638371077.088,2,shirt,sky,noon,sky,shirt,shirt,sky,noon,sky,shirt,3045.3137736320496,2021-12-01T15:04:37.088000,1638368031.7742264
16,3,18,18,Random,-9999,972d19c8ba50713c,2.122000217437744,0.15699982643127441,1638371078.043,3,shoes,strawberry,lemon,strawberry,shoes,shoes,strawberry,lemon,strawberry,shoes,3046.2687735557556,2021-12-01T15:04:38.043000,1638368031.7742264
2,25,19,19,Random,-9999,eb4c2d6611564609,3.4000000953674316,0.07999992370605469,1638371080.972,25,dawn,watermelon,shirt,watermelon,dawn,dawn,watermelon,shirt,watermelon,dawn,3049.1977734565735,2021-12-01T15:04:40.972000,1638368031.7742264
27,29,2,2,Random,-9999,972d19c8ba50713c,6.9059998989105225,0.1359999179840088,1638371085.09,29,noon,shirt,dusk,shirt,noon,noon,shirt,dusk,shirt,noon,3053.315773487091,2021-12-01T15:04:45.090000,1638368031.7742264
1,17,0,0,Random,-9999,eb4c2d6611564609,6.8450000286102295,0.48600006103515625,1638371088.048,17,mango,dress,pants,dress,mango,mango,dress,pants,dress,mango,3056.2737736701965,2021-12-01T15:04:48.048000,1638368031.7742264
13,12,10,10,Random,-9999,972d19c8ba50713c,3.9819998741149902,0.1530001163482666,1638371089.221,12,fearful,angry,happy,angry,fearful,fearful,angry,happy,angry,fearful,3057.4467735290527,2021-12-01T15:04:49.221000,1638368031.7742264
8,23,9,9,Random,-9999,eb4c2d6611564609,2.549999952316284,0.22699999809265137,1638371090.74,23,sky,near,far,near,sky,sky,near,far,near,sky,3058.9657735824585,2021-12-01T15:04:50.740000,1638368031.7742264
6,28,12,28,Random,-9999,972d19c8ba50713c,4.83899998664856,0.14800000190734863,1638371094.199,12,night,fearful,below,night,fearful,night,fearful,below,night,fearful,3062.424773454666,2021-12-01T15:04:54.199000,1638368031.7742264
7,10,6,6,Random,-9999,eb4c2d6611564609,3.5,0.14100003242492676,1638371094.397,10,angry,below,beside,below,angry,angry,below,beside,below,angry,3062.6227736473083,2021-12-01T15:04:54.397000,1638368031.7742264
0,7,14,7,Random,-9999,eb4c2d6611564609,3.052000045776367,0.17100000381469727,1638371097.607,14,beside,sad,dress,beside,sad,beside,sad,dress,beside,sad,3065.8327736854553,2021-12-01T15:04:57.607000,1638368031.7742264
17,20,19,19,Random,-9999,eb4c2d6611564609,1.5739998817443848,0.14400005340576172,1638371099.257,20,beach,watermelon,mango,watermelon,beach,beach,watermelon,mango,watermelon,beach,3067.482773542404,2021-12-01T15:04:59.257000,1638368031.7742264
0,9,4,4,Random,-9999,eb4c2d6611564609,1.6299998760223389,0.07400012016296387,1638371100.962,9,near,socks,dress,socks,near,near,socks,dress,socks,near,3069.1877734661102,2021-12-01T15:05:00.962000,1638368031.7742264
14,26,24,26,Random,-9999,972d19c8ba50713c,8.13099980354309,0.14300012588500977,1638371102.475,24,day,sunset,sad,day,sunset,day,sunset,sad,day,sunset,3070.7007734775543,2021-12-01T15:05:02.475000,1638368031.7742264
17,3,26,26,Random,-9999,eb4c2d6611564609,1.9649999141693115,0.23200011253356934,1638371103.333,3,shoes,day,mango,day,shoes,shoes,day,mango,day,shoes,3071.5587735176086,2021-12-01T15:05:03.333000,1638368031.7742264
23,16,21,21,Random,-9999,eb4c2d6611564609,2.177000045776367,0.25999999046325684,1638371105.766,16,lemon,field,sky,field,lemon,lemon,field,sky,field,lemon,3073.9917736053467,2021-12-01T15:05:05.766000,1638368031.7742264
15,9,6,9,Random,-9999,972d19c8ba50713c,3.8400001525878906,0.14599990844726562,1638371106.463,6,near,below,blueberry,near,below,near,below,blueberry,near,below,3074.6887736320496,2021-12-01T15:05:06.463000,1638368031.7742264
5,10,11,10,Random,-9999,972d19c8ba50713c,3.92900013923645,0.1399998664855957,1638371110.539,11,angry,disgust,above,angry,disgust,angry,disgust,above,angry,disgust,3078.764773607254,2021-12-01T15:05:10.539000,1638368031.7742264
25,27,17,27,Random,-9999,972d19c8ba50713c,1.8040001392364502,0.14699983596801758,1638371112.426,17,dusk,mango,dawn,dusk,mango,dusk,mango,dawn,dusk,mango,3080.6517736911774,2021-12-01T15:05:12.426000,1638368031.7742264
4,13,29,13,Random,-9999,972d19c8ba50713c,3.697999954223633,0.07999992370605469,1638371116.262,29,happy,noon,socks,happy,noon,happy,noon,socks,happy,noon,3084.487773656845,2021-12-01T15:05:16.262000,1638368031.7742264
11,23,18,18,Random,-9999,972d19c8ba50713c,3.5929999351501465,0.15400004386901855,1638371120.017,23,sky,strawberry,disgust,strawberry,sky,sky,strawberry,disgust,strawberry,sky,3088.2427735328674,2021-12-01T15:05:20.017000,1638368031.7742264
8,28,26,28,Random,-9999,972d19c8ba50713c,6.503000020980835,0.14800000190734863,1638371126.657,26,night,day,far,night,day,night,day,far,night,day,3094.8827736377716,2021-12-01T15:05:26.657000,1638368031.7742264
16,28,19,19,Random,-9999,972d19c8ba50713c,3.052999973297119,0.14599990844726562,1638371129.863,28,night,watermelon,lemon,watermelon,night,night,watermelon,lemon,watermelon,night,3098.0887734889984,2021-12-01T15:05:29.863000,1638368031.7742264
17,26,15,15,Random,-9999,972d19c8ba50713c,1.5709998607635498,0.14600014686584473,1638371131.518,26,day,blueberry,mango,blueberry,day,day,blueberry,mango,blueberry,day,3099.743773460388,2021-12-01T15:05:31.518000,1638368031.7742264
24,10,3,3,Random,-9999,972d19c8ba50713c,2.694000005722046,0.0969998836517334,1638371134.364,10,angry,shoes,sunset,shoes,angry,angry,shoes,sunset,shoes,angry,3102.5897736549377,2021-12-01T15:05:34.364000,1638368031.7742264
19,0,6,0,Random,-9999,eb4c2d6611564609,30.164000034332275,0.2999999523162842,1638371136.294,6,dress,below,watermelon,dress,below,dress,below,watermelon,dress,below,3104.5197734832764,2021-12-01T15:05:36.294000,1638368031.7742264
22,15,12,12,Random,-9999,eb4c2d6611564609,2.936000108718872,0.309999942779541,1638371139.514,15,blueberry,fearful,ocean,fearful,blueberry,blueberry,fearful,ocean,fearful,blueberry,3107.7397735118866,2021-12-01T15:05:39.514000,1638368031.7742264
7,24,2,2,Random,-9999,972d19c8ba50713c,5.258999824523926,0.1420001983642578,1638371139.766,24,sunset,shirt,beside,shirt,sunset,sunset,shirt,beside,shirt,sunset,3107.9917736053467,2021-12-01T15:05:39.766000,1638368031.7742264
10,16,22,16,Random,-9999,eb4c2d6611564609,2.4680001735687256,0.28600001335144043,1638371142.133,22,lemon,ocean,angry,lemon,ocean,lemon,ocean,angry,lemon,ocean,3110.358773469925,2021-12-01T15:05:42.133000,1638368031.7742264
28,7,13,7,Random,-9999,972d19c8ba50713c,2.642000198364258,0.14499998092651367,1638371142.549,13,beside,happy,night,beside,happy,beside,happy,night,beside,happy,3110.7747735977173,2021-12-01T15:05:42.549000,1638368031.7742264
9,6,15,6,Random,-9999,eb4c2d6611564609,1.7920000553131104,0.14599990844726562,1638371143.99,15,below,blueberry,near,below,blueberry,below,blueberry,near,below,blueberry,3112.2157735824585,2021-12-01T15:05:43.990000,1638368031.7742264
22,27,4,27,Random,-9999,972d19c8ba50713c,2.1630001068115234,0.13699984550476074,1638371144.855,4,dusk,socks,ocean,dusk,socks,dusk,socks,ocean,dusk,socks,3113.0807735919952,2021-12-01T15:05:44.855000,1638368031.7742264
0,11,3,3,Random,-9999,eb4c2d6611564609,1.6100001335144043,0.1919999122619629,1638371145.792,11,disgust,shoes,dress,shoes,disgust,disgust,shoes,dress,shoes,disgust,3114.017773628235,2021-12-01T15:05:45.792000,1638368031.7742264
21,5,8,8,Random,-9999,972d19c8ba50713c,2.2739999294281006,0.1419999599456787,1638371147.278,5,above,far,field,far,above,above,far,field,far,above,3115.50377368927,2021-12-01T15:05:47.278000,1638368031.7742264
2,11,8,8,Random,-9999,eb4c2d6611564609,3.559000015258789,0.09000015258789062,1638371149.606,11,disgust,far,shirt,far,disgust,disgust,far,shirt,far,disgust,3117.831773519516,2021-12-01T15:05:49.606000,1638368031.7742264
19,16,0,16,Random,-9999,eb4c2d6611564609,2.0859999656677246,0.24000000953674316,1638371152.017,0,lemon,dress,watermelon,lemon,dress,lemon,dress,watermelon,lemon,dress,3120.2427735328674,2021-12-01T15:05:52.017000,1638368031.7742264
19,15,16,16,Random,-9999,972d19c8ba50713c,5.986000061035156,0.14700007438659668,1638371153.411,15,blueberry,lemon,watermelon,lemon,blueberry,blueberry,lemon,watermelon,lemon,blueberry,3121.636773586273,2021-12-01T15:05:53.411000,1638368031.7742264
19,6,11,6,Random,-9999,eb4c2d6611564609,2.134000062942505,0.42600011825561523,1638371154.387,11,below,disgust,watermelon,below,disgust,below,disgust,watermelon,below,disgust,3122.612773656845,2021-12-01T15:05:54.387000,1638368031.7742264
15,1,24,24,Random,-9999,eb4c2d6611564609,2.1469998359680176,0.1380000114440918,1638371156.811,1,pants,sunset,blueberry,sunset,pants,pants,sunset,blueberry,sunset,pants,3125.0367736816406,2021-12-01T15:05:56.811000,1638368031.7742264
1,27,5,5,Random,-9999,972d19c8ba50713c,4.072000026702881,0.14299988746643066,1638371157.626,27,dusk,above,pants,above,dusk,dusk,above,pants,above,dusk,3125.8517735004425,2021-12-01T15:05:57.626000,1638368031.7742264
23,26,13,26,Random,-9999,eb4c2d6611564609,2.7260000705718994,0.2929999828338623,1638371159.691,13,day,happy,sky,day,happy,day,happy,sky,day,happy,3127.916773557663,2021-12-01T15:05:59.691000,1638368031.7742264
23,12,3,12,Random,-9999,eb4c2d6611564609,1.6949999332427979,0.2760000228881836,1638371161.6,3,fearful,shoes,sky,fearful,shoes,fearful,shoes,sky,fearful,shoes,3129.8257734775543,2021-12-01T15:06:01.600000,1638368031.7742264
28,15,12,12,Random,-9999,972d19c8ba50713c,4.559999942779541,0.14800000190734863,1638371162.332,15,blueberry,fearful,night,fearful,blueberry,blueberry,fearful,night,fearful,blueberry,3130.557773590088,2021-12-01T15:06:02.332000,1638368031.7742264
10,0,24,24,Random,-9999,eb4c2d6611564609,2.0190000534057617,0.07200002670288086,1638371163.768,0,dress,sunset,angry,sunset,dress,dress,sunset,angry,sunset,dress,3131.993773460388,2021-12-01T15:06:03.768000,1638368031.7742264
3,19,5,5,Random,-9999,972d19c8ba50713c,2.18500018119812,0.14499998092651367,1638371164.666,19,watermelon,above,shoes,above,watermelon,watermelon,above,shoes,above,watermelon,3132.8917734622955,2021-12-01T15:06:04.666000,1638368031.7742264
24,3,2,3,Random,-9999,eb4c2d6611564609,3.496999979019165,0.15199995040893555,1638371167.402,2,shoes,shirt,sunset,shoes,shirt,shoes,shirt,sunset,shoes,shirt,3135.6277735233307,2021-12-01T15:06:07.402000,1638368031.7742264
29,15,4,4,Random,-9999,972d19c8ba50713c,4.108000040054321,0.14299988746643066,1638371168.918,15,blueberry,socks,noon,socks,blueberry,blueberry,socks,noon,socks,blueberry,3137.1437735557556,2021-12-01T15:06:08.918000,1638368031.7742264
19,14,29,29,Random,-9999,eb4c2d6611564609,2.8329999446868896,0.1380000114440918,1638371170.44,14,sad,noon,watermelon,noon,sad,sad,noon,watermelon,noon,sad,3138.665773630142,2021-12-01T15:06:10.440000,1638368031.7742264
0,25,1,1,Random,-9999,eb4c2d6611564609,2.74399995803833,0.20300006866455078,1638371173.321,25,dawn,pants,dress,pants,dawn,dawn,pants,dress,pants,dawn,3141.546773672104,2021-12-01T15:06:13.321000,1638368031.7742264
0,16,14,16,Random,-9999,eb4c2d6611564609,3.2029998302459717,0.27700018882751465,1638371176.802,14,lemon,sad,dress,lemon,sad,lemon,sad,dress,lemon,sad,3145.027773618698,2021-12-01T15:06:16.802000,1638368031.7742264
11,19,29,19,Random,-9999,eb4c2d6611564609,6.289000034332275,0.1380000114440918,1638371183.233,29,watermelon,noon,disgust,watermelon,noon,watermelon,noon,disgust,watermelon,noon,3151.458773612976,2021-12-01T15:06:23.233000,1638368031.7742264
13,22,24,24,Random,-9999,eb4c2d6611564609,2.4260001182556152,0.20599985122680664,1638371185.886,22,ocean,sunset,happy,sunset,ocean,ocean,sunset,happy,sunset,ocean,3154.1117734909058,2021-12-01T15:06:25.886000,1638368031.7742264
2,20,29,29,Random,-9999,eb4c2d6611564609,2.4190001487731934,0.15599989891052246,1638371188.461,20,beach,noon,shirt,noon,beach,beach,noon,shirt,noon,beach,3156.6867735385895,2021-12-01T15:06:28.461000,1638368031.7742264
0,16,1,1,Random,-9999,eb4c2d6611564609,2.008999824523926,0.24300003051757812,1638371190.817,16,lemon,pants,dress,pants,lemon,lemon,pants,dress,pants,lemon,3159.0427734851837,2021-12-01T15:06:30.817000,1638368031.7742264
23,28,9,28,Random,-9999,eb4c2d6611564609,2.365999937057495,0.2669999599456787,1638371193.453,9,night,near,sky,night,near,night,near,sky,night,near,3161.6787736415863,2021-12-01T15:06:33.453000,1638368031.7742264
5,26,20,26,Random,-9999,972d19c8ba50713c,42.531999826431274,0.14400005340576172,1638371211.581,20,day,beach,above,day,beach,day,beach,above,day,beach,3179.806773662567,2021-12-01T15:06:51.581000,1638368031.7742264
20,9,29,29,Random,-9999,972d19c8ba50713c,3.2710001468658447,0.14100003242492676,1638371214.995,9,near,noon,beach,noon,near,near,noon,beach,noon,near,3183.220773458481,2021-12-01T15:06:54.995000,1638368031.7742264
17,8,19,19,Random,-9999,972d19c8ba50713c,1.6089999675750732,0.14499998092651367,1638371216.693,8,far,watermelon,mango,watermelon,far,far,watermelon,mango,watermelon,far,3184.918773651123,2021-12-01T15:06:56.693000,1638368031.7742264
29,24,5,5,Random,-9999,972d19c8ba50713c,2.439000129699707,0.07699990272521973,1638371219.264,24,sunset,above,noon,above,sunset,sunset,above,noon,above,sunset,3187.4897735118866,2021-12-01T15:06:59.264000,1638368031.7742264
14,29,28,28,Random,-9999,972d19c8ba50713c,2.6579999923706055,0.1399998664855957,1638371222.064,29,noon,night,sad,night,noon,noon,night,sad,night,noon,3190.289773464203,2021-12-01T15:07:02.064000,1638368031.7742264
26,3,0,0,Random,-9999,972d19c8ba50713c,2.675999879837036,0.1400001049041748,1638371224.889,3,shoes,dress,day,dress,shoes,shoes,dress,day,dress,shoes,3193.1147735118866,2021-12-01T15:07:04.889000,1638368031.7742264
10,4,3,4,Random,-9999,972d19c8ba50713c,3.324000120162964,0.14800000190734863,1638371228.353,3,socks,shoes,angry,socks,shoes,socks,shoes,angry,socks,shoes,3196.578773498535,2021-12-01T15:07:08.353000,1638368031.7742264
26,17,15,17,Random,-9999,972d19c8ba50713c,2.623999834060669,0.1380000114440918,1638371231.119,15,mango,blueberry,day,mango,blueberry,mango,blueberry,day,mango,blueberry,3199.34477353096,2021-12-01T15:07:11.119000,1638368031.7742264
1,9,17,9,Random,-9999,972d19c8ba50713c,3.194999933242798,0.14700007438659668,1638371234.453,17,near,mango,pants,near,mango,near,mango,pants,near,mango,3202.6787736415863,2021-12-01T15:07:14.453000,1638368031.7742264
1,16,29,29,Random,-9999,eb4c2d6611564609,40.92900013923645,0.26999998092651367,1638371234.535,16,lemon,noon,pants,noon,lemon,lemon,noon,pants,noon,lemon,3202.7607736587524,2021-12-01T15:07:14.535000,1638368031.7742264
11,21,23,21,Random,-9999,972d19c8ba50713c,2.23799991607666,0.14400005340576172,1638371236.833,23,field,sky,disgust,field,sky,field,sky,disgust,field,sky,3205.0587735176086,2021-12-01T15:07:16.833000,1638368031.7742264
9,18,5,18,Random,-9999,972d19c8ba50713c,2.0989999771118164,0.1400001049041748,1638371239.078,5,strawberry,above,near,strawberry,above,strawberry,above,near,strawberry,above,3207.3037736415863,2021-12-01T15:07:19.078000,1638368031.7742264
24,2,3,3,Random,-9999,eb4c2d6611564609,3.243000030517578,0.15599989891052246,1638371239.877,2,shirt,shoes,sunset,shoes,shirt,shirt,shoes,sunset,shoes,shirt,3208.102773666382,2021-12-01T15:07:19.877000,1638368031.7742264
4,14,1,1,Random,-9999,972d19c8ba50713c,2.939000129699707,0.14299988746643066,1638371242.155,14,sad,pants,socks,pants,sad,sad,pants,socks,pants,sad,3210.3807735443115,2021-12-01T15:07:22.155000,1638368031.7742264
1,25,29,29,Random,-9999,eb4c2d6611564609,2.508000135421753,2.1419999599456787,1638371242.564,25,dawn,noon,pants,noon,dawn,dawn,noon,pants,noon,dawn,3210.789773464203,2021-12-01T15:07:22.564000,1638368031.7742264
0,22,14,22,Random,-9999,972d19c8ba50713c,6.462000131607056,0.1359999179840088,1638371248.753,14,ocean,sad,dress,ocean,sad,ocean,sad,dress,ocean,sad,3216.9787735939026,2021-12-01T15:07:28.753000,1638368031.7742264
23,1,11,1,Random,-9999,eb4c2d6611564609,6.319000005722046,0.24300003051757812,1638371249.142,11,pants,disgust,sky,pants,disgust,pants,disgust,sky,pants,disgust,3217.3677735328674,2021-12-01T15:07:29.142000,1638368031.7742264
12,28,10,28,Random,-9999,eb4c2d6611564609,1.690999984741211,0.15000009536743164,1638371250.907,10,night,angry,fearful,night,angry,night,angry,fearful,night,angry,3219.1327736377716,2021-12-01T15:07:30.907000,1638368031.7742264
20,5,29,29,Random,-9999,972d19c8ba50713c,4.101999998092651,0.14899992942810059,1638371253.004,5,above,noon,beach,noon,above,above,noon,beach,noon,above,3221.2297735214233,2021-12-01T15:07:33.004000,1638368031.7742264
3,12,7,7,Random,-9999,eb4c2d6611564609,3.0260000228881836,0.2349998950958252,1638371254.335,12,fearful,beside,shoes,beside,fearful,fearful,beside,shoes,beside,fearful,3222.5607736110687,2021-12-01T15:07:34.335000,1638368031.7742264
11,14,15,15,Random,-9999,972d19c8ba50713c,2.763000011444092,0.1359999179840088,1638371255.903,14,sad,blueberry,disgust,blueberry,sad,sad,blueberry,disgust,blueberry,sad,3224.12877368927,2021-12-01T15:07:35.903000,1638368031.7742264
0,17,7,7,Random,-9999,972d19c8ba50713c,2.0789999961853027,0.14800000190734863,1638371258.132,17,mango,beside,dress,beside,mango,mango,beside,dress,beside,mango,3226.357773542404,2021-12-01T15:07:38.132000,1638368031.7742264
19,26,4,26,Random,-9999,972d19c8ba50713c,2.6549999713897705,0.14400005340576172,1638371260.933,4,day,socks,watermelon,day,socks,day,socks,watermelon,day,socks,3229.15877366066,2021-12-01T15:07:40.933000,1638368031.7742264
26,19,18,19,Random,-9999,972d19c8ba50713c,1.738999843597412,0.14100003242492676,1638371262.75,18,watermelon,strawberry,day,watermelon,strawberry,watermelon,strawberry,day,watermelon,strawberry,3230.9757735729218,2021-12-01T15:07:42.750000,1638368031.7742264
7,2,5,5,Random,-9999,972d19c8ba50713c,4.33899998664856,0.07800006866455078,1638371267.226,2,shirt,above,beside,above,shirt,shirt,above,beside,above,shirt,3235.4517736434937,2021-12-01T15:07:47.226000,1638368031.7742264
21,14,10,10,Random,-9999,972d19c8ba50713c,4.41700005531311,0.1399998664855957,1638371271.79,14,sad,angry,field,angry,sad,sad,angry,field,angry,sad,3240.015773534775,2021-12-01T15:07:51.790000,1638368031.7742264
17,22,15,15,Random,-9999,972d19c8ba50713c,1.7400000095367432,0.14600014686584473,1638371273.613,22,ocean,blueberry,mango,blueberry,ocean,ocean,blueberry,mango,blueberry,ocean,3241.8387734889984,2021-12-01T15:07:53.613000,1638368031.7742264
25,9,7,9,Random,-9999,972d19c8ba50713c,19.170000076293945,0.0819997787475586,1638371292.918,7,near,beside,dawn,near,beside,near,beside,dawn,near,beside,3261.1437735557556,2021-12-01T15:08:12.918000,1638368031.7742264
7,5,1,5,Random,-9999,972d19c8ba50713c,2.134999990463257,0.13700008392333984,1638371295.197,1,above,pants,beside,above,pants,above,pants,beside,above,pants,3263.4227735996246,2021-12-01T15:08:15.197000,1638368031.7742264
21,5,1,5,Random,-9999,972d19c8ba50713c,4.966000080108643,0.13699984550476074,1638371300.302,1,above,pants,field,above,pants,above,pants,field,above,pants,3268.527773618698,2021-12-01T15:08:20.302000,1638368031.7742264
24,12,29,29,Random,-9999,972d19c8ba50713c,2.9210000038146973,0.13499999046325684,1638371303.354,12,fearful,noon,sunset,noon,fearful,fearful,noon,sunset,noon,fearful,3271.5797736644745,2021-12-01T15:08:23.354000,1638368031.7742264
12,22,16,22,Random,-9999,972d19c8ba50713c,3.3489999771118164,0.14100003242492676,1638371306.849,16,ocean,lemon,fearful,ocean,lemon,ocean,lemon,fearful,ocean,lemon,3275.0747735500336,2021-12-01T15:08:26.849000,1638368031.7742264
9,2,13,2,Random,-9999,972d19c8ba50713c,3.125,0.13499999046325684,1638371310.101,13,shirt,happy,near,shirt,happy,shirt,happy,near,shirt,happy,3278.3267736434937,2021-12-01T15:08:30.101000,1638368031.7742264
3,15,0,0,Random,-9999,972d19c8ba50713c,2.6570000648498535,0.13199996948242188,1638371312.893,15,blueberry,dress,shoes,dress,blueberry,blueberry,dress,shoes,dress,blueberry,3281.118773460388,2021-12-01T15:08:32.893000,1638368031.7742264
24,4,18,18,Random,-9999,972d19c8ba50713c,2.7950000762939453,0.13499999046325684,1638371315.82,4,socks,strawberry,sunset,strawberry,socks,socks,strawberry,sunset,strawberry,socks,3284.0457735061646,2021-12-01T15:08:35.820000,1638368031.7742264
5,1,20,1,Random,-9999,972d19c8ba50713c,3.75,0.13199996948242188,1638371319.703,20,pants,beach,above,pants,beach,pants,beach,above,pants,beach,3287.9287736415863,2021-12-01T15:08:39.703000,1638368031.7742264
14,21,3,21,Random,-9999,972d19c8ba50713c,4.696999788284302,0.13700008392333984,1638371324.538,3,field,shoes,sad,field,shoes,field,shoes,sad,field,shoes,3292.7637736797333,2021-12-01T15:08:44.538000,1638368031.7742264
7,17,20,20,Random,-9999,972d19c8ba50713c,3.3499999046325684,0.1360001564025879,1638371328.031,17,mango,beach,beside,beach,mango,mango,beach,beside,beach,mango,3296.2567734718323,2021-12-01T15:08:48.031000,1638368031.7742264
23,16,6,6,Random,-9999,972d19c8ba50713c,4.146000146865845,0.1359999179840088,1638371332.314,16,lemon,below,sky,below,lemon,lemon,below,sky,below,lemon,3300.539773464203,2021-12-01T15:08:52.314000,1638368031.7742264
28,7,13,13,Random,-9999,972d19c8ba50713c,3.7269999980926514,0.1380000114440918,1638371336.175,7,beside,happy,night,happy,beside,beside,happy,night,happy,beside,3304.400773525238,2021-12-01T15:08:56.175000,1638368031.7742264
14,1,26,1,Random,-9999,972d19c8ba50713c,3.203000068664551,0.1399998664855957,1638371339.514,26,pants,day,sad,pants,day,pants,day,sad,pants,day,3307.7397735118866,2021-12-01T15:08:59.514000,1638368031.7742264
24,20,21,20,Random,-9999,972d19c8ba50713c,2.7660000324249268,0.1359999179840088,1638371342.414,21,beach,field,sunset,beach,field,beach,field,sunset,beach,field,3310.639773607254,2021-12-01T15:09:02.414000,1638368031.7742264
19,20,13,13,Random,-9999,972d19c8ba50713c,2.302000045776367,0.13199996948242188,1638371344.847,20,beach,happy,watermelon,happy,beach,beach,happy,watermelon,happy,beach,3313.0727734565735,2021-12-01T15:09:04.847000,1638368031.7742264
15,12,26,26,Random,-9999,972d19c8ba50713c,2.009000062942505,0.12999987602233887,1638371346.993,12,fearful,day,blueberry,day,fearful,fearful,day,blueberry,day,fearful,3315.2187736034393,2021-12-01T15:09:06.993000,1638368031.7742264
3,4,25,25,Random,-9999,972d19c8ba50713c,1.9890000820159912,0.13700008392333984,1638371349.118,4,socks,dawn,shoes,dawn,socks,socks,dawn,shoes,dawn,socks,3317.3437736034393,2021-12-01T15:09:09.118000,1638368031.7742264
5,3,26,26,Random,-9999,fafa77914df655e6,15.066999912261963,0.12999987602233887,1638371351.816,3,shoes,day,above,day,shoes,shoes,day,above,day,shoes,3320.041773557663,2021-12-01T15:09:11.816000,1638368031.7742264
27,0,26,26,Random,-9999,972d19c8ba50713c,4.324999809265137,0.13499999046325684,1638371353.577,0,dress,day,dusk,day,dress,dress,day,dusk,day,dress,3321.802773475647,2021-12-01T15:09:13.577000,1638368031.7742264
1,4,22,4,Random,-9999,fafa77914df655e6,1.819000005722046,0.14300012588500977,1638371353.714,22,socks,ocean,pants,socks,ocean,socks,ocean,pants,socks,ocean,3321.9397735595703,2021-12-01T15:09:13.714000,1638368031.7742264
6,28,21,28,Random,-9999,fafa77914df655e6,1.688999891281128,0.07899999618530273,1638371355.484,21,night,field,below,night,field,night,field,below,night,field,3323.709773540497,2021-12-01T15:09:15.484000,1638368031.7742264
25,5,24,5,Random,-9999,972d19c8ba50713c,2.615999937057495,0.13499999046325684,1638371356.322,24,above,sunset,dawn,above,sunset,above,sunset,dawn,above,sunset,3324.5477735996246,2021-12-01T15:09:16.322000,1638368031.7742264
29,2,13,13,Random,-9999,972d19c8ba50713c,2.0369999408721924,0.13100004196166992,1638371358.493,2,shirt,happy,noon,happy,shirt,shirt,happy,noon,happy,shirt,3326.7187736034393,2021-12-01T15:09:18.493000,1638368031.7742264
14,22,19,22,Random,-9999,fafa77914df655e6,3.610999822616577,0.0820000171661377,1638371359.237,19,ocean,watermelon,sad,ocean,watermelon,ocean,watermelon,sad,ocean,watermelon,3327.4627735614777,2021-12-01T15:09:19.237000,1638368031.7742264
6,25,23,25,Random,-9999,972d19c8ba50713c,2.2289998531341553,0.13300013542175293,1638371360.853,23,dawn,sky,below,dawn,sky,dawn,sky,below,dawn,sky,3329.078773498535,2021-12-01T15:09:20.853000,1638368031.7742264
15,19,17,19,Random,-9999,fafa77914df655e6,1.8310000896453857,0.14300012588500977,1638371361.144,17,watermelon,mango,blueberry,watermelon,mango,watermelon,mango,blueberry,watermelon,mango,3329.3697736263275,2021-12-01T15:09:21.144000,1638368031.7742264
20,1,5,1,Random,-9999,972d19c8ba50713c,4.194999933242798,0.13300013542175293,1638371365.187,5,pants,above,beach,pants,above,pants,above,beach,pants,above,3333.4127736091614,2021-12-01T15:09:25.187000,1638368031.7742264
0,7,16,7,Random,-9999,fafa77914df655e6,5.036999940872192,0.0840001106262207,1638371366.332,16,beside,lemon,dress,beside,lemon,beside,lemon,dress,beside,lemon,3334.557773590088,2021-12-01T15:09:26.332000,1638368031.7742264
1,4,12,4,Random,-9999,fafa77914df655e6,1.4429998397827148,0.14300012588500977,1638371367.844,12,socks,fearful,pants,socks,fearful,socks,fearful,pants,socks,fearful,3336.0697736740112,2021-12-01T15:09:27.844000,1638368031.7742264
22,15,25,15,Random,-9999,972d19c8ba50713c,2.6010000705718994,0.13700008392333984,1638371367.92,25,blueberry,dawn,ocean,blueberry,dawn,blueberry,dawn,ocean,blueberry,dawn,3336.1457736492157,2021-12-01T15:09:27.920000,1638368031.7742264
23,18,19,18,Random,-9999,972d19c8ba50713c,2.0850000381469727,0.13399982452392578,1638371370.14,19,strawberry,watermelon,sky,strawberry,watermelon,strawberry,watermelon,sky,strawberry,watermelon,3338.365773677826,2021-12-01T15:09:30.140000,1638368031.7742264
19,6,5,6,Random,-9999,972d19c8ba50713c,3.320000171661377,0.13299989700317383,1638371373.591,5,below,above,watermelon,below,above,below,above,watermelon,below,above,3341.8167736530304,2021-12-01T15:09:33.591000,1638368031.7742264
13,14,19,14,Random,-9999,972d19c8ba50713c,1.8890001773834229,0.13199996948242188,1638371375.554,19,sad,watermelon,happy,sad,watermelon,sad,watermelon,happy,sad,watermelon,3343.7797734737396,2021-12-01T15:09:35.554000,1638368031.7742264
4,25,18,25,Random,-9999,fafa77914df655e6,8.925000190734863,0.07599997520446777,1638371376.92,18,dawn,strawberry,socks,dawn,strawberry,dawn,strawberry,socks,dawn,strawberry,3345.1457736492157,2021-12-01T15:09:36.920000,1638368031.7742264
24,17,9,17,Random,-9999,fafa77914df655e6,2.7230000495910645,0.14399981498718262,1638371379.777,9,mango,near,sunset,mango,near,mango,near,sunset,mango,near,3348.0027735233307,2021-12-01T15:09:39.777000,1638368031.7742264
0,2,21,2,Random,-9999,972d19c8ba50713c,6.069000005722046,0.07299995422363281,1638371381.753,21,shirt,field,dress,shirt,field,shirt,field,dress,shirt,field,3349.9787735939026,2021-12-01T15:09:41.753000,1638368031.7742264
10,23,25,23,Random,-9999,fafa77914df655e6,4.880000114440918,0.14299988746643066,1638371384.818,25,sky,dawn,angry,sky,dawn,sky,dawn,angry,sky,dawn,3353.043773651123,2021-12-01T15:09:44.818000,1638368031.7742264
19,26,3,26,Random,-9999,972d19c8ba50713c,3.7170000076293945,0.13299989700317383,1638371385.601,3,day,shoes,watermelon,day,shoes,day,shoes,watermelon,day,shoes,3353.8267736434937,2021-12-01T15:09:45.601000,1638368031.7742264
19,12,29,29,Random,-9999,fafa77914df655e6,1.7230000495910645,0.16100001335144043,1638371386.624,12,fearful,noon,watermelon,noon,fearful,fearful,noon,watermelon,noon,fearful,3354.849773645401,2021-12-01T15:09:46.624000,1638368031.7742264
17,15,12,15,Random,-9999,972d19c8ba50713c,1.7549998760223389,0.13499999046325684,1638371387.435,12,blueberry,fearful,mango,blueberry,fearful,blueberry,fearful,mango,blueberry,fearful,3355.6607735157013,2021-12-01T15:09:47.435000,1638368031.7742264
20,6,29,29,Random,-9999,fafa77914df655e6,2.4200000762939453,0.0820000171661377,1638371389.189,6,below,noon,beach,noon,below,below,noon,beach,noon,below,3357.414773464203,2021-12-01T15:09:49.189000,1638368031.7742264
4,12,23,23,Random,-9999,972d19c8ba50713c,2.7259998321533203,0.07300019264221191,1638371390.293,12,fearful,sky,socks,sky,fearful,fearful,sky,socks,sky,fearful,3358.5187735557556,2021-12-01T15:09:50.293000,1638368031.7742264
11,2,14,14,Random,-9999,fafa77914df655e6,1.5899999141693115,0.14400005340576172,1638371390.858,2,shirt,sad,disgust,sad,shirt,shirt,sad,disgust,sad,shirt,3359.083773612976,2021-12-01T15:09:50.858000,1638368031.7742264
5,7,29,7,Random,-9999,fafa77914df655e6,2.0859999656677246,0.07800006866455078,1638371393.078,29,beside,noon,above,beside,noon,beside,noon,above,beside,noon,3361.3037736415863,2021-12-01T15:09:53.078000,1638368031.7742264
23,0,16,0,Random,-9999,972d19c8ba50713c,3.740999937057495,0.13400006294250488,1638371394.166,16,dress,lemon,sky,dress,lemon,dress,lemon,sky,dress,lemon,3362.3917734622955,2021-12-01T15:09:54.166000,1638368031.7742264
22,20,28,20,Random,-9999,fafa77914df655e6,2.630000114440918,0.13699984550476074,1638371395.855,28,beach,night,ocean,beach,night,beach,night,ocean,beach,night,3364.0807735919952,2021-12-01T15:09:55.855000,1638368031.7742264
20,16,5,16,Random,-9999,972d19c8ba50713c,3.062000036239624,0.13300013542175293,1638371397.454,5,lemon,above,beach,lemon,above,lemon,above,beach,lemon,above,3365.679773569107,2021-12-01T15:09:57.454000,1638368031.7742264
7,9,29,9,Random,-9999,fafa77914df655e6,3.0220000743865967,0.14599990844726562,1638371399.024,29,near,noon,beside,near,noon,near,noon,beside,near,noon,3367.24977350235,2021-12-01T15:09:59.024000,1638368031.7742264
6,7,12,7,Random,-9999,972d19c8ba50713c,1.9869999885559082,0.2259998321533203,1638371399.585,12,beside,fearful,below,beside,fearful,beside,fearful,below,beside,fearful,3367.8107736110687,2021-12-01T15:09:59.585000,1638368031.7742264
17,9,28,28,Random,-9999,972d19c8ba50713c,2.7100000381469727,0.14300012588500977,1638371402.426,9,near,night,mango,night,near,near,night,mango,night,near,3370.6517736911774,2021-12-01T15:10:02.426000,1638368031.7742264
24,4,8,8,Random,-9999,fafa77914df655e6,4.430000066757202,0.14100003242492676,1638371403.591,4,socks,far,sunset,far,socks,socks,far,sunset,far,socks,3371.8167736530304,2021-12-01T15:10:03.591000,1638368031.7742264
28,25,16,25,Random,-9999,972d19c8ba50713c,2.81000018119812,0.13699984550476074,1638371405.372,16,dawn,lemon,night,dawn,lemon,dawn,lemon,night,dawn,lemon,3373.597773551941,2021-12-01T15:10:05.372000,1638368031.7742264
5,29,0,29,Random,-9999,fafa77914df655e6,3.572999954223633,0.14299988746643066,1638371407.313,0,noon,dress,above,noon,dress,noon,dress,above,noon,dress,3375.538773536682,2021-12-01T15:10:07.313000,1638368031.7742264
11,9,0,0,Random,-9999,972d19c8ba50713c,4.371000051498413,0.13099980354309082,1638371409.898,9,near,dress,disgust,dress,near,near,dress,disgust,dress,near,3378.123773574829,2021-12-01T15:10:09.898000,1638368031.7742264
16,14,18,18,Random,-9999,fafa77914df655e6,2.5889999866485596,0.14499998092651367,1638371410.042,14,sad,strawberry,lemon,strawberry,sad,sad,strawberry,lemon,strawberry,sad,3378.267773628235,2021-12-01T15:10:10.042000,1638368031.7742264
5,20,3,20,Random,-9999,972d19c8ba50713c,3.932000160217285,0.15199995040893555,1638371413.962,3,beach,shoes,above,beach,shoes,beach,shoes,above,beach,shoes,3382.1877734661102,2021-12-01T15:10:13.962000,1638368031.7742264
26,19,5,19,Random,-9999,fafa77914df655e6,1.8199999332427979,0.1529998779296875,1638371414.065,5,watermelon,above,day,watermelon,above,watermelon,above,day,watermelon,above,3382.290773630142,2021-12-01T15:10:14.065000,1638368031.7742264
6,5,10,5,Random,-9999,fafa77914df655e6,1.4070000648498535,0.13899993896484375,1638371415.612,10,above,angry,below,above,angry,above,angry,below,above,angry,3383.8377735614777,2021-12-01T15:10:15.612000,1638368031.7742264
9,0,8,8,Random,-9999,fafa77914df655e6,1.375,0.07899999618530273,1638371417.059,0,dress,far,near,far,dress,dress,far,near,far,dress,3385.2847735881805,2021-12-01T15:10:17.059000,1638368031.7742264
11,1,25,1,Random,-9999,972d19c8ba50713c,5.055000066757202,0.1359999179840088,1638371419.148,25,pants,dawn,disgust,pants,dawn,pants,dawn,disgust,pants,dawn,3387.373773574829,2021-12-01T15:10:19.148000,1638368031.7742264
8,20,13,20,Random,-9999,972d19c8ba50713c,2.7799999713897705,0.12999987602233887,1638371422.064,13,beach,happy,far,beach,happy,beach,happy,far,beach,happy,3390.289773464203,2021-12-01T15:10:22.064000,1638368031.7742264
18,3,19,19,Random,-9999,972d19c8ba50713c,2.2239999771118164,0.13700008392333984,1638371424.421,3,shoes,watermelon,strawberry,watermelon,shoes,shoes,watermelon,strawberry,watermelon,shoes,3392.6467735767365,2021-12-01T15:10:24.421000,1638368031.7742264
27,18,12,12,Random,-9999,fafa77914df655e6,7.508999824523926,0.07399988174438477,1638371424.713,18,strawberry,fearful,dusk,fearful,strawberry,strawberry,fearful,dusk,fearful,strawberry,3392.9387736320496,2021-12-01T15:10:24.713000,1638368031.7742264
26,15,23,23,Random,-9999,fafa77914df655e6,1.9040000438690186,0.14300012588500977,1638371426.687,15,blueberry,sky,day,sky,blueberry,blueberry,sky,day,sky,blueberry,3394.9127736091614,2021-12-01T15:10:26.687000,1638368031.7742264
19,14,6,6,Random,-9999,972d19c8ba50713c,2.3559999465942383,0.13499999046325684,1638371426.912,14,sad,below,watermelon,below,sad,sad,below,watermelon,below,sad,3395.137773513794,2021-12-01T15:10:26.912000,1638368031.7742264
20,22,13,13,Random,-9999,972d19c8ba50713c,5.296000003814697,0.13499999046325684,1638371432.355,22,ocean,happy,beach,happy,ocean,ocean,happy,beach,happy,ocean,3400.5807735919952,2021-12-01T15:10:32.355000,1638368031.7742264
17,27,0,0,Random,-9999,fafa77914df655e6,6.7779998779296875,0.06999993324279785,1638371433.608,27,dusk,dress,mango,dress,dusk,dusk,dress,mango,dress,dusk,3401.833773612976,2021-12-01T15:10:33.608000,1638368031.7742264
19,14,12,14,Random,-9999,972d19c8ba50713c,1.8430001735687256,0.1380000114440918,1638371434.27,12,sad,fearful,watermelon,sad,fearful,sad,fearful,watermelon,sad,fearful,3402.4957735538483,2021-12-01T15:10:34.270000,1638368031.7742264
9,17,3,3,Random,-9999,fafa77914df655e6,3.062000036239624,0.14300012588500977,1638371436.808,17,mango,shoes,near,shoes,mango,mango,shoes,near,shoes,mango,3405.03377366066,2021-12-01T15:10:36.808000,1638368031.7742264
7,29,12,29,Random,-9999,972d19c8ba50713c,2.925999879837036,0.07299995422363281,1638371437.326,12,noon,fearful,beside,noon,fearful,noon,fearful,beside,noon,fearful,3405.551773548126,2021-12-01T15:10:37.326000,1638368031.7742264
7,25,5,5,Random,-9999,fafa77914df655e6,2.564000129699707,0.1380000114440918,1638371439.557,25,dawn,above,beside,above,dawn,dawn,above,beside,above,dawn,3407.7827734947205,2021-12-01T15:10:39.557000,1638368031.7742264
8,23,12,23,Random,-9999,972d19c8ba50713c,3.1660001277923584,0.13100004196166992,1638371440.621,12,sky,fearful,far,sky,fearful,sky,fearful,far,sky,fearful,3408.84677362442,2021-12-01T15:10:40.621000,1638368031.7742264
19,22,1,22,Random,-9999,fafa77914df655e6,1.7400000095367432,0.1919999122619629,1638371441.38,1,ocean,pants,watermelon,ocean,pants,ocean,pants,watermelon,ocean,pants,3409.6057736873627,2021-12-01T15:10:41.380000,1638368031.7742264
18,8,24,8,Random,-9999,972d19c8ba50713c,1.3680000305175781,0.13700008392333984,1638371442.069,24,far,sunset,strawberry,far,sunset,far,sunset,strawberry,far,sunset,3410.294773578644,2021-12-01T15:10:42.069000,1638368031.7742264
12,24,17,17,Random,-9999,972d19c8ba50713c,0.8289999961853027,0.07699990272521973,1638371442.973,24,sunset,mango,fearful,mango,sunset,sunset,mango,fearful,mango,sunset,3411.198773622513,2021-12-01T15:10:42.973000,1638368031.7742264
6,29,7,29,Random,-9999,972d19c8ba50713c,0.7939999103546143,0.07500004768371582,1638371443.841,7,noon,beside,below,noon,beside,noon,beside,below,noon,beside,3412.0667736530304,2021-12-01T15:10:43.841000,1638368031.7742264
8,5,3,3,Random,-9999,972d19c8ba50713c,0.8819999694824219,0.07500004768371582,1638371444.799,5,above,shoes,far,shoes,above,above,shoes,far,shoes,above,3413.0247735977173,2021-12-01T15:10:44.799000,1638368031.7742264
24,20,26,26,Random,-9999,972d19c8ba50713c,1.3239998817443848,0.07400012016296387,1638371446.202,20,beach,day,sunset,day,beach,beach,day,sunset,day,beach,3414.427773475647,2021-12-01T15:10:46.202000,1638368031.7742264
12,27,22,22,Random,-9999,972d19c8ba50713c,0.7149999141693115,0.08000016212463379,1638371446.991,27,dusk,ocean,fearful,ocean,dusk,dusk,ocean,fearful,ocean,dusk,3415.2167735099792,2021-12-01T15:10:46.991000,1638368031.7742264
22,1,24,24,Random,-9999,fafa77914df655e6,5.9100000858306885,0.07899999618530273,1638371447.426,1,pants,sunset,ocean,sunset,pants,pants,sunset,ocean,sunset,pants,3415.6517736911774,2021-12-01T15:10:47.426000,1638368031.7742264
12,18,24,24,Random,-9999,972d19c8ba50713c,1.3199999332427979,0.07599997520446777,1638371448.39,18,strawberry,sunset,fearful,sunset,strawberry,strawberry,sunset,fearful,sunset,strawberry,3416.615773677826,2021-12-01T15:10:48.390000,1638368031.7742264
11,3,29,3,Random,-9999,fafa77914df655e6,2.572999954223633,0.13499999046325684,1638371450.135,29,shoes,noon,disgust,shoes,noon,shoes,noon,disgust,shoes,noon,3418.360773563385,2021-12-01T15:10:50.135000,1638368031.7742264
4,10,8,10,Random,-9999,972d19c8ba50713c,1.7030000686645508,0.07599997520446777,1638371450.168,8,angry,far,socks,angry,far,angry,far,socks,angry,far,3418.3937735557556,2021-12-01T15:10:50.168000,1638368031.7742264
9,7,17,7,Random,-9999,fafa77914df655e6,1.3600001335144043,0.1359999179840088,1638371451.575,17,beside,mango,near,beside,mango,beside,mango,near,beside,mango,3419.8007736206055,2021-12-01T15:10:51.575000,1638368031.7742264
7,19,5,19,Random,-9999,972d19c8ba50713c,5.315999984741211,0.07500004768371582,1638371455.617,5,watermelon,above,beside,watermelon,above,watermelon,above,beside,watermelon,above,3423.8427736759186,2021-12-01T15:10:55.617000,1638368031.7742264
21,10,29,10,Random,-9999,972d19c8ba50713c,1.185999870300293,0.13499999046325684,1638371456.879,29,angry,noon,field,angry,noon,angry,noon,field,angry,noon,3425.1047735214233,2021-12-01T15:10:56.879000,1638368031.7742264
27,21,22,21,Random,-9999,fafa77914df655e6,6.271999835968018,0.07899999618530273,1638371457.992,22,field,ocean,dusk,field,ocean,field,ocean,dusk,field,ocean,3426.2177736759186,2021-12-01T15:10:57.992000,1638368031.7742264
22,16,17,16,Random,-9999,972d19c8ba50713c,2.184999942779541,0.07500004768371582,1638371459.197,17,lemon,mango,ocean,lemon,mango,lemon,mango,ocean,lemon,mango,3427.4227735996246,2021-12-01T15:10:59.197000,1638368031.7742264
15,1,27,27,Random,-9999,fafa77914df655e6,2.8469998836517334,0.14300012588500977,1638371460.98,1,pants,dusk,blueberry,dusk,pants,pants,dusk,blueberry,dusk,pants,3429.2057735919952,2021-12-01T15:11:00.980000,1638368031.7742264
3,18,23,23,Random,-9999,972d19c8ba50713c,2.4639999866485596,0.1360001564025879,1638371461.798,18,strawberry,sky,shoes,sky,strawberry,strawberry,sky,shoes,sky,strawberry,3430.0237736701965,2021-12-01T15:11:01.798000,1638368031.7742264
22,9,15,9,Random,-9999,fafa77914df655e6,2.1679999828338623,0.14499998092651367,1638371463.286,15,near,blueberry,ocean,near,blueberry,near,blueberry,ocean,near,blueberry,3431.511773586273,2021-12-01T15:11:03.286000,1638368031.7742264
6,23,26,26,Random,-9999,972d19c8ba50713c,2.386000156402588,0.1359999179840088,1638371464.417,23,sky,day,below,day,sky,sky,day,below,day,sky,3432.642773628235,2021-12-01T15:11:04.417000,1638368031.7742264
14,19,2,19,Random,-9999,972d19c8ba50713c,1.9010000228881836,0.23199987411499023,1638371466.393,2,watermelon,shirt,sad,watermelon,shirt,watermelon,shirt,sad,watermelon,shirt,3434.618773460388,2021-12-01T15:11:06.393000,1638368031.7742264
26,16,15,16,Random,-9999,972d19c8ba50713c,1.0529999732971191,0.07299995422363281,1638371467.518,15,lemon,blueberry,day,lemon,blueberry,lemon,blueberry,day,lemon,blueberry,3435.743773460388,2021-12-01T15:11:07.518000,1638368031.7742264
10,2,7,2,Random,-9999,972d19c8ba50713c,0.9040000438690186,0.07599997520446777,1638371468.496,7,shirt,beside,angry,shirt,beside,shirt,beside,angry,shirt,beside,3436.72177362442,2021-12-01T15:11:08.496000,1638368031.7742264
25,14,17,14,Random,-9999,972d19c8ba50713c,0.5230000019073486,0.07299995422363281,1638371469.093,17,sad,mango,dawn,sad,mango,sad,mango,dawn,sad,mango,3437.318773508072,2021-12-01T15:11:09.093000,1638368031.7742264
10,21,20,20,Random,-9999,972d19c8ba50713c,1.3300001621246338,0.07399988174438477,1638371470.497,21,field,beach,angry,beach,field,field,beach,angry,beach,field,3438.722773551941,2021-12-01T15:11:10.497000,1638368031.7742264
24,29,10,29,Random,-9999,972d19c8ba50713c,0.9880001544952393,0.0819997787475586,1638371471.567,10,noon,angry,sunset,noon,angry,noon,angry,sunset,noon,angry,3439.7927734851837,2021-12-01T15:11:11.567000,1638368031.7742264
5,15,25,15,Random,-9999,972d19c8ba50713c,0.6960000991821289,0.07399988174438477,1638371472.335,25,blueberry,dawn,above,blueberry,dawn,blueberry,dawn,above,blueberry,dawn,3440.5607736110687,2021-12-01T15:11:12.335000,1638368031.7742264
15,26,7,26,Random,-9999,972d19c8ba50713c,0.7619998455047607,0.07200002670288086,1638371473.172,7,day,beside,blueberry,day,beside,day,beside,blueberry,day,beside,3441.397773504257,2021-12-01T15:11:13.172000,1638368031.7742264
23,7,12,7,Random,-9999,972d19c8ba50713c,0.7870001792907715,0.07999992370605469,1638371474.036,12,beside,fearful,sky,beside,fearful,beside,fearful,sky,beside,fearful,3442.261773586273,2021-12-01T15:11:14.036000,1638368031.7742264
21,5,7,7,Random,-9999,972d19c8ba50713c,0.8940000534057617,0.07399988174438477,1638371475.008,5,above,beside,field,beside,above,above,beside,field,beside,above,3443.233773469925,2021-12-01T15:11:15.008000,1638368031.7742264
14,26,24,24,Random,-9999,fafa77914df655e6,11.558000087738037,0.1380000114440918,1638371475.054,26,day,sunset,sad,sunset,day,day,sunset,sad,sunset,day,3443.2797734737396,2021-12-01T15:11:15.054000,1638368031.7742264
2,28,0,0,Random,-9999,972d19c8ba50713c,0.817000150680542,0.07699990272521973,1638371475.899,28,night,dress,shirt,dress,night,night,dress,shirt,dress,night,3444.12477350235,2021-12-01T15:11:15.899000,1638368031.7742264
17,14,29,14,Random,-9999,972d19c8ba50713c,0.9389998912811279,0.07299995422363281,1638371476.909,29,sad,noon,mango,sad,noon,sad,noon,mango,sad,noon,3445.134773492813,2021-12-01T15:11:16.909000,1638368031.7742264
16,11,23,23,Random,-9999,972d19c8ba50713c,0.8299999237060547,0.07300019264221191,1638371477.813,11,disgust,sky,lemon,sky,disgust,disgust,sky,lemon,sky,disgust,3446.038773536682,2021-12-01T15:11:17.813000,1638368031.7742264
2,27,3,3,Random,-9999,fafa77914df655e6,3.4769999980926514,0.28600001335144043,1638371478.749,27,dusk,shoes,shirt,shoes,dusk,dusk,shoes,shirt,shoes,dusk,3446.974773645401,2021-12-01T15:11:18.749000,1638368031.7742264
17,10,20,20,Random,-9999,fafa77914df655e6,1.6510000228881836,0.14999985694885254,1638371480.486,10,angry,beach,mango,beach,angry,angry,beach,mango,beach,angry,3448.711773633957,2021-12-01T15:11:20.486000,1638368031.7742264
25,27,3,27,Random,-9999,fafa77914df655e6,1.4759998321533203,0.07700014114379883,1638371482.041,3,dusk,shoes,dawn,dusk,shoes,dusk,shoes,dawn,dusk,shoes,3450.2667734622955,2021-12-01T15:11:22.041000,1638368031.7742264
22,20,5,20,Random,-9999,fafa77914df655e6,2.2210001945495605,0.08299994468688965,1638371484.397,5,beach,above,ocean,beach,above,beach,above,ocean,beach,above,3452.6227736473083,2021-12-01T15:11:24.397000,1638368031.7742264
0,18,16,18,Random,-9999,fafa77914df655e6,2.2109999656677246,0.13499999046325684,1638371486.744,16,strawberry,lemon,dress,strawberry,lemon,strawberry,lemon,dress,strawberry,lemon,3454.96977353096,2021-12-01T15:11:26.744000,1638368031.7742264
9,12,23,23,Random,-9999,fafa77914df655e6,3.628000020980835,0.13899993896484375,1638371490.518,12,fearful,sky,near,sky,fearful,fearful,sky,near,sky,fearful,3458.743773460388,2021-12-01T15:11:30.518000,1638368031.7742264
4,18,12,12,Random,-9999,fafa77914df655e6,2.7919998168945312,0.14100003242492676,1638371493.451,18,strawberry,fearful,socks,fearful,strawberry,strawberry,fearful,socks,fearful,strawberry,3461.676773548126,2021-12-01T15:11:33.451000,1638368031.7742264
11,13,28,28,Random,-9999,fafa77914df655e6,4.138000011444092,0.1400001049041748,1638371497.721,13,happy,night,disgust,night,happy,happy,night,disgust,night,happy,3465.9467735290527,2021-12-01T15:11:37.721000,1638368031.7742264
10,22,13,13,Random,-9999,fafa77914df655e6,2.433000087738037,0.13499999046325684,1638371500.298,22,ocean,happy,angry,happy,ocean,ocean,happy,angry,happy,ocean,3468.5237736701965,2021-12-01T15:11:40.298000,1638368031.7742264
6,28,18,28,Random,-9999,fafa77914df655e6,1.694000005722046,0.14800000190734863,1638371502.081,18,night,strawberry,below,night,strawberry,night,strawberry,below,night,strawberry,3470.306773662567,2021-12-01T15:11:42.081000,1638368031.7742264
18,12,16,16,Random,-9999,fafa77914df655e6,2.9549999237060547,0.14800000190734863,1638371505.244,12,fearful,lemon,strawberry,lemon,fearful,fearful,lemon,strawberry,lemon,fearful,3473.46977353096,2021-12-01T15:11:45.244000,1638368031.7742264
7,14,2,14,Random,-9999,fafa77914df655e6,1.5090000629425049,0.14399981498718262,1638371506.832,2,sad,shirt,beside,sad,shirt,sad,shirt,beside,sad,shirt,3475.057773590088,2021-12-01T15:11:46.832000,1638368031.7742264
26,29,13,13,Random,-9999,fafa77914df655e6,5.205999851226807,0.14499998092651367,1638371514.36,29,noon,happy,day,happy,noon,noon,happy,day,happy,noon,3482.5857734680176,2021-12-01T15:11:54.360000,1638368031.7742264
17,1,24,24,Random,-9999,fafa77914df655e6,2.424999952316284,0.14400005340576172,1638371516.928,1,pants,sunset,mango,sunset,pants,pants,sunset,mango,sunset,pants,3485.153773546219,2021-12-01T15:11:56.928000,1638368031.7742264
10,23,13,13,Random,-9999,fafa77914df655e6,1.9059998989105225,0.1420001983642578,1638371518.913,23,sky,happy,angry,happy,sky,sky,happy,angry,happy,sky,3487.1387736797333,2021-12-01T15:11:58.913000,1638368031.7742264
16,9,29,9,Random,-9999,fafa77914df655e6,2.2059998512268066,0.08100008964538574,1638371521.258,29,near,noon,lemon,near,noon,near,noon,lemon,near,noon,3489.483773469925,2021-12-01T15:12:01.258000,1638368031.7742264
14,19,1,1,Random,-9999,fafa77914df655e6,22.495999813079834,0.15900015830993652,1638371543.916,19,watermelon,pants,sad,pants,watermelon,watermelon,pants,sad,pants,watermelon,3512.1417734622955,2021-12-01T15:12:23.916000,1638368031.7742264
13,24,22,22,Random,-9999,fafa77914df655e6,2.0959999561309814,0.14300012588500977,1638371546.147,24,sunset,ocean,happy,ocean,sunset,sunset,ocean,happy,ocean,sunset,3514.3727736473083,2021-12-01T15:12:26.147000,1638368031.7742264
28,21,2,21,Random,-9999,fafa77914df655e6,2.253000020980835,0.13399982452392578,1638371548.534,2,field,shirt,night,field,shirt,field,shirt,night,field,shirt,3516.759773492813,2021-12-01T15:12:28.534000,1638368031.7742264
24,15,27,27,Random,-9999,fafa77914df655e6,1.5099999904632568,0.13400006294250488,1638371550.121,15,blueberry,dusk,sunset,dusk,blueberry,blueberry,dusk,sunset,dusk,blueberry,3518.34677362442,2021-12-01T15:12:30.121000,1638368031.7742264
6,7,0,7,Random,-9999,fafa77914df655e6,1.4660000801086426,0.07999992370605469,1638371551.667,0,beside,dress,below,beside,dress,beside,dress,below,beside,dress,3519.892773628235,2021-12-01T15:12:31.667000,1638368031.7742264
24,21,2,21,Random,-9999,fafa77914df655e6,3.0350000858306885,0.07799983024597168,1638371554.849,2,field,shirt,sunset,field,shirt,field,shirt,sunset,field,shirt,3523.0747735500336,2021-12-01T15:12:34.849000,1638368031.7742264
18,29,20,20,Random,-9999,fafa77914df655e6,15.161999940872192,0.14800000190734863,1638371570.152,29,noon,beach,strawberry,beach,noon,noon,beach,strawberry,beach,noon,3538.3777735233307,2021-12-01T15:12:50.152000,1638368031.7742264
1,11,5,11,Random,-9999,fafa77914df655e6,9.08400011062622,0.1380000114440918,1638371579.375,5,disgust,above,pants,disgust,above,disgust,above,pants,disgust,above,3547.6007735729218,2021-12-01T15:12:59.375000,1638368031.7742264
17,7,2,7,Random,-9999,fafa77914df655e6,6.266000032424927,0.14899992942810059,1638371585.813,2,beside,shirt,mango,beside,shirt,beside,shirt,mango,beside,shirt,3554.038773536682,2021-12-01T15:13:05.813000,1638368031.7742264
17,4,6,6,Random,-9999,fafa77914df655e6,3.8339998722076416,2.2230000495910645,1638371591.874,4,socks,below,mango,below,socks,socks,below,mango,below,socks,3560.099773645401,2021-12-01T15:13:11.874000,1638368031.7742264
10,11,2,11,Random,-9999,fafa77914df655e6,1.5309998989105225,0.4679999351501465,1638371595.964,2,disgust,shirt,angry,disgust,shirt,disgust,shirt,angry,disgust,shirt,3564.1897735595703,2021-12-01T15:13:15.964000,1638368031.7742264
26,23,25,23,Random,-9999,fafa77914df655e6,1.6420001983642578,0.1419999599456787,1638371597.742,25,sky,dawn,day,sky,dawn,sky,dawn,day,sky,dawn,3565.9677736759186,2021-12-01T15:13:17.742000,1638368031.7742264
29,7,14,7,Random,-9999,fafa77914df655e6,1.744999885559082,0.08000016212463379,1638371599.573,14,beside,sad,noon,beside,sad,beside,sad,noon,beside,sad,3567.7987735271454,2021-12-01T15:13:19.573000,1638368031.7742264
5,13,26,26,Random,-9999,fafa77914df655e6,1.4000000953674316,0.14400005340576172,1638371603.2,13,happy,day,above,day,happy,happy,day,above,day,happy,3571.4257736206055,2021-12-01T15:13:23.200000,1638368031.7742264
28,29,15,29,Random,-9999,fafa77914df655e6,1.746999979019165,0.1359999179840088,1638371605.092,15,noon,blueberry,night,noon,blueberry,noon,blueberry,night,noon,blueberry,3573.317773580551,2021-12-01T15:13:25.092000,1638368031.7742264
27,2,22,22,Random,-9999,fafa77914df655e6,2.7340002059936523,0.08299994468688965,1638371607.965,2,shirt,ocean,dusk,ocean,shirt,shirt,ocean,dusk,ocean,shirt,3576.190773487091,2021-12-01T15:13:27.965000,1638368031.7742264
23,24,13,24,Random,-9999,fafa77914df655e6,1.6510000228881836,0.1399998664855957,1638371609.694,13,sunset,happy,sky,sunset,happy,sunset,happy,sky,sunset,happy,3577.919773578644,2021-12-01T15:13:29.694000,1638368031.7742264
21,6,16,6,Random,-9999,fafa77914df655e6,6.378000020980835,0.07899999618530273,1638371616.208,16,below,lemon,field,below,lemon,below,lemon,field,below,lemon,3584.4337735176086,2021-12-01T15:13:36.208000,1638368031.7742264
25,17,7,7,Random,-9999,fafa77914df655e6,2.919999837875366,0.1380000114440918,1638371619.269,17,mango,beside,dawn,beside,mango,mango,beside,dawn,beside,mango,3587.4947736263275,2021-12-01T15:13:39.269000,1638368031.7742264
15,12,20,20,Random,-9999,fafa77914df655e6,5.190000057220459,0.14300012588500977,1638371624.605,12,fearful,beach,blueberry,beach,fearful,fearful,beach,blueberry,beach,fearful,3592.8307735919952,2021-12-01T15:13:44.605000,1638368031.7742264
26,1,15,1,Random,-9999,fafa77914df655e6,2.3430001735687256,0.14399981498718262,1638371627.085,15,pants,blueberry,day,pants,blueberry,pants,blueberry,day,pants,blueberry,3595.3107736110687,2021-12-01T15:13:47.085000,1638368031.7742264
4,6,5,6,Random,-9999,fafa77914df655e6,3.046999931335449,0.1399998664855957,1638371630.282,5,below,above,socks,below,above,below,above,socks,below,above,3598.5077736377716,2021-12-01T15:13:50.282000,1638368031.7742264
20,25,10,25,Random,-9999,fafa77914df655e6,2.8589999675750732,0.14700007438659668,1638371633.282,10,dawn,angry,beach,dawn,angry,dawn,angry,beach,dawn,angry,3601.5077736377716,2021-12-01T15:13:53.282000,1638368031.7742264
20,4,28,28,Random,-9999,fafa77914df655e6,2.509000062942505,0.1419999599456787,1638371635.933,4,socks,night,beach,night,socks,socks,night,beach,night,socks,3604.15877366066,2021-12-01T15:13:55.933000,1638368031.7742264
14,2,29,29,Random,-9999,fafa77914df655e6,10.318000078201294,0.14599990844726562,1638371646.395,2,shirt,noon,sad,noon,shirt,shirt,noon,sad,noon,shirt,3614.6207735538483,2021-12-01T15:14:06.395000,1638368031.7742264
28,4,14,14,Random,-9999,fafa77914df655e6,3.052000045776367,0.14399981498718262,1638371649.593,4,socks,sad,night,sad,socks,socks,sad,night,sad,socks,3617.818773508072,2021-12-01T15:14:09.593000,1638368031.7742264
17,4,6,4,Random,-9999,fafa77914df655e6,20.677000045776367,0.14499998092651367,1638371670.413,6,socks,below,mango,socks,below,socks,below,mango,socks,below,3638.6387736797333,2021-12-01T15:14:30.413000,1638368031.7742264
9,16,21,21,Random,-9999,fafa77914df655e6,4.799000024795532,0.14100003242492676,1638371675.351,16,lemon,field,near,field,lemon,lemon,field,near,field,lemon,3643.5767736434937,2021-12-01T15:14:35.351000,1638368031.7742264
16,6,14,14,Random,-9999,fafa77914df655e6,1.681999921798706,0.14300012588500977,1638371677.115,6,below,sad,lemon,sad,below,below,sad,lemon,sad,below,3645.3407735824585,2021-12-01T15:14:37.115000,1638368031.7742264
11,20,23,23,Random,-9999,fafa77914df655e6,1.8849999904632568,0.08100008964538574,1638371679.079,20,beach,sky,disgust,sky,beach,beach,sky,disgust,sky,beach,3647.304773569107,2021-12-01T15:14:39.079000,1638368031.7742264
7,17,22,22,Random,-9999,fafa77914df655e6,1.9100000858306885,0.08100008964538574,1638371681.071,17,mango,ocean,beside,ocean,mango,mango,ocean,beside,ocean,mango,3649.296773672104,2021-12-01T15:14:41.071000,1638368031.7742264
18,0,6,0,Random,-9999,fafa77914df655e6,4.511000156402588,0.08099985122680664,1638371685.728,6,dress,below,strawberry,dress,below,dress,below,strawberry,dress,below,3653.953773498535,2021-12-01T15:14:45.728000,1638368031.7742264
12,15,7,7,Random,-9999,fafa77914df655e6,1.4520001411437988,0.14299988746643066,1638371687.257,15,blueberry,beside,fearful,beside,blueberry,blueberry,beside,fearful,beside,blueberry,3655.482773542404,2021-12-01T15:14:47.257000,1638368031.7742264
13,19,22,22,Random,-9999,fafa77914df655e6,1.3949999809265137,0.0840001106262207,1638371688.737,19,watermelon,ocean,happy,ocean,watermelon,watermelon,ocean,happy,ocean,watermelon,3656.9627735614777,2021-12-01T15:14:48.737000,1638368031.7742264
19,14,13,13,Random,-9999,fafa77914df655e6,1.6380000114440918,0.07899999618530273,1638371690.452,14,sad,happy,watermelon,happy,sad,sad,happy,watermelon,happy,sad,3658.677773475647,2021-12-01T15:14:50.452000,1638368031.7742264
23,20,6,20,Random,-9999,fafa77914df655e6,2.4089999198913574,0.14400005340576172,1638371695.14,6,beach,below,sky,beach,below,beach,below,sky,beach,below,3663.365773677826,2021-12-01T15:14:55.140000,1638368031.7742264
29,4,5,5,Random,-9999,fafa77914df655e6,3.764000177383423,0.1419999599456787,1638371699.048,4,socks,above,noon,above,socks,socks,above,noon,above,socks,3667.2737736701965,2021-12-01T15:14:59.048000,1638368031.7742264
11,25,27,25,Random,-9999,fafa77914df655e6,4.569999933242798,0.13899993896484375,1638371703.763,27,dawn,dusk,disgust,dawn,dusk,dawn,dusk,disgust,dawn,dusk,3671.988773584366,2021-12-01T15:15:03.763000,1638368031.7742264
2,14,22,14,Random,-9999,fafa77914df655e6,8.566999912261963,0.14800000190734863,1638371712.47,22,sad,ocean,shirt,sad,ocean,sad,ocean,shirt,sad,ocean,3680.695773601532,2021-12-01T15:15:12.470000,1638368031.7742264
4,19,26,26,Random,-9999,fafa77914df655e6,1.4849998950958252,0.14300012588500977,1638371714.034,19,watermelon,day,socks,day,watermelon,watermelon,day,socks,day,watermelon,3682.259773492813,2021-12-01T15:15:14.034000,1638368031.7742264
1,26,11,26,Random,-9999,fafa77914df655e6,1.4649999141693115,0.07999992370605469,1638371715.579,11,day,disgust,pants,day,disgust,day,disgust,pants,day,disgust,3683.804773569107,2021-12-01T15:15:15.579000,1638368031.7742264
26,16,9,16,Random,-9999,fafa77914df655e6,10.83899998664856,0.08700013160705566,1638371726.569,9,lemon,near,day,lemon,near,lemon,near,day,lemon,near,3694.794773578644,2021-12-01T15:15:26.569000,1638368031.7742264
24,2,26,26,Random,-9999,fafa77914df655e6,5.611999988555908,0.14499998092651367,1638371732.324,2,shirt,day,sunset,day,shirt,shirt,day,sunset,day,shirt,3700.549773454666,2021-12-01T15:15:32.324000,1638368031.7742264
0,17,19,17,Random,-9999,fafa77914df655e6,5.333999872207642,0.1380000114440918,1638371737.795,19,mango,watermelon,dress,mango,watermelon,mango,watermelon,dress,mango,watermelon,3706.0207736492157,2021-12-01T15:15:37.795000,1638368031.7742264
21,26,17,26,Random,-9999,fafa77914df655e6,19.471999883651733,0.14300012588500977,1638371757.415,17,day,mango,field,day,mango,day,mango,field,day,mango,3725.640773534775,2021-12-01T15:15:57.415000,1638368031.7742264
18,20,10,20,Random,-9999,fafa77914df655e6,1.4920001029968262,0.14400005340576172,1638371758.984,10,beach,angry,strawberry,beach,angry,beach,angry,strawberry,beach,angry,3727.209773540497,2021-12-01T15:15:58.984000,1638368031.7742264
24,23,22,22,Random,-9999,fafa77914df655e6,2.490000009536743,0.07799983024597168,1638371761.615,23,sky,ocean,sunset,ocean,sky,sky,ocean,sunset,ocean,sky,3729.8407735824585,2021-12-01T15:16:01.615000,1638368031.7742264
2,10,5,10,Random,-9999,fafa77914df655e6,2.2860000133514404,0.1419999599456787,1638371764.033,5,angry,above,shirt,angry,above,angry,above,shirt,angry,above,3732.2587735652924,2021-12-01T15:16:04.033000,1638368031.7742264
2,25,5,5,Random,-9999,fafa77914df655e6,3.754999876022339,0.14300012588500977,1638371767.938,25,dawn,above,shirt,above,dawn,dawn,above,shirt,above,dawn,3736.163773536682,2021-12-01T15:16:07.938000,1638368031.7742264
8,7,17,7,Random,-9999,fafa77914df655e6,2.046999931335449,0.14300012588500977,1638371772.305,17,beside,mango,far,beside,mango,beside,mango,far,beside,mango,3740.530773639679,2021-12-01T15:16:12.305000,1638368031.7742264
4,28,20,20,Random,-9999,fafa77914df655e6,3.058000087738037,0.12999987602233887,1638371775.746,28,night,beach,socks,beach,night,night,beach,socks,beach,night,3743.97177362442,2021-12-01T15:16:15.746000,1638368031.7742264
3,10,25,25,Random,-9999,fafa77914df655e6,2.384999990463257,0.41499996185302734,1638371778.676,10,angry,dawn,shoes,dawn,angry,angry,dawn,shoes,dawn,angry,3746.9017736911774,2021-12-01T15:16:18.676000,1638368031.7742264
29,19,6,19,Random,-9999,fafa77914df655e6,13.210000038146973,0.5929999351501465,1638371792.107,6,watermelon,below,noon,watermelon,below,watermelon,below,noon,watermelon,below,3760.3327736854553,2021-12-01T15:16:32.107000,1638368031.7742264
8,5,15,5,Random,-9999,fafa77914df655e6,1.6019999980926514,0.2819998264312744,1638371796.086,15,above,blueberry,far,above,blueberry,above,blueberry,far,above,blueberry,3764.3117735385895,2021-12-01T15:16:36.086000,1638368031.7742264
28,14,16,14,Random,-9999,fafa77914df655e6,1.5520000457763672,0.14100003242492676,1638371797.776,16,sad,lemon,night,sad,lemon,sad,lemon,night,sad,lemon,3766.00177359581,2021-12-01T15:16:37.776000,1638368031.7742264
3,23,1,1,Random,-9999,fafa77914df655e6,1.7109999656677246,0.17300009727478027,1638371799.657,23,sky,pants,shoes,pants,sky,sky,pants,shoes,pants,sky,3767.8827736377716,2021-12-01T15:16:39.657000,1638368031.7742264
29,27,15,27,Random,-9999,fafa77914df655e6,1.3220000267028809,0.07299995422363281,1638371801.085,15,dusk,blueberry,noon,dusk,blueberry,dusk,blueberry,noon,dusk,blueberry,3769.3107736110687,2021-12-01T15:16:41.085000,1638368031.7742264
15,3,5,5,Random,-9999,fafa77914df655e6,2.2209999561309814,0.10800004005432129,1638371803.444,3,shoes,above,blueberry,above,shoes,shoes,above,blueberry,above,shoes,3771.669773578644,2021-12-01T15:16:43.444000,1638368031.7742264
27,14,0,14,Random,-9999,fafa77914df655e6,1.5299999713897705,0.13899993896484375,1638371805.053,0,sad,dress,dusk,sad,dress,sad,dress,dusk,sad,dress,3773.278773546219,2021-12-01T15:16:45.053000,1638368031.7742264
13,26,29,26,Random,-9999,fafa77914df655e6,1.689000129699707,0.07999992370605469,1638371806.822,29,day,noon,happy,day,noon,day,noon,happy,day,noon,3775.0477735996246,2021-12-01T15:16:46.822000,1638368031.7742264
9,2,21,21,Random,-9999,fafa77914df655e6,2.1700000762939453,0.20099997520446777,1638371811.26,2,shirt,field,near,field,shirt,shirt,field,near,field,shirt,3779.485773563385,2021-12-01T15:16:51.260000,1638368031.7742264
18,24,10,24,Random,-9999,fafa77914df655e6,1.6080000400543213,0.1360001564025879,1638371812.949,10,sunset,angry,strawberry,sunset,angry,sunset,angry,strawberry,sunset,angry,3781.174773454666,2021-12-01T15:16:52.949000,1638368031.7742264
28,12,3,12,Random,-9999,fafa77914df655e6,1.9130001068115234,0.07799983024597168,1638371814.947,3,fearful,shoes,night,fearful,shoes,fearful,shoes,night,fearful,shoes,3783.1727735996246,2021-12-01T15:16:54.947000,1638368031.7742264
21,13,23,23,Random,-9999,fafa77914df655e6,1.7089998722076416,0.0820000171661377,1638371816.736,13,happy,sky,field,sky,happy,happy,sky,field,sky,happy,3784.961773633957,2021-12-01T15:16:56.736000,1638368031.7742264
10,11,26,11,Random,-9999,fafa77914df655e6,2.0769999027252197,0.08000016212463379,1638371818.944,26,disgust,day,angry,disgust,day,disgust,day,angry,disgust,day,3787.169773578644,2021-12-01T15:16:58.944000,1638368031.7742264
9,7,14,7,Random,-9999,fafa77914df655e6,1.186000108718872,0.1359999179840088,1638371820.21,14,beside,sad,near,beside,sad,beside,sad,near,beside,sad,3788.4357736110687,2021-12-01T15:17:00.210000,1638368031.7742264
25,19,26,26,Random,-9999,fafa77914df655e6,1.5230000019073486,0.07899999618530273,1638371821.808,19,watermelon,day,dawn,day,watermelon,watermelon,day,dawn,day,watermelon,3790.03377366066,2021-12-01T15:17:01.808000,1638368031.7742264
29,15,28,28,Random,-9999,fafa77914df655e6,1.3350000381469727,0.07699990272521973,1638371823.223,15,blueberry,night,noon,night,blueberry,blueberry,night,noon,night,blueberry,3791.448773622513,2021-12-01T15:17:03.223000,1638368031.7742264
16,26,20,20,Random,-9999,fafa77914df655e6,1.7219998836517334,0.07899999618530273,1638371825.025,26,day,beach,lemon,beach,day,day,beach,lemon,beach,day,3793.250773668289,2021-12-01T15:17:05.025000,1638368031.7742264
1,3,17,3,Random,-9999,fafa77914df655e6,1.558000087738037,0.07899999618530273,1638371826.662,17,shoes,mango,pants,shoes,mango,shoes,mango,pants,shoes,mango,3794.887773513794,2021-12-01T15:17:06.662000,1638368031.7742264
8,3,22,22,Random,-9999,fafa77914df655e6,1.7669999599456787,0.08299994468688965,1638371828.512,3,shoes,ocean,far,ocean,shoes,shoes,ocean,far,ocean,shoes,3796.737773656845,2021-12-01T15:17:08.512000,1638368031.7742264
2,20,16,20,Random,-9999,fafa77914df655e6,2.6439998149871826,0.08100008964538574,1638371831.306,16,beach,lemon,shirt,beach,lemon,beach,lemon,shirt,beach,lemon,3799.5317735671997,2021-12-01T15:17:11.306000,1638368031.7742264
6,14,3,14,Random,-9999,fafa77914df655e6,3.937999963760376,0.1660001277923584,1638371835.401,3,sad,shoes,below,sad,shoes,sad,shoes,below,sad,shoes,3803.62677359581,2021-12-01T15:17:15.401000,1638368031.7742264
9,22,7,22,Random,-9999,fafa77914df655e6,2.765000104904175,0.1419999599456787,1638371838.312,7,ocean,beside,near,ocean,beside,ocean,beside,near,ocean,beside,3806.5377736091614,2021-12-01T15:17:18.312000,1638368031.7742264
23,2,4,2,Random,-9999,fafa77914df655e6,2.4790000915527344,0.14800000190734863,1638371843.09,4,shirt,socks,sky,shirt,socks,shirt,socks,sky,shirt,socks,3811.315773487091,2021-12-01T15:17:23.090000,1638368031.7742264
10,16,25,25,Random,-9999,fafa77914df655e6,4.705999851226807,0.1419999599456787,1638371847.942,16,lemon,dawn,angry,dawn,lemon,lemon,dawn,angry,dawn,lemon,3816.1677734851837,2021-12-01T15:17:27.942000,1638368031.7742264
10,22,28,28,Random,-9999,fafa77914df655e6,2.2909998893737793,0.14700007438659668,1638371850.369,22,ocean,night,angry,night,ocean,ocean,night,angry,night,ocean,3818.59477353096,2021-12-01T15:17:30.369000,1638368031.7742264
27,3,23,23,Random,-9999,fafa77914df655e6,2.2009999752044678,0.13700008392333984,1638371852.705,3,shoes,sky,dusk,sky,shoes,shoes,sky,dusk,sky,shoes,3820.930773496628,2021-12-01T15:17:32.705000,1638368031.7742264
15,12,29,29,Random,-9999,fafa77914df655e6,2.6000001430511475,0.13399982452392578,1638371855.448,12,fearful,noon,blueberry,noon,fearful,fearful,noon,blueberry,noon,fearful,3823.6737735271454,2021-12-01T15:17:35.448000,1638368031.7742264
20,17,21,21,Random,-9999,fafa77914df655e6,3.3010001182556152,0.14299988746643066,1638371858.89,17,mango,field,beach,field,mango,mango,field,beach,field,mango,3827.115773677826,2021-12-01T15:17:38.890000,1638368031.7742264
2,21,22,21,Random,-9999,fafa77914df655e6,2.06499981880188,0.14100003242492676,1638371861.09,22,field,ocean,shirt,field,ocean,field,ocean,shirt,field,ocean,3829.315773487091,2021-12-01T15:17:41.090000,1638368031.7742264
7,21,24,21,Random,-9999,fafa77914df655e6,2.677999973297119,0.14700007438659668,1638371866.151,24,field,sunset,beside,field,sunset,field,sunset,beside,field,sunset,3834.37677359581,2021-12-01T15:17:46.151000,1638368031.7742264
14,27,10,10,Random,-9999,fafa77914df655e6,2.318000078201294,0.14299988746643066,1638371868.603,27,dusk,angry,sad,angry,dusk,dusk,angry,sad,angry,dusk,3836.828773498535,2021-12-01T15:17:48.603000,1638368031.7742264
18,7,24,24,Random,-9999,fafa77914df655e6,2.058000087738037,0.14599990844726562,1638371870.811,7,beside,sunset,strawberry,sunset,beside,beside,sunset,strawberry,sunset,beside,3839.0367736816406,2021-12-01T15:17:50.811000,1638368031.7742264
21,0,23,23,Random,-9999,fafa77914df655e6,2.9519999027252197,0.13700008392333984,1638371873.906,0,dress,sky,field,sky,dress,dress,sky,field,sky,dress,3842.1317734718323,2021-12-01T15:17:53.906000,1638368031.7742264
0,2,25,2,Random,-9999,fafa77914df655e6,3.3010001182556152,0.14299988746643066,1638371877.353,25,shirt,dawn,dress,shirt,dawn,shirt,dawn,dress,shirt,dawn,3845.578773498535,2021-12-01T15:17:57.353000,1638368031.7742264
13,27,20,20,Random,-9999,fafa77914df655e6,4.819000005722046,0.1419999599456787,1638371882.312,27,dusk,beach,happy,beach,dusk,dusk,beach,happy,beach,dusk,3850.5377736091614,2021-12-01T15:18:02.312000,1638368031.7742264
10,15,24,24,Random,-9999,fafa77914df655e6,1.4829998016357422,0.14500021934509277,1638371883.876,15,blueberry,sunset,angry,sunset,blueberry,blueberry,sunset,angry,sunset,blueberry,3852.1017735004425,2021-12-01T15:18:03.876000,1638368031.7742264
6,28,0,28,Random,-9999,fafa77914df655e6,1.5969998836517334,0.08100008964538574,1638371885.552,0,night,dress,below,night,dress,night,dress,below,night,dress,3853.777773618698,2021-12-01T15:18:05.552000,1638368031.7742264
28,18,14,14,Random,-9999,fafa77914df655e6,8.204999923706055,0.07899999618530273,1638371893.896,18,strawberry,sad,night,sad,strawberry,strawberry,sad,night,sad,strawberry,3862.121773481369,2021-12-01T15:18:13.896000,1638368031.7742264
19,2,26,26,Random,-9999,fafa77914df655e6,1.2880001068115234,0.1419999599456787,1638371895.264,2,shirt,day,watermelon,day,shirt,shirt,day,watermelon,day,shirt,3863.4897735118866,2021-12-01T15:18:15.264000,1638368031.7742264
27,5,29,29,Random,-9999,fafa77914df655e6,2.13100004196167,0.0989999771118164,1638371897.555,5,above,noon,dusk,noon,above,above,noon,dusk,noon,above,3865.780773639679,2021-12-01T15:18:17.555000,1638368031.7742264
4,16,0,0,Random,-9999,fafa77914df655e6,1.3320000171661377,0.1380000114440918,1638371898.969,16,lemon,dress,socks,dress,lemon,lemon,dress,socks,dress,lemon,3867.1947736740112,2021-12-01T15:18:18.969000,1638368031.7742264
16,19,13,13,Random,-9999,fafa77914df655e6,3.5950000286102295,0.08099985122680664,1638371902.704,19,watermelon,happy,lemon,happy,watermelon,watermelon,happy,lemon,happy,watermelon,3870.929773569107,2021-12-01T15:18:22.704000,1638368031.7742264
8,14,20,14,Random,-9999,fafa77914df655e6,1.878999948501587,0.14400005340576172,1638371904.663,20,sad,beach,far,sad,beach,sad,beach,far,sad,beach,3872.8887736797333,2021-12-01T15:18:24.663000,1638368031.7742264
11,23,27,27,Random,-9999,fafa77914df655e6,3.0339999198913574,0.08000016212463379,1638371907.835,23,sky,dusk,disgust,dusk,sky,sky,dusk,disgust,dusk,sky,3876.0607736110687,2021-12-01T15:18:27.835000,1638368031.7742264
1,25,28,28,Random,-9999,fafa77914df655e6,3.388000011444092,0.13899993896484375,1638371911.368,25,dawn,night,pants,night,dawn,dawn,night,pants,night,dawn,3879.5937736034393,2021-12-01T15:18:31.368000,1638368031.7742264
11,23,26,23,Random,-9999,fafa77914df655e6,3.815999984741211,0.14100003242492676,1638371915.328,26,sky,day,disgust,sky,day,sky,day,disgust,sky,day,3883.5537736415863,2021-12-01T15:18:35.328000,1638368031.7742264
29,8,26,26,Random,-9999,fafa77914df655e6,1.7760000228881836,0.14899992942810059,1638371917.187,8,far,day,noon,day,far,far,day,noon,day,far,3885.4127736091614,2021-12-01T15:18:37.187000,1638368031.7742264
18,27,14,27,Random,-9999,fafa77914df655e6,3.0429999828338623,0.10400009155273438,1638371920.394,14,dusk,sad,strawberry,dusk,sad,dusk,sad,strawberry,dusk,sad,3888.6197736263275,2021-12-01T15:18:40.394000,1638368031.7742264
6,4,16,4,Random,-9999,fafa77914df655e6,3.0920000076293945,0.14599990844726562,1638371923.628,16,socks,lemon,below,socks,lemon,socks,lemon,below,socks,lemon,3891.8537735939026,2021-12-01T15:18:43.628000,1638368031.7742264
21,17,14,17,Random,-9999,fafa77914df655e6,1.6119999885559082,0.13899993896484375,1638371925.319,14,mango,sad,field,mango,sad,mango,sad,field,mango,sad,3893.544773578644,2021-12-01T15:18:45.319000,1638368031.7742264
1,11,8,11,Random,-9999,fafa77914df655e6,2.18500018119812,0.07899999618530273,1638371927.637,8,disgust,far,pants,disgust,far,disgust,far,pants,disgust,far,3895.862773656845,2021-12-01T15:18:47.637000,1638368031.7742264
27,14,17,17,Random,-9999,fafa77914df655e6,4.690000057220459,0.13299989700317383,1638371932.471,14,sad,mango,dusk,mango,sad,sad,mango,dusk,mango,sad,3900.6967735290527,2021-12-01T15:18:52.471000,1638368031.7742264
17,6,5,6,Random,-9999,fafa77914df655e6,4.0269999504089355,0.14400005340576172,1638371936.644,5,below,above,mango,below,above,below,above,mango,below,above,3904.8697736263275,2021-12-01T15:18:56.644000,1638368031.7742264
9,15,3,15,Random,-9999,fafa77914df655e6,8.379999876022339,0.14400005340576172,1638371945.169,3,blueberry,shoes,near,blueberry,shoes,blueberry,shoes,near,blueberry,shoes,3913.3947734832764,2021-12-01T15:19:05.169000,1638368031.7742264
3,7,9,7,Random,-9999,fafa77914df655e6,10.029000043869019,0.14699983596801758,1638371955.33,9,beside,near,shoes,beside,near,beside,near,shoes,beside,near,3923.555773496628,2021-12-01T15:19:15.330000,1638368031.7742264
29,14,5,5,Random,-9999,fafa77914df655e6,1.5360000133514404,0.13300013542175293,1638371956.947,14,sad,above,noon,above,sad,sad,above,noon,above,sad,3925.1727735996246,2021-12-01T15:19:16.947000,1638368031.7742264
14,0,22,22,Random,-9999,fafa77914df655e6,3.5849997997283936,0.08300018310546875,1638371960.685,0,dress,ocean,sad,ocean,dress,dress,ocean,sad,ocean,dress,3928.9107735157013,2021-12-01T15:19:20.685000,1638368031.7742264
21,2,24,24,Random,-9999,fafa77914df655e6,14.620000123977661,0.15899991989135742,1638371975.451,2,shirt,sunset,field,sunset,shirt,shirt,sunset,field,sunset,shirt,3943.676773548126,2021-12-01T15:19:35.451000,1638368031.7742264
25,0,27,27,Random,-9999,fafa77914df655e6,1.5450000762939453,0.13899993896484375,1638371977.075,0,dress,dusk,dawn,dusk,dress,dress,dusk,dawn,dusk,dress,3945.3007736206055,2021-12-01T15:19:37.075000,1638368031.7742264
26,10,27,27,Random,-9999,fafa77914df655e6,5.398999929428101,0.07800006866455078,1638371982.614,10,angry,dusk,day,dusk,angry,angry,dusk,day,dusk,angry,3950.8397736549377,2021-12-01T15:19:42.614000,1638368031.7742264
24,20,9,20,Random,-9999,fafa77914df655e6,1.5280001163482666,0.14899992942810059,1638371984.238,9,beach,near,sunset,beach,near,beach,near,sunset,beach,near,3952.4637734889984,2021-12-01T15:19:44.238000,1638368031.7742264
13,1,9,9,Random,-9999,fafa77914df655e6,1.814000129699707,0.08800005912780762,1638371986.138,1,pants,near,happy,near,pants,pants,near,happy,near,pants,3954.363773584366,2021-12-01T15:19:46.138000,1638368031.7742264
16,14,12,12,Random,-9999,fafa77914df655e6,4.6600000858306885,0.14699983596801758,1638371993.091,14,sad,fearful,lemon,fearful,sad,sad,fearful,lemon,fearful,sad,3961.3167736530304,2021-12-01T15:19:53.091000,1638368031.7742264
2,21,17,21,Random,-9999,fafa77914df655e6,1.5739998817443848,0.14499998092651367,1638371994.746,17,field,mango,shirt,field,mango,field,mango,shirt,field,mango,3962.97177362442,2021-12-01T15:19:54.746000,1638368031.7742264
19,10,21,21,Random,-9999,fafa77914df655e6,1.4140000343322754,0.0820000171661377,1638371996.239,10,angry,field,watermelon,field,angry,angry,field,watermelon,field,angry,3964.4647736549377,2021-12-01T15:19:56.239000,1638368031.7742264
8,7,17,7,Random,-9999,fafa77914df655e6,1.315000057220459,0.08100008964538574,1638371997.635,17,beside,mango,far,beside,mango,beside,mango,far,beside,mango,3965.860773563385,2021-12-01T15:19:57.635000,1638368031.7742264
16,21,2,21,Random,-9999,fafa77914df655e6,2.2139999866485596,0.0820000171661377,1638371999.986,2,field,shirt,lemon,field,shirt,field,shirt,lemon,field,shirt,3968.211773633957,2021-12-01T15:19:59.986000,1638368031.7742264
7,25,10,25,Random,-9999,fafa77914df655e6,1.6100001335144043,0.14099979400634766,1638372003.847,10,dawn,angry,beside,dawn,angry,dawn,angry,beside,dawn,angry,3972.0727734565735,2021-12-01T15:20:03.847000,1638368031.7742264
18,27,6,6,Random,-9999,fafa77914df655e6,1.7200000286102295,0.13899993896484375,1638372005.703,27,dusk,below,strawberry,below,dusk,dusk,below,strawberry,below,dusk,3973.9287736415863,2021-12-01T15:20:05.703000,1638368031.7742264
3,7,0,7,Random,-9999,fafa77914df655e6,1.4930000305175781,0.07699990272521973,1638372007.274,0,beside,dress,shoes,beside,dress,beside,dress,shoes,beside,dress,3975.49977350235,2021-12-01T15:20:07.274000,1638368031.7742264
28,26,9,26,Random,-9999,fafa77914df655e6,2.566999912261963,0.08500003814697266,1638372009.994,9,day,near,night,day,near,day,near,night,day,near,3978.21977353096,2021-12-01T15:20:09.994000,1638368031.7742264
15,19,1,19,Random,-9999,fafa77914df655e6,1.3009998798370361,0.14499998092651367,1638372011.369,1,watermelon,pants,blueberry,watermelon,pants,watermelon,pants,blueberry,watermelon,pants,3979.59477353096,2021-12-01T15:20:11.369000,1638368031.7742264
18,25,5,5,Random,-9999,fafa77914df655e6,2.5379998683929443,0.08100008964538574,1638372014.059,25,dawn,above,strawberry,above,dawn,dawn,above,strawberry,above,dawn,3982.2847735881805,2021-12-01T15:20:14.059000,1638368031.7742264
7,25,9,9,Random,-9999,fafa77914df655e6,1.6520001888275146,0.14899992942810059,1638372015.789,25,dawn,near,beside,near,dawn,dawn,near,beside,near,dawn,3984.014773607254,2021-12-01T15:20:15.789000,1638368031.7742264
4,26,5,5,Random,-9999,fafa77914df655e6,5.81600022315979,0.08299994468688965,1638372021.748,26,day,above,socks,above,day,day,above,socks,above,day,3989.9737734794617,2021-12-01T15:20:21.748000,1638368031.7742264
1,10,21,21,Random,-9999,fafa77914df655e6,3.0220000743865967,0.1399998664855957,1638372024.908,10,angry,field,pants,field,angry,angry,field,pants,field,angry,3993.1337735652924,2021-12-01T15:20:24.908000,1638368031.7742264
8,16,17,16,Random,-9999,fafa77914df655e6,3.6670000553131104,0.1399998664855957,1638372028.717,17,lemon,mango,far,lemon,mango,lemon,mango,far,lemon,mango,3996.942773580551,2021-12-01T15:20:28.717000,1638368031.7742264
12,24,28,28,Random,-9999,fafa77914df655e6,2.4779999256134033,0.1400001049041748,1638372031.345,24,sunset,night,fearful,night,sunset,sunset,night,fearful,night,sunset,3999.570773601532,2021-12-01T15:20:31.345000,1638368031.7742264
9,17,25,25,Random,-9999,fafa77914df655e6,3.694000005722046,0.14700007438659668,1638372035.179,17,mango,dawn,near,dawn,mango,mango,dawn,near,dawn,mango,4003.4047734737396,2021-12-01T15:20:35.179000,1638368031.7742264
6,12,18,18,Random,-9999,fafa77914df655e6,3.9539999961853027,0.14300012588500977,1638372039.278,12,fearful,strawberry,below,strawberry,fearful,fearful,strawberry,below,strawberry,fearful,4007.50377368927,2021-12-01T15:20:39.278000,1638368031.7742264
21,16,14,16,Random,-9999,fafa77914df655e6,2.9830000400543213,0.14800000190734863,1638372042.405,14,lemon,sad,field,lemon,sad,lemon,sad,field,lemon,sad,4010.6307735443115,2021-12-01T15:20:42.405000,1638368031.7742264
20,18,27,27,Random,-9999,fafa77914df655e6,1.430999994277954,0.14700007438659668,1638372043.919,18,strawberry,dusk,beach,dusk,strawberry,strawberry,dusk,beach,dusk,strawberry,4012.1447734832764,2021-12-01T15:20:43.919000,1638368031.7742264
16,24,28,24,Random,-9999,fafa77914df655e6,1.6449999809265137,0.0820000171661377,1638372045.64,28,sunset,night,lemon,sunset,night,sunset,night,lemon,sunset,night,4013.865773677826,2021-12-01T15:20:45.640000,1638368031.7742264
19,11,22,22,Random,-9999,fafa77914df655e6,1.8240001201629639,0.07599997520446777,1638372047.546,11,disgust,ocean,watermelon,ocean,disgust,disgust,ocean,watermelon,ocean,disgust,4015.7717735767365,2021-12-01T15:20:47.546000,1638368031.7742264
17,18,28,18,Random,-9999,fafa77914df655e6,3.997999906539917,0.0820000171661377,1638372051.689,28,strawberry,night,mango,strawberry,night,strawberry,night,mango,strawberry,night,4019.914773464203,2021-12-01T15:20:51.689000,1638368031.7742264
24,20,23,20,Validation,1,ed96f57b159b63f2,6.733999967575073,0.14100003242492676,1638374875.242,23,beach,sky,sunset,beach,sky,beach,sky,sunset,beach,sky,6843.467773675919,2021-12-01T16:07:55.242000,1638368031.7742264
29,12,1,12,Validation,2,ed96f57b159b63f2,11.55299997329712,0.13399982452392578,1638374886.93,1,fearful,pants,noon,fearful,pants,fearful,pants,noon,fearful,pants,6855.155773639679,2021-12-01T16:08:06.930000,1638368031.7742264
5,13,26,26,Validation,3,ed96f57b159b63f2,1.931999921798706,0.13300013542175293,1638374889.05,13,happy,day,above,day,happy,happy,day,above,day,happy,6857.275773525238,2021-12-01T16:08:09.050000,1638368031.7742264
10,0,20,0,Validation,4,ed96f57b159b63f2,4.749000072479248,0.18700003623962402,1638374893.936,20,dress,beach,angry,dress,beach,dress,beach,angry,dress,beach,6862.161773681641,2021-12-01T16:08:13.936000,1638368031.7742264
23,29,27,29,Validation,5,ed96f57b159b63f2,5.205999851226807,0.14800000190734863,1638374899.285,27,noon,dusk,sky,noon,dusk,noon,dusk,sky,noon,dusk,6867.510773658752,2021-12-01T16:08:19.285000,1638368031.7742264
14,15,27,15,Validation,6,ed96f57b159b63f2,1.7770001888275146,0.13199996948242188,1638374901.137,27,blueberry,dusk,sad,blueberry,dusk,blueberry,dusk,sad,blueberry,dusk,6869.362773656845,2021-12-01T16:08:21.137000,1638368031.7742264
18,0,4,4,Validation,7,ed96f57b159b63f2,2.0,0.07300019264221191,1638374903.273,0,dress,socks,strawberry,socks,dress,dress,socks,strawberry,socks,dress,6871.498773574829,2021-12-01T16:08:23.273000,1638368031.7742264
14,23,5,23,Validation,8,ed96f57b159b63f2,1.9470000267028809,0.1379997730255127,1638374905.396,5,sky,above,sad,sky,above,sky,above,sad,sky,above,6873.621773481369,2021-12-01T16:08:25.396000,1638368031.7742264
8,15,7,7,Validation,9,ed96f57b159b63f2,8.003000020980835,0.1679999828338623,1638374913.525,15,blueberry,beside,far,beside,blueberry,blueberry,beside,far,beside,blueberry,6881.750773668289,2021-12-01T16:08:33.525000,1638368031.7742264
5,20,27,20,Validation,10,ed96f57b159b63f2,2.0269999504089355,0.13700008392333984,1638374915.689,27,beach,dusk,above,beach,dusk,beach,dusk,above,beach,dusk,6883.914773464203,2021-12-01T16:08:35.689000,1638368031.7742264
2,16,8,16,Validation,11,ed96f57b159b63f2,2.759000062942505,0.13499999046325684,1638374918.577,8,lemon,far,shirt,lemon,far,lemon,far,shirt,lemon,far,6886.802773475647,2021-12-01T16:08:38.577000,1638368031.7742264
21,28,15,28,Validation,12,ed96f57b159b63f2,31.592000007629395,0.13100004196166992,1638374950.313,15,night,blueberry,field,night,blueberry,night,blueberry,field,night,blueberry,6918.538773536682,2021-12-01T16:09:10.313000,1638368031.7742264
25,26,21,26,Validation,13,ed96f57b159b63f2,1.2079999446868896,0.14300012588500977,1638374951.596,21,day,field,dawn,day,field,day,field,dawn,day,field,6919.821773529053,2021-12-01T16:09:11.596000,1638368031.7742264
8,28,18,28,Validation,14,ed96f57b159b63f2,1.2409999370574951,0.07400012016296387,1638374952.908,18,night,strawberry,far,night,strawberry,night,strawberry,far,night,strawberry,6921.133773565292,2021-12-01T16:09:12.908000,1638368031.7742264
24,18,11,18,Validation,15,ed96f57b159b63f2,1.7200000286102295,0.08899998664855957,1638374954.723,11,strawberry,disgust,sunset,strawberry,disgust,strawberry,disgust,sunset,strawberry,disgust,6922.948773622513,2021-12-01T16:09:14.723000,1638368031.7742264
7,19,16,19,Validation,16,ed96f57b159b63f2,1.9920001029968262,0.08599996566772461,1638374956.853,16,watermelon,lemon,beside,watermelon,lemon,watermelon,lemon,beside,watermelon,lemon,6925.078773498535,2021-12-01T16:09:16.853000,1638368031.7742264
5,8,14,8,Validation,17,ed96f57b159b63f2,1.2109999656677246,0.13299989700317383,1638374958.145,14,far,sad,above,far,sad,far,sad,above,far,sad,6926.370773553848,2021-12-01T16:09:18.145000,1638368031.7742264
20,27,5,27,Validation,18,ed96f57b159b63f2,1.6749999523162842,0.07700014114379883,1638374959.891,5,dusk,above,beach,dusk,above,dusk,above,beach,dusk,above,6928.116773605347,2021-12-01T16:09:19.891000,1638368031.7742264
16,7,28,7,Validation,19,ed96f57b159b63f2,3.619999885559082,0.07500004768371582,1638374963.644,28,beside,night,lemon,beside,night,beside,night,lemon,beside,night,6931.8697736263275,2021-12-01T16:09:23.644000,1638368031.7742264
8,28,18,28,Validation,0,ed96f57b159b63f2,1.4220001697540283,0.13299989700317383,1638374965.14,18,night,strawberry,far,night,strawberry,night,strawberry,far,night,strawberry,6933.365773677826,2021-12-01T16:09:25.140000,1638368031.7742264
24,20,23,20,Validation,2,ed96f57b159b63f2,1.3420000076293945,0.14800000190734863,1638374966.633,23,beach,sky,sunset,beach,sky,beach,sky,sunset,beach,sky,6934.858773469925,2021-12-01T16:09:26.633000,1638368031.7742264
24,18,11,18,Validation,3,ed96f57b159b63f2,1.9140000343322754,0.07699990272521973,1638374968.621,11,strawberry,disgust,sunset,strawberry,disgust,strawberry,disgust,sunset,strawberry,disgust,6936.84677362442,2021-12-01T16:09:28.621000,1638368031.7742264
29,15,26,26,Validation,4,ed96f57b159b63f2,1.808000087738037,0.07200002670288086,1638374970.505,15,blueberry,day,noon,day,blueberry,blueberry,day,noon,day,blueberry,6938.730773687363,2021-12-01T16:09:30.505000,1638368031.7742264
14,5,23,5,Validation,5,ed96f57b159b63f2,1.6319999694824219,0.07499980926513672,1638374972.21,23,above,sky,sad,above,sky,above,sky,sad,above,sky,6940.435773611069,2021-12-01T16:09:32.210000,1638368031.7742264
7,19,16,19,Validation,6,ed96f57b159b63f2,1.2309999465942383,0.07300019264221191,1638374973.515,16,watermelon,lemon,beside,watermelon,lemon,watermelon,lemon,beside,watermelon,lemon,6941.740773677826,2021-12-01T16:09:33.515000,1638368031.7742264
5,13,26,13,Validation,7,ed96f57b159b63f2,1.4509999752044678,0.07599997520446777,1638374975.04,26,happy,day,above,happy,day,happy,day,above,happy,day,6943.265773534775,2021-12-01T16:09:35.040000,1638368031.7742264
2,8,16,8,Validation,8,ed96f57b159b63f2,3.3540000915527344,0.07399988174438477,1638374978.525,16,far,lemon,shirt,far,lemon,far,lemon,shirt,far,lemon,6946.750773668289,2021-12-01T16:09:38.525000,1638368031.7742264
23,29,27,29,Validation,9,ed96f57b159b63f2,2.3350000381469727,0.13100004196166992,1638374980.989,27,noon,dusk,sky,noon,dusk,noon,dusk,sky,noon,dusk,6949.214773654938,2021-12-01T16:09:40.989000,1638368031.7742264
8,15,7,7,Validation,10,ed96f57b159b63f2,1.4040000438690186,0.13099980354309082,1638374982.468,15,blueberry,beside,far,beside,blueberry,blueberry,beside,far,beside,blueberry,6950.693773508072,2021-12-01T16:09:42.468000,1638368031.7742264
25,26,21,26,Validation,11,ed96f57b159b63f2,1.2619998455047607,0.07400012016296387,1638374983.81,21,day,field,dawn,day,field,day,field,dawn,day,field,6952.035773515701,2021-12-01T16:09:43.810000,1638368031.7742264
29,12,1,12,Validation,12,ed96f57b159b63f2,1.062999963760376,0.07500004768371582,1638374984.949,1,fearful,pants,noon,fearful,pants,fearful,pants,noon,fearful,pants,6953.174773454666,2021-12-01T16:09:44.949000,1638368031.7742264
5,14,8,14,Validation,13,ed96f57b159b63f2,1.2179999351501465,0.07599997520446777,1638374986.243,8,sad,far,above,sad,far,sad,far,above,sad,far,6954.468773603439,2021-12-01T16:09:46.243000,1638368031.7742264
20,27,5,27,Validation,14,ed96f57b159b63f2,1.9479999542236328,0.08000016212463379,1638374988.375,5,dusk,above,beach,dusk,above,dusk,above,beach,dusk,above,6956.600773572922,2021-12-01T16:09:48.375000,1638368031.7742264
5,27,20,27,Validation,15,ed96f57b159b63f2,1.7599999904632568,0.18799996376037598,1638374990.211,20,dusk,beach,above,dusk,beach,dusk,beach,above,dusk,beach,6958.4367735385895,2021-12-01T16:09:50.211000,1638368031.7742264
10,0,20,0,Validation,16,ed96f57b159b63f2,0.9320001602172852,0.07299995422363281,1638374991.217,20,dress,beach,angry,dress,beach,dress,beach,angry,dress,beach,6959.442773580551,2021-12-01T16:09:51.217000,1638368031.7742264
21,15,28,28,Validation,17,ed96f57b159b63f2,1.1380000114440918,0.07499980926513672,1638374992.432,15,blueberry,night,field,night,blueberry,blueberry,night,field,night,blueberry,6960.6577734947205,2021-12-01T16:09:52.432000,1638368031.7742264
14,15,27,27,Validation,18,ed96f57b159b63f2,1.375,0.07400012016296387,1638374993.884,15,blueberry,dusk,sad,dusk,blueberry,blueberry,dusk,sad,dusk,blueberry,6962.109773635864,2021-12-01T16:09:53.884000,1638368031.7742264
18,0,4,4,Validation,19,ed96f57b159b63f2,1.63100004196167,0.07699990272521973,1638374995.587,0,dress,socks,strawberry,socks,dress,dress,socks,strawberry,socks,dress,6963.81277346611,2021-12-01T16:09:55.587000,1638368031.7742264
14,27,15,27,Validation,0,ed96f57b159b63f2,1.0999999046325684,0.0820000171661377,1638374996.772,15,dusk,blueberry,sad,dusk,blueberry,dusk,blueberry,sad,dusk,blueberry,6964.997773647308,2021-12-01T16:09:56.772000,1638368031.7742264
18,4,0,4,Validation,1,ed96f57b159b63f2,0.9389998912811279,0.10000014305114746,1638374997.81,0,socks,dress,strawberry,socks,dress,socks,dress,strawberry,socks,dress,6966.035773515701,2021-12-01T16:09:57.810000,1638368031.7742264
8,28,18,28,Validation,2,ed96f57b159b63f2,0.878000020980835,0.1380000114440918,1638374998.824,18,night,strawberry,far,night,strawberry,night,strawberry,far,night,strawberry,6967.049773454666,2021-12-01T16:09:58.824000,1638368031.7742264
24,18,11,18,Validation,3,ed96f57b159b63f2,1.5069999694824219,0.08100008964538574,1638375000.414,11,strawberry,disgust,sunset,strawberry,disgust,strawberry,disgust,sunset,strawberry,disgust,6968.639773607254,2021-12-01T16:10:00.414000,1638368031.7742264
2,16,8,8,Validation,5,ed96f57b159b63f2,2.195000171661377,0.07399988174438477,1638375002.735,16,lemon,far,shirt,far,lemon,lemon,far,shirt,far,lemon,6970.960773468018,2021-12-01T16:10:02.735000,1638368031.7742264
25,21,26,21,Validation,6,ed96f57b159b63f2,0.8899998664855957,0.13199996948242188,1638375003.703,26,field,day,dawn,field,day,field,day,dawn,field,day,6971.928773641586,2021-12-01T16:10:03.703000,1638368031.7742264
20,27,5,27,Validation,7,ed96f57b159b63f2,1.2949998378753662,0.07700014114379883,1638375005.074,5,dusk,above,beach,dusk,above,dusk,above,beach,dusk,above,6973.299773454666,2021-12-01T16:10:05.074000,1638368031.7742264
17,2,7,2,Random,-9999,d612ac8a0587238b,5.06499981880188,0.19300007820129395,1638375005.172,7,shirt,beside,mango,shirt,beside,shirt,beside,mango,shirt,beside,6973.397773504257,2021-12-01T16:10:05.172000,1638368031.7742264
5,13,26,13,Validation,8,ed96f57b159b63f2,0.8870000839233398,0.07800006866455078,1638375006.04,26,happy,day,above,happy,day,happy,day,above,happy,day,6974.265773534775,2021-12-01T16:10:06.040000,1638368031.7742264
10,20,0,20,Validation,9,ed96f57b159b63f2,1.9550001621246338,0.07399988174438477,1638375008.163,0,beach,dress,angry,beach,dress,beach,dress,angry,beach,dress,6976.388773679733,2021-12-01T16:10:08.163000,1638368031.7742264
25,11,23,23,Random,-9999,d612ac8a0587238b,2.8929998874664307,0.17300009727478027,1638375008.319,11,disgust,sky,dawn,sky,disgust,disgust,sky,dawn,sky,disgust,6976.544773578644,2021-12-01T16:10:08.319000,1638368031.7742264
14,5,23,23,Validation,10,ed96f57b159b63f2,1.2230000495910645,0.1639997959136963,1638375009.457,5,above,sky,sad,sky,above,above,sky,sad,sky,above,6977.682773590088,2021-12-01T16:10:09.457000,1638368031.7742264
23,27,29,27,Validation,11,ed96f57b159b63f2,1.6019999980926514,0.07599997520446777,1638375011.133,29,dusk,noon,sky,dusk,noon,dusk,noon,sky,dusk,noon,6979.358773469925,2021-12-01T16:10:11.133000,1638368031.7742264
29,8,1,8,Random,-9999,d612ac8a0587238b,2.884000062942505,0.19899988174438477,1638375011.447,1,far,pants,noon,far,pants,far,pants,noon,far,pants,6979.672773599625,2021-12-01T16:10:11.447000,1638368031.7742264
21,15,28,28,Validation,12,ed96f57b159b63f2,1.9500000476837158,0.07500004768371582,1638375013.258,15,blueberry,night,field,night,blueberry,blueberry,night,field,night,blueberry,6981.483773469925,2021-12-01T16:10:13.258000,1638368031.7742264
2,1,21,1,Random,-9999,d612ac8a0587238b,1.9100000858306885,0.2369999885559082,1638375013.441,21,pants,field,shirt,pants,field,pants,field,shirt,pants,field,6981.666773557663,2021-12-01T16:10:13.441000,1638368031.7742264
16,7,28,7,Validation,13,ed96f57b159b63f2,1.2819998264312744,0.16700005531311035,1638375014.605,28,beside,night,lemon,beside,night,beside,night,lemon,beside,night,6982.830773591995,2021-12-01T16:10:14.605000,1638368031.7742264
5,14,8,14,Validation,14,ed96f57b159b63f2,1.1480000019073486,0.07500004768371582,1638375015.83,8,sad,far,above,sad,far,sad,far,above,sad,far,6984.055773496628,2021-12-01T16:10:15.830000,1638368031.7742264
8,15,7,7,Validation,15,ed96f57b159b63f2,1.0499999523162842,0.07500004768371582,1638375016.951,15,blueberry,beside,far,beside,blueberry,blueberry,beside,far,beside,blueberry,6985.176773548126,2021-12-01T16:10:16.951000,1638368031.7742264
29,26,15,15,Validation,16,ed96f57b159b63f2,0.8199999332427979,0.07299995422363281,1638375017.848,26,day,blueberry,noon,blueberry,day,day,blueberry,noon,blueberry,day,6986.073773622513,2021-12-01T16:10:17.848000,1638368031.7742264
3,28,24,28,Random,-9999,d612ac8a0587238b,4.7829999923706055,0.08099985122680664,1638375018.389,24,night,sunset,shoes,night,sunset,night,sunset,shoes,night,sunset,6986.614773511887,2021-12-01T16:10:18.389000,1638368031.7742264
5,20,27,20,Validation,17,ed96f57b159b63f2,0.9890000820159912,0.07400012016296387,1638375018.908,27,beach,dusk,above,beach,dusk,beach,dusk,above,beach,dusk,6987.133773565292,2021-12-01T16:10:18.908000,1638368031.7742264
29,1,12,1,Validation,18,ed96f57b159b63f2,0.6050000190734863,0.07299995422363281,1638375019.585,12,pants,fearful,noon,pants,fearful,pants,fearful,noon,pants,fearful,6987.810773611069,2021-12-01T16:10:19.585000,1638368031.7742264
7,16,19,16,Validation,19,ed96f57b159b63f2,1.0920000076293945,0.07399988174438477,1638375020.752,19,lemon,watermelon,beside,lemon,watermelon,lemon,watermelon,beside,lemon,watermelon,6988.977773666382,2021-12-01T16:10:20.752000,1638368031.7742264
20,5,27,27,Validation,0,ed96f57b159b63f2,5.26800012588501,0.07299995422363281,1638375026.15,5,above,dusk,beach,dusk,above,above,dusk,beach,dusk,above,6994.375773668289,2021-12-01T16:10:26.150000,1638368031.7742264
2,16,8,16,Validation,1,ed96f57b159b63f2,0.6150000095367432,0.1360001564025879,1638375026.848,8,lemon,far,shirt,lemon,far,lemon,far,shirt,lemon,far,6995.073773622513,2021-12-01T16:10:26.848000,1638368031.7742264
7,2,4,4,Random,-9999,d612ac8a0587238b,9.486000061035156,0.17600011825561523,1638375028.017,2,shirt,socks,beside,socks,shirt,shirt,socks,beside,socks,shirt,6996.242773532867,2021-12-01T16:10:28.017000,1638368031.7742264
29,26,15,26,Validation,3,ed96f57b159b63f2,1.7739999294281006,0.1490001678466797,1638375028.776,15,day,blueberry,noon,day,blueberry,day,blueberry,noon,day,blueberry,6997.00177359581,2021-12-01T16:10:28.776000,1638368031.7742264
21,15,28,15,Validation,4,ed96f57b159b63f2,0.9440000057220459,0.07999992370605469,1638375029.795,28,blueberry,night,field,blueberry,night,blueberry,night,field,blueberry,night,6998.020773649216,2021-12-01T16:10:29.795000,1638368031.7742264
12,17,0,0,Random,-9999,d612ac8a0587238b,2.43999981880188,0.14800000190734863,1638375030.609,17,mango,dress,fearful,dress,mango,mango,dress,fearful,dress,mango,6998.834773540497,2021-12-01T16:10:30.609000,1638368031.7742264
14,23,5,23,Validation,5,ed96f57b159b63f2,2.057000160217285,0.07599997520446777,1638375031.984,5,sky,above,sad,sky,above,sky,above,sad,sky,above,7000.209773540497,2021-12-01T16:10:31.984000,1638368031.7742264
10,20,0,20,Validation,6,ed96f57b159b63f2,0.8939998149871826,0.13100004196166992,1638375032.947,0,beach,dress,angry,beach,dress,beach,dress,angry,beach,dress,7001.172773599625,2021-12-01T16:10:32.947000,1638368031.7742264
24,23,20,20,Validation,7,ed96f57b159b63f2,0.9360001087188721,0.07200002670288086,1638375033.955,23,sky,beach,sunset,beach,sky,sky,beach,sunset,beach,sky,7002.180773496628,2021-12-01T16:10:33.955000,1638368031.7742264
7,20,0,20,Random,-9999,d612ac8a0587238b,3.9000000953674316,0.14100003242492676,1638375034.648,0,beach,dress,beside,beach,dress,beach,dress,beside,beach,dress,7002.873773574829,2021-12-01T16:10:34.648000,1638368031.7742264
14,15,27,15,Validation,8,ed96f57b159b63f2,0.9499998092651367,0.07899999618530273,1638375034.984,27,blueberry,dusk,sad,blueberry,dusk,blueberry,dusk,sad,blueberry,dusk,7003.209773540497,2021-12-01T16:10:34.984000,1638368031.7742264
8,15,7,15,Validation,9,ed96f57b159b63f2,0.753000020980835,0.07999992370605469,1638375035.816,7,blueberry,beside,far,blueberry,beside,blueberry,beside,far,blueberry,beside,7004.041773557663,2021-12-01T16:10:35.816000,1638368031.7742264
14,18,8,8,Random,-9999,d612ac8a0587238b,1.8580000400543213,0.1359999179840088,1638375036.58,18,strawberry,far,sad,far,strawberry,strawberry,far,sad,far,strawberry,7004.805773496628,2021-12-01T16:10:36.580000,1638368031.7742264
25,26,21,26,Validation,10,ed96f57b159b63f2,0.747999906539917,0.07500004768371582,1638375036.639,21,day,field,dawn,day,field,day,field,dawn,day,field,7004.864773511887,2021-12-01T16:10:36.639000,1638368031.7742264
16,28,7,7,Validation,11,ed96f57b159b63f2,0.872999906539917,0.07400012016296387,1638375037.585,28,night,beside,lemon,beside,night,night,beside,lemon,beside,night,7005.810773611069,2021-12-01T16:10:37.585000,1638368031.7742264
24,11,18,11,Validation,12,ed96f57b159b63f2,0.8659999370574951,0.07500004768371582,1638375038.528,18,disgust,strawberry,sunset,disgust,strawberry,disgust,strawberry,sunset,disgust,strawberry,7006.75377368927,2021-12-01T16:10:38.528000,1638368031.7742264
9,28,16,28,Random,-9999,d612ac8a0587238b,2.2289998531341553,0.07299995422363281,1638375038.94,16,night,lemon,near,night,lemon,night,lemon,near,night,lemon,7007.165773630142,2021-12-01T16:10:38.940000,1638368031.7742264
8,28,18,28,Validation,13,ed96f57b159b63f2,0.8319997787475586,0.07600021362304688,1638375039.434,18,night,strawberry,far,night,strawberry,night,strawberry,far,night,strawberry,7007.6597735881805,2021-12-01T16:10:39.434000,1638368031.7742264
17,20,18,18,Random,-9999,d612ac8a0587238b,1.7690000534057617,0.13499999046325684,1638375040.787,20,beach,strawberry,mango,strawberry,beach,beach,strawberry,mango,strawberry,beach,7009.012773513794,2021-12-01T16:10:40.787000,1638368031.7742264
18,4,0,4,Validation,14,ed96f57b159b63f2,1.690999984741211,0.07500004768371582,1638375041.2,0,socks,dress,strawberry,socks,dress,socks,dress,strawberry,socks,dress,7009.4257736206055,2021-12-01T16:10:41.200000,1638368031.7742264
13,26,24,26,Random,-9999,d612ac8a0587238b,2.070000171661377,0.07799983024597168,1638375042.988,24,day,sunset,happy,day,sunset,day,sunset,happy,day,sunset,7011.213773488998,2021-12-01T16:10:42.988000,1638368031.7742264
5,26,13,26,Validation,15,ed96f57b159b63f2,1.7769999504089355,0.07300019264221191,1638375043.05,13,day,happy,above,day,happy,day,happy,above,day,happy,7011.275773525238,2021-12-01T16:10:43.050000,1638368031.7742264
23,27,29,29,Validation,16,ed96f57b159b63f2,1.2820000648498535,0.07599997520446777,1638375044.409,27,dusk,noon,sky,noon,dusk,dusk,noon,sky,noon,dusk,7012.634773492813,2021-12-01T16:10:44.409000,1638368031.7742264
18,8,26,26,Random,-9999,d612ac8a0587238b,1.9649999141693115,0.13299989700317383,1638375045.123,8,far,day,strawberry,day,far,far,day,strawberry,day,far,7013.348773479462,2021-12-01T16:10:45.123000,1638368031.7742264
5,27,20,27,Validation,17,ed96f57b159b63f2,2.378000020980835,0.07500004768371582,1638375046.916,20,dusk,beach,above,dusk,beach,dusk,beach,above,dusk,beach,7015.1417734622955,2021-12-01T16:10:46.916000,1638368031.7742264
5,14,8,14,Validation,18,ed96f57b159b63f2,0.9460000991821289,0.13199996948242188,1638375047.938,8,sad,far,above,sad,far,sad,far,above,sad,far,7016.163773536682,2021-12-01T16:10:47.938000,1638368031.7742264
7,16,19,19,Validation,19,ed96f57b159b63f2,0.9419999122619629,0.07299995422363281,1638375048.955,16,lemon,watermelon,beside,watermelon,lemon,lemon,watermelon,beside,watermelon,lemon,7017.180773496628,2021-12-01T16:10:48.955000,1638368031.7742264
29,24,12,24,Random,-9999,d612ac8a0587238b,4.5970001220703125,0.1770000457763672,1638375049.888,12,sunset,fearful,noon,sunset,fearful,sunset,fearful,noon,sunset,fearful,7018.113773584366,2021-12-01T16:10:49.888000,1638368031.7742264
25,26,21,26,Validation,0,ed96f57b159b63f2,0.8960001468658447,0.07599997520446777,1638375049.925,21,day,field,dawn,day,field,day,field,dawn,day,field,7018.150773525238,2021-12-01T16:10:49.925000,1638368031.7742264
7,19,16,16,Validation,1,ed96f57b159b63f2,1.178999900817871,0.07299995422363281,1638375051.179,19,watermelon,lemon,beside,lemon,watermelon,watermelon,lemon,beside,lemon,watermelon,7019.40477347374,2021-12-01T16:10:51.179000,1638368031.7742264
21,24,0,24,Random,-9999,d612ac8a0587238b,1.9730000495910645,0.15899991989135742,1638375052.014,0,sunset,dress,field,sunset,dress,sunset,dress,field,sunset,dress,7020.239773511887,2021-12-01T16:10:52.014000,1638368031.7742264
10,20,0,20,Validation,2,ed96f57b159b63f2,0.8000001907348633,0.07899999618530273,1638375052.056,0,beach,dress,angry,beach,dress,beach,dress,angry,beach,dress,7020.2817735672,2021-12-01T16:10:52.056000,1638368031.7742264
29,12,1,12,Validation,3,ed96f57b159b63f2,2.8420000076293945,0.07400012016296387,1638375055.1,1,fearful,pants,noon,fearful,pants,fearful,pants,noon,fearful,pants,7023.325773477554,2021-12-01T16:10:55.100000,1638368031.7742264
19,11,21,21,Random,-9999,d612ac8a0587238b,3.368000030517578,0.25099992752075195,1638375055.62,11,disgust,field,watermelon,field,disgust,disgust,field,watermelon,field,disgust,7023.845773458481,2021-12-01T16:10:55.620000,1638368031.7742264
16,28,7,28,Validation,4,ed96f57b159b63f2,0.8190000057220459,0.24499988555908203,1638375056.035,7,night,beside,lemon,night,beside,night,beside,lemon,night,beside,7024.260773658752,2021-12-01T16:10:56.035000,1638368031.7742264
20,27,5,27,Validation,5,ed96f57b159b63f2,0.6759998798370361,0.10400009155273438,1638375056.817,5,dusk,above,beach,dusk,above,dusk,above,beach,dusk,above,7025.042773485184,2021-12-01T16:10:56.817000,1638368031.7742264
21,8,10,8,Random,-9999,d612ac8a0587238b,1.9749999046325684,0.1809999942779541,1638375057.77,10,far,angry,field,far,angry,far,angry,field,far,angry,7025.995773553848,2021-12-01T16:10:57.770000,1638368031.7742264
29,15,26,26,Validation,6,ed96f57b159b63f2,0.8960001468658447,0.0820000171661377,1638375057.795,15,blueberry,day,noon,day,blueberry,blueberry,day,noon,day,blueberry,7026.020773649216,2021-12-01T16:10:57.795000,1638368031.7742264
24,18,11,18,Validation,7,ed96f57b159b63f2,0.6749999523162842,0.09099984169006348,1638375058.558,11,strawberry,disgust,sunset,strawberry,disgust,strawberry,disgust,sunset,strawberry,disgust,7026.78377366066,2021-12-01T16:10:58.558000,1638368031.7742264
23,27,29,27,Validation,8,ed96f57b159b63f2,0.6330001354217529,0.07500004768371582,1638375059.269,29,dusk,noon,sky,dusk,noon,dusk,noon,sky,dusk,noon,7027.4947736263275,2021-12-01T16:10:59.269000,1638368031.7742264
18,16,15,15,Random,-9999,d612ac8a0587238b,1.751000165939331,0.1679999828338623,1638375059.637,16,lemon,blueberry,strawberry,blueberry,lemon,lemon,blueberry,strawberry,blueberry,lemon,7027.862773656845,2021-12-01T16:10:59.637000,1638368031.7742264
24,20,23,20,Validation,9,ed96f57b159b63f2,1.0120000839233398,0.07399988174438477,1638375060.353,23,beach,sky,sunset,beach,sky,beach,sky,sunset,beach,sky,7028.578773498535,2021-12-01T16:11:00.353000,1638368031.7742264
5,14,8,8,Validation,10,ed96f57b159b63f2,0.7060000896453857,0.07999992370605469,1638375061.138,14,sad,far,above,far,sad,sad,far,above,far,sad,7029.363773584366,2021-12-01T16:11:01.138000,1638368031.7742264
23,9,10,9,Random,-9999,d612ac8a0587238b,2.6519999504089355,0.08099985122680664,1638375062.437,10,near,angry,sky,near,angry,near,angry,sky,near,angry,7030.662773609161,2021-12-01T16:11:02.437000,1638368031.7742264
5,26,13,26,Validation,11,ed96f57b159b63f2,1.9699997901916504,0.07600021362304688,1638375063.265,13,day,happy,above,day,happy,day,happy,above,day,happy,7031.490773677826,2021-12-01T16:11:03.265000,1638368031.7742264
14,15,27,27,Validation,12,ed96f57b159b63f2,0.6519999504089355,0.15400004386901855,1638375063.995,15,blueberry,dusk,sad,dusk,blueberry,blueberry,dusk,sad,dusk,blueberry,7032.220773458481,2021-12-01T16:11:03.995000,1638368031.7742264
22,6,24,6,Random,-9999,d612ac8a0587238b,2.552999973297119,0.15700006484985352,1638375065.129,24,below,sunset,ocean,below,sunset,below,sunset,ocean,below,sunset,7033.354773521423,2021-12-01T16:11:05.129000,1638368031.7742264
21,28,15,28,Validation,13,ed96f57b159b63f2,1.1180000305175781,0.07700014114379883,1638375065.191,15,night,blueberry,field,night,blueberry,night,blueberry,field,night,blueberry,7033.416773557663,2021-12-01T16:11:05.191000,1638368031.7742264
6,10,24,24,Random,-9999,d612ac8a0587238b,3.5999999046325684,0.14100003242492676,1638375068.869,10,angry,sunset,below,sunset,angry,angry,sunset,below,sunset,angry,7037.09477353096,2021-12-01T16:11:08.869000,1638368031.7742264
13,4,22,22,Random,-9999,d612ac8a0587238b,1.6559998989105225,0.13400006294250488,1638375070.612,4,socks,ocean,happy,ocean,socks,socks,ocean,happy,ocean,socks,7038.837773561478,2021-12-01T16:11:10.612000,1638368031.7742264
2,8,29,29,Random,-9999,d612ac8a0587238b,7.0950000286102295,0.0839998722076416,1638375078.067,8,far,noon,shirt,noon,far,far,noon,shirt,noon,far,7046.292773485184,2021-12-01T16:11:18.067000,1638368031.7742264
23,6,25,25,Random,-9999,d612ac8a0587238b,2.056999921798706,0.35899996757507324,1638375080.259,6,below,dawn,sky,dawn,below,below,dawn,sky,dawn,below,7048.484773635864,2021-12-01T16:11:20.259000,1638368031.7742264
22,0,7,7,Random,-9999,d612ac8a0587238b,2.063000202178955,0.07599997520446777,1638375082.404,0,dress,beside,ocean,beside,dress,dress,beside,ocean,beside,dress,7050.629773616791,2021-12-01T16:11:22.404000,1638368031.7742264
6,3,22,3,Random,-9999,d612ac8a0587238b,8.878999948501587,0.14899992942810059,1638375091.427,22,shoes,ocean,below,shoes,ocean,shoes,ocean,below,shoes,ocean,7059.652773618698,2021-12-01T16:11:31.427000,1638368031.7742264
12,17,20,20,Random,-9999,d612ac8a0587238b,1.9000000953674316,0.14100003242492676,1638375093.403,17,mango,beach,fearful,beach,mango,mango,beach,fearful,beach,mango,7061.62877368927,2021-12-01T16:11:33.403000,1638368031.7742264
14,23,5,5,Validation,14,ed96f57b159b63f2,30.685999870300293,0.07700014114379883,1638375096.013,23,sky,above,sad,above,sky,sky,above,sad,above,sky,7064.238773584366,2021-12-01T16:11:36.013000,1638368031.7742264
1,12,7,7,Random,-9999,d612ac8a0587238b,2.9630000591278076,0.07799983024597168,1638375096.511,12,fearful,beside,pants,beside,fearful,fearful,beside,pants,beside,fearful,7064.736773490906,2021-12-01T16:11:36.511000,1638368031.7742264
5,27,20,27,Validation,15,ed96f57b159b63f2,0.5789999961853027,0.1360001564025879,1638375096.665,20,dusk,beach,above,dusk,beach,dusk,beach,above,dusk,beach,7064.890773534775,2021-12-01T16:11:36.665000,1638368031.7742264
21,14,24,24,Random,-9999,d612ac8a0587238b,1.4849998950958252,0.15000009536743164,1638375098.078,14,sad,sunset,field,sunset,sad,sad,sunset,field,sunset,sad,7066.303773641586,2021-12-01T16:11:38.078000,1638368031.7742264
18,0,4,4,Validation,16,ed96f57b159b63f2,1.8489999771118164,0.08100008964538574,1638375098.594,0,dress,socks,strawberry,socks,dress,dress,socks,strawberry,socks,dress,7066.819773674011,2021-12-01T16:11:38.594000,1638368031.7742264
8,18,28,18,Validation,17,ed96f57b159b63f2,1.61899995803833,0.07400012016296387,1638375100.286,28,strawberry,night,far,strawberry,night,strawberry,night,far,strawberry,night,7068.511773586273,2021-12-01T16:11:40.286000,1638368031.7742264
0,16,5,16,Random,-9999,d612ac8a0587238b,3.0169999599456787,0.07400012016296387,1638375101.228,5,lemon,above,dress,lemon,above,lemon,above,dress,lemon,above,7069.453773498535,2021-12-01T16:11:41.228000,1638368031.7742264
2,16,8,8,Validation,18,ed96f57b159b63f2,1.2129998207092285,0.07500004768371582,1638375101.573,16,lemon,far,shirt,far,lemon,lemon,far,shirt,far,lemon,7069.798773527145,2021-12-01T16:11:41.573000,1638368031.7742264
8,7,15,7,Validation,19,ed96f57b159b63f2,0.5920000076293945,0.07200002670288086,1638375102.243,15,beside,blueberry,far,beside,blueberry,beside,blueberry,far,beside,blueberry,7070.468773603439,2021-12-01T16:11:42.243000,1638368031.7742264
14,15,27,27,Validation,0,ed96f57b159b63f2,0.6210000514984131,0.07899999618530273,1638375102.938,15,blueberry,dusk,sad,dusk,blueberry,blueberry,dusk,sad,dusk,blueberry,7071.163773536682,2021-12-01T16:11:42.938000,1638368031.7742264
25,15,6,6,Random,-9999,d612ac8a0587238b,2.451000213623047,0.13499999046325684,1638375103.82,15,blueberry,below,dawn,below,blueberry,blueberry,below,dawn,below,blueberry,7072.045773506165,2021-12-01T16:11:43.820000,1638368031.7742264
24,20,23,20,Validation,1,ed96f57b159b63f2,1.2060000896453857,0.07399988174438477,1638375104.217,23,beach,sky,sunset,beach,sky,beach,sky,sunset,beach,sky,7072.442773580551,2021-12-01T16:11:44.217000,1638368031.7742264
17,21,28,21,Random,-9999,d612ac8a0587238b,1.8980000019073486,0.14399981498718262,1638375105.806,28,field,night,mango,field,night,field,night,mango,field,night,7074.0317735672,2021-12-01T16:11:45.806000,1638368031.7742264
29,15,26,26,Validation,2,ed96f57b159b63f2,1.933000087738037,0.07599997520446777,1638375106.226,15,blueberry,day,noon,day,blueberry,blueberry,day,noon,day,blueberry,7074.451773643494,2021-12-01T16:11:46.226000,1638368031.7742264
22,27,9,9,Random,-9999,d612ac8a0587238b,2.185999870300293,0.0840001106262207,1638375108.123,27,dusk,near,ocean,near,dusk,dusk,near,ocean,near,dusk,7076.348773479462,2021-12-01T16:11:48.123000,1638368031.7742264
29,12,1,1,Validation,3,ed96f57b159b63f2,2.2860000133514404,0.1359999179840088,1638375108.65,12,fearful,pants,noon,pants,fearful,fearful,pants,noon,pants,fearful,7076.875773668289,2021-12-01T16:11:48.650000,1638368031.7742264
20,5,27,5,Validation,4,ed96f57b159b63f2,1.5749998092651367,0.13400006294250488,1638375110.36,27,above,dusk,beach,above,dusk,above,dusk,beach,above,dusk,7078.585773468018,2021-12-01T16:11:50.360000,1638368031.7742264
10,18,19,19,Random,-9999,d612ac8a0587238b,3.4769999980926514,0.13499999046325684,1638375111.735,18,strawberry,watermelon,angry,watermelon,strawberry,strawberry,watermelon,angry,watermelon,strawberry,7079.960773468018,2021-12-01T16:11:51.735000,1638368031.7742264
7,19,16,19,Validation,5,ed96f57b159b63f2,1.876000165939331,0.07500004768371582,1638375112.309,16,watermelon,lemon,beside,watermelon,lemon,watermelon,lemon,beside,watermelon,lemon,7080.5347735881805,2021-12-01T16:11:52.309000,1638368031.7742264
10,20,0,0,Validation,6,ed96f57b159b63f2,1.0260000228881836,0.07399988174438477,1638375113.414,20,beach,dress,angry,dress,beach,beach,dress,angry,dress,beach,7081.639773607254,2021-12-01T16:11:53.414000,1638368031.7742264
6,12,13,12,Random,-9999,d612ac8a0587238b,2.736999988555908,0.13400006294250488,1638375114.613,13,fearful,happy,below,fearful,happy,fearful,happy,below,fearful,happy,7082.838773488998,2021-12-01T16:11:54.613000,1638368031.7742264
8,28,18,18,Validation,7,ed96f57b159b63f2,1.2139999866485596,0.08500003814697266,1638375114.707,28,night,strawberry,far,strawberry,night,night,strawberry,far,strawberry,night,7082.932773590088,2021-12-01T16:11:54.707000,1638368031.7742264
16,3,0,0,Random,-9999,d612ac8a0587238b,1.7569999694824219,0.13899993896484375,1638375116.445,3,shoes,dress,lemon,dress,shoes,shoes,dress,lemon,dress,shoes,7084.670773506165,2021-12-01T16:11:56.445000,1638368031.7742264
5,14,8,8,Validation,8,ed96f57b159b63f2,2.24399995803833,0.07299995422363281,1638375117.081,14,sad,far,above,far,sad,sad,far,above,far,sad,7085.306773662567,2021-12-01T16:11:57.081000,1638368031.7742264
27,24,3,24,Random,-9999,d612ac8a0587238b,1.688999891281128,0.07599997520446777,1638375118.213,3,sunset,shoes,dusk,sunset,shoes,sunset,shoes,dusk,sunset,shoes,7086.43877363205,2021-12-01T16:11:58.213000,1638368031.7742264
5,20,27,20,Validation,9,ed96f57b159b63f2,1.8970000743865967,0.13199996948242188,1638375119.057,27,beach,dusk,above,beach,dusk,beach,dusk,above,beach,dusk,7087.2827734947205,2021-12-01T16:11:59.057000,1638368031.7742264
21,8,7,8,Random,-9999,d612ac8a0587238b,1.6600000858306885,0.08100008964538574,1638375119.955,7,far,beside,field,far,beside,far,beside,field,far,beside,7088.180773496628,2021-12-01T16:11:59.955000,1638368031.7742264
16,7,28,7,Validation,10,ed96f57b159b63f2,1.6610000133514404,0.07599997520446777,1638375120.788,28,beside,night,lemon,beside,night,beside,night,lemon,beside,night,7089.013773679733,2021-12-01T16:12:00.788000,1638368031.7742264
8,7,15,15,Validation,11,ed96f57b159b63f2,1.7879998683929443,0.0710000991821289,1638375122.652,7,beside,blueberry,far,blueberry,beside,beside,blueberry,far,blueberry,beside,7090.877773523331,2021-12-01T16:12:02.652000,1638368031.7742264
25,21,26,21,Validation,12,ed96f57b159b63f2,1.8339998722076416,0.07400012016296387,1638375124.558,26,field,day,dawn,field,day,field,day,dawn,field,day,7092.78377366066,2021-12-01T16:12:04.558000,1638368031.7742264
29,13,27,13,Random,-9999,d612ac8a0587238b,4.881999969482422,0.08099985122680664,1638375124.973,27,happy,dusk,noon,happy,dusk,happy,dusk,noon,happy,dusk,7093.198773622513,2021-12-01T16:12:04.973000,1638368031.7742264
18,0,4,4,Validation,13,ed96f57b159b63f2,1.431999921798706,0.07500004768371582,1638375126.069,0,dress,socks,strawberry,socks,dress,dress,socks,strawberry,socks,dress,7094.294773578644,2021-12-01T16:12:06.069000,1638368031.7742264
23,29,27,29,Validation,14,ed96f57b159b63f2,1.5899999141693115,0.08000016212463379,1638375127.735,27,noon,dusk,sky,noon,dusk,noon,dusk,sky,noon,dusk,7095.960773468018,2021-12-01T16:12:07.735000,1638368031.7742264
22,11,12,12,Random,-9999,d612ac8a0587238b,2.7749998569488525,0.1360001564025879,1638375127.881,11,disgust,fearful,ocean,fearful,disgust,disgust,fearful,ocean,fearful,disgust,7096.106773614883,2021-12-01T16:12:07.881000,1638368031.7742264
24,11,18,18,Validation,15,ed96f57b159b63f2,1.4070000648498535,0.07299995422363281,1638375129.214,11,disgust,strawberry,sunset,strawberry,disgust,disgust,strawberry,sunset,strawberry,disgust,7097.43977355957,2021-12-01T16:12:09.214000,1638368031.7742264
5,13,26,13,Validation,16,ed96f57b159b63f2,1.3519999980926514,0.07500004768371582,1638375130.64,26,happy,day,above,happy,day,happy,day,above,happy,day,7098.865773677826,2021-12-01T16:12:10.640000,1638368031.7742264
20,19,22,19,Random,-9999,d612ac8a0587238b,3.0190000534057617,0.1380000114440918,1638375131.041,22,watermelon,ocean,beach,watermelon,ocean,watermelon,ocean,beach,watermelon,ocean,7099.2667734622955,2021-12-01T16:12:11.041000,1638368031.7742264
21,15,28,15,Validation,17,ed96f57b159b63f2,0.8470001220703125,0.07299995422363281,1638375131.559,28,blueberry,night,field,blueberry,night,blueberry,night,field,blueberry,night,7099.7847735881805,2021-12-01T16:12:11.559000,1638368031.7742264
14,5,23,23,Validation,18,ed96f57b159b63f2,1.125,0.07499980926513672,1638375132.758,5,above,sky,sad,sky,above,above,sky,sad,sky,above,7100.983773469925,2021-12-01T16:12:12.758000,1638368031.7742264
2,7,24,24,Random,-9999,d612ac8a0587238b,1.7619998455047607,0.14100003242492676,1638375132.887,7,beside,sunset,shirt,sunset,beside,beside,sunset,shirt,sunset,beside,7101.112773656845,2021-12-01T16:12:12.887000,1638368031.7742264
2,16,8,8,Validation,19,ed96f57b159b63f2,1.2599999904632568,0.0710000991821289,1638375134.088,16,lemon,far,shirt,far,lemon,lemon,far,shirt,far,lemon,7102.31377363205,2021-12-01T16:12:14.088000,1638368031.7742264
7,22,28,22,Random,-9999,d612ac8a0587238b,3.5149998664855957,0.08000016212463379,1638375136.534,28,ocean,night,beside,ocean,night,ocean,night,beside,ocean,night,7104.759773492813,2021-12-01T16:12:16.534000,1638368031.7742264
5,14,8,14,Validation,0,ed96f57b159b63f2,3.310999870300293,0.07200002670288086,1638375137.527,8,sad,far,above,sad,far,sad,far,above,sad,far,7105.752773523331,2021-12-01T16:12:17.527000,1638368031.7742264
24,20,23,23,Validation,1,ed96f57b159b63f2,0.8940000534057617,0.13000011444091797,1638375138.498,20,beach,sky,sunset,sky,beach,beach,sky,sunset,sky,beach,7106.723773479462,2021-12-01T16:12:18.498000,1638368031.7742264
22,6,9,6,Random,-9999,d612ac8a0587238b,2.3989999294281006,0.13299989700317383,1638375139.072,9,below,near,ocean,below,near,below,near,ocean,below,near,7107.297773599625,2021-12-01T16:12:19.072000,1638368031.7742264
20,27,5,5,Validation,2,ed96f57b159b63f2,1.1749999523162842,0.07200002670288086,1638375139.745,27,dusk,above,beach,above,dusk,dusk,above,beach,above,dusk,7107.970773458481,2021-12-01T16:12:19.745000,1638368031.7742264
15,11,4,4,Random,-9999,d612ac8a0587238b,0.6979999542236328,0.1400001049041748,1638375139.851,11,disgust,socks,blueberry,socks,disgust,disgust,socks,blueberry,socks,disgust,7108.076773643494,2021-12-01T16:12:19.851000,1638368031.7742264
18,11,21,11,Random,-9999,d612ac8a0587238b,0.562000036239624,0.07999992370605469,1638375140.492,21,disgust,field,strawberry,disgust,field,disgust,field,strawberry,disgust,field,7108.717773675919,2021-12-01T16:12:20.492000,1638368031.7742264
8,7,15,7,Validation,3,ed96f57b159b63f2,0.9809999465942383,0.07699990272521973,1638375140.804,15,beside,blueberry,far,beside,blueberry,beside,blueberry,far,beside,blueberry,7109.02977347374,2021-12-01T16:12:20.804000,1638368031.7742264
7,23,17,17,Random,-9999,d612ac8a0587238b,0.5630002021789551,0.07999992370605469,1638375141.128,23,sky,mango,beside,mango,sky,sky,mango,beside,mango,sky,7109.353773593903,2021-12-01T16:12:21.128000,1638368031.7742264
16,7,28,7,Validation,4,ed96f57b159b63f2,0.7130000591278076,0.0820000171661377,1638375141.594,28,beside,night,lemon,beside,night,beside,night,lemon,beside,night,7109.819773674011,2021-12-01T16:12:21.594000,1638368031.7742264
5,19,18,18,Random,-9999,d612ac8a0587238b,0.5510001182556152,0.0839998722076416,1638375141.769,19,watermelon,strawberry,above,strawberry,watermelon,watermelon,strawberry,above,strawberry,watermelon,7109.9947736263275,2021-12-01T16:12:21.769000,1638368031.7742264
28,2,13,2,Random,-9999,d612ac8a0587238b,0.5980000495910645,0.08599996566772461,1638375142.447,13,shirt,happy,night,shirt,happy,shirt,happy,night,shirt,happy,7110.672773599625,2021-12-01T16:12:22.447000,1638368031.7742264
21,15,28,28,Validation,5,ed96f57b159b63f2,0.8870000839233398,0.07200002670288086,1638375142.556,15,blueberry,night,field,night,blueberry,blueberry,night,field,night,blueberry,7110.7817735672,2021-12-01T16:12:22.556000,1638368031.7742264
21,26,3,26,Random,-9999,d612ac8a0587238b,0.5490000247955322,0.07700014114379883,1638375143.077,3,day,shoes,field,day,shoes,day,shoes,field,day,shoes,7111.302773475647,2021-12-01T16:12:23.077000,1638368031.7742264
14,15,27,27,Validation,6,ed96f57b159b63f2,0.937999963760376,0.07400012016296387,1638375143.567,15,blueberry,dusk,sad,dusk,blueberry,blueberry,dusk,sad,dusk,blueberry,7111.792773485184,2021-12-01T16:12:23.567000,1638368031.7742264
27,14,18,18,Random,-9999,d612ac8a0587238b,0.5879998207092285,0.07899999618530273,1638375143.748,14,sad,strawberry,dusk,strawberry,sad,sad,strawberry,dusk,strawberry,sad,7111.973773479462,2021-12-01T16:12:23.748000,1638368031.7742264
17,16,8,8,Random,-9999,d612ac8a0587238b,0.4100000858306885,0.08599996566772461,1638375144.242,16,lemon,far,mango,far,lemon,lemon,far,mango,far,lemon,7112.467773675919,2021-12-01T16:12:24.242000,1638368031.7742264
29,26,15,26,Validation,7,ed96f57b159b63f2,0.9449999332427979,0.07299995422363281,1638375144.587,15,day,blueberry,noon,day,blueberry,day,blueberry,noon,day,blueberry,7112.81277346611,2021-12-01T16:12:24.587000,1638368031.7742264
3,15,25,25,Random,-9999,d612ac8a0587238b,0.5929999351501465,0.0820000171661377,1638375144.915,15,blueberry,dawn,shoes,dawn,blueberry,blueberry,dawn,shoes,dawn,blueberry,7113.140773534775,2021-12-01T16:12:24.915000,1638368031.7742264
2,8,16,8,Validation,8,ed96f57b159b63f2,0.628000020980835,0.07300019264221191,1638375145.285,16,far,lemon,shirt,far,lemon,far,lemon,shirt,far,lemon,7113.510773658752,2021-12-01T16:12:25.285000,1638368031.7742264
19,12,7,12,Random,-9999,d612ac8a0587238b,0.6050000190734863,0.07800006866455078,1638375145.6,7,fearful,beside,watermelon,fearful,beside,fearful,beside,watermelon,fearful,beside,7113.825773477554,2021-12-01T16:12:25.600000,1638368031.7742264
29,12,10,10,Random,-9999,d612ac8a0587238b,0.4809999465942383,0.08100008964538574,1638375146.155,12,fearful,angry,noon,angry,fearful,fearful,angry,noon,angry,fearful,7114.3807735443115,2021-12-01T16:12:26.155000,1638368031.7742264
14,23,5,23,Validation,9,ed96f57b159b63f2,0.8480000495910645,0.07499980926513672,1638375146.21,5,sky,above,sad,sky,above,sky,above,sad,sky,above,7114.435773611069,2021-12-01T16:12:26.210000,1638368031.7742264
6,14,7,14,Random,-9999,d612ac8a0587238b,0.6109998226165771,0.07300019264221191,1638375146.842,7,sad,beside,below,sad,beside,sad,beside,below,sad,beside,7115.067773580551,2021-12-01T16:12:26.842000,1638368031.7742264
18,0,4,0,Validation,10,ed96f57b159b63f2,0.8250000476837158,0.07200002670288086,1638375147.105,4,dress,socks,strawberry,dress,socks,dress,socks,strawberry,dress,socks,7115.330773591995,2021-12-01T16:12:27.105000,1638368031.7742264
9,23,24,23,Random,-9999,d612ac8a0587238b,0.5310001373291016,0.07899999618530273,1638375147.454,24,sky,sunset,near,sky,sunset,sky,sunset,near,sky,sunset,7115.679773569107,2021-12-01T16:12:27.454000,1638368031.7742264
26,23,3,3,Random,-9999,d612ac8a0587238b,0.32700014114379883,0.07999992370605469,1638375147.853,23,sky,shoes,day,shoes,sky,sky,shoes,day,shoes,sky,7116.078773498535,2021-12-01T16:12:27.853000,1638368031.7742264
25,21,26,21,Validation,11,ed96f57b159b63f2,0.9449999332427979,0.07500004768371582,1638375148.128,26,field,day,dawn,field,day,field,day,dawn,field,day,7116.353773593903,2021-12-01T16:12:28.128000,1638368031.7742264
27,7,28,7,Random,-9999,d612ac8a0587238b,0.6600000858306885,0.07199978828430176,1638375148.587,28,beside,night,dusk,beside,night,beside,night,dusk,beside,night,7116.81277346611,2021-12-01T16:12:28.587000,1638368031.7742264
4,20,8,8,Random,-9999,d612ac8a0587238b,0.4309999942779541,0.07399988174438477,1638375149.09,20,beach,far,socks,far,beach,beach,far,socks,far,beach,7117.315773487091,2021-12-01T16:12:29.090000,1638368031.7742264
7,19,16,16,Validation,12,ed96f57b159b63f2,0.9300000667572021,0.07299995422363281,1638375149.13,19,watermelon,lemon,beside,lemon,watermelon,watermelon,lemon,beside,lemon,watermelon,7117.355773687363,2021-12-01T16:12:29.130000,1638368031.7742264
27,29,3,29,Random,-9999,d612ac8a0587238b,0.5289998054504395,0.07300019264221191,1638375149.701,3,noon,shoes,dusk,noon,shoes,noon,shoes,dusk,noon,shoes,7117.926773548126,2021-12-01T16:12:29.701000,1638368031.7742264
5,27,20,27,Validation,13,ed96f57b159b63f2,0.9660000801086426,0.07599997520446777,1638375150.172,20,dusk,beach,above,dusk,beach,dusk,beach,above,dusk,beach,7118.397773504257,2021-12-01T16:12:30.172000,1638368031.7742264
12,11,26,11,Random,-9999,d612ac8a0587238b,0.9029998779296875,0.08100008964538574,1638375150.684,26,disgust,day,fearful,disgust,day,disgust,day,fearful,disgust,day,7118.9097735881805,2021-12-01T16:12:30.684000,1638368031.7742264
5,13,26,13,Validation,14,ed96f57b159b63f2,0.7010002136230469,0.07299995422363281,1638375150.945,26,happy,day,above,happy,day,happy,day,above,happy,day,7119.170773506165,2021-12-01T16:12:30.945000,1638368031.7742264
12,11,19,19,Random,-9999,d612ac8a0587238b,0.556999921798706,0.08700013160705566,1638375151.328,11,disgust,watermelon,fearful,watermelon,disgust,disgust,watermelon,fearful,watermelon,disgust,7119.553773641586,2021-12-01T16:12:31.328000,1638368031.7742264
23,27,29,29,Validation,15,ed96f57b159b63f2,1.0920000076293945,0.07400012016296387,1638375152.107,27,dusk,noon,sky,noon,dusk,dusk,noon,sky,noon,dusk,7120.332773685455,2021-12-01T16:12:32.107000,1638368031.7742264
25,8,17,17,Random,-9999,d612ac8a0587238b,0.8289999961853027,0.0820000171661377,1638375152.229,8,far,mango,dawn,mango,far,far,mango,dawn,mango,far,7120.4547736644745,2021-12-01T16:12:32.229000,1638368031.7742264
29,17,6,17,Random,-9999,d612ac8a0587238b,0.628000020980835,0.07199978828430176,1638375152.94,6,mango,below,noon,mango,below,mango,below,noon,mango,below,7121.165773630142,2021-12-01T16:12:32.940000,1638368031.7742264
10,0,20,20,Validation,16,ed96f57b159b63f2,0.8239998817443848,0.08299994468688965,1638375153.014,0,dress,beach,angry,beach,dress,dress,beach,angry,beach,dress,7121.239773511887,2021-12-01T16:12:33.014000,1638368031.7742264
1,24,29,29,Random,-9999,d612ac8a0587238b,0.5910000801086426,0.08500003814697266,1638375153.61,24,sunset,noon,pants,noon,sunset,sunset,noon,pants,noon,sunset,7121.835773468018,2021-12-01T16:12:33.610000,1638368031.7742264
8,18,28,18,Validation,17,ed96f57b159b63f2,0.9260001182556152,0.07200002670288086,1638375154.009,28,strawberry,night,far,strawberry,night,strawberry,night,far,strawberry,night,7122.234773635864,2021-12-01T16:12:34.009000,1638368031.7742264
7,21,19,19,Random,-9999,d612ac8a0587238b,0.48600006103515625,0.08299994468688965,1638375154.183,21,field,watermelon,beside,watermelon,field,field,watermelon,beside,watermelon,field,7122.40877366066,2021-12-01T16:12:34.183000,1638368031.7742264
24,11,18,11,Validation,18,ed96f57b159b63f2,0.6949999332427979,0.07899999618530273,1638375154.788,18,disgust,strawberry,sunset,disgust,strawberry,disgust,strawberry,sunset,disgust,strawberry,7123.013773679733,2021-12-01T16:12:34.788000,1638368031.7742264
2,8,22,8,Random,-9999,d612ac8a0587238b,0.5900001525878906,0.08499979972839355,1638375154.857,22,far,ocean,shirt,far,ocean,far,ocean,shirt,far,ocean,7123.082773685455,2021-12-01T16:12:34.857000,1638368031.7742264
20,15,24,15,Random,-9999,d612ac8a0587238b,0.5910000801086426,0.0839998722076416,1638375155.531,24,blueberry,sunset,beach,blueberry,sunset,blueberry,sunset,beach,blueberry,sunset,7123.756773471832,2021-12-01T16:12:35.531000,1638368031.7742264
29,12,1,12,Validation,19,ed96f57b159b63f2,1.309999942779541,0.07299995422363281,1638375156.17,1,fearful,pants,noon,fearful,pants,fearful,pants,noon,fearful,pants,7124.395773649216,2021-12-01T16:12:36.170000,1638368031.7742264
5,13,23,23,Random,-9999,d612ac8a0587238b,0.5729999542236328,0.07899999618530273,1638375156.182,13,happy,sky,above,sky,happy,happy,sky,above,sky,happy,7124.4077734947205,2021-12-01T16:12:36.182000,1638368031.7742264
11,18,6,18,Random,-9999,d612ac8a0587238b,0.5559999942779541,0.07800006866455078,1638375156.814,6,strawberry,below,disgust,strawberry,below,strawberry,below,disgust,strawberry,below,7125.039773464203,2021-12-01T16:12:36.814000,1638368031.7742264
8,28,18,18,Validation,0,ed96f57b159b63f2,0.7190001010894775,0.07500004768371582,1638375156.964,28,night,strawberry,far,strawberry,night,night,strawberry,far,strawberry,night,7125.18977355957,2021-12-01T16:12:36.964000,1638368031.7742264
1,19,3,3,Random,-9999,d612ac8a0587238b,0.4779999256134033,0.0839998722076416,1638375157.379,19,watermelon,shoes,pants,shoes,watermelon,watermelon,shoes,pants,shoes,watermelon,7125.604773521423,2021-12-01T16:12:37.379000,1638368031.7742264
24,23,20,23,Validation,1,ed96f57b159b63f2,0.872999906539917,0.07599997520446777,1638375157.914,20,sky,beach,sunset,sky,beach,sky,beach,sunset,sky,beach,7126.139773607254,2021-12-01T16:12:37.914000,1638368031.7742264
20,21,24,24,Random,-9999,d612ac8a0587238b,0.5520000457763672,0.08299994468688965,1638375158.297,21,field,sunset,beach,sunset,field,field,sunset,beach,sunset,field,7126.522773504257,2021-12-01T16:12:38.297000,1638368031.7742264
10,20,0,20,Validation,2,ed96f57b159b63f2,0.8210000991821289,0.07599997520446777,1638375158.81,0,beach,dress,angry,beach,dress,beach,dress,angry,beach,dress,7127.035773515701,2021-12-01T16:12:38.810000,1638368031.7742264
27,21,0,0,Random,-9999,d612ac8a0587238b,0.7810001373291016,0.3659999370574951,1638375159.346,21,field,dress,dusk,dress,field,field,dress,dusk,dress,field,7127.571773529053,2021-12-01T16:12:39.346000,1638368031.7742264
27,10,29,10,Random,-9999,d612ac8a0587238b,0.6029999256134033,0.2669999599456787,1638375160.024,29,angry,noon,dusk,angry,noon,angry,noon,dusk,angry,noon,7128.24977350235,2021-12-01T16:12:40.024000,1638368031.7742264
23,29,27,29,Validation,3,ed96f57b159b63f2,1.2379999160766602,0.07299995422363281,1638375160.117,27,noon,dusk,sky,noon,dusk,noon,dusk,sky,noon,dusk,7128.342773675919,2021-12-01T16:12:40.117000,1638368031.7742264
5,14,8,14,Validation,4,ed96f57b159b63f2,0.9809999465942383,0.07200002670288086,1638375161.172,8,sad,far,above,sad,far,sad,far,above,sad,far,7129.397773504257,2021-12-01T16:12:41.172000,1638368031.7742264
2,22,21,22,Random,-9999,d612ac8a0587238b,0.9110000133514404,0.34200000762939453,1638375161.379,21,ocean,field,shirt,ocean,field,ocean,field,shirt,ocean,field,7129.604773521423,2021-12-01T16:12:41.379000,1638368031.7742264
18,0,4,0,Validation,5,ed96f57b159b63f2,0.8090000152587891,0.07299995422363281,1638375162.053,4,dress,socks,strawberry,dress,socks,dress,socks,strawberry,dress,socks,7130.278773546219,2021-12-01T16:12:42.053000,1638368031.7742264
8,17,22,22,Random,-9999,d612ac8a0587238b,0.7580001354217529,0.21700000762939453,1638375162.427,17,mango,ocean,far,ocean,mango,mango,ocean,far,ocean,mango,7130.652773618698,2021-12-01T16:12:42.427000,1638368031.7742264
29,15,26,26,Validation,6,ed96f57b159b63f2,0.9409999847412109,0.0710000991821289,1638375163.065,15,blueberry,day,noon,day,blueberry,blueberry,day,noon,day,blueberry,7131.290773630142,2021-12-01T16:12:43.065000,1638368031.7742264
12,11,14,14,Random,-9999,d612ac8a0587238b,0.6440000534057617,0.35699987411499023,1638375163.477,11,disgust,sad,fearful,sad,disgust,disgust,sad,fearful,sad,disgust,7131.702773571014,2021-12-01T16:12:43.477000,1638368031.7742264
14,15,27,15,Validation,7,ed96f57b159b63f2,1.0329999923706055,0.0710000991821289,1638375164.171,27,blueberry,dusk,sad,blueberry,dusk,blueberry,dusk,sad,blueberry,dusk,7132.396773576736,2021-12-01T16:12:44.171000,1638368031.7742264
16,24,21,21,Random,-9999,d612ac8a0587238b,0.6369998455047607,0.40400004386901855,1638375164.529,24,sunset,field,lemon,field,sunset,sunset,field,lemon,field,sunset,7132.754773616791,2021-12-01T16:12:44.529000,1638368031.7742264
29,12,1,12,Validation,8,ed96f57b159b63f2,0.8389999866485596,0.07899999618530273,1638375165.087,1,fearful,pants,noon,fearful,pants,fearful,pants,noon,fearful,pants,7133.31277346611,2021-12-01T16:12:45.087000,1638368031.7742264
15,28,25,28,Random,-9999,d612ac8a0587238b,0.6400001049041748,0.41700005531311035,1638375165.449,25,night,dawn,blueberry,night,dawn,night,dawn,blueberry,night,dawn,7133.674773454666,2021-12-01T16:12:45.449000,1638368031.7742264
21,28,15,15,Validation,9,ed96f57b159b63f2,1.0930001735687256,0.07200002670288086,1638375166.252,28,night,blueberry,field,blueberry,night,night,blueberry,field,blueberry,night,7134.477773666382,2021-12-01T16:12:46.252000,1638368031.7742264
4,19,29,29,Random,-9999,d612ac8a0587238b,0.753000020980835,0.17500019073486328,1638375166.277,19,watermelon,noon,socks,noon,watermelon,watermelon,noon,socks,noon,watermelon,7134.502773523331,2021-12-01T16:12:46.277000,1638368031.7742264
8,13,28,13,Random,-9999,d612ac8a0587238b,0.568000078201294,0.07599997520446777,1638375166.921,28,happy,night,far,happy,night,happy,night,far,happy,night,7135.146773576736,2021-12-01T16:12:46.921000,1638368031.7742264
25,26,21,26,Validation,10,ed96f57b159b63f2,0.8179998397827148,0.07299995422363281,1638375167.143,21,day,field,dawn,day,field,day,field,dawn,day,field,7135.368773460388,2021-12-01T16:12:47.143000,1638368031.7742264
22,18,8,8,Random,-9999,d612ac8a0587238b,0.5859999656677246,0.24399995803833008,1638375167.753,18,strawberry,far,ocean,far,strawberry,strawberry,far,ocean,far,strawberry,7135.978773593903,2021-12-01T16:12:47.753000,1638368031.7742264
12,20,26,20,Random,-9999,d612ac8a0587238b,0.5789999961853027,0.08099985122680664,1638375168.406,26,beach,day,fearful,beach,day,beach,day,fearful,beach,day,7136.631773471832,2021-12-01T16:12:48.406000,1638368031.7742264
7,16,19,16,Validation,11,ed96f57b159b63f2,1.3980000019073486,0.07299995422363281,1638375168.613,19,lemon,watermelon,beside,lemon,watermelon,lemon,watermelon,beside,lemon,watermelon,7136.838773488998,2021-12-01T16:12:48.613000,1638368031.7742264
2,16,17,16,Random,-9999,d612ac8a0587238b,0.8519999980926514,0.07500004768371582,1638375169.334,17,lemon,mango,shirt,lemon,mango,lemon,mango,shirt,lemon,mango,7137.559773683548,2021-12-01T16:12:49.334000,1638368031.7742264
1,25,13,13,Random,-9999,d612ac8a0587238b,0.6110000610351562,0.07299995422363281,1638375170.017,25,dawn,happy,pants,happy,dawn,dawn,happy,pants,happy,dawn,7138.242773532867,2021-12-01T16:12:50.017000,1638368031.7742264
8,15,7,15,Validation,12,ed96f57b159b63f2,1.4140000343322754,0.07500004768371582,1638375170.106,7,blueberry,beside,far,blueberry,beside,blueberry,beside,far,blueberry,beside,7138.331773519516,2021-12-01T16:12:50.106000,1638368031.7742264
21,4,2,4,Random,-9999,d612ac8a0587238b,0.6350002288818359,0.07999992370605469,1638375170.741,2,socks,shirt,field,socks,shirt,socks,shirt,field,socks,shirt,7138.966773509979,2021-12-01T16:12:50.741000,1638368031.7742264
16,28,7,28,Validation,13,ed96f57b159b63f2,0.9930000305175781,0.07500004768371582,1638375171.17,7,night,beside,lemon,night,beside,night,beside,lemon,night,beside,7139.395773649216,2021-12-01T16:12:51.170000,1638368031.7742264
5,4,29,4,Random,-9999,d612ac8a0587238b,0.6349999904632568,0.08099985122680664,1638375171.447,29,socks,noon,above,socks,noon,socks,noon,above,socks,noon,7139.672773599625,2021-12-01T16:12:51.447000,1638368031.7742264
9,25,23,25,Random,-9999,d612ac8a0587238b,0.6830000877380371,0.07299995422363281,1638375172.206,23,dawn,sky,near,dawn,sky,dawn,sky,near,dawn,sky,7140.431773662567,2021-12-01T16:12:52.206000,1638368031.7742264
2,16,8,16,Validation,14,ed96f57b159b63f2,1.2059998512268066,0.07400012016296387,1638375172.453,8,lemon,far,shirt,lemon,far,lemon,far,shirt,lemon,far,7140.678773641586,2021-12-01T16:12:52.453000,1638368031.7742264
2,8,18,18,Random,-9999,d612ac8a0587238b,0.6800000667572021,0.1979999542236328,1638375173.088,8,far,strawberry,shirt,strawberry,far,far,strawberry,shirt,strawberry,far,7141.31377363205,2021-12-01T16:12:53.088000,1638368031.7742264
5,27,20,27,Validation,15,ed96f57b159b63f2,0.6119999885559082,0.07400012016296387,1638375173.133,20,dusk,beach,above,dusk,beach,dusk,beach,above,dusk,beach,7141.358773469925,2021-12-01T16:12:53.133000,1638368031.7742264
13,5,24,5,Random,-9999,d612ac8a0587238b,0.6779999732971191,0.07899999618530273,1638375173.847,24,above,sunset,happy,above,sunset,above,sunset,happy,above,sunset,7142.0727734565735,2021-12-01T16:12:53.847000,1638368031.7742264
20,5,27,5,Validation,16,ed96f57b159b63f2,1.3369998931884766,0.0710000991821289,1638375174.542,27,above,dusk,beach,above,dusk,above,dusk,beach,above,dusk,7142.767773628235,2021-12-01T16:12:54.542000,1638368031.7742264
23,28,24,24,Random,-9999,d612ac8a0587238b,0.6289999485015869,0.07999992370605469,1638375174.548,28,night,sunset,sky,sunset,night,night,sunset,sky,sunset,night,7142.7737736701965,2021-12-01T16:12:54.548000,1638368031.7742264
22,7,19,19,Random,-9999,d612ac8a0587238b,0.6390001773834229,0.07699990272521973,1638375175.267,7,beside,watermelon,ocean,watermelon,beside,beside,watermelon,ocean,watermelon,beside,7143.492773532867,2021-12-01T16:12:55.267000,1638368031.7742264
14,5,23,5,Validation,17,ed96f57b159b63f2,0.9749999046325684,0.0710000991821289,1638375175.589,23,above,sky,sad,above,sky,above,sky,sad,above,sky,7143.81477355957,2021-12-01T16:12:55.589000,1638368031.7742264
4,17,12,12,Random,-9999,d612ac8a0587238b,0.7119998931884766,0.07699990272521973,1638375176.051,17,mango,fearful,socks,fearful,mango,mango,fearful,socks,fearful,mango,7144.276773691177,2021-12-01T16:12:56.051000,1638368031.7742264
24,11,18,11,Validation,18,ed96f57b159b63f2,0.9340000152587891,0.07599997520446777,1638375176.602,18,disgust,strawberry,sunset,disgust,strawberry,disgust,strawberry,sunset,disgust,strawberry,7144.827773571014,2021-12-01T16:12:56.602000,1638368031.7742264
10,0,25,0,Random,-9999,d612ac8a0587238b,0.75,0.08800005912780762,1638375176.983,25,dress,dawn,angry,dress,dawn,dress,dawn,angry,dress,dawn,7145.208773612976,2021-12-01T16:12:56.983000,1638368031.7742264
5,13,26,26,Validation,19,ed96f57b159b63f2,0.9210000038146973,0.07299995422363281,1638375177.593,13,happy,day,above,day,happy,happy,day,above,day,happy,7145.818773508072,2021-12-01T16:12:57.593000,1638368031.7742264
9,27,22,27,Random,-9999,d612ac8a0587238b,0.8489999771118164,0.18400001525878906,1638375177.929,22,dusk,ocean,near,dusk,ocean,dusk,ocean,near,dusk,ocean,7146.15477347374,2021-12-01T16:12:57.929000,1638368031.7742264
10,20,0,0,Validation,0,ed96f57b159b63f2,0.7730000019073486,0.07299995422363281,1638375178.44,20,beach,dress,angry,dress,beach,beach,dress,angry,dress,beach,7146.665773630142,2021-12-01T16:12:58.440000,1638368031.7742264
20,11,1,1,Random,-9999,d612ac8a0587238b,0.6330001354217529,0.11500000953674316,1638375178.686,11,disgust,pants,beach,pants,disgust,disgust,pants,beach,pants,disgust,7146.911773681641,2021-12-01T16:12:58.686000,1638368031.7742264
13,17,18,18,Random,-9999,d612ac8a0587238b,0.6200001239776611,0.08800005912780762,1638375179.385,17,mango,strawberry,happy,strawberry,mango,mango,strawberry,happy,strawberry,mango,7147.610773563385,2021-12-01T16:12:59.385000,1638368031.7742264
8,18,28,28,Validation,2,ed96f57b159b63f2,1.0460000038146973,0.14100003242492676,1638375179.624,18,strawberry,night,far,night,strawberry,strawberry,night,far,night,strawberry,7147.849773645401,2021-12-01T16:12:59.624000,1638368031.7742264
12,22,2,22,Random,-9999,d612ac8a0587238b,0.5290000438690186,0.08099985122680664,1638375179.997,2,ocean,shirt,fearful,ocean,shirt,ocean,shirt,fearful,ocean,shirt,7148.222773551941,2021-12-01T16:12:59.997000,1638368031.7742264
18,4,0,4,Validation,3,ed96f57b159b63f2,0.943000078201294,0.07800006866455078,1638375180.648,0,socks,dress,strawberry,socks,dress,socks,dress,strawberry,socks,dress,7148.873773574829,2021-12-01T16:13:00.648000,1638368031.7742264
21,9,8,9,Random,-9999,d612ac8a0587238b,0.6980001926422119,0.14899992942810059,1638375180.842,8,near,far,field,near,far,near,far,field,near,far,7149.067773580551,2021-12-01T16:13:00.842000,1638368031.7742264
29,27,18,18,Random,-9999,d612ac8a0587238b,0.6109998226165771,0.08000016212463379,1638375181.532,27,dusk,strawberry,noon,strawberry,dusk,dusk,strawberry,noon,strawberry,dusk,7149.757773637772,2021-12-01T16:13:01.532000,1638368031.7742264
5,8,14,8,Validation,4,ed96f57b159b63f2,0.9280002117156982,0.07599997520446777,1638375181.648,14,far,sad,above,far,sad,far,sad,above,far,sad,7149.873773574829,2021-12-01T16:13:01.648000,1638368031.7742264
26,24,11,24,Random,-9999,d612ac8a0587238b,0.7869999408721924,0.08300018310546875,1638375182.396,11,sunset,disgust,day,sunset,disgust,sunset,disgust,day,sunset,disgust,7150.621773481369,2021-12-01T16:13:02.396000,1638368031.7742264
23,29,27,29,Validation,5,ed96f57b159b63f2,0.9399998188018799,0.07400012016296387,1638375182.664,27,noon,dusk,sky,noon,dusk,noon,dusk,sky,noon,dusk,7150.889773607254,2021-12-01T16:13:02.664000,1638368031.7742264
7,13,27,13,Random,-9999,d612ac8a0587238b,0.8559999465942383,0.07200002670288086,1638375183.329,27,happy,dusk,beside,happy,dusk,happy,dusk,beside,happy,dusk,7151.554773569107,2021-12-01T16:13:03.329000,1638368031.7742264
21,1,26,26,Random,-9999,d612ac8a0587238b,0.626000165939331,0.08099985122680664,1638375184.035,1,pants,day,field,day,pants,pants,day,field,day,pants,7152.260773658752,2021-12-01T16:13:04.035000,1638368031.7742264
21,28,15,28,Validation,6,ed96f57b159b63f2,1.3939998149871826,0.07400012016296387,1638375184.129,15,night,blueberry,field,night,blueberry,night,blueberry,field,night,blueberry,7152.354773521423,2021-12-01T16:13:04.129000,1638368031.7742264
13,25,6,6,Random,-9999,d612ac8a0587238b,0.6089999675750732,0.07399988174438477,1638375184.713,25,dawn,below,happy,below,dawn,dawn,below,happy,below,dawn,7152.93877363205,2021-12-01T16:13:04.713000,1638368031.7742264
7,16,19,16,Validation,7,ed96f57b159b63f2,0.7919998168945312,0.07300019264221191,1638375184.997,19,lemon,watermelon,beside,lemon,watermelon,lemon,watermelon,beside,lemon,watermelon,7153.222773551941,2021-12-01T16:13:04.997000,1638368031.7742264
23,20,13,13,Random,-9999,d612ac8a0587238b,0.6399998664855957,0.07600021362304688,1638375185.427,20,beach,happy,sky,happy,beach,beach,happy,sky,happy,beach,7153.652773618698,2021-12-01T16:13:05.427000,1638368031.7742264
6,19,28,28,Random,-9999,d612ac8a0587238b,0.6329998970031738,0.07400012016296387,1638375186.145,19,watermelon,night,below,night,watermelon,watermelon,night,below,night,watermelon,7154.370773553848,2021-12-01T16:13:06.145000,1638368031.7742264
24,23,20,20,Validation,8,ed96f57b159b63f2,1.562999963760376,0.07500004768371582,1638375186.63,23,sky,beach,sunset,beach,sky,sky,beach,sunset,beach,sky,7154.855773687363,2021-12-01T16:13:06.630000,1638368031.7742264
12,26,24,26,Random,-9999,d612ac8a0587238b,0.5529999732971191,0.0820000171661377,1638375186.777,24,day,sunset,fearful,day,sunset,day,sunset,fearful,day,sunset,7155.002773523331,2021-12-01T16:13:06.777000,1638368031.7742264
16,6,13,6,Random,-9999,d612ac8a0587238b,0.6840000152587891,0.0820000171661377,1638375187.545,13,below,happy,lemon,below,happy,below,happy,lemon,below,happy,7155.770773649216,2021-12-01T16:13:07.545000,1638368031.7742264
5,20,27,20,Validation,9,ed96f57b159b63f2,0.9179999828338623,0.07000017166137695,1638375187.626,27,beach,dusk,above,beach,dusk,beach,dusk,above,beach,dusk,7155.8517735004425,2021-12-01T16:13:07.626000,1638368031.7742264
27,24,19,19,Random,-9999,d612ac8a0587238b,0.625,0.08300018310546875,1638375188.25,24,sunset,watermelon,dusk,watermelon,sunset,sunset,watermelon,dusk,watermelon,sunset,7156.475773572922,2021-12-01T16:13:08.250000,1638368031.7742264
5,26,13,26,Validation,10,ed96f57b159b63f2,1.1150000095367432,0.07699990272521973,1638375188.814,13,day,happy,above,day,happy,day,happy,above,day,happy,7157.039773464203,2021-12-01T16:13:08.814000,1638368031.7742264
11,13,3,13,Random,-9999,d612ac8a0587238b,0.8550000190734863,0.08100008964538574,1638375189.182,3,happy,shoes,disgust,happy,shoes,happy,shoes,disgust,happy,shoes,7157.4077734947205,2021-12-01T16:13:09.182000,1638368031.7742264
25,21,26,21,Validation,11,ed96f57b159b63f2,0.8440001010894775,0.07599997520446777,1638375189.734,26,field,day,dawn,field,day,field,day,dawn,field,day,7157.959773540497,2021-12-01T16:13:09.734000,1638368031.7742264
17,27,22,22,Random,-9999,d612ac8a0587238b,0.5420000553131104,0.07599997520446777,1638375189.795,27,dusk,ocean,mango,ocean,dusk,dusk,ocean,mango,ocean,dusk,7158.020773649216,2021-12-01T16:13:09.795000,1638368031.7742264
20,21,9,21,Random,-9999,d612ac8a0587238b,0.6530001163482666,0.0709998607635498,1638375190.528,9,field,near,beach,field,near,field,near,beach,field,near,7158.75377368927,2021-12-01T16:13:10.528000,1638368031.7742264
29,26,15,26,Validation,12,ed96f57b159b63f2,0.9149999618530273,0.07299995422363281,1638375190.722,15,day,blueberry,noon,day,blueberry,day,blueberry,noon,day,blueberry,7158.9477734565735,2021-12-01T16:13:10.722000,1638368031.7742264
12,20,26,20,Random,-9999,d612ac8a0587238b,0.5199999809265137,0.0820000171661377,1638375191.128,26,beach,day,fearful,beach,day,beach,day,fearful,beach,day,7159.353773593903,2021-12-01T16:13:11.128000,1638368031.7742264
24,10,16,16,Random,-9999,d612ac8a0587238b,0.562000036239624,0.08100008964538574,1638375191.779,10,angry,lemon,sunset,lemon,angry,angry,lemon,sunset,lemon,angry,7160.004773616791,2021-12-01T16:13:11.779000,1638368031.7742264
12,18,4,18,Random,-9999,d612ac8a0587238b,0.5520000457763672,0.0989999771118164,1638375192.419,4,strawberry,socks,fearful,strawberry,socks,strawberry,socks,fearful,strawberry,socks,7160.644773483276,2021-12-01T16:13:12.419000,1638368031.7742264
15,2,0,2,Random,-9999,d612ac8a0587238b,0.5060000419616699,0.07999992370605469,1638375193.009,0,shirt,dress,blueberry,shirt,dress,shirt,dress,blueberry,shirt,dress,7161.234773635864,2021-12-01T16:13:13.009000,1638368031.7742264
16,7,28,7,Validation,13,ed96f57b159b63f2,2.2869999408721924,0.0820000171661377,1638375193.156,28,beside,night,lemon,beside,night,beside,night,lemon,beside,night,7161.381773471832,2021-12-01T16:13:13.156000,1638368031.7742264
2,4,13,13,Random,-9999,d612ac8a0587238b,0.4789998531341553,0.0820000171661377,1638375193.568,4,socks,happy,shirt,happy,socks,socks,happy,shirt,happy,socks,7161.793773651123,2021-12-01T16:13:13.568000,1638368031.7742264
20,27,5,5,Validation,14,ed96f57b159b63f2,0.9539999961853027,0.14499998092651367,1638375194.189,27,dusk,above,beach,above,dusk,dusk,above,beach,above,dusk,7162.414773464203,2021-12-01T16:13:14.189000,1638368031.7742264
1,19,0,0,Random,-9999,d612ac8a0587238b,0.619999885559082,0.08000016212463379,1638375194.481,19,watermelon,dress,pants,dress,watermelon,watermelon,dress,pants,dress,watermelon,7162.706773519516,2021-12-01T16:13:14.481000,1638368031.7742264
6,3,9,3,Random,-9999,d612ac8a0587238b,0.5280001163482666,0.2929999828338623,1638375195.081,9,shoes,near,below,shoes,near,shoes,near,below,shoes,near,7163.306773662567,2021-12-01T16:13:15.081000,1638368031.7742264
21,23,1,23,Random,-9999,d612ac8a0587238b,0.7809998989105225,0.07299995422363281,1638375196.059,1,sky,pants,field,sky,pants,sky,pants,field,sky,pants,7164.2847735881805,2021-12-01T16:13:16.059000,1638368031.7742264
2,16,8,16,Validation,15,ed96f57b159b63f2,1.8469998836517334,0.07400012016296387,1638375196.109,8,lemon,far,shirt,lemon,far,lemon,far,shirt,lemon,far,7164.334773540497,2021-12-01T16:13:16.109000,1638368031.7742264
1,27,7,7,Random,-9999,d612ac8a0587238b,0.3510000705718994,0.1940000057220459,1638375196.514,27,dusk,beside,pants,beside,dusk,dusk,beside,pants,beside,dusk,7164.739773511887,2021-12-01T16:13:16.514000,1638368031.7742264
14,17,24,17,Random,-9999,d612ac8a0587238b,0.9890000820159912,0.10899996757507324,1638375197.585,24,mango,sunset,sad,mango,sunset,mango,sunset,sad,mango,sunset,7165.810773611069,2021-12-01T16:13:17.585000,1638368031.7742264
29,1,12,12,Validation,16,ed96f57b159b63f2,1.7219998836517334,0.07400012016296387,1638375197.903,1,pants,fearful,noon,fearful,pants,pants,fearful,noon,fearful,pants,7166.12877368927,2021-12-01T16:13:17.903000,1638368031.7742264
24,5,15,15,Random,-9999,d612ac8a0587238b,0.5,0.08500003814697266,1638375198.165,5,above,blueberry,sunset,blueberry,above,above,blueberry,sunset,blueberry,above,7166.390773534775,2021-12-01T16:13:18.165000,1638368031.7742264
8,7,15,7,Validation,17,ed96f57b159b63f2,0.8940000534057617,0.07500004768371582,1638375198.87,15,beside,blueberry,far,beside,blueberry,beside,blueberry,far,beside,blueberry,7167.095773458481,2021-12-01T16:13:18.870000,1638368031.7742264
17,12,6,12,Random,-9999,d612ac8a0587238b,0.7630000114440918,0.07499980926513672,1638375199.14,6,fearful,below,mango,fearful,below,fearful,below,mango,fearful,below,7167.365773677826,2021-12-01T16:13:19.140000,1638368031.7742264
10,5,19,19,Random,-9999,d612ac8a0587238b,0.5810000896453857,0.21600008010864258,1638375199.803,5,above,watermelon,angry,watermelon,above,above,watermelon,angry,watermelon,above,7168.028773546219,2021-12-01T16:13:19.803000,1638368031.7742264
22,21,2,21,Random,-9999,d612ac8a0587238b,0.6129999160766602,0.07899999618530273,1638375200.49,2,field,shirt,ocean,field,shirt,field,shirt,ocean,field,shirt,7168.7157735824585,2021-12-01T16:13:20.490000,1638368031.7742264
14,15,27,27,Validation,18,ed96f57b159b63f2,1.555999994277954,0.07200002670288086,1638375200.501,15,blueberry,dusk,sad,dusk,blueberry,blueberry,dusk,sad,dusk,blueberry,7168.7267735004425,2021-12-01T16:13:20.501000,1638368031.7742264
6,18,7,7,Random,-9999,d612ac8a0587238b,0.4699997901916504,0.23000001907348633,1638375201.2,18,strawberry,beside,below,beside,strawberry,strawberry,beside,below,beside,strawberry,7169.4257736206055,2021-12-01T16:13:21.200000,1638368031.7742264
24,11,18,11,Validation,19,ed96f57b159b63f2,0.6329998970031738,0.07599997520446777,1638375201.207,18,disgust,strawberry,sunset,disgust,strawberry,disgust,strawberry,sunset,disgust,strawberry,7169.432773590088,2021-12-01T16:13:21.207000,1638368031.7742264
28,19,23,23,Random,-9999,d612ac8a0587238b,0.5690000057220459,0.08100008964538574,1638375201.839,19,watermelon,sky,night,sky,watermelon,watermelon,sky,night,sky,watermelon,7170.06477355957,2021-12-01T16:13:21.839000,1638368031.7742264
16,7,28,28,Validation,0,ed96f57b159b63f2,1.060999870300293,0.07300019264221191,1638375202.342,7,beside,night,lemon,night,beside,beside,night,lemon,night,beside,7170.567773580551,2021-12-01T16:13:22.342000,1638368031.7742264
29,15,11,11,Random,-9999,d612ac8a0587238b,0.5869998931884766,0.08100008964538574,1638375202.51,15,blueberry,disgust,noon,disgust,blueberry,blueberry,disgust,noon,disgust,blueberry,7170.735773563385,2021-12-01T16:13:22.510000,1638368031.7742264
18,3,23,3,Random,-9999,d612ac8a0587238b,0.6059999465942383,0.07700014114379883,1638375203.199,23,shoes,sky,strawberry,shoes,sky,shoes,sky,strawberry,shoes,sky,7171.424773454666,2021-12-01T16:13:23.199000,1638368031.7742264
8,15,7,15,Validation,1,ed96f57b159b63f2,1.2119998931884766,0.07400012016296387,1638375203.627,7,blueberry,beside,far,blueberry,beside,blueberry,beside,far,blueberry,beside,7171.852773666382,2021-12-01T16:13:23.627000,1638368031.7742264
28,13,23,23,Random,-9999,d612ac8a0587238b,0.7960000038146973,0.08300018310546875,1638375204.077,13,happy,sky,night,sky,happy,happy,sky,night,sky,happy,7172.302773475647,2021-12-01T16:13:24.077000,1638368031.7742264
10,0,20,0,Validation,2,ed96f57b159b63f2,0.9179999828338623,0.07399988174438477,1638375204.62,20,dress,beach,angry,dress,beach,dress,beach,angry,dress,beach,7172.845773458481,2021-12-01T16:13:24.620000,1638368031.7742264
11,29,22,29,Random,-9999,d612ac8a0587238b,0.4809999465942383,0.07999992370605469,1638375204.638,22,noon,ocean,disgust,noon,ocean,noon,ocean,disgust,noon,ocean,7172.863773584366,2021-12-01T16:13:24.638000,1638368031.7742264
26,9,3,9,Random,-9999,d612ac8a0587238b,0.4460000991821289,0.0839998722076416,1638375205.17,3,near,shoes,day,near,shoes,near,shoes,day,near,shoes,7173.395773649216,2021-12-01T16:13:25.170000,1638368031.7742264
23,27,29,27,Validation,3,ed96f57b159b63f2,0.7569999694824219,0.07500004768371582,1638375205.452,29,dusk,noon,sky,dusk,noon,dusk,noon,sky,dusk,noon,7173.677773475647,2021-12-01T16:13:25.452000,1638368031.7742264
1,10,4,4,Random,-9999,d612ac8a0587238b,0.3959999084472656,0.14899992942810059,1638375205.711,10,angry,socks,pants,socks,angry,angry,socks,pants,socks,angry,7173.9367735385895,2021-12-01T16:13:25.711000,1638368031.7742264
20,5,6,5,Random,-9999,d612ac8a0587238b,0.6110000610351562,0.08100008964538574,1638375206.4,6,above,below,beach,above,below,above,below,beach,above,below,7174.625773668289,2021-12-01T16:13:26.400000,1638368031.7742264
24,20,23,20,Validation,4,ed96f57b159b63f2,1.0109999179840088,0.09400010108947754,1638375206.555,23,beach,sky,sunset,beach,sky,beach,sky,sunset,beach,sky,7174.780773639679,2021-12-01T16:13:26.555000,1638368031.7742264
29,4,9,9,Random,-9999,d612ac8a0587238b,0.9539999961853027,0.07799983024597168,1638375207.435,4,socks,near,noon,near,socks,socks,near,noon,near,socks,7175.660773515701,2021-12-01T16:13:27.435000,1638368031.7742264
14,15,27,15,Validation,5,ed96f57b159b63f2,0.9049999713897705,0.07500004768371582,1638375207.535,27,blueberry,dusk,sad,blueberry,dusk,blueberry,dusk,sad,blueberry,dusk,7175.760773658752,2021-12-01T16:13:27.535000,1638368031.7742264
0,26,29,29,Random,-9999,d612ac8a0587238b,0.4869999885559082,0.08300018310546875,1638375208.05,26,day,noon,dress,noon,day,day,noon,dress,noon,day,7176.275773525238,2021-12-01T16:13:28.050000,1638368031.7742264
25,14,11,14,Random,-9999,d612ac8a0587238b,0.44300007820129395,0.12599992752075195,1638375208.565,11,sad,disgust,dawn,sad,disgust,sad,disgust,dawn,sad,disgust,7176.790773630142,2021-12-01T16:13:28.565000,1638368031.7742264
24,18,11,11,Validation,6,ed96f57b159b63f2,1.0290000438690186,0.07400012016296387,1638375208.639,18,strawberry,disgust,sunset,disgust,strawberry,strawberry,disgust,sunset,disgust,strawberry,7176.864773511887,2021-12-01T16:13:28.639000,1638368031.7742264
13,7,24,24,Random,-9999,d612ac8a0587238b,0.6919999122619629,0.07299995422363281,1638375209.332,7,beside,sunset,happy,sunset,beside,beside,sunset,happy,sunset,beside,7177.557773590088,2021-12-01T16:13:29.332000,1638368031.7742264
7,19,16,16,Validation,7,ed96f57b159b63f2,0.8409998416900635,0.07500004768371582,1638375209.554,19,watermelon,lemon,beside,lemon,watermelon,watermelon,lemon,beside,lemon,watermelon,7177.77977347374,2021-12-01T16:13:29.554000,1638368031.7742264
25,26,1,26,Random,-9999,d612ac8a0587238b,0.5859999656677246,0.17100000381469727,1638375210.143,1,day,pants,dawn,day,pants,day,pants,dawn,day,pants,7178.368773460388,2021-12-01T16:13:30.143000,1638368031.7742264
0,3,10,10,Random,-9999,d612ac8a0587238b,0.568000078201294,0.13199996948242188,1638375210.788,3,shoes,angry,dress,angry,shoes,shoes,angry,dress,angry,shoes,7179.013773679733,2021-12-01T16:13:30.788000,1638368031.7742264
3,2,20,2,Random,-9999,d612ac8a0587238b,0.5409998893737793,0.07699990272521973,1638375211.403,20,shirt,beach,shoes,shirt,beach,shirt,beach,shoes,shirt,beach,7179.62877368927,2021-12-01T16:13:31.403000,1638368031.7742264
5,13,26,26,Validation,8,ed96f57b159b63f2,1.9820001125335693,0.08299994468688965,1638375211.68,13,happy,day,above,day,happy,happy,day,above,day,happy,7179.905773639679,2021-12-01T16:13:31.680000,1638368031.7742264
24,12,17,12,Random,-9999,d612ac8a0587238b,0.5779998302459717,0.07300019264221191,1638375212.056,17,fearful,mango,sunset,fearful,mango,fearful,mango,sunset,fearful,mango,7180.2817735672,2021-12-01T16:13:32.056000,1638368031.7742264
5,7,3,3,Random,-9999,d612ac8a0587238b,0.36100006103515625,0.20099997520446777,1638375212.635,7,beside,shoes,above,shoes,beside,beside,shoes,above,shoes,beside,7180.860773563385,2021-12-01T16:13:32.635000,1638368031.7742264
8,28,16,28,Random,-9999,d612ac8a0587238b,0.6480000019073486,0.09200000762939453,1638375213.357,16,night,lemon,far,night,lemon,night,lemon,far,night,lemon,7181.582773685455,2021-12-01T16:13:33.357000,1638368031.7742264
2,8,16,8,Validation,9,ed96f57b159b63f2,1.6720001697540283,0.13399982452392578,1638375213.427,16,far,lemon,shirt,far,lemon,far,lemon,shirt,far,lemon,7181.652773618698,2021-12-01T16:13:33.427000,1638368031.7742264
13,12,26,12,Random,-9999,d612ac8a0587238b,0.44700002670288086,0.10599994659423828,1638375213.91,26,fearful,day,happy,fearful,day,fearful,day,happy,fearful,day,7182.135773658752,2021-12-01T16:13:33.910000,1638368031.7742264
18,0,4,0,Validation,10,ed96f57b159b63f2,0.7819998264312744,0.0820000171661377,1638375214.288,4,dress,socks,strawberry,dress,socks,dress,socks,strawberry,dress,socks,7182.513773679733,2021-12-01T16:13:34.288000,1638368031.7742264
25,7,4,4,Random,-9999,d612ac8a0587238b,0.753000020980835,0.07699990272521973,1638375214.741,7,beside,socks,dawn,socks,beside,beside,socks,dawn,socks,beside,7182.966773509979,2021-12-01T16:13:34.741000,1638368031.7742264
13,18,7,18,Random,-9999,d612ac8a0587238b,0.5669999122619629,0.07599997520446777,1638375215.393,7,strawberry,beside,happy,strawberry,beside,strawberry,beside,happy,strawberry,beside,7183.618773460388,2021-12-01T16:13:35.393000,1638368031.7742264
29,26,15,15,Validation,11,ed96f57b159b63f2,1.119999885559082,0.07700014114379883,1638375215.486,26,day,blueberry,noon,blueberry,day,day,blueberry,noon,blueberry,day,7183.711773633957,2021-12-01T16:13:35.486000,1638368031.7742264
8,15,6,6,Random,-9999,d612ac8a0587238b,0.5279998779296875,0.09000015258789062,1638375216.008,15,blueberry,below,far,below,blueberry,blueberry,below,far,below,blueberry,7184.233773469925,2021-12-01T16:13:36.008000,1638368031.7742264
12,11,15,15,Random,-9999,d612ac8a0587238b,0.5339999198913574,0.0840001106262207,1638375216.616,11,disgust,blueberry,fearful,blueberry,disgust,disgust,blueberry,fearful,blueberry,disgust,7184.841773509979,2021-12-01T16:13:36.616000,1638368031.7742264
20,27,5,27,Validation,12,ed96f57b159b63f2,1.1619999408721924,0.08800005912780762,1638375216.734,5,dusk,above,beach,dusk,above,dusk,above,beach,dusk,above,7184.959773540497,2021-12-01T16:13:36.734000,1638368031.7742264
13,14,9,14,Random,-9999,d612ac8a0587238b,0.8210000991821289,0.07299995422363281,1638375217.515,9,sad,near,happy,sad,near,sad,near,happy,sad,near,7185.740773677826,2021-12-01T16:13:37.515000,1638368031.7742264
25,21,26,21,Validation,13,ed96f57b159b63f2,1.2109999656677246,0.07599997520446777,1638375218.021,26,field,day,dawn,field,day,field,day,dawn,field,day,7186.246773481369,2021-12-01T16:13:38.021000,1638368031.7742264
1,19,3,3,Random,-9999,d612ac8a0587238b,0.4440000057220459,0.1099998950958252,1638375218.065,19,watermelon,shoes,pants,shoes,watermelon,watermelon,shoes,pants,shoes,watermelon,7186.290773630142,2021-12-01T16:13:38.065000,1638368031.7742264
24,10,18,10,Random,-9999,d612ac8a0587238b,0.5089998245239258,0.07600021362304688,1638375218.665,18,angry,strawberry,sunset,angry,strawberry,angry,strawberry,sunset,angry,strawberry,7186.890773534775,2021-12-01T16:13:38.665000,1638368031.7742264
14,5,23,5,Validation,14,ed96f57b159b63f2,1.1570000648498535,0.08699989318847656,1638375219.261,23,above,sky,sad,above,sky,above,sky,sad,above,sky,7187.486773490906,2021-12-01T16:13:39.261000,1638368031.7742264
7,2,8,2,Random,-9999,d612ac8a0587238b,0.5240001678466797,0.10199999809265137,1638375219.278,8,shirt,far,beside,shirt,far,shirt,far,beside,shirt,far,7187.50377368927,2021-12-01T16:13:39.278000,1638368031.7742264
26,6,23,23,Random,-9999,d612ac8a0587238b,0.4350001811981201,0.07799983024597168,1638375219.794,6,below,sky,day,sky,below,below,sky,day,sky,below,7188.019773483276,2021-12-01T16:13:39.794000,1638368031.7742264
29,1,12,12,Validation,15,ed96f57b159b63f2,1.003000020980835,0.07599997520446777,1638375220.345,1,pants,fearful,noon,fearful,pants,pants,fearful,noon,fearful,pants,7188.570773601532,2021-12-01T16:13:40.345000,1638368031.7742264
0,16,22,16,Random,-9999,d612ac8a0587238b,0.5779998302459717,0.19500017166137695,1638375220.633,22,lemon,ocean,dress,lemon,ocean,lemon,ocean,dress,lemon,ocean,7188.858773469925,2021-12-01T16:13:40.633000,1638368031.7742264
13,16,29,16,Random,-9999,d612ac8a0587238b,0.46000003814697266,0.15000009536743164,1638375221.18,29,lemon,noon,happy,lemon,noon,lemon,noon,happy,lemon,noon,7189.405773639679,2021-12-01T16:13:41.180000,1638368031.7742264
21,28,15,28,Validation,16,ed96f57b159b63f2,1.0099999904632568,0.07999992370605469,1638375221.432,15,night,blueberry,field,night,blueberry,night,blueberry,field,night,blueberry,7189.6577734947205,2021-12-01T16:13:41.432000,1638368031.7742264
20,7,6,6,Random,-9999,d612ac8a0587238b,0.4509999752044678,0.08599996566772461,1638375221.711,7,beside,below,beach,below,beside,beside,below,beach,below,beside,7189.9367735385895,2021-12-01T16:13:41.711000,1638368031.7742264
26,20,10,20,Random,-9999,d612ac8a0587238b,0.7279999256134033,0.07800006866455078,1638375222.523,10,beach,angry,day,beach,angry,beach,angry,day,beach,angry,7190.748773574829,2021-12-01T16:13:42.523000,1638368031.7742264
27,14,17,17,Random,-9999,d612ac8a0587238b,0.5349998474121094,0.23000001907348633,1638375223.284,14,sad,mango,dusk,mango,sad,sad,mango,dusk,mango,sad,7191.509773492813,2021-12-01T16:13:43.284000,1638368031.7742264
4,19,8,8,Random,-9999,d612ac8a0587238b,0.5290000438690186,0.0820000171661377,1638375223.892,19,watermelon,far,socks,far,watermelon,watermelon,far,socks,far,watermelon,7192.117773532867,2021-12-01T16:13:43.892000,1638368031.7742264
8,18,28,28,Validation,17,ed96f57b159b63f2,2.514000177383423,0.07500004768371582,1638375224.081,18,strawberry,night,far,night,strawberry,strawberry,night,far,night,strawberry,7192.306773662567,2021-12-01T16:13:44.081000,1638368031.7742264
9,18,27,18,Random,-9999,d612ac8a0587238b,0.4739999771118164,0.08000016212463379,1638375224.448,27,strawberry,dusk,near,strawberry,dusk,strawberry,dusk,near,strawberry,dusk,7192.673773527145,2021-12-01T16:13:44.448000,1638368031.7742264
1,25,23,25,Random,-9999,d612ac8a0587238b,0.5850000381469727,0.0820000171661377,1638375225.117,23,dawn,sky,pants,dawn,sky,dawn,sky,pants,dawn,sky,7193.342773675919,2021-12-01T16:13:45.117000,1638368031.7742264
5,8,14,14,Validation,18,ed96f57b159b63f2,1.183000087738037,0.13299989700317383,1638375225.336,8,far,sad,above,sad,far,far,sad,above,sad,far,7193.5617735385895,2021-12-01T16:13:45.336000,1638368031.7742264
16,26,17,26,Random,-9999,d612ac8a0587238b,0.4270000457763672,0.127000093460083,1638375225.668,17,day,mango,lemon,day,mango,day,mango,lemon,day,mango,7193.893773555756,2021-12-01T16:13:45.668000,1638368031.7742264
5,20,27,20,Validation,19,ed96f57b159b63f2,1.125999927520752,0.07899999618530273,1638375226.545,27,beach,dusk,above,beach,dusk,beach,dusk,above,beach,dusk,7194.770773649216,2021-12-01T16:13:46.545000,1638368031.7742264
6,0,7,0,Random,-9999,d612ac8a0587238b,0.9519999027252197,0.22800016403198242,1638375226.927,7,dress,beside,below,dress,beside,dress,beside,below,dress,beside,7195.152773618698,2021-12-01T16:13:46.927000,1638368031.7742264
2,4,23,23,Random,-9999,d612ac8a0587238b,0.497999906539917,0.16000008583068848,1638375227.505,4,socks,sky,shirt,sky,socks,socks,sky,shirt,sky,socks,7195.730773687363,2021-12-01T16:13:47.505000,1638368031.7742264
25,15,14,15,Random,-9999,d612ac8a0587238b,0.5460000038146973,0.08100008964538574,1638375228.135,14,blueberry,sad,dawn,blueberry,sad,blueberry,sad,dawn,blueberry,sad,7196.360773563385,2021-12-01T16:13:48.135000,1638368031.7742264
23,27,29,27,Validation,0,ed96f57b159b63f2,1.6680002212524414,0.0709998607635498,1638375228.281,29,dusk,noon,sky,dusk,noon,dusk,noon,sky,dusk,noon,7196.506773471832,2021-12-01T16:13:48.281000,1638368031.7742264
23,11,7,7,Random,-9999,d612ac8a0587238b,0.6590001583099365,0.0820000171661377,1638375229.021,11,disgust,beside,sky,beside,disgust,disgust,beside,sky,beside,disgust,7197.246773481369,2021-12-01T16:13:49.021000,1638368031.7742264
8,28,18,18,Validation,1,ed96f57b159b63f2,0.8020000457763672,0.07199978828430176,1638375229.153,28,night,strawberry,far,strawberry,night,night,strawberry,far,strawberry,night,7197.37877368927,2021-12-01T16:13:49.153000,1638368031.7742264
19,1,23,23,Random,-9999,d612ac8a0587238b,0.503000020980835,0.22899985313415527,1638375229.598,1,pants,sky,watermelon,sky,pants,pants,sky,watermelon,sky,pants,7197.823773622513,2021-12-01T16:13:49.598000,1638368031.7742264
8,18,0,0,Random,-9999,d612ac8a0587238b,0.7389998435974121,0.07500004768371582,1638375230.408,18,strawberry,dress,far,dress,strawberry,strawberry,dress,far,dress,strawberry,7198.633773565292,2021-12-01T16:13:50.408000,1638368031.7742264
14,23,5,23,Validation,2,ed96f57b159b63f2,1.2369999885559082,0.07400012016296387,1638375230.467,5,sky,above,sad,sky,above,sky,above,sad,sky,above,7198.692773580551,2021-12-01T16:13:50.467000,1638368031.7742264
17,29,18,18,Random,-9999,d612ac8a0587238b,0.7909998893737793,0.07200002670288086,1638375231.272,29,noon,strawberry,mango,strawberry,noon,noon,strawberry,mango,strawberry,noon,7199.497773647308,2021-12-01T16:13:51.272000,1638368031.7742264
14,15,27,15,Validation,3,ed96f57b159b63f2,0.873999834060669,0.07200002670288086,1638375231.41,27,blueberry,dusk,sad,blueberry,dusk,blueberry,dusk,sad,blueberry,dusk,7199.635773658752,2021-12-01T16:13:51.410000,1638368031.7742264
2,12,17,12,Random,-9999,d612ac8a0587238b,0.6659998893737793,0.07400012016296387,1638375232.019,17,fearful,mango,shirt,fearful,mango,fearful,mango,shirt,fearful,mango,7200.2447736263275,2021-12-01T16:13:52.019000,1638368031.7742264
16,28,7,28,Validation,4,ed96f57b159b63f2,0.9739999771118164,0.07200002670288086,1638375232.458,7,night,beside,lemon,night,beside,night,beside,lemon,night,beside,7200.683773517609,2021-12-01T16:13:52.458000,1638368031.7742264
20,22,24,24,Random,-9999,d612ac8a0587238b,0.5369999408721924,0.08100008964538574,1638375232.638,22,ocean,sunset,beach,sunset,ocean,ocean,sunset,beach,sunset,ocean,7200.863773584366,2021-12-01T16:13:52.638000,1638368031.7742264
15,9,10,9,Random,-9999,d612ac8a0587238b,0.5459997653961182,0.08000016212463379,1638375233.263,10,near,angry,blueberry,near,angry,near,angry,blueberry,near,angry,7201.488773584366,2021-12-01T16:13:53.263000,1638368031.7742264
3,14,18,14,Random,-9999,d612ac8a0587238b,0.5290000438690186,0.08100008964538574,1638375233.874,18,sad,strawberry,shoes,sad,strawberry,sad,strawberry,shoes,sad,strawberry,7202.099773645401,2021-12-01T16:13:53.874000,1638368031.7742264
27,0,12,12,Random,-9999,d612ac8a0587238b,0.4790000915527344,0.08299994468688965,1638375234.427,0,dress,fearful,dusk,fearful,dress,dress,fearful,dusk,fearful,dress,7202.652773618698,2021-12-01T16:13:54.427000,1638368031.7742264
20,27,28,27,Random,-9999,d612ac8a0587238b,0.5769999027252197,0.07400012016296387,1638375235.087,28,dusk,night,beach,dusk,night,dusk,night,beach,dusk,night,7203.31277346611,2021-12-01T16:13:55.087000,1638368031.7742264
26,7,9,9,Random,-9999,d612ac8a0587238b,0.5509998798370361,0.08300018310546875,1638375235.719,7,beside,near,day,near,beside,beside,near,day,near,beside,7203.944773674011,2021-12-01T16:13:55.719000,1638368031.7742264
23,10,5,5,Random,-9999,d612ac8a0587238b,0.5939998626708984,0.08100008964538574,1638375236.395,10,angry,above,sky,above,angry,angry,above,sky,above,angry,7204.620773553848,2021-12-01T16:13:56.395000,1638368031.7742264
28,24,18,24,Random,-9999,d612ac8a0587238b,0.44300007820129395,0.09400010108947754,1638375236.931,18,sunset,strawberry,night,sunset,strawberry,sunset,strawberry,night,sunset,strawberry,7205.1567735672,2021-12-01T16:13:56.931000,1638368031.7742264
13,15,26,15,Random,-9999,d612ac8a0587238b,0.46399998664855957,0.08099985122680664,1638375237.477,26,blueberry,day,happy,blueberry,day,blueberry,day,happy,blueberry,day,7205.702773571014,2021-12-01T16:13:57.477000,1638368031.7742264
12,19,26,26,Random,-9999,d612ac8a0587238b,0.45799994468688965,0.07899999618530273,1638375238.013,19,watermelon,day,fearful,day,watermelon,watermelon,day,fearful,day,watermelon,7206.238773584366,2021-12-01T16:13:58.013000,1638368031.7742264
16,27,13,27,Random,-9999,d612ac8a0587238b,0.5690000057220459,0.0820000171661377,1638375238.663,13,dusk,happy,lemon,dusk,happy,dusk,happy,lemon,dusk,happy,7206.888773679733,2021-12-01T16:13:58.663000,1638368031.7742264
4,8,20,20,Random,-9999,d612ac8a0587238b,0.5290000438690186,0.0820000171661377,1638375239.271,8,far,beach,socks,beach,far,far,beach,socks,beach,far,7207.496773481369,2021-12-01T16:13:59.271000,1638368031.7742264
18,14,5,14,Random,-9999,d612ac8a0587238b,0.47300004959106445,0.07999992370605469,1638375239.82,5,sad,above,strawberry,sad,above,sad,above,strawberry,sad,above,7208.045773506165,2021-12-01T16:13:59.820000,1638368031.7742264
1,27,12,12,Random,-9999,d612ac8a0587238b,0.4230000972747803,0.07399988174438477,1638375240.315,27,dusk,fearful,pants,fearful,dusk,dusk,fearful,pants,fearful,dusk,7208.540773630142,2021-12-01T16:14:00.315000,1638368031.7742264
22,9,8,8,Random,-9999,d612ac8a0587238b,0.5769999027252197,0.07400012016296387,1638375240.97,9,near,far,ocean,far,near,near,far,ocean,far,near,7209.195773601532,2021-12-01T16:14:00.970000,1638368031.7742264
4,16,8,16,Random,-9999,d612ac8a0587238b,0.5470001697540283,0.07999992370605469,1638375241.599,8,lemon,far,socks,lemon,far,lemon,far,socks,lemon,far,7209.824773550034,2021-12-01T16:14:01.599000,1638368031.7742264
17,9,18,18,Random,-9999,d612ac8a0587238b,0.4809999465942383,0.07999992370605469,1638375242.154,9,near,strawberry,mango,strawberry,near,near,strawberry,mango,strawberry,near,7210.379773616791,2021-12-01T16:14:02.154000,1638368031.7742264
20,27,14,27,Random,-9999,d612ac8a0587238b,0.4269998073577881,0.07700014114379883,1638375242.665,14,dusk,sad,beach,dusk,sad,dusk,sad,beach,dusk,sad,7210.890773534775,2021-12-01T16:14:02.665000,1638368031.7742264
5,21,6,21,Random,-9999,d612ac8a0587238b,0.4930000305175781,0.08500003814697266,1638375243.24,6,field,below,above,field,below,field,below,above,field,below,7211.4657735824585,2021-12-01T16:14:03.240000,1638368031.7742264
2,18,20,20,Random,-9999,d612ac8a0587238b,0.5169999599456787,0.07599997520446777,1638375243.829,18,strawberry,beach,shirt,beach,strawberry,strawberry,beach,shirt,beach,strawberry,7212.054773569107,2021-12-01T16:14:03.829000,1638368031.7742264
29,19,25,19,Random,-9999,d612ac8a0587238b,0.48600006103515625,0.07599997520446777,1638375244.391,25,watermelon,dawn,noon,watermelon,dawn,watermelon,dawn,noon,watermelon,dawn,7212.616773605347,2021-12-01T16:14:04.391000,1638368031.7742264
4,8,7,7,Random,-9999,d612ac8a0587238b,0.48800015449523926,0.07299995422363281,1638375244.953,8,far,beside,socks,beside,far,far,beside,socks,beside,far,7213.178773641586,2021-12-01T16:14:04.953000,1638368031.7742264
1,28,16,16,Random,-9999,d612ac8a0587238b,0.5179998874664307,0.07599997520446777,1638375245.552,28,night,lemon,pants,lemon,night,night,lemon,pants,lemon,night,7213.777773618698,2021-12-01T16:14:05.552000,1638368031.7742264
13,23,10,23,Random,-9999,d612ac8a0587238b,0.44099998474121094,0.07999992370605469,1638375246.064,10,sky,angry,happy,sky,angry,sky,angry,happy,sky,angry,7214.289773464203,2021-12-01T16:14:06.064000,1638368031.7742264
26,0,29,0,Random,-9999,d612ac8a0587238b,0.6679999828338623,0.07300019264221191,1638375246.919,29,dress,noon,day,dress,noon,dress,noon,day,dress,noon,7215.144773483276,2021-12-01T16:14:06.919000,1638368031.7742264
22,14,25,25,Random,-9999,d612ac8a0587238b,0.5140001773834229,0.1940000057220459,1638375247.511,14,sad,dawn,ocean,dawn,sad,sad,dawn,ocean,dawn,sad,7215.736773490906,2021-12-01T16:14:07.511000,1638368031.7742264
15,21,13,21,Random,-9999,d612ac8a0587238b,0.7730000019073486,0.07300019264221191,1638375248.427,13,field,happy,blueberry,field,happy,field,happy,blueberry,field,happy,7216.652773618698,2021-12-01T16:14:08.427000,1638368031.7742264
28,8,13,8,Random,-9999,8f030fe137e2de8a,8.197999954223633,0.14499998092651367,1638375642.002,13,far,happy,night,far,happy,far,happy,night,far,happy,7610.227773666382,2021-12-01T16:20:42.002000,1638368031.7742264
17,24,8,24,Random,-9999,8f030fe137e2de8a,5.432000160217285,0.14400005340576172,1638375647.57,8,sunset,far,mango,sunset,far,sunset,far,mango,sunset,far,7615.795773506165,2021-12-01T16:20:47.570000,1638368031.7742264
25,10,5,5,Random,-9999,8f030fe137e2de8a,3.8309998512268066,0.13499999046325684,1638375651.539,10,angry,above,dawn,above,angry,angry,above,dawn,above,angry,7619.764773607254,2021-12-01T16:20:51.539000,1638368031.7742264
14,0,22,0,Random,-9999,8f030fe137e2de8a,1.625999927520752,0.14100003242492676,1638375653.246,22,dress,ocean,sad,dress,ocean,dress,ocean,sad,dress,ocean,7621.47177362442,2021-12-01T16:20:53.246000,1638368031.7742264
28,5,27,27,Random,-9999,8f030fe137e2de8a,2.0950000286102295,0.07999992370605469,1638375655.474,5,above,dusk,night,dusk,above,above,dusk,night,dusk,above,7623.699773550034,2021-12-01T16:20:55.474000,1638368031.7742264
6,21,11,11,Random,-9999,8f030fe137e2de8a,2.007999897003174,0.13499999046325684,1638375657.615,21,field,disgust,below,disgust,field,field,disgust,below,disgust,field,7625.8407735824585,2021-12-01T16:20:57.615000,1638368031.7742264
24,9,27,9,Random,-9999,8f030fe137e2de8a,2.3299999237060547,0.13400006294250488,1638375660.47,27,near,dusk,sunset,near,dusk,near,dusk,sunset,near,dusk,7628.695773601532,2021-12-01T16:21:00.470000,1638368031.7742264
7,26,4,4,Random,-9999,8f030fe137e2de8a,2.6029999256134033,0.5260000228881836,1638375663.156,26,day,socks,beside,socks,day,day,socks,beside,socks,day,7631.381773471832,2021-12-01T16:21:03.156000,1638368031.7742264
17,26,19,26,Random,-9999,8f030fe137e2de8a,1.6579999923706055,0.13300013542175293,1638375664.947,19,day,watermelon,mango,day,watermelon,day,watermelon,mango,day,watermelon,7633.172773599625,2021-12-01T16:21:04.947000,1638368031.7742264
3,9,2,2,Random,-9999,8f030fe137e2de8a,6.75600004196167,0.08099985122680664,1638375671.838,9,near,shirt,shoes,shirt,near,near,shirt,shoes,shirt,near,7640.06377363205,2021-12-01T16:21:11.838000,1638368031.7742264
12,7,10,7,Random,-9999,8f030fe137e2de8a,2.7860000133514404,0.1359999179840088,1638375674.767,10,beside,angry,fearful,beside,angry,beside,angry,fearful,beside,angry,7642.992773532867,2021-12-01T16:21:14.767000,1638368031.7742264
0,21,20,21,Random,-9999,8f030fe137e2de8a,3.301999807357788,0.1400001049041748,1638375678.198,20,field,beach,dress,field,beach,field,beach,dress,field,beach,7646.423773527145,2021-12-01T16:21:18.198000,1638368031.7742264
19,0,25,25,Random,-9999,8f030fe137e2de8a,2.234999895095825,0.13300013542175293,1638375680.565,0,dress,dawn,watermelon,dawn,dress,dress,dawn,watermelon,dawn,dress,7648.790773630142,2021-12-01T16:21:20.565000,1638368031.7742264
2,19,18,18,Random,-9999,8f030fe137e2de8a,2.677000045776367,0.13100004196166992,1638375683.376,19,watermelon,strawberry,shirt,strawberry,watermelon,watermelon,strawberry,shirt,strawberry,watermelon,7651.6017735004425,2021-12-01T16:21:23.376000,1638368031.7742264
22,3,19,3,Random,-9999,8f030fe137e2de8a,3.2769999504089355,0.13400006294250488,1638375686.792,19,shoes,watermelon,ocean,shoes,watermelon,shoes,watermelon,ocean,shoes,watermelon,7655.017773628235,2021-12-01T16:21:26.792000,1638368031.7742264
7,8,17,8,Random,-9999,8f030fe137e2de8a,5.125,0.13899993896484375,1638375692.052,17,far,mango,beside,far,mango,far,mango,beside,far,mango,7660.277773618698,2021-12-01T16:21:32.052000,1638368031.7742264
12,22,19,22,Random,-9999,8f030fe137e2de8a,2.4210000038146973,0.1380000114440918,1638375694.615,19,ocean,watermelon,fearful,ocean,watermelon,ocean,watermelon,fearful,ocean,watermelon,7662.8407735824585,2021-12-01T16:21:34.615000,1638368031.7742264
28,5,11,5,Random,-9999,8f030fe137e2de8a,2.8289999961853027,0.13899993896484375,1638375697.572,11,above,disgust,night,above,disgust,above,disgust,night,above,disgust,7665.797773599625,2021-12-01T16:21:37.572000,1638368031.7742264
14,7,20,7,Random,-9999,8f030fe137e2de8a,2.7380001544952393,0.12899994850158691,1638375700.449,20,beside,beach,sad,beside,beach,beside,beach,sad,beside,beach,7668.674773454666,2021-12-01T16:21:40.449000,1638368031.7742264
7,15,2,15,Random,-9999,8f030fe137e2de8a,2.4140000343322754,0.1379997730255127,1638375702.996,2,blueberry,shirt,beside,blueberry,shirt,blueberry,shirt,beside,blueberry,shirt,7671.22177362442,2021-12-01T16:21:42.996000,1638368031.7742264
24,11,7,7,Random,-9999,8f030fe137e2de8a,3.5950000286102295,0.16100001335144043,1638375706.755,11,disgust,beside,sunset,beside,disgust,disgust,beside,sunset,beside,disgust,7674.980773687363,2021-12-01T16:21:46.755000,1638368031.7742264
8,13,3,13,Random,-9999,8f030fe137e2de8a,3.794999837875366,0.13700008392333984,1638375710.686,3,happy,shoes,far,happy,shoes,happy,shoes,far,happy,shoes,7678.911773681641,2021-12-01T16:21:50.686000,1638368031.7742264
20,16,29,16,Random,-9999,8f030fe137e2de8a,14.679999828338623,0.1400001049041748,1638375725.501,29,lemon,noon,beach,lemon,noon,lemon,noon,beach,lemon,noon,7693.7267735004425,2021-12-01T16:22:05.501000,1638368031.7742264
14,23,28,28,Random,-9999,8f030fe137e2de8a,2.4749999046325684,0.13300013542175293,1638375728.107,23,sky,night,sad,night,sky,sky,night,sad,night,sky,7696.332773685455,2021-12-01T16:22:08.107000,1638368031.7742264
21,7,27,7,Random,-9999,8f030fe137e2de8a,2.682999849319458,0.13400006294250488,1638375730.926,27,beside,dusk,field,beside,dusk,beside,dusk,field,beside,dusk,7699.151773691177,2021-12-01T16:22:10.926000,1638368031.7742264
8,25,3,25,Random,-9999,8f030fe137e2de8a,3.3960001468658447,0.13499999046325684,1638375734.455,3,dawn,shoes,far,dawn,shoes,dawn,shoes,far,dawn,shoes,7702.680773496628,2021-12-01T16:22:14.455000,1638368031.7742264
2,14,3,3,Random,-9999,8f030fe137e2de8a,1.9679999351501465,0.13400006294250488,1638375736.581,14,sad,shoes,shirt,shoes,sad,sad,shoes,shirt,shoes,sad,7704.806773662567,2021-12-01T16:22:16.581000,1638368031.7742264
0,16,25,25,Random,-9999,8f030fe137e2de8a,3.6760001182556152,0.1529998779296875,1638375740.384,16,lemon,dawn,dress,dawn,lemon,lemon,dawn,dress,dawn,lemon,7708.609773635864,2021-12-01T16:22:20.384000,1638368031.7742264
8,12,21,21,Random,-9999,8f030fe137e2de8a,3.5260000228881836,0.13399982452392578,1638375744.042,12,fearful,field,far,field,fearful,fearful,field,far,field,fearful,7712.267773628235,2021-12-01T16:22:24.042000,1638368031.7742264
2,3,18,3,Random,-9999,8f030fe137e2de8a,1.6089999675750732,0.13199996948242188,1638375745.733,18,shoes,strawberry,shirt,shoes,strawberry,shoes,strawberry,shirt,shoes,strawberry,7713.958773612976,2021-12-01T16:22:25.733000,1638368031.7742264
2,22,17,22,Random,-9999,8f030fe137e2de8a,2.120000123977661,0.07800006866455078,1638375747.986,17,ocean,mango,shirt,ocean,mango,ocean,mango,shirt,ocean,mango,7716.211773633957,2021-12-01T16:22:27.986000,1638368031.7742264
1,29,13,29,Random,-9999,8f030fe137e2de8a,2.952000141143799,0.14699983596801758,1638375751.091,13,noon,happy,pants,noon,happy,noon,happy,pants,noon,happy,7719.31677365303,2021-12-01T16:22:31.091000,1638368031.7742264
25,21,12,21,Random,-9999,8f030fe137e2de8a,4.351999998092651,0.1399998664855957,1638375755.573,12,field,fearful,dawn,field,fearful,field,fearful,dawn,field,fearful,7723.798773527145,2021-12-01T16:22:35.573000,1638368031.7742264
2,22,29,29,Random,-9999,8f030fe137e2de8a,3.9630000591278076,0.13000011444091797,1638375759.669,22,ocean,noon,shirt,noon,ocean,ocean,noon,shirt,noon,ocean,7727.894773483276,2021-12-01T16:22:39.669000,1638368031.7742264
9,11,12,12,Random,-9999,8f030fe137e2de8a,2.763000011444092,0.13399982452392578,1638375762.564,11,disgust,fearful,near,fearful,disgust,disgust,fearful,near,fearful,disgust,7730.789773464203,2021-12-01T16:22:42.564000,1638368031.7742264
0,13,7,13,Random,-9999,8f030fe137e2de8a,2.4579999446868896,0.13300013542175293,1638375765.161,7,happy,beside,dress,happy,beside,happy,beside,dress,happy,beside,7733.386773586273,2021-12-01T16:22:45.161000,1638368031.7742264
13,9,15,9,Random,-9999,8f030fe137e2de8a,2.4070000648498535,0.1380000114440918,1638375767.697,15,near,blueberry,happy,near,blueberry,near,blueberry,happy,near,blueberry,7735.922773599625,2021-12-01T16:22:47.697000,1638368031.7742264
21,15,8,15,Random,-9999,8f030fe137e2de8a,2.5299999713897705,0.14999985694885254,1638375770.384,8,blueberry,far,field,blueberry,far,blueberry,far,field,blueberry,far,7738.609773635864,2021-12-01T16:22:50.384000,1638368031.7742264
28,4,14,14,Random,-9999,8f030fe137e2de8a,2.0139999389648438,0.13700008392333984,1638375772.542,4,socks,sad,night,sad,socks,socks,sad,night,sad,socks,7740.767773628235,2021-12-01T16:22:52.542000,1638368031.7742264
6,4,16,4,Random,-9999,8f030fe137e2de8a,2.5209999084472656,0.1360001564025879,1638375775.188,16,socks,lemon,below,socks,lemon,socks,lemon,below,socks,lemon,7743.413773536682,2021-12-01T16:22:55.188000,1638368031.7742264
10,2,17,2,Random,-9999,8f030fe137e2de8a,2.4850001335144043,2.240999937057495,1638375779.919,17,shirt,mango,angry,shirt,mango,shirt,mango,angry,shirt,mango,7748.144773483276,2021-12-01T16:22:59.919000,1638368031.7742264
6,0,8,8,Random,-9999,8f030fe137e2de8a,3.874000072479248,0.1399998664855957,1638375783.93,0,dress,far,below,far,dress,dress,far,below,far,dress,7752.155773639679,2021-12-01T16:23:03.930000,1638368031.7742264
9,18,26,26,Random,-9999,8f030fe137e2de8a,1.8239998817443848,0.13499999046325684,1638375785.827,18,strawberry,day,near,day,strawberry,strawberry,day,near,day,strawberry,7754.052773475647,2021-12-01T16:23:05.827000,1638368031.7742264
6,14,7,7,Random,-9999,8f030fe137e2de8a,0.7860000133514404,0.07299995422363281,1638375786.762,14,sad,beside,below,beside,sad,sad,beside,below,beside,sad,7754.987773656845,2021-12-01T16:23:06.762000,1638368031.7742264
1,10,5,5,Random,-9999,8f030fe137e2de8a,2.009000062942505,0.18199992179870605,1638375789.053,10,angry,above,pants,above,angry,angry,above,pants,above,angry,7757.278773546219,2021-12-01T16:23:09.053000,1638368031.7742264
27,6,9,6,Random,-9999,8f030fe137e2de8a,1.2940001487731934,0.3359999656677246,1638375790.509,9,below,near,dusk,below,near,below,near,dusk,below,near,7758.734773635864,2021-12-01T16:23:10.509000,1638368031.7742264
11,9,8,9,Random,-9999,8f030fe137e2de8a,1.5,0.08100008964538574,1638375792.093,8,near,far,disgust,near,far,near,far,disgust,near,far,7760.318773508072,2021-12-01T16:23:12.093000,1638368031.7742264
28,11,23,23,Random,-9999,8f030fe137e2de8a,1.9579999446868896,0.07999992370605469,1638375794.219,11,disgust,sky,night,sky,disgust,disgust,sky,night,sky,disgust,7762.444773674011,2021-12-01T16:23:14.219000,1638368031.7742264
6,2,20,2,Random,-9999,8f030fe137e2de8a,1.0909998416900635,0.16300010681152344,1638375795.378,20,shirt,beach,below,shirt,beach,shirt,beach,below,shirt,beach,7763.603773593903,2021-12-01T16:23:15.378000,1638368031.7742264
24,25,28,28,Random,-9999,8f030fe137e2de8a,0.7970001697540283,0.07699990272521973,1638375796.248,25,dawn,night,sunset,night,dawn,dawn,night,sunset,night,dawn,7764.473773479462,2021-12-01T16:23:16.248000,1638368031.7742264
29,28,6,6,Random,-9999,8f030fe137e2de8a,0.6759998798370361,0.07200002670288086,1638375797.003,28,night,below,noon,below,night,night,below,noon,below,night,7765.228773593903,2021-12-01T16:23:17.003000,1638368031.7742264
8,14,22,14,Random,-9999,8f030fe137e2de8a,0.5529999732971191,0.0820000171661377,1638375797.633,22,sad,ocean,far,sad,ocean,sad,ocean,far,sad,ocean,7765.858773469925,2021-12-01T16:23:17.633000,1638368031.7742264
26,18,28,18,Random,-9999,8f030fe137e2de8a,0.3489999771118164,0.07599997520446777,1638375798.057,28,strawberry,night,day,strawberry,night,strawberry,night,day,strawberry,night,7766.2827734947205,2021-12-01T16:23:18.057000,1638368031.7742264
10,11,12,12,Random,-9999,8f030fe137e2de8a,0.8639998435974121,0.07400012016296387,1638375799.0,11,disgust,fearful,angry,fearful,disgust,disgust,fearful,angry,fearful,disgust,7767.225773572922,2021-12-01T16:23:19,1638368031.7742264
13,28,27,27,Random,-9999,8f030fe137e2de8a,0.8439998626708984,0.08000016212463379,1638375799.92,28,night,dusk,happy,dusk,night,night,dusk,happy,dusk,night,7768.145773649216,2021-12-01T16:23:19.920000,1638368031.7742264
18,19,23,19,Random,-9999,8f030fe137e2de8a,0.6889998912811279,0.07400012016296387,1638375800.683,23,watermelon,sky,strawberry,watermelon,sky,watermelon,sky,strawberry,watermelon,sky,7768.90877366066,2021-12-01T16:23:20.683000,1638368031.7742264
21,15,16,16,Random,-9999,8f030fe137e2de8a,0.9440000057220459,0.07599997520446777,1638375801.7,15,blueberry,lemon,field,lemon,blueberry,blueberry,lemon,field,lemon,blueberry,7769.9257736206055,2021-12-01T16:23:21.700000,1638368031.7742264
14,23,12,23,Random,-9999,8f030fe137e2de8a,0.5290000438690186,0.07299995422363281,1638375802.305,12,sky,fearful,sad,sky,fearful,sky,fearful,sad,sky,fearful,7770.530773639679,2021-12-01T16:23:22.305000,1638368031.7742264
18,28,19,28,Random,-9999,8f030fe137e2de8a,0.5409998893737793,0.07699990272521973,1638375802.923,19,night,watermelon,strawberry,night,watermelon,night,watermelon,strawberry,night,watermelon,7771.1487736701965,2021-12-01T16:23:22.923000,1638368031.7742264
12,4,19,19,Random,-9999,8f030fe137e2de8a,0.6230001449584961,0.07599997520446777,1638375803.625,4,socks,watermelon,fearful,watermelon,socks,socks,watermelon,fearful,watermelon,socks,7771.850773572922,2021-12-01T16:23:23.625000,1638368031.7742264
11,0,17,0,Random,-9999,8f030fe137e2de8a,0.5230000019073486,0.07899999618530273,1638375804.229,17,dress,mango,disgust,dress,mango,dress,mango,disgust,dress,mango,7772.4547736644745,2021-12-01T16:23:24.229000,1638368031.7742264
18,28,3,3,Random,-9999,8f030fe137e2de8a,0.5480000972747803,0.08699989318847656,1638375804.862,28,night,shoes,strawberry,shoes,night,night,shoes,strawberry,shoes,night,7773.087773561478,2021-12-01T16:23:24.862000,1638368031.7742264
21,17,22,22,Random,-9999,8f030fe137e2de8a,0.5799999237060547,0.08599996566772461,1638375805.528,17,mango,ocean,field,ocean,mango,mango,ocean,field,ocean,mango,7773.75377368927,2021-12-01T16:23:25.528000,1638368031.7742264
11,15,25,15,Random,-9999,8f030fe137e2de8a,0.562000036239624,0.07999992370605469,1638375806.169,25,blueberry,dawn,disgust,blueberry,dawn,blueberry,dawn,disgust,blueberry,dawn,7774.394773483276,2021-12-01T16:23:26.169000,1638368031.7742264
26,28,27,28,Random,-9999,8f030fe137e2de8a,0.5369999408721924,0.08100008964538574,1638375806.787,27,night,dusk,day,night,dusk,night,dusk,day,night,dusk,7775.012773513794,2021-12-01T16:23:26.787000,1638368031.7742264
19,12,21,12,Random,-9999,8f030fe137e2de8a,0.5450000762939453,0.07999992370605469,1638375807.412,21,fearful,field,watermelon,fearful,field,fearful,field,watermelon,fearful,field,7775.637773513794,2021-12-01T16:23:27.412000,1638368031.7742264
15,26,19,26,Random,-9999,8f030fe137e2de8a,0.5390000343322754,0.07999992370605469,1638375808.03,19,day,watermelon,blueberry,day,watermelon,day,watermelon,blueberry,day,watermelon,7776.2557735443115,2021-12-01T16:23:28.030000,1638368031.7742264
3,21,16,16,Random,-9999,8f030fe137e2de8a,0.5729999542236328,0.08500003814697266,1638375808.69,21,field,lemon,shoes,lemon,field,field,lemon,shoes,lemon,field,7776.915773630142,2021-12-01T16:23:28.690000,1638368031.7742264
16,27,25,25,Random,-9999,8f030fe137e2de8a,0.7289998531341553,0.08000016212463379,1638375809.499,27,dusk,dawn,lemon,dawn,dusk,dusk,dawn,lemon,dawn,dusk,7777.724773645401,2021-12-01T16:23:29.499000,1638368031.7742264
5,8,0,8,Random,-9999,8f030fe137e2de8a,0.6019999980926514,0.08000016212463379,1638375810.18,0,far,dress,above,far,dress,far,dress,above,far,dress,7778.405773639679,2021-12-01T16:23:30.180000,1638368031.7742264
19,25,1,1,Random,-9999,8f030fe137e2de8a,0.5399999618530273,0.07899999618530273,1638375810.793,25,dawn,pants,watermelon,pants,dawn,dawn,pants,watermelon,pants,dawn,7779.018773555756,2021-12-01T16:23:30.793000,1638368031.7742264
11,12,29,29,Random,-9999,8f030fe137e2de8a,0.5110001564025879,0.07399988174438477,1638375811.38,12,fearful,noon,disgust,noon,fearful,fearful,noon,disgust,noon,fearful,7779.605773687363,2021-12-01T16:23:31.380000,1638368031.7742264
2,24,23,24,Random,-9999,8f030fe137e2de8a,0.557999849319458,0.07700014114379883,1638375812.019,23,sunset,sky,shirt,sunset,sky,sunset,sky,shirt,sunset,sky,7780.2447736263275,2021-12-01T16:23:32.019000,1638368031.7742264
13,14,29,29,Random,-9999,8f030fe137e2de8a,0.5690000057220459,0.08100008964538574,1638375812.668,14,sad,noon,happy,noon,sad,sad,noon,happy,noon,sad,7780.893773555756,2021-12-01T16:23:32.668000,1638368031.7742264
6,16,12,12,Random,-9999,8f030fe137e2de8a,0.6510000228881836,0.07999992370605469,1638375813.401,16,lemon,fearful,below,fearful,lemon,lemon,fearful,below,fearful,lemon,7781.62677359581,2021-12-01T16:23:33.401000,1638368031.7742264
15,17,9,17,Random,-9999,8f030fe137e2de8a,0.567000150680542,0.0839998722076416,1638375814.046,9,mango,near,blueberry,mango,near,mango,near,blueberry,mango,near,7782.271773576736,2021-12-01T16:23:34.046000,1638368031.7742264
28,7,16,16,Random,-9999,8f030fe137e2de8a,0.4419999122619629,0.08000016212463379,1638375814.563,7,beside,lemon,night,lemon,beside,beside,lemon,night,lemon,beside,7782.788773536682,2021-12-01T16:23:34.563000,1638368031.7742264
9,19,11,19,Random,-9999,8f030fe137e2de8a,0.5539999008178711,0.08100008964538574,1638375815.203,11,watermelon,disgust,near,watermelon,disgust,watermelon,disgust,near,watermelon,disgust,7783.428773641586,2021-12-01T16:23:35.203000,1638368031.7742264
18,9,14,14,Random,-9999,8f030fe137e2de8a,0.5540001392364502,0.07999992370605469,1638375815.832,9,near,sad,strawberry,sad,near,near,sad,strawberry,sad,near,7784.057773590088,2021-12-01T16:23:35.832000,1638368031.7742264
9,11,7,7,Random,-9999,8f030fe137e2de8a,0.5019998550415039,0.07599997520446777,1638375816.41,11,disgust,beside,near,beside,disgust,disgust,beside,near,beside,disgust,7784.635773658752,2021-12-01T16:23:36.410000,1638368031.7742264
17,3,11,3,Random,-9999,8f030fe137e2de8a,0.5269999504089355,0.07500004768371582,1638375817.013,11,shoes,disgust,mango,shoes,disgust,shoes,disgust,mango,shoes,disgust,7785.238773584366,2021-12-01T16:23:37.013000,1638368031.7742264
16,20,2,2,Random,-9999,8f030fe137e2de8a,0.44499993324279785,0.07700014114379883,1638375817.534,20,beach,shirt,lemon,shirt,beach,beach,shirt,lemon,shirt,beach,7785.759773492813,2021-12-01T16:23:37.534000,1638368031.7742264
3,4,25,4,Random,-9999,8f030fe137e2de8a,0.5349998474121094,0.07400012016296387,1638375818.145,25,socks,dawn,shoes,socks,dawn,socks,dawn,shoes,socks,dawn,7786.370773553848,2021-12-01T16:23:38.145000,1638368031.7742264
23,29,10,29,Random,-9999,8f030fe137e2de8a,0.5559999942779541,0.07899999618530273,1638375818.783,10,noon,angry,sky,noon,angry,noon,angry,sky,noon,angry,7787.008773565292,2021-12-01T16:23:38.783000,1638368031.7742264
9,6,10,10,Random,-9999,8f030fe137e2de8a,0.4719998836517334,0.0820000171661377,1638375819.344,6,below,angry,near,angry,below,below,angry,near,angry,below,7787.569773674011,2021-12-01T16:23:39.344000,1638368031.7742264
8,6,24,6,Random,-9999,8f030fe137e2de8a,0.48000001907348633,0.0820000171661377,1638375819.899,24,below,sunset,far,below,sunset,below,sunset,far,below,sunset,7788.12477350235,2021-12-01T16:23:39.899000,1638368031.7742264
29,0,6,0,Random,-9999,8f030fe137e2de8a,0.4100000858306885,0.07999992370605469,1638375820.388,6,dress,below,noon,dress,below,dress,below,noon,dress,below,7788.613773584366,2021-12-01T16:23:40.388000,1638368031.7742264
10,23,17,17,Random,-9999,8f030fe137e2de8a,0.5099999904632568,0.08299994468688965,1638375820.979,23,sky,mango,angry,mango,sky,sky,mango,angry,mango,sky,7789.2047736644745,2021-12-01T16:23:40.979000,1638368031.7742264
9,3,22,3,Random,-9999,8f030fe137e2de8a,0.46700000762939453,0.07899999618530273,1638375821.529,22,shoes,ocean,near,shoes,ocean,shoes,ocean,near,shoes,ocean,7789.754773616791,2021-12-01T16:23:41.529000,1638368031.7742264
27,24,8,8,Random,-9999,8f030fe137e2de8a,0.47500014305114746,0.07899999618530273,1638375822.081,24,sunset,far,dusk,far,sunset,sunset,far,dusk,far,sunset,7790.306773662567,2021-12-01T16:23:42.081000,1638368031.7742264
14,10,23,23,Random,-9999,8f030fe137e2de8a,0.4290001392364502,0.07799983024597168,1638375822.59,10,angry,sky,sad,sky,angry,angry,sky,sad,sky,angry,7790.815773487091,2021-12-01T16:23:42.590000,1638368031.7742264
12,11,7,11,Random,-9999,8f030fe137e2de8a,0.440000057220459,0.0820000171661377,1638375823.103,7,disgust,beside,fearful,disgust,beside,disgust,beside,fearful,disgust,beside,7791.328773498535,2021-12-01T16:23:43.103000,1638368031.7742264
22,14,3,3,Random,-9999,8f030fe137e2de8a,0.5109999179840088,0.07500004768371582,1638375823.695,14,sad,shoes,ocean,shoes,sad,sad,shoes,ocean,shoes,sad,7791.920773506165,2021-12-01T16:23:43.695000,1638368031.7742264
28,27,4,27,Random,-9999,8f030fe137e2de8a,0.5300002098083496,0.07999992370605469,1638375824.304,4,dusk,socks,night,dusk,socks,dusk,socks,night,dusk,socks,7792.52977347374,2021-12-01T16:23:44.304000,1638368031.7742264
3,9,8,9,Random,-9999,8f030fe137e2de8a,0.4049999713897705,0.07799983024597168,1638375824.786,8,near,far,shoes,near,far,near,far,shoes,near,far,7793.011773586273,2021-12-01T16:23:44.786000,1638368031.7742264
15,1,4,4,Random,-9999,8f030fe137e2de8a,0.7079999446868896,0.07800006866455078,1638375825.569,1,pants,socks,blueberry,socks,pants,pants,socks,blueberry,socks,pants,7793.794773578644,2021-12-01T16:23:45.569000,1638368031.7742264
10,4,19,4,Random,-9999,8f030fe137e2de8a,0.7350001335144043,0.07599997520446777,1638375826.383,19,socks,watermelon,angry,socks,watermelon,socks,watermelon,angry,socks,watermelon,7794.608773469925,2021-12-01T16:23:46.383000,1638368031.7742264
6,25,9,9,Random,-9999,8f030fe137e2de8a,0.5210001468658447,0.08099985122680664,1638375826.986,25,dawn,near,below,near,dawn,dawn,near,below,near,dawn,7795.211773633957,2021-12-01T16:23:46.986000,1638368031.7742264
5,15,14,15,Random,-9999,8f030fe137e2de8a,0.4549999237060547,0.08299994468688965,1638375827.516,14,blueberry,sad,above,blueberry,sad,blueberry,sad,above,blueberry,sad,7795.741773605347,2021-12-01T16:23:47.516000,1638368031.7742264
20,24,14,14,Random,-9999,8f030fe137e2de8a,0.5299999713897705,0.07200002670288086,1638375828.119,24,sunset,sad,beach,sad,sunset,sunset,sad,beach,sad,sunset,7796.34477353096,2021-12-01T16:23:48.119000,1638368031.7742264
18,9,13,9,Random,-9999,8f030fe137e2de8a,0.47300004959106445,0.07299995422363281,1638375828.664,13,near,happy,strawberry,near,happy,near,happy,strawberry,near,happy,7796.889773607254,2021-12-01T16:23:48.664000,1638368031.7742264
20,7,12,7,Random,-9999,8f030fe137e2de8a,0.4460000991821289,0.07599997520446777,1638375829.185,12,beside,fearful,beach,beside,fearful,beside,fearful,beach,beside,fearful,7797.410773515701,2021-12-01T16:23:49.185000,1638368031.7742264
4,17,24,24,Random,-9999,8f030fe137e2de8a,0.5920000076293945,0.07399988174438477,1638375829.855,17,mango,sunset,socks,sunset,mango,mango,sunset,socks,sunset,mango,7798.080773591995,2021-12-01T16:23:49.855000,1638368031.7742264
9,21,11,11,Random,-9999,8f030fe137e2de8a,0.6210000514984131,0.07699990272521973,1638375830.549,21,field,disgust,near,disgust,field,field,disgust,near,disgust,field,7798.774773597717,2021-12-01T16:23:50.549000,1638368031.7742264
6,16,18,16,Random,-9999,8f030fe137e2de8a,0.5920000076293945,0.07299995422363281,1638375831.218,18,lemon,strawberry,below,lemon,strawberry,lemon,strawberry,below,lemon,strawberry,7799.443773508072,2021-12-01T16:23:51.218000,1638368031.7742264
0,13,22,13,Random,-9999,8f030fe137e2de8a,0.4700000286102295,0.07700014114379883,1638375831.761,22,happy,ocean,dress,happy,ocean,happy,ocean,dress,happy,ocean,7799.986773490906,2021-12-01T16:23:51.761000,1638368031.7742264
23,3,26,26,Random,-9999,8f030fe137e2de8a,0.5850000381469727,0.07299995422363281,1638375832.426,3,shoes,day,sky,day,shoes,shoes,day,sky,day,shoes,7800.651773691177,2021-12-01T16:23:52.426000,1638368031.7742264
4,29,20,29,Random,-9999,8f030fe137e2de8a,0.5869998931884766,0.07899999618530273,1638375833.093,20,noon,beach,socks,noon,beach,noon,beach,socks,noon,beach,7801.318773508072,2021-12-01T16:23:53.093000,1638368031.7742264
24,21,10,10,Random,-9999,8f030fe137e2de8a,0.4909999370574951,0.07899999618530273,1638375833.657,21,field,angry,sunset,angry,field,field,angry,sunset,angry,field,7801.882773637772,2021-12-01T16:23:53.657000,1638368031.7742264
11,25,13,25,Random,-9999,8f030fe137e2de8a,0.5539999008178711,0.07400012016296387,1638375834.291,13,dawn,happy,disgust,dawn,happy,dawn,happy,disgust,dawn,happy,7802.5167734622955,2021-12-01T16:23:54.291000,1638368031.7742264
25,18,10,18,Random,-9999,8f030fe137e2de8a,0.818000078201294,0.08099985122680664,1638375835.187,10,strawberry,angry,dawn,strawberry,angry,strawberry,angry,dawn,strawberry,angry,7803.412773609161,2021-12-01T16:23:55.187000,1638368031.7742264
22,4,1,1,Random,-9999,8f030fe137e2de8a,0.5220000743865967,0.07999992370605469,1638375835.789,4,socks,pants,ocean,pants,socks,socks,pants,ocean,pants,socks,7804.014773607254,2021-12-01T16:23:55.789000,1638368031.7742264
19,4,25,4,Random,-9999,8f030fe137e2de8a,0.5150001049041748,0.07899999618530273,1638375836.378,25,socks,dawn,watermelon,socks,dawn,socks,dawn,watermelon,socks,dawn,7804.603773593903,2021-12-01T16:23:56.378000,1638368031.7742264
13,3,1,1,Random,-9999,8f030fe137e2de8a,0.4930000305175781,0.07599997520446777,1638375836.947,3,shoes,pants,happy,pants,shoes,shoes,pants,happy,pants,shoes,7805.172773599625,2021-12-01T16:23:56.947000,1638368031.7742264
7,9,28,9,Random,-9999,8f030fe137e2de8a,0.5280001163482666,0.07499980926513672,1638375837.55,28,near,night,beside,near,night,near,night,beside,near,night,7805.775773525238,2021-12-01T16:23:57.550000,1638368031.7742264
3,28,14,14,Random,-9999,8f030fe137e2de8a,0.5970001220703125,0.07699990272521973,1638375838.224,28,night,sad,shoes,sad,night,night,sad,shoes,sad,night,7806.449773550034,2021-12-01T16:23:58.224000,1638368031.7742264
12,28,21,21,Random,-9999,8f030fe137e2de8a,1.062999963760376,0.07699990272521973,1638375839.363,28,night,field,fearful,field,night,night,field,fearful,field,night,7807.588773488998,2021-12-01T16:23:59.363000,1638368031.7742264
10,16,23,16,Random,-9999,8f030fe137e2de8a,0.49499988555908203,0.07500004768371582,1638375839.937,23,lemon,sky,angry,lemon,sky,lemon,sky,angry,lemon,sky,7808.162773609161,2021-12-01T16:23:59.937000,1638368031.7742264
3,18,11,11,Random,-9999,8f030fe137e2de8a,0.48399996757507324,0.07800006866455078,1638375840.5,18,strawberry,disgust,shoes,disgust,strawberry,strawberry,disgust,shoes,disgust,strawberry,7808.725773572922,2021-12-01T16:24:00.500000,1638368031.7742264
12,14,24,14,Random,-9999,8f030fe137e2de8a,0.5540001392364502,0.07899999618530273,1638375841.126,24,sad,sunset,fearful,sad,sunset,sad,sunset,fearful,sad,sunset,7809.3517735004425,2021-12-01T16:24:01.126000,1638368031.7742264
26,28,17,17,Random,-9999,8f030fe137e2de8a,0.5379998683929443,0.07299995422363281,1638375841.745,28,night,mango,day,mango,night,night,mango,day,mango,night,7809.970773458481,2021-12-01T16:24:01.745000,1638368031.7742264
20,1,29,1,Random,-9999,8f030fe137e2de8a,0.9629998207092285,0.08000016212463379,1638375842.782,29,pants,noon,beach,pants,noon,pants,noon,beach,pants,noon,7811.007773637772,2021-12-01T16:24:02.782000,1638368031.7742264
19,5,21,21,Random,-9999,8f030fe137e2de8a,0.49900007247924805,0.07899999618530273,1638375843.365,5,above,field,watermelon,field,above,above,field,watermelon,field,above,7811.5907735824585,2021-12-01T16:24:03.365000,1638368031.7742264
14,18,7,7,Random,-9999,8f030fe137e2de8a,0.5850000381469727,0.0820000171661377,1638375844.034,18,strawberry,beside,sad,beside,strawberry,strawberry,beside,sad,beside,strawberry,7812.259773492813,2021-12-01T16:24:04.034000,1638368031.7742264
20,6,25,25,Random,-9999,8f030fe137e2de8a,0.7689998149871826,0.0820000171661377,1638375844.877,6,below,dawn,beach,dawn,below,below,dawn,beach,dawn,below,7813.102773666382,2021-12-01T16:24:04.877000,1638368031.7742264
6,7,14,7,Random,-9999,8f030fe137e2de8a,0.7030000686645508,0.07500004768371582,1638375845.657,14,beside,sad,below,beside,sad,beside,sad,below,beside,sad,7813.882773637772,2021-12-01T16:24:05.657000,1638368031.7742264
1,0,22,22,Random,-9999,8f030fe137e2de8a,0.5410001277923584,0.07699990272521973,1638375846.279,0,dress,ocean,pants,ocean,dress,dress,ocean,pants,ocean,dress,7814.504773616791,2021-12-01T16:24:06.279000,1638368031.7742264
11,24,14,24,Random,-9999,8f030fe137e2de8a,0.5299999713897705,0.07999992370605469,1638375846.886,14,sunset,sad,disgust,sunset,sad,sunset,sad,disgust,sunset,sad,7815.111773490906,2021-12-01T16:24:06.886000,1638368031.7742264
8,16,22,22,Random,-9999,8f030fe137e2de8a,0.5409998893737793,0.07700014114379883,1638375847.507,16,lemon,ocean,far,ocean,lemon,lemon,ocean,far,ocean,lemon,7815.732773542404,2021-12-01T16:24:07.507000,1638368031.7742264
19,11,25,11,Random,-9999,8f030fe137e2de8a,0.5220000743865967,0.07999992370605469,1638375848.11,25,disgust,dawn,watermelon,disgust,dawn,disgust,dawn,watermelon,disgust,dawn,7816.335773468018,2021-12-01T16:24:08.110000,1638368031.7742264
7,10,14,14,Random,-9999,8f030fe137e2de8a,0.5209999084472656,0.08100008964538574,1638375848.71,10,angry,sad,beside,sad,angry,angry,sad,beside,sad,angry,7816.935773611069,2021-12-01T16:24:08.710000,1638368031.7742264
14,4,22,4,Random,-9999,8f030fe137e2de8a,1.184999942779541,0.0839998722076416,1638375849.978,22,socks,ocean,sad,socks,ocean,socks,ocean,sad,socks,ocean,7818.203773498535,2021-12-01T16:24:09.978000,1638368031.7742264
1,0,3,0,Random,-9999,8f030fe137e2de8a,0.43399977684020996,0.08000016212463379,1638375850.49,3,dress,shoes,pants,dress,shoes,dress,shoes,pants,dress,shoes,7818.7157735824585,2021-12-01T16:24:10.490000,1638368031.7742264
4,9,17,9,Random,-9999,8f030fe137e2de8a,0.3950002193450928,0.07899999618530273,1638375850.963,17,near,mango,socks,near,mango,near,mango,socks,near,mango,7819.18877363205,2021-12-01T16:24:10.963000,1638368031.7742264
12,27,23,23,Random,-9999,8f030fe137e2de8a,0.5939998626708984,0.08100008964538574,1638375851.637,27,dusk,sky,fearful,sky,dusk,dusk,sky,fearful,sky,dusk,7819.862773656845,2021-12-01T16:24:11.637000,1638368031.7742264
7,28,2,28,Random,-9999,8f030fe137e2de8a,0.4440000057220459,0.07800006866455078,1638375852.16,2,night,shirt,beside,night,shirt,night,shirt,beside,night,shirt,7820.385773658752,2021-12-01T16:24:12.160000,1638368031.7742264
17,25,4,4,Random,-9999,8f030fe137e2de8a,0.4980001449584961,0.07999992370605469,1638375852.737,25,dawn,socks,mango,socks,dawn,dawn,socks,mango,socks,dawn,7820.962773561478,2021-12-01T16:24:12.737000,1638368031.7742264
21,17,28,17,Random,-9999,8f030fe137e2de8a,0.5399999618530273,0.07799983024597168,1638375853.356,28,mango,night,field,mango,night,mango,night,field,mango,night,7821.581773519516,2021-12-01T16:24:13.356000,1638368031.7742264
6,2,5,5,Random,-9999,8f030fe137e2de8a,0.47499990463256836,0.09400010108947754,1638375853.925,2,shirt,above,below,above,shirt,shirt,above,below,above,shirt,7822.150773525238,2021-12-01T16:24:13.925000,1638368031.7742264
14,8,26,8,Random,-9999,8f030fe137e2de8a,0.4570000171661377,0.08100008964538574,1638375854.457,26,far,day,sad,far,day,far,day,sad,far,day,7822.682773590088,2021-12-01T16:24:14.457000,1638368031.7742264
3,29,4,4,Random,-9999,8f030fe137e2de8a,0.4660000801086426,0.07999992370605469,1638375855.004,29,noon,socks,shoes,socks,noon,noon,socks,shoes,socks,noon,7823.229773521423,2021-12-01T16:24:15.004000,1638368031.7742264
27,11,24,11,Random,-9999,8f030fe137e2de8a,0.4799997806549072,0.08100008964538574,1638375855.565,24,disgust,sunset,dusk,disgust,sunset,disgust,sunset,dusk,disgust,sunset,7823.790773630142,2021-12-01T16:24:15.565000,1638368031.7742264
7,23,18,18,Random,-9999,8f030fe137e2de8a,0.5280001163482666,0.07500004768371582,1638375856.167,23,sky,strawberry,beside,strawberry,sky,sky,strawberry,beside,strawberry,sky,7824.392773628235,2021-12-01T16:24:16.167000,1638368031.7742264
0,9,10,9,Random,-9999,8f030fe137e2de8a,0.7860000133514404,0.07400012016296387,1638375857.026,10,near,angry,dress,near,angry,near,angry,dress,near,angry,7825.25177359581,2021-12-01T16:24:17.026000,1638368031.7742264
17,29,1,29,Random,-9999,8f030fe137e2de8a,0.5770001411437988,0.07299995422363281,1638375857.674,1,noon,pants,mango,noon,pants,noon,pants,mango,noon,pants,7825.899773597717,2021-12-01T16:24:17.674000,1638368031.7742264
0,4,29,29,Random,-9999,8f030fe137e2de8a,0.4570000171661377,0.07299995422363281,1638375858.206,4,socks,noon,dress,noon,socks,socks,noon,dress,noon,socks,7826.431773662567,2021-12-01T16:24:18.206000,1638368031.7742264
22,14,23,14,Random,-9999,8f030fe137e2de8a,0.4869999885559082,0.07500004768371582,1638375858.767,23,sad,sky,ocean,sad,sky,sad,sky,ocean,sad,sky,7826.992773532867,2021-12-01T16:24:18.767000,1638368031.7742264
25,23,22,22,Random,-9999,8f030fe137e2de8a,0.5039999485015869,0.07400012016296387,1638375859.343,23,sky,ocean,dawn,ocean,sky,sky,ocean,dawn,ocean,sky,7827.568773508072,2021-12-01T16:24:19.343000,1638368031.7742264
14,27,13,27,Random,-9999,8f030fe137e2de8a,0.4659998416900635,0.07299995422363281,1638375859.886,13,dusk,happy,sad,dusk,happy,dusk,happy,sad,dusk,happy,7828.111773490906,2021-12-01T16:24:19.886000,1638368031.7742264
21,27,28,27,Random,-9999,8f030fe137e2de8a,0.43599987030029297,0.07800006866455078,1638375860.402,28,dusk,night,field,dusk,night,dusk,night,field,dusk,night,7828.627773523331,2021-12-01T16:24:20.402000,1638368031.7742264
13,11,27,27,Random,-9999,8f030fe137e2de8a,0.5220000743865967,0.07899999618530273,1638375860.998,11,disgust,dusk,happy,dusk,disgust,disgust,dusk,happy,dusk,disgust,7829.223773479462,2021-12-01T16:24:20.998000,1638368031.7742264
0,2,11,2,Random,-9999,8f030fe137e2de8a,0.48799991607666016,0.07400012016296387,1638375861.559,11,shirt,disgust,dress,shirt,disgust,shirt,disgust,dress,shirt,disgust,7829.7847735881805,2021-12-01T16:24:21.559000,1638368031.7742264
10,16,19,19,Random,-9999,8f030fe137e2de8a,0.5659999847412109,0.07599997520446777,1638375862.206,16,lemon,watermelon,angry,watermelon,lemon,lemon,watermelon,angry,watermelon,lemon,7830.431773662567,2021-12-01T16:24:22.206000,1638368031.7742264
0,11,20,11,Random,-9999,8f030fe137e2de8a,0.4270000457763672,0.07800006866455078,1638375862.711,20,disgust,beach,dress,disgust,beach,disgust,beach,dress,disgust,beach,7830.9367735385895,2021-12-01T16:24:22.711000,1638368031.7742264
17,18,12,18,Random,-9999,8f030fe137e2de8a,0.41899991035461426,0.07899999618530273,1638375863.205,12,strawberry,fearful,mango,strawberry,fearful,strawberry,fearful,mango,strawberry,fearful,7831.430773496628,2021-12-01T16:24:23.205000,1638368031.7742264
16,2,19,19,Random,-9999,8f030fe137e2de8a,0.5190000534057617,0.07500004768371582,1638375863.796,2,shirt,watermelon,lemon,watermelon,shirt,shirt,watermelon,lemon,watermelon,shirt,7832.021773576736,2021-12-01T16:24:23.796000,1638368031.7742264
8,1,14,1,Random,-9999,8f030fe137e2de8a,0.47300004959106445,0.07199978828430176,1638375864.343,14,pants,sad,far,pants,sad,pants,sad,far,pants,sad,7832.568773508072,2021-12-01T16:24:24.343000,1638368031.7742264
10,25,16,16,Random,-9999,8f030fe137e2de8a,0.5529999732971191,0.07400012016296387,1638375864.97,25,dawn,lemon,angry,lemon,dawn,dawn,lemon,angry,lemon,dawn,7833.195773601532,2021-12-01T16:24:24.970000,1638368031.7742264
21,4,24,4,Random,-9999,8f030fe137e2de8a,0.4649999141693115,0.07299995422363281,1638375865.519,24,socks,sunset,field,socks,sunset,socks,sunset,field,socks,sunset,7833.7447736263275,2021-12-01T16:24:25.519000,1638368031.7742264
19,22,3,3,Random,-9999,8f030fe137e2de8a,0.5329999923706055,0.08500003814697266,1638375866.13,22,ocean,shoes,watermelon,shoes,ocean,ocean,shoes,watermelon,shoes,ocean,7834.355773687363,2021-12-01T16:24:26.130000,1638368031.7742264
8,3,4,3,Random,-9999,8f030fe137e2de8a,0.4910001754760742,0.08699989318847656,1638375866.71,4,shoes,socks,far,shoes,socks,shoes,socks,far,shoes,socks,7834.935773611069,2021-12-01T16:24:26.710000,1638368031.7742264
27,14,1,14,Random,-9999,8f030fe137e2de8a,0.4810001850128174,0.08099985122680664,1638375867.265,1,sad,pants,dusk,sad,pants,sad,pants,dusk,sad,pants,7835.490773677826,2021-12-01T16:24:27.265000,1638368031.7742264
6,16,25,25,Random,-9999,8f030fe137e2de8a,0.5199999809265137,0.07399988174438477,1638375867.866,16,lemon,dawn,below,dawn,lemon,lemon,dawn,below,dawn,lemon,7836.091773509979,2021-12-01T16:24:27.866000,1638368031.7742264
21,27,0,27,Random,-9999,8f030fe137e2de8a,0.570000171661377,0.08099985122680664,1638375868.514,0,dusk,dress,field,dusk,dress,dusk,dress,field,dusk,dress,7836.739773511887,2021-12-01T16:24:28.514000,1638368031.7742264
18,27,10,10,Random,-9999,8f030fe137e2de8a,0.507000207901001,0.07899999618530273,1638375869.093,27,dusk,angry,strawberry,angry,dusk,dusk,angry,strawberry,angry,dusk,7837.318773508072,2021-12-01T16:24:29.093000,1638368031.7742264
22,6,19,6,Random,-9999,8f030fe137e2de8a,0.560999870300293,0.07299995422363281,1638375869.729,19,below,watermelon,ocean,below,watermelon,below,watermelon,ocean,below,watermelon,7837.9547736644745,2021-12-01T16:24:29.729000,1638368031.7742264
26,5,13,5,Random,-9999,8f030fe137e2de8a,0.36699986457824707,0.07300019264221191,1638375870.167,13,above,happy,day,above,happy,above,happy,day,above,happy,7838.392773628235,2021-12-01T16:24:30.167000,1638368031.7742264
9,23,10,10,Random,-9999,8f030fe137e2de8a,0.6649999618530273,0.07500004768371582,1638375870.907,23,sky,angry,near,angry,sky,sky,angry,near,angry,sky,7839.132773637772,2021-12-01T16:24:30.907000,1638368031.7742264
25,4,19,4,Random,-9999,8f030fe137e2de8a,0.44699978828430176,0.07400012016296387,1638375871.427,19,socks,watermelon,dawn,socks,watermelon,socks,watermelon,dawn,socks,watermelon,7839.652773618698,2021-12-01T16:24:31.427000,1638368031.7742264
29,11,5,5,Random,-9999,8f030fe137e2de8a,0.9859998226165771,0.07300019264221191,1638375872.493,11,disgust,above,noon,above,disgust,disgust,above,noon,above,disgust,7840.718773603439,2021-12-01T16:24:32.493000,1638368031.7742264
19,22,4,22,Random,-9999,8f030fe137e2de8a,0.5739998817443848,0.07700014114379883,1638375873.144,4,ocean,socks,watermelon,ocean,socks,ocean,socks,watermelon,ocean,socks,7841.3697736263275,2021-12-01T16:24:33.144000,1638368031.7742264
14,27,8,27,Random,-9999,8f030fe137e2de8a,0.2739999294281006,0.07800006866455078,1638375873.496,8,dusk,far,sad,dusk,far,dusk,far,sad,dusk,far,7841.72177362442,2021-12-01T16:24:33.496000,1638368031.7742264
23,22,18,22,Random,-9999,8f030fe137e2de8a,0.27500009536743164,0.07899999618530273,1638375873.845,18,ocean,strawberry,sky,ocean,strawberry,ocean,strawberry,sky,ocean,strawberry,7842.070773601532,2021-12-01T16:24:33.845000,1638368031.7742264
28,16,18,16,Random,-9999,8f030fe137e2de8a,0.23000001907348633,0.07399988174438477,1638375874.153,18,lemon,strawberry,night,lemon,strawberry,lemon,strawberry,night,lemon,strawberry,7842.37877368927,2021-12-01T16:24:34.153000,1638368031.7742264
18,12,24,24,Random,-9999,8f030fe137e2de8a,0.5139999389648438,0.08000016212463379,1638375874.748,12,fearful,sunset,strawberry,sunset,fearful,fearful,sunset,strawberry,sunset,fearful,7842.973773479462,2021-12-01T16:24:34.748000,1638368031.7742264
20,12,24,12,Random,-9999,8f030fe137e2de8a,0.3540000915527344,0.07899999618530273,1638375875.182,24,fearful,sunset,beach,fearful,sunset,fearful,sunset,beach,fearful,sunset,7843.4077734947205,2021-12-01T16:24:35.182000,1638368031.7742264
26,29,13,13,Random,-9999,8f030fe137e2de8a,0.36299991607666016,0.07899999618530273,1638375875.627,29,noon,happy,day,happy,noon,noon,happy,day,happy,noon,7843.852773666382,2021-12-01T16:24:35.627000,1638368031.7742264
7,17,27,17,Random,-9999,8f030fe137e2de8a,0.375,0.0820000171661377,1638375876.079,27,mango,dusk,beside,mango,dusk,mango,dusk,beside,mango,dusk,7844.304773569107,2021-12-01T16:24:36.079000,1638368031.7742264
3,17,2,2,Random,-9999,8f030fe137e2de8a,0.3789999485015869,0.07899999618530273,1638375876.538,17,mango,shirt,shoes,shirt,mango,mango,shirt,shoes,shirt,mango,7844.763773679733,2021-12-01T16:24:36.538000,1638368031.7742264
18,10,8,10,Random,-9999,8f030fe137e2de8a,0.37599992752075195,0.08100008964538574,1638375876.99,8,angry,far,strawberry,angry,far,angry,far,strawberry,angry,far,7845.2157735824585,2021-12-01T16:24:36.990000,1638368031.7742264
17,11,23,11,Random,-9999,8f030fe137e2de8a,0.3190000057220459,0.07399988174438477,1638375877.383,23,disgust,sky,mango,disgust,sky,disgust,sky,mango,disgust,sky,7845.608773469925,2021-12-01T16:24:37.383000,1638368031.7742264
12,2,15,2,Random,-9999,8f030fe137e2de8a,0.33500003814697266,0.07500004768371582,1638375877.792,15,shirt,blueberry,fearful,shirt,blueberry,shirt,blueberry,fearful,shirt,blueberry,7846.017773628235,2021-12-01T16:24:37.792000,1638368031.7742264
23,6,27,27,Random,-9999,8f030fe137e2de8a,0.3810000419616699,0.07599997520446777,1638375878.248,6,below,dusk,sky,dusk,below,below,dusk,sky,dusk,below,7846.473773479462,2021-12-01T16:24:38.248000,1638368031.7742264
15,21,27,21,Random,-9999,8f030fe137e2de8a,0.367999792098999,0.07400012016296387,1638375878.691,27,field,dusk,blueberry,field,dusk,field,dusk,blueberry,field,dusk,7846.916773557663,2021-12-01T16:24:38.691000,1638368031.7742264
16,8,13,13,Random,-9999,8f030fe137e2de8a,0.4140000343322754,0.07599997520446777,1638375879.181,8,far,happy,lemon,happy,far,far,happy,lemon,happy,far,7847.4067735672,2021-12-01T16:24:39.181000,1638368031.7742264
25,0,21,0,Random,-9999,8f030fe137e2de8a,0.34200000762939453,0.07599997520446777,1638375879.6,21,dress,field,dawn,dress,field,dress,field,dawn,dress,field,7847.825773477554,2021-12-01T16:24:39.600000,1638368031.7742264
14,11,7,7,Random,-9999,8f030fe137e2de8a,0.38700008392333984,0.07699990272521973,1638375880.06,11,disgust,beside,sad,beside,disgust,disgust,beside,sad,beside,disgust,7848.285773515701,2021-12-01T16:24:40.060000,1638368031.7742264
18,22,23,22,Random,-9999,8f030fe137e2de8a,0.3210000991821289,0.07399988174438477,1638375880.457,23,ocean,sky,strawberry,ocean,sky,ocean,sky,strawberry,ocean,sky,7848.682773590088,2021-12-01T16:24:40.457000,1638368031.7742264
9,6,3,3,Random,-9999,8f030fe137e2de8a,0.9040000438690186,0.07500004768371582,1638375881.442,6,below,shoes,near,shoes,below,below,shoes,near,shoes,below,7849.667773485184,2021-12-01T16:24:41.442000,1638368031.7742264
10,23,19,23,Random,-9999,8f030fe137e2de8a,0.3940000534057617,0.07999992370605469,1638375881.914,19,sky,watermelon,angry,sky,watermelon,sky,watermelon,angry,sky,watermelon,7850.139773607254,2021-12-01T16:24:41.914000,1638368031.7742264
13,16,19,19,Random,-9999,8f030fe137e2de8a,0.40400004386901855,0.07799983024597168,1638375882.396,16,lemon,watermelon,happy,watermelon,lemon,lemon,watermelon,happy,watermelon,lemon,7850.621773481369,2021-12-01T16:24:42.396000,1638368031.7742264
14,21,15,21,Random,-9999,8f030fe137e2de8a,0.4179999828338623,0.07999992370605469,1638375882.896,15,field,blueberry,sad,field,blueberry,field,blueberry,sad,field,blueberry,7851.121773481369,2021-12-01T16:24:42.896000,1638368031.7742264
20,2,18,18,Random,-9999,8f030fe137e2de8a,0.4230000972747803,0.08299994468688965,1638375883.399,2,shirt,strawberry,beach,strawberry,shirt,shirt,strawberry,beach,strawberry,shirt,7851.62477350235,2021-12-01T16:24:43.399000,1638368031.7742264
2,0,18,0,Random,-9999,8f030fe137e2de8a,0.3710000514984131,0.07800006866455078,1638375883.851,18,dress,strawberry,shirt,dress,strawberry,dress,strawberry,shirt,dress,strawberry,7852.076773643494,2021-12-01T16:24:43.851000,1638368031.7742264
20,2,16,2,Random,-9999,8f030fe137e2de8a,0.4100000858306885,0.07999992370605469,1638375884.333,16,shirt,lemon,beach,shirt,lemon,shirt,lemon,beach,shirt,lemon,7852.558773517609,2021-12-01T16:24:44.333000,1638368031.7742264
18,25,19,19,Random,-9999,8f030fe137e2de8a,0.3839998245239258,0.07299995422363281,1638375884.796,25,dawn,watermelon,strawberry,watermelon,dawn,dawn,watermelon,strawberry,watermelon,dawn,7853.021773576736,2021-12-01T16:24:44.796000,1638368031.7742264
29,2,19,2,Random,-9999,8f030fe137e2de8a,0.41100001335144043,0.07899999618530273,1638375885.285,19,shirt,watermelon,noon,shirt,watermelon,shirt,watermelon,noon,shirt,watermelon,7853.510773658752,2021-12-01T16:24:45.285000,1638368031.7742264
5,19,15,15,Random,-9999,8f030fe137e2de8a,0.4030001163482666,0.07800006866455078,1638375885.768,19,watermelon,blueberry,above,blueberry,watermelon,watermelon,blueberry,above,blueberry,watermelon,7853.993773460388,2021-12-01T16:24:45.768000,1638368031.7742264
24,15,14,15,Random,-9999,8f030fe137e2de8a,0.39999985694885254,0.0820000171661377,1638375886.251,14,blueberry,sad,sunset,blueberry,sad,blueberry,sad,sunset,blueberry,sad,7854.4767735004425,2021-12-01T16:24:46.251000,1638368031.7742264
15,17,20,17,Random,-9999,8f030fe137e2de8a,0.31599998474121094,0.08500003814697266,1638375886.648,20,mango,beach,blueberry,mango,beach,mango,beach,blueberry,mango,beach,7854.873773574829,2021-12-01T16:24:46.648000,1638368031.7742264
12,16,7,16,Random,-9999,bcacc9855844782a,9.259000062942505,0.28600001335144043,1638376181.296,7,lemon,beside,fearful,lemon,beside,lemon,beside,fearful,lemon,beside,8149.521773576736,2021-12-01T16:29:41.296000,1638368031.7742264
17,15,26,15,Random,-9999,bcacc9855844782a,2.7350001335144043,0.23099994659423828,1638376186.758,26,blueberry,day,mango,blueberry,day,blueberry,day,mango,blueberry,day,8154.983773469925,2021-12-01T16:29:46.758000,1638368031.7742264
28,10,26,26,Random,-9999,bcacc9855844782a,13.037999868392944,4.727999925613403,1638376202.243,10,angry,day,night,day,angry,angry,day,night,day,angry,8170.468773603439,2021-12-01T16:30:02.243000,1638368031.7742264
18,17,16,16,Random,-9999,bcacc9855844782a,3.694999933242798,1.2899999618530273,1638376207.392,17,mango,lemon,strawberry,lemon,mango,mango,lemon,strawberry,lemon,mango,8175.617773532867,2021-12-01T16:30:07.392000,1638368031.7742264
8,17,22,22,Random,-9999,bcacc9855844782a,1.9780001640319824,0.8239998817443848,1638376209.952,17,mango,ocean,far,ocean,mango,mango,ocean,far,ocean,mango,8178.177773475647,2021-12-01T16:30:09.952000,1638368031.7742264
20,19,9,19,Random,-9999,bcacc9855844782a,4.134999990463257,0.2560000419616699,1638376215.489,9,watermelon,near,beach,watermelon,near,watermelon,near,beach,watermelon,near,8183.714773654938,2021-12-01T16:30:15.489000,1638368031.7742264
13,23,17,23,Random,-9999,bcacc9855844782a,2.179999828338623,1.4000000953674316,1638376217.972,17,sky,mango,happy,sky,mango,sky,mango,happy,sky,mango,8186.1977734565735,2021-12-01T16:30:17.972000,1638368031.7742264
16,19,11,19,Random,-9999,bcacc9855844782a,15.062000036239624,1.2630000114440918,1638376235.405,11,watermelon,disgust,lemon,watermelon,disgust,watermelon,disgust,lemon,watermelon,disgust,8203.630773544312,2021-12-01T16:30:35.405000,1638368031.7742264
17,12,23,23,Random,-9999,bcacc9855844782a,4.141000032424927,1.4230000972747803,1638376239.779,12,fearful,sky,mango,sky,fearful,fearful,sky,mango,sky,fearful,8208.00477361679,2021-12-01T16:30:39.779000,1638368031.7742264
16,24,22,22,Random,-9999,bcacc9855844782a,9.54800009727478,0.2219998836517334,1638376249.593,24,sunset,ocean,lemon,ocean,sunset,sunset,ocean,lemon,ocean,sunset,8217.818773508072,2021-12-01T16:30:49.593000,1638368031.7742264
6,23,28,28,Random,-9999,bcacc9855844782a,6.569999933242798,0.26999998092651367,1638376256.66,23,sky,night,below,night,sky,sky,night,below,night,sky,8224.885773658752,2021-12-01T16:30:56.660000,1638368031.7742264
20,7,27,7,Random,-9999,bcacc9855844782a,5.989000082015991,0.42599987983703613,1638376265.274,27,beside,dusk,beach,beside,dusk,beside,dusk,beach,beside,dusk,8233.49977350235,2021-12-01T16:31:05.274000,1638368031.7742264
20,2,26,2,Random,-9999,bcacc9855844782a,4.417999982833862,0.3169999122619629,1638376270.036,26,shirt,day,beach,shirt,day,shirt,day,beach,shirt,day,8238.261773586273,2021-12-01T16:31:10.036000,1638368031.7742264
2,6,11,11,Random,-9999,bcacc9855844782a,4.441999912261963,0.25300002098083496,1638376276.954,6,below,disgust,shirt,disgust,below,below,disgust,shirt,disgust,below,8245.179773569107,2021-12-01T16:31:16.954000,1638368031.7742264
20,7,5,7,Random,-9999,bcacc9855844782a,3.805000066757202,0.23600006103515625,1638376281.038,5,beside,above,beach,beside,above,beside,above,beach,beside,above,8249.263773679733,2021-12-01T16:31:21.038000,1638368031.7742264
17,10,29,29,Random,-9999,bcacc9855844782a,3.6570000648498535,0.29600000381469727,1638376284.929,10,angry,noon,mango,noon,angry,angry,noon,mango,noon,angry,8253.15477347374,2021-12-01T16:31:24.929000,1638368031.7742264
17,27,13,13,Random,-9999,bcacc9855844782a,3.74399995803833,0.5969998836517334,1638376289.286,27,dusk,happy,mango,happy,dusk,dusk,happy,mango,happy,dusk,8257.511773586273,2021-12-01T16:31:29.286000,1638368031.7742264
28,2,18,2,Random,-9999,bcacc9855844782a,5.539999961853027,0.24300003051757812,1638376295.183,18,shirt,strawberry,night,shirt,strawberry,shirt,strawberry,night,shirt,strawberry,8263.40877366066,2021-12-01T16:31:35.183000,1638368031.7742264
16,13,8,13,Random,-9999,bcacc9855844782a,1.8050000667572021,0.3619999885559082,1638376297.103,8,happy,far,lemon,happy,far,happy,far,lemon,happy,far,8265.328773498535,2021-12-01T16:31:37.103000,1638368031.7742264
6,8,26,26,Random,-9999,bcacc9855844782a,2.5810000896453857,0.20199990272521973,1638376300.045,8,far,day,below,day,far,far,day,below,day,far,8268.270773649216,2021-12-01T16:31:40.045000,1638368031.7742264
10,14,16,16,Random,-9999,bcacc9855844782a,55.723000049591064,0.28600001335144043,1638376356.152,14,sad,lemon,angry,lemon,sad,sad,lemon,angry,lemon,sad,8324.37777352333,2021-12-01T16:32:36.152000,1638368031.7742264
6,16,28,28,Random,-9999,bcacc9855844782a,1.7089998722076416,0.41100001335144043,1638376358.165,16,lemon,night,below,night,lemon,lemon,night,below,night,lemon,8326.390773534775,2021-12-01T16:32:38.165000,1638368031.7742264
0,21,17,17,Random,-9999,bcacc9855844782a,5.349999904632568,0.47300004959106445,1638376363.969,21,field,mango,dress,mango,field,field,mango,dress,mango,field,8332.194773674011,2021-12-01T16:32:43.969000,1638368031.7742264
8,25,24,24,Random,-9999,bcacc9855844782a,2.7070000171661377,0.25,1638376367.082,25,dawn,sunset,far,sunset,dawn,dawn,sunset,far,sunset,dawn,8335.307773590088,2021-12-01T16:32:47.082000,1638368031.7742264
3,15,9,9,Random,-9999,bcacc9855844782a,12.086999893188477,0.3039999008178711,1638376381.631,15,blueberry,near,shoes,near,blueberry,blueberry,near,shoes,near,blueberry,8349.856773614883,2021-12-01T16:33:01.631000,1638368031.7742264
12,9,1,9,Random,-9999,bcacc9855844782a,2.193000078201294,0.2999999523162842,1638376384.065,1,near,pants,fearful,near,pants,near,pants,fearful,near,pants,8352.290773630142,2021-12-01T16:33:04.065000,1638368031.7742264
4,21,7,7,Random,-9999,bcacc9855844782a,55.86899995803833,0.5799999237060547,1638376440.545,21,field,beside,socks,beside,field,field,beside,socks,beside,field,8408.770773649216,2021-12-01T16:34:00.545000,1638368031.7742264
24,7,13,13,Random,-9999,bcacc9855844782a,4.996999979019165,0.2869999408721924,1638376445.921,7,beside,happy,sunset,happy,beside,beside,happy,sunset,happy,beside,8414.146773576736,2021-12-01T16:34:05.921000,1638368031.7742264
9,26,25,26,Random,-9999,bcacc9855844782a,2.2890000343322754,0.2739999294281006,1638376448.482,25,day,dawn,near,day,dawn,day,dawn,near,day,dawn,8416.707773685455,2021-12-01T16:34:08.482000,1638368031.7742264
29,19,28,19,Random,-9999,bcacc9855844782a,2.938999891281128,0.31599998474121094,1638376451.728,28,watermelon,night,noon,watermelon,night,watermelon,night,noon,watermelon,night,8419.953773498535,2021-12-01T16:34:11.728000,1638368031.7742264
19,15,18,18,Random,-9999,bcacc9855844782a,3.0940001010894775,0.30699992179870605,1638376455.113,15,blueberry,strawberry,watermelon,strawberry,blueberry,blueberry,strawberry,watermelon,strawberry,blueberry,8423.338773488998,2021-12-01T16:34:15.113000,1638368031.7742264
26,15,25,25,Random,-9999,bcacc9855844782a,10.59000015258789,0.30699992179870605,1638376465.943,15,blueberry,dawn,day,dawn,blueberry,blueberry,dawn,day,dawn,blueberry,8434.168773651123,2021-12-01T16:34:25.943000,1638368031.7742264
8,27,15,27,Random,-9999,bcacc9855844782a,1.8650000095367432,0.23399996757507324,1638376467.912,15,dusk,blueberry,far,dusk,blueberry,dusk,blueberry,far,dusk,blueberry,8436.137773513794,2021-12-01T16:34:27.912000,1638368031.7742264
24,20,28,20,Random,-9999,bcacc9855844782a,63.06400012969971,0.10899996757507324,1638376531.227,28,beach,night,sunset,beach,night,beach,night,sunset,beach,night,8499.452773571014,2021-12-01T16:35:31.227000,1638368031.7742264
27,28,5,28,Random,-9999,0effb2a5534adab4,7.105000019073486,0.19899988174438477,1638376534.032,5,night,above,dusk,night,above,night,above,dusk,night,above,8502.257773637772,2021-12-01T16:35:34.032000,1638368031.7742264
23,14,29,29,Random,-9999,0effb2a5534adab4,2.7839999198913574,0.1419999599456787,1638376536.96,14,sad,noon,sky,noon,sad,sad,noon,sky,noon,sad,8505.185773611069,2021-12-01T16:35:36.960000,1638368031.7742264
25,24,19,24,Random,-9999,bcacc9855844782a,5.7250001430511475,0.28799986839294434,1638376537.218,19,sunset,watermelon,dawn,sunset,watermelon,sunset,watermelon,dawn,sunset,watermelon,8505.443773508072,2021-12-01T16:35:37.218000,1638368031.7742264
24,8,10,8,Random,-9999,0effb2a5534adab4,5.943000078201294,0.14299988746643066,1638376543.045,10,far,angry,sunset,far,angry,far,angry,sunset,far,angry,8511.270773649216,2021-12-01T16:35:43.045000,1638368031.7742264
2,1,23,1,Random,-9999,0effb2a5534adab4,1.4070000648498535,0.1380000114440918,1638376544.533,23,pants,sky,shirt,pants,sky,pants,sky,shirt,pants,sky,8512.758773565292,2021-12-01T16:35:44.533000,1638368031.7742264
28,16,3,16,Random,-9999,0effb2a5534adab4,3.4650001525878906,0.08299994468688965,1638376548.137,3,lemon,shoes,night,lemon,shoes,lemon,shoes,night,lemon,shoes,8516.362773656845,2021-12-01T16:35:48.137000,1638368031.7742264
2,13,16,13,Random,-9999,0effb2a5534adab4,1.8280000686645508,0.14099979400634766,1638376550.04,16,happy,lemon,shirt,happy,lemon,happy,lemon,shirt,happy,lemon,8518.265773534775,2021-12-01T16:35:50.040000,1638368031.7742264
17,18,25,18,Random,-9999,0effb2a5534adab4,1.4140000343322754,0.07299995422363281,1638376551.529,25,strawberry,dawn,mango,strawberry,dawn,strawberry,dawn,mango,strawberry,dawn,8519.75477361679,2021-12-01T16:35:51.529000,1638368031.7742264
26,2,23,23,Random,-9999,0effb2a5534adab4,1.74399995803833,0.07700014114379883,1638376553.355,2,shirt,sky,day,sky,shirt,shirt,sky,day,sky,shirt,8521.580773591995,2021-12-01T16:35:53.355000,1638368031.7742264
19,13,14,13,Random,-9999,0effb2a5534adab4,2.0769999027252197,0.07999992370605469,1638376555.572,14,happy,sad,watermelon,happy,sad,happy,sad,watermelon,happy,sad,8523.797773599625,2021-12-01T16:35:55.572000,1638368031.7742264
24,15,26,26,Random,-9999,0effb2a5534adab4,1.6579999923706055,0.1400001049041748,1638376557.308,15,blueberry,day,sunset,day,blueberry,blueberry,day,sunset,day,blueberry,8525.53377366066,2021-12-01T16:35:57.308000,1638368031.7742264
23,21,10,21,Random,-9999,0effb2a5534adab4,2.7779998779296875,0.0820000171661377,1638376560.229,10,field,angry,sky,field,angry,field,angry,sky,field,angry,8528.454773664474,2021-12-01T16:36:00.229000,1638368031.7742264
29,3,27,27,Random,-9999,bcacc9855844782a,23.66599988937378,0.23600006103515625,1638376561.179,3,shoes,dusk,noon,dusk,shoes,shoes,dusk,noon,dusk,shoes,8529.40477347374,2021-12-01T16:36:01.179000,1638368031.7742264
5,11,25,25,Random,-9999,0effb2a5534adab4,1.6060001850128174,0.1419999599456787,1638376561.917,11,disgust,dawn,above,dawn,disgust,disgust,dawn,above,dawn,disgust,8530.142773628235,2021-12-01T16:36:01.917000,1638368031.7742264
21,17,16,17,Random,-9999,bcacc9855844782a,3.007999897003174,0.2950000762939453,1638376564.509,16,mango,lemon,field,mango,lemon,mango,lemon,field,mango,lemon,8532.734773635864,2021-12-01T16:36:04.509000,1638368031.7742264
12,26,17,26,Random,-9999,0effb2a5534adab4,2.875,0.08299994468688965,1638376564.931,17,day,mango,fearful,day,mango,day,mango,fearful,day,mango,8533.1567735672,2021-12-01T16:36:04.931000,1638368031.7742264
1,26,11,26,Random,-9999,bcacc9855844782a,2.190999984741211,0.3320000171661377,1638376566.952,11,day,disgust,pants,day,disgust,day,disgust,pants,day,disgust,8535.177773475647,2021-12-01T16:36:06.952000,1638368031.7742264
29,1,4,1,Random,-9999,0effb2a5534adab4,2.1530001163482666,0.14299988746643066,1638376567.224,4,pants,socks,noon,pants,socks,pants,socks,noon,pants,socks,8535.449773550034,2021-12-01T16:36:07.224000,1638368031.7742264
4,2,18,2,Random,-9999,0effb2a5534adab4,1.3100001811981201,0.13699984550476074,1638376568.623,18,shirt,strawberry,socks,shirt,strawberry,shirt,strawberry,socks,shirt,strawberry,8536.848773479462,2021-12-01T16:36:08.623000,1638368031.7742264
0,29,3,29,Random,-9999,bcacc9855844782a,2.2840001583099365,0.23199987411499023,1638376569.452,3,noon,shoes,dress,noon,shoes,noon,shoes,dress,noon,shoes,8537.677773475647,2021-12-01T16:36:09.452000,1638368031.7742264
21,8,2,8,Random,-9999,0effb2a5534adab4,1.8009998798370361,0.08600020408630371,1638376570.509,2,far,shirt,field,far,shirt,far,shirt,field,far,shirt,8538.734773635864,2021-12-01T16:36:10.509000,1638368031.7742264
5,0,22,0,Random,-9999,0effb2a5534adab4,1.5989999771118164,0.08500003814697266,1638376572.193,22,dress,ocean,above,dress,ocean,dress,ocean,above,dress,ocean,8540.418773651123,2021-12-01T16:36:12.193000,1638368031.7742264
21,15,5,5,Random,-9999,bcacc9855844782a,3.427000045776367,0.25,1638376573.156,15,blueberry,above,field,above,blueberry,blueberry,above,field,above,blueberry,8541.381773471832,2021-12-01T16:36:13.156000,1638368031.7742264
19,23,28,28,Random,-9999,0effb2a5534adab4,2.42900013923645,0.08699989318847656,1638376574.761,23,sky,night,watermelon,night,sky,sky,night,watermelon,night,sky,8542.986773490906,2021-12-01T16:36:14.761000,1638368031.7742264
4,12,24,12,Random,-9999,bcacc9855844782a,2.4010000228881836,0.24000000953674316,1638376575.752,24,fearful,sunset,socks,fearful,sunset,fearful,sunset,socks,fearful,sunset,8543.977773666382,2021-12-01T16:36:15.752000,1638368031.7742264
27,14,11,14,Random,-9999,0effb2a5534adab4,1.815000057220459,0.13899993896484375,1638376576.657,11,sad,disgust,dusk,sad,disgust,sad,disgust,dusk,sad,disgust,8544.882773637772,2021-12-01T16:36:16.657000,1638368031.7742264
16,5,2,5,Random,-9999,0effb2a5534adab4,1.1689999103546143,0.08100008964538574,1638376577.906,2,above,shirt,lemon,above,shirt,above,shirt,lemon,above,shirt,8546.131773471832,2021-12-01T16:36:17.906000,1638368031.7742264
22,4,9,9,Random,-9999,bcacc9855844782a,2.193000078201294,0.21899986267089844,1638376578.3,4,socks,near,ocean,near,socks,socks,near,ocean,near,socks,8546.525773525238,2021-12-01T16:36:18.300000,1638368031.7742264
20,13,7,13,Random,-9999,0effb2a5534adab4,1.1610000133514404,0.0820000171661377,1638376579.151,7,happy,beside,beach,happy,beside,happy,beside,beach,happy,beside,8547.37677359581,2021-12-01T16:36:19.151000,1638368031.7742264
25,2,28,2,Random,-9999,0effb2a5534adab4,1.687000036239624,0.08599996566772461,1638376580.913,28,shirt,night,dawn,shirt,night,shirt,night,dawn,shirt,night,8549.138773679733,2021-12-01T16:36:20.913000,1638368031.7742264
0,24,21,24,Random,-9999,0effb2a5534adab4,1.4609999656677246,0.07500004768371582,1638376582.495,21,sunset,field,dress,sunset,field,sunset,field,dress,sunset,field,8550.72077345848,2021-12-01T16:36:22.495000,1638368031.7742264
29,24,19,24,Random,-9999,bcacc9855844782a,4.85099983215332,0.37000012397766113,1638376583.401,19,sunset,watermelon,noon,sunset,watermelon,sunset,watermelon,noon,sunset,watermelon,8551.62677359581,2021-12-01T16:36:23.401000,1638368031.7742264
20,2,19,2,Random,-9999,0effb2a5534adab4,1.1959998607635498,0.23399996757507324,1638376583.885,19,shirt,watermelon,beach,shirt,watermelon,shirt,watermelon,beach,shirt,watermelon,8552.110773563385,2021-12-01T16:36:23.885000,1638368031.7742264
29,1,9,1,Random,-9999,0effb2a5534adab4,1.7160000801086426,0.08100008964538574,1638376585.684,9,pants,near,noon,pants,near,pants,near,noon,pants,near,8553.90977358818,2021-12-01T16:36:25.684000,1638368031.7742264
10,29,9,29,Random,-9999,bcacc9855844782a,2.825000047683716,0.22600007057189941,1638376586.496,9,noon,near,angry,noon,near,noon,near,angry,noon,near,8554.72177362442,2021-12-01T16:36:26.496000,1638368031.7742264
23,1,2,1,Random,-9999,0effb2a5534adab4,1.437999963760376,0.0820000171661377,1638376587.203,2,pants,shirt,sky,pants,shirt,pants,shirt,sky,pants,shirt,8555.428773641586,2021-12-01T16:36:27.203000,1638368031.7742264
9,1,3,1,Random,-9999,0effb2a5534adab4,1.4200000762939453,0.09099984169006348,1638376588.715,3,pants,shoes,near,pants,shoes,pants,shoes,near,pants,shoes,8556.940773487091,2021-12-01T16:36:28.715000,1638368031.7742264
18,3,27,3,Random,-9999,0effb2a5534adab4,1.1990001201629639,0.08299994468688965,1638376589.996,27,shoes,dusk,strawberry,shoes,dusk,shoes,dusk,strawberry,shoes,dusk,8558.22177362442,2021-12-01T16:36:29.996000,1638368031.7742264
2,19,13,19,Random,-9999,bcacc9855844782a,4.661999940872192,0.26800012588500977,1638376591.386,13,watermelon,happy,shirt,watermelon,happy,watermelon,happy,shirt,watermelon,happy,8559.611773490906,2021-12-01T16:36:31.386000,1638368031.7742264
7,25,5,25,Random,-9999,0effb2a5534adab4,1.5920000076293945,0.09200000762939453,1638376591.682,5,dawn,above,beside,dawn,above,dawn,above,beside,dawn,above,8559.90777349472,2021-12-01T16:36:31.682000,1638368031.7742264
8,29,16,29,Random,-9999,0effb2a5534adab4,1.3380000591278076,0.0839998722076416,1638376593.101,16,noon,lemon,far,noon,lemon,noon,lemon,far,noon,lemon,8561.326773643494,2021-12-01T16:36:33.101000,1638368031.7742264
0,12,24,12,Random,-9999,0effb2a5534adab4,2.0899999141693115,0.08299994468688965,1638376595.326,24,fearful,sunset,dress,fearful,sunset,fearful,sunset,dress,fearful,sunset,8563.551773548126,2021-12-01T16:36:35.326000,1638368031.7742264
10,28,8,28,Random,-9999,b598bfd4e7d4a2d0,9.282999992370605,0.2869999408721924,1638376596.351,8,night,far,angry,night,far,night,far,angry,night,far,8564.576773643494,2021-12-01T16:36:36.351000,1638368031.7742264
3,2,0,2,Random,-9999,0effb2a5534adab4,1.4090001583099365,0.14400005340576172,1638376596.827,0,shirt,dress,shoes,shirt,dress,shirt,dress,shoes,shirt,dress,8565.052773475647,2021-12-01T16:36:36.827000,1638368031.7742264
4,2,13,2,Random,-9999,0effb2a5534adab4,1.5770001411437988,0.0820000171661377,1638376598.478,13,shirt,happy,socks,shirt,happy,shirt,happy,socks,shirt,happy,8566.703773498535,2021-12-01T16:36:38.478000,1638368031.7742264
19,24,13,24,Random,-9999,0effb2a5534adab4,1.3910000324249268,0.07999992370605469,1638376599.957,13,sunset,happy,watermelon,sunset,happy,sunset,happy,watermelon,sunset,happy,8568.182773590088,2021-12-01T16:36:39.957000,1638368031.7742264
4,13,16,16,Random,-9999,0effb2a5534adab4,2.009000062942505,0.08099985122680664,1638376602.115,13,happy,lemon,socks,lemon,happy,happy,lemon,socks,lemon,happy,8570.340773582458,2021-12-01T16:36:42.115000,1638368031.7742264
4,7,10,10,Random,-9999,0effb2a5534adab4,1.4160001277923584,0.14499998092651367,1638376603.613,7,beside,angry,socks,angry,beside,beside,angry,socks,angry,beside,8571.838773488998,2021-12-01T16:36:43.613000,1638368031.7742264
17,5,19,19,Random,-9999,0effb2a5534adab4,1.5989999771118164,0.0839998722076416,1638376605.295,5,above,watermelon,mango,watermelon,above,above,watermelon,mango,watermelon,above,8573.520773649216,2021-12-01T16:36:45.295000,1638368031.7742264
12,21,8,8,Random,-9999,b598bfd4e7d4a2d0,10.06499981880188,0.20600008964538574,1638376606.677,21,field,far,fearful,far,field,field,far,fearful,far,field,8574.902773618698,2021-12-01T16:36:46.677000,1638368031.7742264
14,19,22,22,Random,-9999,0effb2a5534adab4,1.5099999904632568,0.08300018310546875,1638376606.889,19,watermelon,ocean,sad,ocean,watermelon,watermelon,ocean,sad,ocean,watermelon,8575.114773511887,2021-12-01T16:36:46.889000,1638368031.7742264
8,12,6,12,Random,-9999,b598bfd4e7d4a2d0,1.7239999771118164,0.26800012588500977,1638376608.49,6,fearful,below,far,fearful,below,fearful,below,far,fearful,below,8576.715773582458,2021-12-01T16:36:48.490000,1638368031.7742264
8,22,28,28,Random,-9999,0effb2a5534adab4,1.753999948501587,0.0839998722076416,1638376608.731,22,ocean,night,far,night,ocean,ocean,night,far,night,ocean,8576.956773519516,2021-12-01T16:36:48.731000,1638368031.7742264
11,14,4,4,Random,-9999,0effb2a5534adab4,1.1949999332427979,0.08800005912780762,1638376610.01,14,sad,socks,disgust,socks,sad,sad,socks,disgust,socks,sad,8578.235773563385,2021-12-01T16:36:50.010000,1638368031.7742264
22,2,25,25,Random,-9999,b598bfd4e7d4a2d0,2.359999895095825,0.18499994277954102,1638376611.108,2,shirt,dawn,ocean,dawn,shirt,shirt,dawn,ocean,dawn,shirt,8579.333773612976,2021-12-01T16:36:51.108000,1638368031.7742264
5,11,9,9,Random,-9999,0effb2a5534adab4,1.4830000400543213,0.08599996566772461,1638376611.58,11,disgust,near,above,near,disgust,disgust,near,above,near,disgust,8579.805773496628,2021-12-01T16:36:51.580000,1638368031.7742264
16,14,7,7,Random,-9999,0effb2a5534adab4,0.6099998950958252,0.0840001106262207,1638376612.272,14,sad,beside,lemon,beside,sad,sad,beside,lemon,beside,sad,8580.497773647308,2021-12-01T16:36:52.272000,1638368031.7742264
28,23,15,23,Random,-9999,b598bfd4e7d4a2d0,1.6100001335144043,0.16100001335144043,1638376612.844,15,sky,blueberry,night,sky,blueberry,sky,blueberry,night,sky,blueberry,8581.069773674011,2021-12-01T16:36:52.844000,1638368031.7742264
11,17,0,0,Random,-9999,0effb2a5534adab4,0.48799991607666016,0.0840001106262207,1638376612.846,17,mango,dress,disgust,dress,mango,mango,dress,disgust,dress,mango,8581.071773529053,2021-12-01T16:36:52.846000,1638368031.7742264
12,25,1,25,Random,-9999,b598bfd4e7d4a2d0,2.8409998416900635,0.17799997329711914,1638376615.871,1,dawn,pants,fearful,dawn,pants,dawn,pants,fearful,dawn,pants,8584.09677362442,2021-12-01T16:36:55.871000,1638368031.7742264
22,27,28,28,Random,-9999,b598bfd4e7d4a2d0,2.176999807357788,0.1700000762939453,1638376618.215,27,dusk,night,ocean,night,dusk,dusk,night,ocean,night,dusk,8586.440773487091,2021-12-01T16:36:58.215000,1638368031.7742264
8,1,29,29,Random,-9999,b598bfd4e7d4a2d0,1.9469997882843018,0.13200020790100098,1638376620.343,1,pants,noon,far,noon,pants,pants,noon,far,noon,pants,8588.568773508072,2021-12-01T16:37:00.343000,1638368031.7742264
8,28,23,28,Random,-9999,b598bfd4e7d4a2d0,2.808000087738037,0.18000006675720215,1638376623.29,23,night,sky,far,night,sky,night,sky,far,night,sky,8591.515773534775,2021-12-01T16:37:03.290000,1638368031.7742264
5,21,11,21,Random,-9999,b598bfd4e7d4a2d0,1.6050000190734863,0.14099979400634766,1638376624.969,11,field,disgust,above,field,disgust,field,disgust,above,field,disgust,8593.194773674011,2021-12-01T16:37:04.969000,1638368031.7742264
8,19,9,9,Random,-9999,bcacc9855844782a,33.55900001525879,0.24300003051757812,1638376625.769,19,watermelon,near,far,near,watermelon,watermelon,near,far,near,watermelon,8593.994773626328,2021-12-01T16:37:05.769000,1638368031.7742264
29,10,20,20,Random,-9999,b598bfd4e7d4a2d0,2.628999948501587,0.07300019264221191,1638376627.742,10,angry,beach,noon,beach,angry,angry,beach,noon,beach,angry,8595.967773675919,2021-12-01T16:37:07.742000,1638368031.7742264
29,28,6,28,Random,-9999,bcacc9855844782a,1.8480000495910645,0.8259999752044678,1638376627.766,6,night,below,noon,night,below,night,below,noon,night,below,8595.991773605347,2021-12-01T16:37:07.766000,1638368031.7742264
12,26,9,26,Random,-9999,b598bfd4e7d4a2d0,1.7649998664855957,0.14800000190734863,1638376629.583,9,day,near,fearful,day,near,day,near,fearful,day,near,8597.808773517609,2021-12-01T16:37:09.583000,1638368031.7742264
6,1,12,1,Random,-9999,bcacc9855844782a,2.9079999923706055,0.1510000228881836,1638376631.012,12,pants,fearful,below,pants,fearful,pants,fearful,below,pants,fearful,8599.237773656845,2021-12-01T16:37:11.012000,1638368031.7742264
19,27,23,23,Random,-9999,b598bfd4e7d4a2d0,2.4709999561309814,0.07400012016296387,1638376632.197,27,dusk,sky,watermelon,sky,dusk,dusk,sky,watermelon,sky,dusk,8600.422773599625,2021-12-01T16:37:12.197000,1638368031.7742264
10,7,17,7,Random,-9999,bcacc9855844782a,2.0839998722076416,0.31999993324279785,1638376633.454,17,beside,mango,angry,beside,mango,beside,mango,angry,beside,mango,8601.679773569107,2021-12-01T16:37:13.454000,1638368031.7742264
24,9,25,25,Random,-9999,0effb2a5534adab4,21.11299991607666,0.08899998664855957,1638376634.1,9,near,dawn,sunset,dawn,near,near,dawn,sunset,dawn,near,8602.325773477554,2021-12-01T16:37:14.100000,1638368031.7742264
28,14,25,25,Random,-9999,b598bfd4e7d4a2d0,2.6419999599456787,0.1400001049041748,1638376634.972,14,sad,dawn,night,dawn,sad,sad,dawn,night,dawn,sad,8603.197773456573,2021-12-01T16:37:14.972000,1638368031.7742264
15,3,8,3,Random,-9999,0effb2a5534adab4,0.5269999504089355,0.14300012588500977,1638376635.437,8,shoes,far,blueberry,shoes,far,shoes,far,blueberry,shoes,far,8603.662773609161,2021-12-01T16:37:15.437000,1638368031.7742264
27,12,4,4,Random,-9999,0effb2a5534adab4,0.5679998397827148,0.8059999942779541,1638376636.087,12,fearful,socks,dusk,socks,fearful,fearful,socks,dusk,socks,fearful,8604.31277346611,2021-12-01T16:37:16.087000,1638368031.7742264
18,12,4,12,Random,-9999,bcacc9855844782a,2.5249998569488525,0.3640000820159912,1638376636.257,4,fearful,socks,strawberry,fearful,socks,fearful,socks,strawberry,fearful,socks,8604.482773542404,2021-12-01T16:37:16.257000,1638368031.7742264
25,13,29,13,Random,-9999,0effb2a5534adab4,0.5150001049041748,0.0820000171661377,1638376636.683,29,happy,noon,dawn,happy,noon,happy,noon,dawn,happy,noon,8604.90877366066,2021-12-01T16:37:16.683000,1638368031.7742264
12,5,6,5,Random,-9999,b598bfd4e7d4a2d0,1.7280001640319824,0.13699984550476074,1638376636.775,6,above,below,fearful,above,below,above,below,fearful,above,below,8605.00077366829,2021-12-01T16:37:16.775000,1638368031.7742264
3,1,28,1,Random,-9999,0effb2a5534adab4,0.6530001163482666,0.0819997787475586,1638376637.418,28,pants,night,shoes,pants,night,pants,night,shoes,pants,night,8605.643773555756,2021-12-01T16:37:17.418000,1638368031.7742264
21,19,24,19,Random,-9999,0effb2a5534adab4,0.49000000953674316,0.0820000171661377,1638376637.994,24,watermelon,sunset,field,watermelon,sunset,watermelon,sunset,field,watermelon,sunset,8606.21977353096,2021-12-01T16:37:17.994000,1638368031.7742264
7,9,21,21,Random,-9999,0effb2a5534adab4,0.5500001907348633,0.08699989318847656,1638376638.627,9,near,field,beside,field,near,near,field,beside,field,near,8606.852773666382,2021-12-01T16:37:18.627000,1638368031.7742264
14,4,17,17,Random,-9999,b598bfd4e7d4a2d0,1.758000135421753,0.09200000762939453,1638376638.635,4,socks,mango,sad,mango,socks,socks,mango,sad,mango,socks,8606.860773563385,2021-12-01T16:37:18.635000,1638368031.7742264
19,23,18,18,Random,-9999,bcacc9855844782a,2.246000051498413,0.28999996185302734,1638376638.747,23,sky,strawberry,watermelon,strawberry,sky,sky,strawberry,watermelon,strawberry,sky,8606.972773551941,2021-12-01T16:37:18.747000,1638368031.7742264
24,3,4,3,Random,-9999,0effb2a5534adab4,0.556999921798706,0.07999992370605469,1638376639.265,4,shoes,socks,sunset,shoes,socks,shoes,socks,sunset,shoes,socks,8607.490773677826,2021-12-01T16:37:19.265000,1638368031.7742264
27,18,7,18,Random,-9999,0effb2a5534adab4,0.5539999008178711,0.0840001106262207,1638376639.89,7,strawberry,beside,dusk,strawberry,beside,strawberry,beside,dusk,strawberry,beside,8608.115773677826,2021-12-01T16:37:19.890000,1638368031.7742264
5,20,26,26,Random,-9999,0effb2a5534adab4,0.5859999656677246,0.07500004768371582,1638376640.565,20,beach,day,above,day,beach,beach,day,above,day,beach,8608.790773630142,2021-12-01T16:37:20.565000,1638368031.7742264
10,29,19,29,Random,-9999,b598bfd4e7d4a2d0,1.886000156402588,0.08099985122680664,1638376640.6,19,noon,watermelon,angry,noon,watermelon,noon,watermelon,angry,noon,watermelon,8608.825773477554,2021-12-01T16:37:20.600000,1638368031.7742264
29,27,2,27,Random,-9999,0effb2a5534adab4,1.1099998950958252,0.0840001106262207,1638376641.748,2,dusk,shirt,noon,dusk,shirt,dusk,shirt,noon,dusk,shirt,8609.973773479462,2021-12-01T16:37:21.748000,1638368031.7742264
20,12,27,27,Random,-9999,bcacc9855844782a,2.802000045776367,0.2349998950958252,1638376641.801,12,fearful,dusk,beach,dusk,fearful,fearful,dusk,beach,dusk,fearful,8610.026773691177,2021-12-01T16:37:21.801000,1638368031.7742264
28,15,22,22,Random,-9999,b598bfd4e7d4a2d0,2.050999879837036,0.08299994468688965,1638376642.798,15,blueberry,ocean,night,ocean,blueberry,blueberry,ocean,night,ocean,blueberry,8611.023773670197,2021-12-01T16:37:22.798000,1638368031.7742264
21,14,2,2,Random,-9999,0effb2a5534adab4,1.5720000267028809,0.07799983024597168,1638376643.407,14,sad,shirt,field,shirt,sad,sad,shirt,field,shirt,sad,8611.632773637772,2021-12-01T16:37:23.407000,1638368031.7742264
0,22,16,22,Random,-9999,0effb2a5534adab4,0.5060000419616699,0.0820000171661377,1638376643.982,16,ocean,lemon,dress,ocean,lemon,ocean,lemon,dress,ocean,lemon,8612.207773685455,2021-12-01T16:37:23.982000,1638368031.7742264
1,16,20,16,Random,-9999,0effb2a5534adab4,0.5690000057220459,0.07800006866455078,1638376644.642,20,lemon,beach,pants,lemon,beach,lemon,beach,pants,lemon,beach,8612.867773532867,2021-12-01T16:37:24.642000,1638368031.7742264
28,22,17,22,Random,-9999,bcacc9855844782a,2.870000123977661,0.24399995803833008,1638376644.954,17,ocean,mango,night,ocean,mango,ocean,mango,night,ocean,mango,8613.179773569107,2021-12-01T16:37:24.954000,1638368031.7742264
28,2,9,9,Random,-9999,b598bfd4e7d4a2d0,2.946000099182129,0.14400005340576172,1638376645.888,2,shirt,near,night,near,shirt,shirt,near,night,near,shirt,8614.113773584366,2021-12-01T16:37:25.888000,1638368031.7742264
6,27,3,3,Random,-9999,0effb2a5534adab4,1.1670000553131104,0.0840001106262207,1638376645.894,27,dusk,shoes,below,shoes,dusk,dusk,shoes,below,shoes,dusk,8614.119773626328,2021-12-01T16:37:25.894000,1638368031.7742264
13,0,5,0,Random,-9999,0effb2a5534adab4,0.6169998645782471,0.08600020408630371,1638376646.594,5,dress,above,happy,dress,above,dress,above,happy,dress,above,8614.819773674011,2021-12-01T16:37:26.594000,1638368031.7742264
25,17,27,27,Random,-9999,0effb2a5534adab4,0.570000171661377,0.0839998722076416,1638376647.247,17,mango,dusk,dawn,dusk,mango,mango,dusk,dawn,dusk,mango,8615.472773551941,2021-12-01T16:37:27.247000,1638368031.7742264
7,25,21,25,Random,-9999,b598bfd4e7d4a2d0,1.5109999179840088,0.14800000190734863,1638376647.488,21,dawn,field,beside,dawn,field,dawn,field,beside,dawn,field,8615.713773488998,2021-12-01T16:37:27.488000,1638368031.7742264
2,14,11,14,Random,-9999,bcacc9855844782a,2.3349997997283936,0.28299999237060547,1638376647.546,11,sad,disgust,shirt,sad,disgust,sad,disgust,shirt,sad,disgust,8615.771773576736,2021-12-01T16:37:27.546000,1638368031.7742264
29,10,0,0,Random,-9999,0effb2a5534adab4,0.5059998035430908,0.0820000171661377,1638376647.834,10,angry,dress,noon,dress,angry,angry,dress,noon,dress,angry,8616.059773683548,2021-12-01T16:37:27.834000,1638368031.7742264
17,20,2,20,Random,-9999,0effb2a5534adab4,0.4590001106262207,0.08100008964538574,1638376648.374,2,beach,shirt,mango,beach,shirt,beach,shirt,mango,beach,shirt,8616.599773645401,2021-12-01T16:37:28.374000,1638368031.7742264
17,23,24,23,Random,-9999,0effb2a5534adab4,0.41700005531311035,0.0820000171661377,1638376648.872,24,sky,sunset,mango,sky,sunset,sky,sunset,mango,sky,sunset,8617.097773551941,2021-12-01T16:37:28.872000,1638368031.7742264
19,21,9,21,Random,-9999,b598bfd4e7d4a2d0,1.7269999980926514,0.0820000171661377,1638376649.295,9,field,near,watermelon,field,near,field,near,watermelon,field,near,8617.520773649216,2021-12-01T16:37:29.295000,1638368031.7742264
29,15,12,15,Random,-9999,0effb2a5534adab4,0.38499999046325684,0.08100008964538574,1638376649.337,12,blueberry,fearful,noon,blueberry,fearful,blueberry,fearful,noon,blueberry,fearful,8617.56277346611,2021-12-01T16:37:29.337000,1638368031.7742264
16,7,21,21,Random,-9999,0effb2a5534adab4,0.4100000858306885,0.08100008964538574,1638376649.827,7,beside,field,lemon,field,beside,beside,field,lemon,field,beside,8618.052773475647,2021-12-01T16:37:29.827000,1638368031.7742264
27,1,20,20,Random,-9999,0effb2a5534adab4,0.377000093460083,0.0820000171661377,1638376650.285,1,pants,beach,dusk,beach,pants,pants,beach,dusk,beach,pants,8618.510773658752,2021-12-01T16:37:30.285000,1638368031.7742264
22,18,1,18,Random,-9999,0effb2a5534adab4,0.3840000629425049,0.0819997787475586,1638376650.753,1,strawberry,pants,ocean,strawberry,pants,strawberry,pants,ocean,strawberry,pants,8618.978773593903,2021-12-01T16:37:30.753000,1638368031.7742264
12,29,4,4,Random,-9999,0effb2a5534adab4,0.3919999599456787,0.0820000171661377,1638376651.224,29,noon,socks,fearful,socks,noon,noon,socks,fearful,socks,noon,8619.449773550034,2021-12-01T16:37:31.224000,1638368031.7742264
10,26,0,0,Random,-9999,b598bfd4e7d4a2d0,2.0139999389648438,0.08100008964538574,1638376651.44,26,day,dress,angry,dress,day,day,dress,angry,dress,day,8619.665773630142,2021-12-01T16:37:31.440000,1638368031.7742264
27,3,9,3,Random,-9999,0effb2a5534adab4,0.43200016021728516,0.0820000171661377,1638376651.739,9,shoes,near,dusk,shoes,near,shoes,near,dusk,shoes,near,8619.964773654938,2021-12-01T16:37:31.739000,1638368031.7742264
28,9,2,2,Random,-9999,0effb2a5534adab4,0.621999979019165,0.08099985122680664,1638376652.442,9,near,shirt,night,shirt,near,near,shirt,night,shirt,near,8620.667773485184,2021-12-01T16:37:32.442000,1638368031.7742264
0,26,13,26,Random,-9999,bcacc9855844782a,4.6570000648498535,0.33500003814697266,1638376652.515,13,day,happy,dress,day,happy,day,happy,dress,day,happy,8620.740773677826,2021-12-01T16:37:32.515000,1638368031.7742264
7,3,22,3,Random,-9999,0effb2a5534adab4,1.120999813079834,0.08000016212463379,1638376653.644,22,shoes,ocean,beside,shoes,ocean,shoes,ocean,beside,shoes,ocean,8621.869773626328,2021-12-01T16:37:33.644000,1638368031.7742264
5,21,16,16,Random,-9999,b598bfd4e7d4a2d0,1.9709999561309814,0.4230000972747803,1638376653.895,21,field,lemon,above,lemon,field,field,lemon,above,lemon,field,8622.120773553848,2021-12-01T16:37:33.895000,1638368031.7742264
19,26,7,26,Random,-9999,0effb2a5534adab4,0.7669999599456787,0.08300018310546875,1638376654.499,7,day,beside,watermelon,day,beside,day,beside,watermelon,day,beside,8622.724773645401,2021-12-01T16:37:34.499000,1638368031.7742264
10,18,27,18,Random,-9999,0effb2a5534adab4,0.41700005531311035,0.08899998664855957,1638376654.999,27,strawberry,dusk,angry,strawberry,dusk,strawberry,dusk,angry,strawberry,dusk,8623.224773645401,2021-12-01T16:37:34.999000,1638368031.7742264
19,16,28,28,Random,-9999,0effb2a5534adab4,0.9479999542236328,0.0820000171661377,1638376656.031,16,lemon,night,watermelon,night,lemon,lemon,night,watermelon,night,lemon,8624.256773471832,2021-12-01T16:37:36.031000,1638368031.7742264
1,11,21,11,Random,-9999,b598bfd4e7d4a2d0,1.9649999141693115,0.22300004959106445,1638376656.074,21,disgust,field,pants,disgust,field,disgust,field,pants,disgust,field,8624.299773454666,2021-12-01T16:37:36.074000,1638368031.7742264
28,8,21,21,Random,-9999,0effb2a5534adab4,0.3819999694824219,0.08500003814697266,1638376656.494,8,far,field,night,field,far,far,field,night,field,far,8624.71977353096,2021-12-01T16:37:36.494000,1638368031.7742264
6,22,24,22,Random,-9999,0effb2a5534adab4,0.5079998970031738,0.08100008964538574,1638376657.092,24,ocean,sunset,below,ocean,sunset,ocean,sunset,below,ocean,sunset,8625.317773580551,2021-12-01T16:37:37.092000,1638368031.7742264
12,29,11,29,Random,-9999,b598bfd4e7d4a2d0,1.5169999599456787,0.13499999046325684,1638376657.615,11,noon,disgust,fearful,noon,disgust,noon,disgust,fearful,noon,disgust,8625.840773582458,2021-12-01T16:37:37.615000,1638368031.7742264
4,15,7,15,Random,-9999,0effb2a5534adab4,0.7100000381469727,0.09200000762939453,1638376657.884,7,blueberry,beside,socks,blueberry,beside,blueberry,beside,socks,blueberry,beside,8626.109773635864,2021-12-01T16:37:37.884000,1638368031.7742264
8,0,28,0,Random,-9999,0effb2a5534adab4,0.6119999885559082,0.08300018310546875,1638376658.583,28,dress,night,far,dress,night,dress,night,far,dress,night,8626.808773517609,2021-12-01T16:37:38.583000,1638368031.7742264
8,18,1,18,Random,-9999,bcacc9855844782a,6.121999979019165,0.2569999694824219,1638376658.923,1,strawberry,pants,far,strawberry,pants,strawberry,pants,far,strawberry,pants,8627.148773670197,2021-12-01T16:37:38.923000,1638368031.7742264
10,22,28,28,Random,-9999,0effb2a5534adab4,0.5510001182556152,0.08799982070922852,1638376659.217,22,ocean,night,angry,night,ocean,ocean,night,angry,night,ocean,8627.442773580551,2021-12-01T16:37:39.217000,1638368031.7742264
28,12,23,12,Random,-9999,0effb2a5534adab4,0.5710000991821289,0.08299994468688965,1638376659.869,23,fearful,sky,night,fearful,sky,fearful,sky,night,fearful,sky,8628.09477353096,2021-12-01T16:37:39.869000,1638368031.7742264
25,23,0,23,Random,-9999,b598bfd4e7d4a2d0,2.140000104904175,0.07299995422363281,1638376659.985,0,sky,dress,dawn,sky,dress,sky,dress,dawn,sky,dress,8628.210773468018,2021-12-01T16:37:39.985000,1638368031.7742264
20,0,16,16,Random,-9999,0effb2a5534adab4,0.750999927520752,0.08299994468688965,1638376660.692,0,dress,lemon,beach,lemon,dress,dress,lemon,beach,lemon,dress,8628.917773485184,2021-12-01T16:37:40.692000,1638368031.7742264
8,20,15,20,Random,-9999,bcacc9855844782a,1.6959998607635498,0.2739999294281006,1638376660.729,15,beach,blueberry,far,beach,blueberry,beach,blueberry,far,beach,blueberry,8628.954773664474,2021-12-01T16:37:40.729000,1638368031.7742264
16,21,29,29,Random,-9999,0effb2a5534adab4,0.3730001449584961,0.07599997520446777,1638376661.14,21,field,noon,lemon,noon,field,field,noon,lemon,noon,field,8629.365773677826,2021-12-01T16:37:41.140000,1638368031.7742264
9,0,15,15,Random,-9999,0effb2a5534adab4,0.4289999008178711,0.07800006866455078,1638376661.658,0,dress,blueberry,near,blueberry,dress,dress,blueberry,near,blueberry,dress,8629.883773565292,2021-12-01T16:37:41.658000,1638368031.7742264
19,9,5,5,Random,-9999,b598bfd4e7d4a2d0,1.7839999198913574,0.2869999408721924,1638376661.897,9,near,above,watermelon,above,near,near,above,watermelon,above,near,8630.122773647308,2021-12-01T16:37:41.897000,1638368031.7742264
15,16,20,16,Random,-9999,0effb2a5534adab4,0.4659998416900635,0.08100008964538574,1638376662.206,20,lemon,beach,blueberry,lemon,beach,lemon,beach,blueberry,lemon,beach,8630.431773662567,2021-12-01T16:37:42.206000,1638368031.7742264
10,17,24,17,Random,-9999,0effb2a5534adab4,0.4070000648498535,0.08299994468688965,1638376662.701,24,mango,sunset,angry,mango,sunset,mango,sunset,angry,mango,sunset,8630.926773548126,2021-12-01T16:37:42.701000,1638368031.7742264
15,19,4,19,Random,-9999,0effb2a5534adab4,0.40600013732910156,0.09299993515014648,1638376663.182,4,watermelon,socks,blueberry,watermelon,socks,watermelon,socks,blueberry,watermelon,socks,8631.40777349472,2021-12-01T16:37:43.182000,1638368031.7742264
13,17,15,17,Random,-9999,bcacc9855844782a,2.558000087738037,0.13499999046325684,1638376663.531,15,mango,blueberry,happy,mango,blueberry,mango,blueberry,happy,mango,blueberry,8631.756773471832,2021-12-01T16:37:43.531000,1638368031.7742264
15,24,27,27,Random,-9999,0effb2a5534adab4,0.48799991607666016,0.07699990272521973,1638376663.759,24,sunset,dusk,blueberry,dusk,sunset,sunset,dusk,blueberry,dusk,sunset,8631.984773635864,2021-12-01T16:37:43.759000,1638368031.7742264
5,6,24,6,Random,-9999,b598bfd4e7d4a2d0,1.9800000190734863,0.08999991416931152,1638376664.024,24,below,sunset,above,below,sunset,below,sunset,above,below,sunset,8632.24977350235,2021-12-01T16:37:44.024000,1638368031.7742264
26,25,12,12,Random,-9999,0effb2a5534adab4,0.39100003242492676,0.08299994468688965,1638376664.23,25,dawn,fearful,day,fearful,dawn,dawn,fearful,day,fearful,dawn,8632.455773591995,2021-12-01T16:37:44.230000,1638368031.7742264
16,7,28,28,Random,-9999,0effb2a5534adab4,0.41900014877319336,0.07999992370605469,1638376664.731,7,beside,night,lemon,night,beside,beside,night,lemon,night,beside,8632.956773519516,2021-12-01T16:37:44.731000,1638368031.7742264
22,1,28,28,Random,-9999,0effb2a5534adab4,0.4159998893737793,0.0820000171661377,1638376665.228,1,pants,night,ocean,night,pants,pants,night,ocean,night,pants,8633.453773498535,2021-12-01T16:37:45.228000,1638368031.7742264
26,6,25,25,Random,-9999,bcacc9855844782a,1.7639999389648438,0.25999999046325684,1638376665.521,6,below,dawn,day,dawn,below,below,dawn,day,dawn,below,8633.746773481369,2021-12-01T16:37:45.521000,1638368031.7742264
13,10,16,10,Random,-9999,0effb2a5534adab4,0.5,0.08100008964538574,1638376665.81,16,angry,lemon,happy,angry,lemon,angry,lemon,happy,angry,lemon,8634.035773515701,2021-12-01T16:37:45.810000,1638368031.7742264
4,24,9,9,Random,-9999,b598bfd4e7d4a2d0,1.8379998207092285,0.2240002155303955,1638376666.031,24,sunset,near,socks,near,sunset,sunset,near,socks,near,sunset,8634.256773471832,2021-12-01T16:37:46.031000,1638368031.7742264
17,29,6,29,Random,-9999,0effb2a5534adab4,0.5079998970031738,0.08299994468688965,1638376666.402,6,noon,below,mango,noon,below,noon,below,mango,noon,below,8634.62777352333,2021-12-01T16:37:46.402000,1638368031.7742264
28,17,19,17,Random,-9999,0effb2a5534adab4,0.38299989700317383,0.08999991416931152,1638376666.871,19,mango,watermelon,night,mango,watermelon,mango,watermelon,night,mango,watermelon,8635.09677362442,2021-12-01T16:37:46.871000,1638368031.7742264
23,15,11,15,Random,-9999,bcacc9855844782a,1.8250000476837158,0.1770000457763672,1638376667.455,11,blueberry,disgust,sky,blueberry,disgust,blueberry,disgust,sky,blueberry,disgust,8635.680773496628,2021-12-01T16:37:47.455000,1638368031.7742264
2,13,1,1,Random,-9999,0effb2a5534adab4,0.7669999599456787,0.08300018310546875,1638376667.721,13,happy,pants,shirt,pants,happy,happy,pants,shirt,pants,happy,8635.946773529053,2021-12-01T16:37:47.721000,1638368031.7742264
24,5,7,5,Random,-9999,b598bfd4e7d4a2d0,1.442000150680542,0.2569999694824219,1638376667.728,7,above,beside,sunset,above,beside,above,beside,sunset,above,beside,8635.953773498535,2021-12-01T16:37:47.728000,1638368031.7742264
12,0,11,0,Random,-9999,0effb2a5534adab4,0.35899996757507324,0.08300018310546875,1638376668.162,11,dress,disgust,fearful,dress,disgust,dress,disgust,fearful,dress,disgust,8636.387773513794,2021-12-01T16:37:48.162000,1638368031.7742264
7,23,1,1,Random,-9999,0effb2a5534adab4,0.41700005531311035,0.08099985122680664,1638376668.658,23,sky,pants,beside,pants,sky,sky,pants,beside,pants,sky,8636.883773565292,2021-12-01T16:37:48.658000,1638368031.7742264
3,16,0,0,Random,-9999,0effb2a5534adab4,0.36999988555908203,0.08000016212463379,1638376669.109,16,lemon,dress,shoes,dress,lemon,lemon,dress,shoes,dress,lemon,8637.334773540497,2021-12-01T16:37:49.109000,1638368031.7742264
16,28,3,3,Random,-9999,b598bfd4e7d4a2d0,1.4190001487731934,0.07399988174438477,1638376669.244,28,night,shoes,lemon,shoes,night,night,shoes,lemon,shoes,night,8637.46977353096,2021-12-01T16:37:49.244000,1638368031.7742264
12,15,2,15,Random,-9999,0effb2a5534adab4,0.44099998474121094,0.08100008964538574,1638376669.631,2,blueberry,shirt,fearful,blueberry,shirt,blueberry,shirt,fearful,blueberry,shirt,8637.856773614883,2021-12-01T16:37:49.631000,1638368031.7742264
8,13,3,3,Random,-9999,0effb2a5534adab4,0.4100000858306885,0.08099985122680664,1638376670.112,13,happy,shoes,far,shoes,happy,happy,shoes,far,shoes,happy,8638.337773561478,2021-12-01T16:37:50.112000,1638368031.7742264
24,9,28,28,Random,-9999,bcacc9855844782a,2.371000051498413,0.18199992179870605,1638376670.241,9,near,night,sunset,night,near,near,night,sunset,night,near,8638.46677350998,2021-12-01T16:37:50.241000,1638368031.7742264
27,20,1,20,Random,-9999,0effb2a5534adab4,0.37800002098083496,0.07999992370605469,1638376670.58,1,beach,pants,dusk,beach,pants,beach,pants,dusk,beach,pants,8638.805773496628,2021-12-01T16:37:50.580000,1638368031.7742264
10,23,16,16,Random,-9999,b598bfd4e7d4a2d0,1.814000129699707,0.09799981117248535,1638376671.133,23,sky,lemon,angry,lemon,sky,sky,lemon,angry,lemon,sky,8639.358773469925,2021-12-01T16:37:51.133000,1638368031.7742264
26,13,6,13,Random,-9999,0effb2a5534adab4,0.5290000438690186,0.0839998722076416,1638376671.193,6,happy,below,day,happy,below,happy,below,day,happy,below,8639.418773651123,2021-12-01T16:37:51.193000,1638368031.7742264
19,16,9,16,Random,-9999,0effb2a5534adab4,0.6779999732971191,0.08299994468688965,1638376671.952,9,lemon,near,watermelon,lemon,near,lemon,near,watermelon,lemon,near,8640.177773475647,2021-12-01T16:37:51.952000,1638368031.7742264
21,4,7,7,Random,-9999,bcacc9855844782a,1.875,0.33299994468688965,1638376672.219,4,socks,beside,field,beside,socks,socks,beside,field,beside,socks,8640.444773674011,2021-12-01T16:37:52.219000,1638368031.7742264
11,21,4,4,Random,-9999,0effb2a5534adab4,0.5399999618530273,0.08100008964538574,1638376672.571,21,field,socks,disgust,socks,field,field,socks,disgust,socks,field,8640.796773672104,2021-12-01T16:37:52.571000,1638368031.7742264
22,4,17,17,Random,-9999,0effb2a5534adab4,0.3859999179840088,0.07999992370605469,1638376673.032,4,socks,mango,ocean,mango,socks,socks,mango,ocean,mango,socks,8641.257773637772,2021-12-01T16:37:53.032000,1638368031.7742264
25,16,7,7,Random,-9999,0effb2a5534adab4,0.4589998722076416,0.08000016212463379,1638376673.577,16,lemon,beside,dawn,beside,lemon,lemon,beside,dawn,beside,lemon,8641.802773475647,2021-12-01T16:37:53.577000,1638368031.7742264
20,29,28,29,Random,-9999,b598bfd4e7d4a2d0,2.6610000133514404,0.07299995422363281,1638376673.926,28,noon,night,beach,noon,night,noon,night,beach,noon,night,8642.151773691177,2021-12-01T16:37:53.926000,1638368031.7742264
2,4,5,4,Random,-9999,bcacc9855844782a,1.6370000839233398,0.13400006294250488,1638376674.021,5,socks,above,shirt,socks,above,socks,above,shirt,socks,above,8642.246773481369,2021-12-01T16:37:54.021000,1638368031.7742264
25,17,27,17,Random,-9999,0effb2a5534adab4,0.8500001430511475,0.0820000171661377,1638376674.497,27,mango,dusk,dawn,mango,dusk,mango,dusk,dawn,mango,dusk,8642.722773551941,2021-12-01T16:37:54.497000,1638368031.7742264
10,17,18,18,Random,-9999,0effb2a5534adab4,0.4779999256134033,0.07800006866455078,1638376675.062,17,mango,strawberry,angry,strawberry,mango,mango,strawberry,angry,strawberry,mango,8643.287773609161,2021-12-01T16:37:55.062000,1638368031.7742264
5,22,1,22,Random,-9999,0effb2a5534adab4,0.4160001277923584,0.0989999771118164,1638376675.575,1,ocean,pants,above,ocean,pants,ocean,pants,above,ocean,pants,8643.800773620605,2021-12-01T16:37:55.575000,1638368031.7742264
3,8,18,8,Random,-9999,0effb2a5534adab4,0.3919999599456787,0.0820000171661377,1638376676.053,18,far,strawberry,shoes,far,strawberry,far,strawberry,shoes,far,strawberry,8644.278773546219,2021-12-01T16:37:56.053000,1638368031.7742264
7,3,29,3,Random,-9999,b598bfd4e7d4a2d0,2.2760000228881836,0.13400006294250488,1638376676.427,29,shoes,noon,beside,shoes,noon,shoes,noon,beside,shoes,noon,8644.652773618698,2021-12-01T16:37:56.427000,1638368031.7742264
3,19,29,29,Random,-9999,0effb2a5534adab4,0.4499998092651367,0.08100008964538574,1638376676.585,19,watermelon,noon,shoes,noon,watermelon,watermelon,noon,shoes,noon,watermelon,8644.810773611069,2021-12-01T16:37:56.585000,1638368031.7742264
27,9,23,23,Random,-9999,bcacc9855844782a,2.1539998054504395,0.15700006484985352,1638376676.729,9,near,sky,dusk,sky,near,near,sky,dusk,sky,near,8644.954773664474,2021-12-01T16:37:56.729000,1638368031.7742264
28,20,4,4,Random,-9999,0effb2a5534adab4,0.7020001411437988,0.0820000171661377,1638376677.369,20,beach,socks,night,socks,beach,beach,socks,night,socks,beach,8645.59477353096,2021-12-01T16:37:57.369000,1638368031.7742264
16,6,2,6,Random,-9999,0effb2a5534adab4,0.35899996757507324,0.08299994468688965,1638376677.811,2,below,shirt,lemon,below,shirt,below,shirt,lemon,below,shirt,8646.03677368164,2021-12-01T16:37:57.811000,1638368031.7742264
6,28,10,28,Random,-9999,0effb2a5534adab4,0.4230000972747803,0.0839998722076416,1638376678.314,10,night,angry,below,night,angry,night,angry,below,night,angry,8646.539773464203,2021-12-01T16:37:58.314000,1638368031.7742264
26,15,11,11,Random,-9999,b598bfd4e7d4a2d0,1.8389999866485596,0.22699999809265137,1638376678.577,15,blueberry,disgust,day,disgust,blueberry,blueberry,disgust,day,disgust,blueberry,8646.802773475647,2021-12-01T16:37:58.577000,1638368031.7742264
14,16,2,16,Random,-9999,0effb2a5534adab4,0.5840001106262207,0.07899999618530273,1638376678.978,2,lemon,shirt,sad,lemon,shirt,lemon,shirt,sad,lemon,shirt,8647.203773498535,2021-12-01T16:37:58.978000,1638368031.7742264
21,15,13,13,Random,-9999,bcacc9855844782a,2.372999906539917,0.5460000038146973,1638376679.303,15,blueberry,happy,field,happy,blueberry,blueberry,happy,field,happy,blueberry,8647.528773546219,2021-12-01T16:37:59.303000,1638368031.7742264
24,2,7,7,Random,-9999,0effb2a5534adab4,0.6619999408721924,0.07999992370605469,1638376679.721,2,shirt,beside,sunset,beside,shirt,shirt,beside,sunset,beside,shirt,8647.946773529053,2021-12-01T16:37:59.721000,1638368031.7742264
11,23,7,7,Random,-9999,0effb2a5534adab4,0.4099998474121094,0.08100008964538574,1638376680.214,23,sky,beside,disgust,beside,sky,sky,beside,disgust,beside,sky,8648.43977355957,2021-12-01T16:38:00.214000,1638368031.7742264
26,3,10,10,Random,-9999,0effb2a5534adab4,0.5590000152587891,0.08699989318847656,1638376680.864,3,shoes,angry,day,angry,shoes,shoes,angry,day,angry,shoes,8649.089773654938,2021-12-01T16:38:00.864000,1638368031.7742264
22,12,11,12,Random,-9999,b598bfd4e7d4a2d0,2.306999921798706,0.3039999008178711,1638376681.08,11,fearful,disgust,ocean,fearful,disgust,fearful,disgust,ocean,fearful,disgust,8649.305773496628,2021-12-01T16:38:01.080000,1638368031.7742264
20,8,4,4,Random,-9999,0effb2a5534adab4,0.382000207901001,0.09200000762939453,1638376681.332,8,far,socks,beach,socks,far,far,socks,beach,socks,far,8649.557773590088,2021-12-01T16:38:01.332000,1638368031.7742264
29,22,18,22,Random,-9999,bcacc9855844782a,2.384999990463257,0.35700011253356934,1638376682.145,18,ocean,strawberry,noon,ocean,strawberry,ocean,strawberry,noon,ocean,strawberry,8650.370773553848,2021-12-01T16:38:02.145000,1638368031.7742264
10,25,7,25,Random,-9999,0effb2a5534adab4,0.7850000858306885,0.0819997787475586,1638376682.196,7,dawn,beside,angry,dawn,beside,dawn,beside,angry,dawn,beside,8650.421773672104,2021-12-01T16:38:02.196000,1638368031.7742264
14,22,26,26,Random,-9999,0effb2a5534adab4,0.33500003814697266,0.08099985122680664,1638376682.609,22,ocean,day,sad,day,ocean,ocean,day,sad,day,ocean,8650.834773540497,2021-12-01T16:38:02.609000,1638368031.7742264
15,13,9,13,Random,-9999,0effb2a5534adab4,0.38700008392333984,0.07899999618530273,1638376683.08,9,happy,near,blueberry,happy,near,happy,near,blueberry,happy,near,8651.305773496628,2021-12-01T16:38:03.080000,1638368031.7742264
4,20,11,11,Random,-9999,b598bfd4e7d4a2d0,1.943000078201294,0.19900012016296387,1638376683.24,20,beach,disgust,socks,disgust,beach,beach,disgust,socks,disgust,beach,8651.465773582458,2021-12-01T16:38:03.240000,1638368031.7742264
28,22,19,22,Random,-9999,0effb2a5534adab4,0.49000000953674316,0.0820000171661377,1638376683.653,19,ocean,watermelon,night,ocean,watermelon,ocean,watermelon,night,ocean,watermelon,8651.87877368927,2021-12-01T16:38:03.653000,1638368031.7742264
25,18,11,11,Random,-9999,0effb2a5534adab4,0.34200000762939453,0.08299994468688965,1638376684.078,18,strawberry,disgust,dawn,disgust,strawberry,strawberry,disgust,dawn,disgust,strawberry,8652.303773641586,2021-12-01T16:38:04.078000,1638368031.7742264
29,19,4,19,Random,-9999,bcacc9855844782a,2.177999973297119,0.3689999580383301,1638376684.616,4,watermelon,socks,noon,watermelon,socks,watermelon,socks,noon,watermelon,socks,8652.84177350998,2021-12-01T16:38:04.616000,1638368031.7742264
4,23,14,14,Random,-9999,0effb2a5534adab4,0.628000020980835,0.0820000171661377,1638376684.788,23,sky,sad,socks,sad,sky,sky,sad,socks,sad,sky,8653.013773679733,2021-12-01T16:38:04.788000,1638368031.7742264
14,5,11,11,Random,-9999,b598bfd4e7d4a2d0,1.9199998378753662,0.21500015258789062,1638376685.371,5,above,disgust,sad,disgust,above,above,disgust,sad,disgust,above,8653.59677362442,2021-12-01T16:38:05.371000,1638368031.7742264
23,11,21,21,Random,-9999,0effb2a5534adab4,0.6210000514984131,0.0820000171661377,1638376685.492,11,disgust,field,sky,field,disgust,disgust,field,sky,field,disgust,8653.717773675919,2021-12-01T16:38:05.492000,1638368031.7742264
20,18,14,14,Random,-9999,0effb2a5534adab4,0.5940001010894775,0.0839998722076416,1638376686.168,18,strawberry,sad,beach,sad,strawberry,strawberry,sad,beach,sad,strawberry,8654.393773555756,2021-12-01T16:38:06.168000,1638368031.7742264
14,3,29,29,Random,-9999,0effb2a5534adab4,0.5799999237060547,0.0820000171661377,1638376686.829,3,shoes,noon,sad,noon,shoes,shoes,noon,sad,noon,shoes,8655.054773569107,2021-12-01T16:38:06.829000,1638368031.7742264
11,29,20,29,Random,-9999,b598bfd4e7d4a2d0,1.6549999713897705,0.21000003814697266,1638376687.104,20,noon,beach,disgust,noon,beach,noon,beach,disgust,noon,beach,8655.329773664474,2021-12-01T16:38:07.104000,1638368031.7742264
27,14,10,10,Random,-9999,0effb2a5534adab4,0.5230000019073486,0.0820000171661377,1638376687.437,14,sad,angry,dusk,angry,sad,sad,angry,dusk,angry,sad,8655.662773609161,2021-12-01T16:38:07.437000,1638368031.7742264
14,23,29,29,Random,-9999,bcacc9855844782a,2.827000141143799,0.31799983978271484,1638376687.754,23,sky,noon,sad,noon,sky,sky,noon,sad,noon,sky,8655.979773521423,2021-12-01T16:38:07.754000,1638368031.7742264
14,4,19,4,Random,-9999,0effb2a5534adab4,0.5369999408721924,0.0839998722076416,1638376688.054,19,socks,watermelon,sad,socks,watermelon,socks,watermelon,sad,socks,watermelon,8656.27977347374,2021-12-01T16:38:08.054000,1638368031.7742264
29,10,5,5,Random,-9999,0effb2a5534adab4,0.556999921798706,0.08000016212463379,1638376688.693,10,angry,above,noon,above,angry,angry,above,noon,above,angry,8656.918773651123,2021-12-01T16:38:08.693000,1638368031.7742264
12,27,9,9,Random,-9999,0effb2a5534adab4,0.31099987030029297,0.0820000171661377,1638376689.084,27,dusk,near,fearful,near,dusk,dusk,near,fearful,near,dusk,8657.309773683548,2021-12-01T16:38:09.084000,1638368031.7742264
4,10,18,18,Random,-9999,b598bfd4e7d4a2d0,2.319999933242798,0.16100001335144043,1638376689.637,10,angry,strawberry,socks,strawberry,angry,angry,strawberry,socks,strawberry,angry,8657.862773656845,2021-12-01T16:38:09.637000,1638368031.7742264
22,24,12,12,Random,-9999,0effb2a5534adab4,0.5630002021789551,0.0820000171661377,1638376689.73,24,sunset,fearful,ocean,fearful,sunset,sunset,fearful,ocean,fearful,sunset,8657.955773591995,2021-12-01T16:38:09.730000,1638368031.7742264
16,10,15,15,Random,-9999,0effb2a5534adab4,0.3339998722076416,0.08299994468688965,1638376690.147,10,angry,blueberry,lemon,blueberry,angry,angry,blueberry,lemon,blueberry,angry,8658.372773647308,2021-12-01T16:38:10.147000,1638368031.7742264
27,14,3,14,Random,-9999,bcacc9855844782a,2.444000005722046,0.312999963760376,1638376690.509,3,sad,shoes,dusk,sad,shoes,sad,shoes,dusk,sad,shoes,8658.734773635864,2021-12-01T16:38:10.509000,1638368031.7742264
24,4,2,2,Random,-9999,0effb2a5534adab4,0.34999990463256836,0.0840001106262207,1638376690.58,4,socks,shirt,sunset,shirt,socks,socks,shirt,sunset,shirt,socks,8658.805773496628,2021-12-01T16:38:10.580000,1638368031.7742264
15,2,8,2,Random,-9999,0effb2a5534adab4,0.6869997978210449,0.0820000171661377,1638376691.347,8,shirt,far,blueberry,shirt,far,shirt,far,blueberry,shirt,far,8659.572773456573,2021-12-01T16:38:11.347000,1638368031.7742264
23,26,1,26,Random,-9999,b598bfd4e7d4a2d0,1.7200000286102295,0.1530001163482666,1638376691.446,1,day,pants,sky,day,pants,day,pants,sky,day,pants,8659.671773672104,2021-12-01T16:38:11.446000,1638368031.7742264
21,0,16,0,Random,-9999,0effb2a5534adab4,0.3279998302459717,0.08100008964538574,1638376691.755,16,dress,lemon,field,dress,lemon,dress,lemon,field,dress,lemon,8659.980773687363,2021-12-01T16:38:11.755000,1638368031.7742264
15,16,17,16,Random,-9999,0effb2a5534adab4,0.3269999027252197,0.08100008964538574,1638376692.163,17,lemon,mango,blueberry,lemon,mango,lemon,mango,blueberry,lemon,mango,8660.388773679733,2021-12-01T16:38:12.163000,1638368031.7742264
19,24,9,24,Random,-9999,0effb2a5534adab4,0.31799983978271484,0.08300018310546875,1638376692.564,9,sunset,near,watermelon,sunset,near,sunset,near,watermelon,sunset,near,8660.789773464203,2021-12-01T16:38:12.564000,1638368031.7742264
12,1,13,1,Random,-9999,0effb2a5534adab4,0.31999993324279785,0.08000016212463379,1638376692.965,13,pants,happy,fearful,pants,happy,pants,happy,fearful,pants,happy,8661.190773487091,2021-12-01T16:38:12.965000,1638368031.7742264
3,14,1,1,Random,-9999,bcacc9855844782a,2.4570000171661377,0.3020000457763672,1638376693.421,14,sad,pants,shoes,pants,sad,sad,pants,shoes,pants,sad,8661.646773576736,2021-12-01T16:38:13.421000,1638368031.7742264
8,9,27,9,Random,-9999,0effb2a5534adab4,0.3689999580383301,0.08100008964538574,1638376693.438,27,near,dusk,far,near,dusk,near,dusk,far,near,dusk,8661.663773536682,2021-12-01T16:38:13.438000,1638368031.7742264
24,27,13,13,Random,-9999,b598bfd4e7d4a2d0,2.0280001163482666,0.12099981307983398,1638376693.656,27,dusk,happy,sunset,happy,dusk,dusk,happy,sunset,happy,dusk,8661.881773471832,2021-12-01T16:38:13.656000,1638368031.7742264
4,21,29,29,Random,-9999,0effb2a5534adab4,0.6949999332427979,0.10600018501281738,1638376694.215,21,field,noon,socks,noon,field,field,noon,socks,noon,field,8662.440773487091,2021-12-01T16:38:14.215000,1638368031.7742264
1,22,16,22,Random,-9999,0effb2a5534adab4,0.6539998054504395,0.08100008964538574,1638376694.95,16,ocean,lemon,pants,ocean,lemon,ocean,lemon,pants,ocean,lemon,8663.175773620605,2021-12-01T16:38:14.950000,1638368031.7742264
21,27,10,27,Random,-9999,b598bfd4e7d4a2d0,1.5740001201629639,0.13299989700317383,1638376695.312,10,dusk,angry,field,dusk,angry,dusk,angry,field,dusk,angry,8663.537773609161,2021-12-01T16:38:15.312000,1638368031.7742264
17,19,0,0,Random,-9999,0effb2a5534adab4,0.49699997901916504,0.0840001106262207,1638376695.529,19,watermelon,dress,mango,dress,watermelon,watermelon,dress,mango,dress,watermelon,8663.75477361679,2021-12-01T16:38:15.529000,1638368031.7742264
11,20,25,20,Random,-9999,0effb2a5534adab4,1.1359999179840088,0.0820000171661377,1638376696.737,25,beach,dawn,disgust,beach,dawn,beach,dawn,disgust,beach,dawn,8664.962773561478,2021-12-01T16:38:16.737000,1638368031.7742264
6,17,22,22,Random,-9999,b598bfd4e7d4a2d0,1.5320000648498535,0.08099985122680664,1638376696.924,17,mango,ocean,below,ocean,mango,mango,ocean,below,ocean,mango,8665.149773597717,2021-12-01T16:38:16.924000,1638368031.7742264
6,11,9,9,Random,-9999,0effb2a5534adab4,0.377000093460083,0.08099985122680664,1638376697.203,11,disgust,near,below,near,disgust,disgust,near,below,near,disgust,8665.428773641586,2021-12-01T16:38:17.203000,1638368031.7742264
25,4,9,4,Random,-9999,0effb2a5534adab4,0.4530000686645508,0.08599996566772461,1638376697.745,9,socks,near,dawn,socks,near,socks,near,dawn,socks,near,8665.97077345848,2021-12-01T16:38:17.745000,1638368031.7742264
22,25,2,25,Random,-9999,0effb2a5534adab4,0.4249999523162842,0.0820000171661377,1638376698.25,2,dawn,shirt,ocean,dawn,shirt,dawn,shirt,ocean,dawn,shirt,8666.475773572922,2021-12-01T16:38:18.250000,1638368031.7742264
4,17,6,17,Random,-9999,0effb2a5534adab4,0.3190000057220459,0.08100008964538574,1638376698.651,6,mango,below,socks,mango,below,mango,below,socks,mango,below,8666.87677359581,2021-12-01T16:38:18.651000,1638368031.7742264
27,20,14,20,Random,-9999,b598bfd4e7d4a2d0,1.6659998893737793,0.07999992370605469,1638376698.772,14,beach,sad,dusk,beach,sad,beach,sad,dusk,beach,sad,8666.997773647308,2021-12-01T16:38:18.772000,1638368031.7742264
9,10,12,12,Random,-9999,0effb2a5534adab4,0.35199999809265137,0.0819997787475586,1638376699.084,10,angry,fearful,near,fearful,angry,angry,fearful,near,fearful,angry,8667.309773683548,2021-12-01T16:38:19.084000,1638368031.7742264
27,7,0,0,Random,-9999,0effb2a5534adab4,0.5449998378753662,0.0840001106262207,1638376699.709,7,beside,dress,dusk,dress,beside,beside,dress,dusk,dress,beside,8667.934773683548,2021-12-01T16:38:19.709000,1638368031.7742264
6,26,15,15,Random,-9999,0effb2a5534adab4,0.2799999713897705,0.08000016212463379,1638376700.075,26,day,blueberry,below,blueberry,day,day,blueberry,below,blueberry,day,8668.300773620605,2021-12-01T16:38:20.075000,1638368031.7742264
18,5,6,6,Random,-9999,bcacc9855844782a,6.324999809265137,0.37000012397766113,1638376700.134,5,above,below,strawberry,below,above,above,below,strawberry,below,above,8668.359773635864,2021-12-01T16:38:20.134000,1638368031.7742264
27,3,14,14,Random,-9999,b598bfd4e7d4a2d0,1.7230000495910645,0.18200016021728516,1638376700.598,3,shoes,sad,dusk,sad,shoes,shoes,sad,dusk,sad,shoes,8668.823773622513,2021-12-01T16:38:20.598000,1638368031.7742264
13,17,6,17,Random,-9999,0effb2a5534adab4,0.6510000228881836,0.0839998722076416,1638376700.807,6,mango,below,happy,mango,below,mango,below,happy,mango,below,8669.03277349472,2021-12-01T16:38:20.807000,1638368031.7742264
23,28,4,4,Random,-9999,0effb2a5534adab4,0.37199997901916504,0.08500003814697266,1638376701.265,28,night,socks,sky,socks,night,night,socks,sky,socks,night,8669.490773677826,2021-12-01T16:38:21.265000,1638368031.7742264
20,12,11,11,Random,-9999,0effb2a5534adab4,0.6059999465942383,0.08100008964538574,1638376701.951,12,fearful,disgust,beach,disgust,fearful,fearful,disgust,beach,disgust,fearful,8670.176773548126,2021-12-01T16:38:21.951000,1638368031.7742264
11,7,28,7,Random,-9999,b598bfd4e7d4a2d0,1.5309998989105225,0.1119999885559082,1638376702.21,28,beside,night,disgust,beside,night,beside,night,disgust,beside,night,8670.435773611069,2021-12-01T16:38:22.210000,1638368031.7742264
28,16,29,29,Random,-9999,0effb2a5534adab4,0.620999813079834,0.0820000171661377,1638376702.654,16,lemon,noon,night,noon,lemon,lemon,noon,night,noon,lemon,8670.87977361679,2021-12-01T16:38:22.654000,1638368031.7742264
24,20,23,20,Random,-9999,0effb2a5534adab4,0.3280000686645508,0.08100008964538574,1638376703.063,23,beach,sky,sunset,beach,sky,beach,sky,sunset,beach,sky,8671.288773536682,2021-12-01T16:38:23.063000,1638368031.7742264
0,26,1,26,Random,-9999,0effb2a5534adab4,0.33500003814697266,0.08300018310546875,1638376703.479,1,day,pants,dress,day,pants,day,pants,dress,day,pants,8671.704773664474,2021-12-01T16:38:23.479000,1638368031.7742264
6,15,10,15,Random,-9999,b598bfd4e7d4a2d0,1.4279999732971191,0.07299995422363281,1638376703.737,10,blueberry,angry,below,blueberry,angry,blueberry,angry,below,blueberry,angry,8671.962773561478,2021-12-01T16:38:23.737000,1638368031.7742264
8,12,0,12,Random,-9999,0effb2a5534adab4,0.6789999008178711,0.08100008964538574,1638376704.241,0,fearful,dress,far,fearful,dress,fearful,dress,far,fearful,dress,8672.46677350998,2021-12-01T16:38:24.241000,1638368031.7742264
22,11,9,9,Random,-9999,0effb2a5534adab4,0.45600008964538574,0.08299994468688965,1638376704.777,11,disgust,near,ocean,near,disgust,disgust,near,ocean,near,disgust,8673.00277352333,2021-12-01T16:38:24.777000,1638368031.7742264
23,3,22,22,Random,-9999,0effb2a5534adab4,0.30900001525878906,0.08299994468688965,1638376705.17,3,shoes,ocean,sky,ocean,shoes,shoes,ocean,sky,ocean,shoes,8673.395773649216,2021-12-01T16:38:25.170000,1638368031.7742264
24,7,9,9,Random,-9999,bcacc9855844782a,4.908999919891357,0.4090001583099365,1638376705.381,7,beside,near,sunset,near,beside,beside,near,sunset,near,beside,8673.606773614883,2021-12-01T16:38:25.381000,1638368031.7742264
7,21,6,6,Random,-9999,0effb2a5534adab4,0.3019998073577881,0.08300018310546875,1638376705.545,21,field,below,beside,below,field,field,below,beside,below,field,8673.770773649216,2021-12-01T16:38:25.545000,1638368031.7742264
1,26,23,26,Random,-9999,b598bfd4e7d4a2d0,1.8660001754760742,0.10199999809265137,1638376705.873,23,day,sky,pants,day,sky,day,sky,pants,day,sky,8674.098773479462,2021-12-01T16:38:25.873000,1638368031.7742264
2,14,9,14,Random,-9999,0effb2a5534adab4,0.7220001220703125,0.07899999618530273,1638376706.35,9,sad,near,shirt,sad,near,sad,near,shirt,sad,near,8674.575773477554,2021-12-01T16:38:26.350000,1638368031.7742264
28,18,27,18,Random,-9999,0effb2a5534adab4,0.31100010871887207,0.0820000171661377,1638376706.746,27,strawberry,dusk,night,strawberry,dusk,strawberry,dusk,night,strawberry,dusk,8674.97177362442,2021-12-01T16:38:26.746000,1638368031.7742264
25,1,11,1,Random,-9999,0effb2a5534adab4,0.30299997329711914,0.08099985122680664,1638376707.13,11,pants,disgust,dawn,pants,disgust,pants,disgust,dawn,pants,disgust,8675.355773687363,2021-12-01T16:38:27.130000,1638368031.7742264
11,22,1,22,Random,-9999,0effb2a5534adab4,0.2950000762939453,0.08100008964538574,1638376707.509,1,ocean,pants,disgust,ocean,pants,ocean,pants,disgust,ocean,pants,8675.734773635864,2021-12-01T16:38:27.509000,1638368031.7742264
13,29,12,29,Random,-9999,b598bfd4e7d4a2d0,1.7140002250671387,0.25299978256225586,1638376707.647,12,noon,fearful,happy,noon,fearful,noon,fearful,happy,noon,fearful,8675.872773647308,2021-12-01T16:38:27.647000,1638368031.7742264
21,24,28,28,Random,-9999,bcacc9855844782a,2.3539998531341553,0.3250000476837158,1638376707.992,24,sunset,night,field,night,sunset,sunset,night,field,night,sunset,8676.217773675919,2021-12-01T16:38:27.992000,1638368031.7742264
29,19,1,1,Random,-9999,0effb2a5534adab4,0.560999870300293,0.08500003814697266,1638376708.153,19,watermelon,pants,noon,pants,watermelon,watermelon,pants,noon,pants,watermelon,8676.37877368927,2021-12-01T16:38:28.153000,1638368031.7742264
14,26,24,24,Random,-9999,0effb2a5534adab4,0.9140000343322754,0.08299994468688965,1638376709.149,26,day,sunset,sad,sunset,day,day,sunset,sad,sunset,day,8677.37477350235,2021-12-01T16:38:29.149000,1638368031.7742264
1,21,6,6,Random,-9999,0effb2a5534adab4,0.40799999237060547,0.0820000171661377,1638376709.637,21,field,below,pants,below,field,field,below,pants,below,field,8677.862773656845,2021-12-01T16:38:29.637000,1638368031.7742264
29,21,8,8,Random,-9999,b598bfd4e7d4a2d0,2.0480000972747803,0.07799983024597168,1638376710.0,21,field,far,noon,far,field,field,far,noon,far,field,8678.225773572922,2021-12-01T16:38:30,1638368031.7742264
5,1,8,1,Random,-9999,0effb2a5534adab4,0.4100000858306885,0.07999992370605469,1638376710.128,8,pants,far,above,pants,far,pants,far,above,pants,far,8678.353773593903,2021-12-01T16:38:30.128000,1638368031.7742264
10,24,13,13,Random,-9999,bcacc9855844782a,2.1440000534057617,0.2669999599456787,1638376710.4,24,sunset,happy,angry,happy,sunset,sunset,happy,angry,happy,sunset,8678.62577366829,2021-12-01T16:38:30.400000,1638368031.7742264
25,2,12,12,Random,-9999,0effb2a5534adab4,0.37600016593933105,0.08099985122680664,1638376710.581,2,shirt,fearful,dawn,fearful,shirt,shirt,fearful,dawn,fearful,shirt,8678.806773662567,2021-12-01T16:38:30.581000,1638368031.7742264
12,1,11,11,Random,-9999,0effb2a5534adab4,0.3280000686645508,0.08299994468688965,1638376710.996,1,pants,disgust,fearful,disgust,pants,pants,disgust,fearful,disgust,pants,8679.22177362442,2021-12-01T16:38:30.996000,1638368031.7742264
28,25,15,15,Random,-9999,0effb2a5534adab4,0.30100011825561523,0.08299994468688965,1638376711.377,25,dawn,blueberry,night,blueberry,dawn,dawn,blueberry,night,blueberry,dawn,8679.602773666382,2021-12-01T16:38:31.377000,1638368031.7742264
7,27,8,27,Random,-9999,b598bfd4e7d4a2d0,1.5329999923706055,0.30099987983703613,1638376711.604,8,dusk,far,beside,dusk,far,dusk,far,beside,dusk,far,8679.829773664474,2021-12-01T16:38:31.604000,1638368031.7742264
15,20,28,20,Random,-9999,0effb2a5534adab4,0.39300012588500977,0.08099985122680664,1638376711.852,28,beach,night,blueberry,beach,night,beach,night,blueberry,beach,night,8680.077773571014,2021-12-01T16:38:31.852000,1638368031.7742264
18,28,13,28,Random,-9999,0effb2a5534adab4,0.7900002002716064,0.0839998722076416,1638376712.721,13,night,happy,strawberry,night,happy,night,happy,strawberry,night,happy,8680.946773529053,2021-12-01T16:38:32.721000,1638368031.7742264
7,13,23,13,Random,-9999,bcacc9855844782a,2.11899995803833,0.37599992752075195,1638376712.877,23,happy,sky,beside,happy,sky,happy,sky,beside,happy,sky,8681.102773666382,2021-12-01T16:38:32.877000,1638368031.7742264
9,26,13,26,Random,-9999,0effb2a5534adab4,0.5420000553131104,0.08899998664855957,1638376713.355,13,day,happy,near,day,happy,day,happy,near,day,happy,8681.580773591995,2021-12-01T16:38:33.355000,1638368031.7742264
3,16,14,16,Random,-9999,0effb2a5534adab4,0.45200014114379883,0.07999992370605469,1638376713.888,14,lemon,sad,shoes,lemon,sad,lemon,sad,shoes,lemon,sad,8682.113773584366,2021-12-01T16:38:33.888000,1638368031.7742264
8,12,3,3,Random,-9999,b598bfd4e7d4a2d0,2.305999994277954,0.08800005912780762,1638376714.192,12,fearful,shoes,far,shoes,fearful,fearful,shoes,far,shoes,fearful,8682.417773485184,2021-12-01T16:38:34.192000,1638368031.7742264
4,13,23,23,Random,-9999,0effb2a5534adab4,0.5529999732971191,0.0840001106262207,1638376714.523,13,happy,sky,socks,sky,happy,happy,sky,socks,sky,happy,8682.74877357483,2021-12-01T16:38:34.523000,1638368031.7742264
25,6,20,20,Random,-9999,0effb2a5534adab4,0.377000093460083,0.07999992370605469,1638376714.981,6,below,beach,dawn,beach,below,below,beach,dawn,beach,below,8683.206773519516,2021-12-01T16:38:34.981000,1638368031.7742264
11,14,9,14,Random,-9999,0effb2a5534adab4,0.5329999923706055,0.08099985122680664,1638376715.595,9,sad,near,disgust,sad,near,sad,near,disgust,sad,near,8683.820773601532,2021-12-01T16:38:35.595000,1638368031.7742264
19,22,8,22,Random,-9999,bcacc9855844782a,3.11299991607666,0.24300003051757812,1638376716.311,8,ocean,far,watermelon,ocean,far,ocean,far,watermelon,ocean,far,8684.53677368164,2021-12-01T16:38:36.311000,1638368031.7742264
20,19,29,29,Random,-9999,b598bfd4e7d4a2d0,2.058000087738037,0.2649998664855957,1638376716.415,19,watermelon,noon,beach,noon,watermelon,watermelon,noon,beach,noon,watermelon,8684.640773534775,2021-12-01T16:38:36.415000,1638368031.7742264
28,13,29,13,Random,-9999,0effb2a5534adab4,0.931999921798706,0.0820000171661377,1638376716.606,29,happy,noon,night,happy,noon,happy,noon,night,happy,noon,8684.831773519516,2021-12-01T16:38:36.606000,1638368031.7742264
17,25,26,25,Random,-9999,0effb2a5534adab4,0.4660000801086426,0.0820000171661377,1638376717.155,26,dawn,day,mango,dawn,day,dawn,day,mango,dawn,day,8685.380773544312,2021-12-01T16:38:37.155000,1638368031.7742264
23,10,17,10,Random,-9999,0effb2a5534adab4,0.4830000400543213,0.08099985122680664,1638376717.715,17,angry,mango,sky,angry,mango,angry,mango,sky,angry,mango,8685.940773487091,2021-12-01T16:38:37.715000,1638368031.7742264
15,18,27,27,Random,-9999,0effb2a5534adab4,0.5690000057220459,0.08500003814697266,1638376718.371,18,strawberry,dusk,blueberry,dusk,strawberry,strawberry,dusk,blueberry,dusk,strawberry,8686.59677362442,2021-12-01T16:38:38.371000,1638368031.7742264
14,1,11,1,Random,-9999,b598bfd4e7d4a2d0,1.8980000019073486,0.1640000343322754,1638376718.383,11,pants,disgust,sad,pants,disgust,pants,disgust,sad,pants,disgust,8686.608773469925,2021-12-01T16:38:38.383000,1638368031.7742264
16,1,20,20,Random,-9999,0effb2a5534adab4,0.28800010681152344,0.07999992370605469,1638376718.74,1,pants,beach,lemon,beach,pants,pants,beach,lemon,beach,pants,8686.965773582458,2021-12-01T16:38:38.740000,1638368031.7742264
19,21,29,29,Random,-9999,bcacc9855844782a,2.315999984741211,0.317000150680542,1638376719.017,21,field,noon,watermelon,noon,field,field,noon,watermelon,noon,field,8687.242773532867,2021-12-01T16:38:39.017000,1638368031.7742264
8,0,5,5,Random,-9999,0effb2a5534adab4,0.3020000457763672,0.0819997787475586,1638376719.123,0,dress,above,far,above,dress,dress,above,far,above,dress,8687.348773479462,2021-12-01T16:38:39.123000,1638368031.7742264
13,5,29,29,Random,-9999,0effb2a5534adab4,0.3020000457763672,0.08299994468688965,1638376719.508,5,above,noon,happy,noon,above,above,noon,happy,noon,above,8687.733773469925,2021-12-01T16:38:39.508000,1638368031.7742264
24,29,2,29,Random,-9999,b598bfd4e7d4a2d0,1.3839998245239258,0.07800006866455078,1638376719.872,2,noon,shirt,sunset,noon,shirt,noon,shirt,sunset,noon,shirt,8688.097773551941,2021-12-01T16:38:39.872000,1638368031.7742264
23,29,20,29,Random,-9999,0effb2a5534adab4,0.5859999656677246,0.0839998722076416,1638376720.176,20,noon,beach,sky,noon,beach,noon,beach,sky,noon,beach,8688.401773691177,2021-12-01T16:38:40.176000,1638368031.7742264
6,15,5,5,Random,-9999,bcacc9855844782a,1.4259998798370361,0.3819999694824219,1638376720.551,15,blueberry,above,below,above,blueberry,blueberry,above,below,above,blueberry,8688.776773691177,2021-12-01T16:38:40.551000,1638368031.7742264
16,15,21,15,Random,-9999,0effb2a5534adab4,0.5230000019073486,0.08100008964538574,1638376720.782,21,blueberry,field,lemon,blueberry,field,blueberry,field,lemon,blueberry,field,8689.007773637772,2021-12-01T16:38:40.782000,1638368031.7742264
16,29,2,29,Random,-9999,0effb2a5534adab4,0.5079998970031738,0.08100008964538574,1638376721.371,2,noon,shirt,lemon,noon,shirt,noon,shirt,lemon,noon,shirt,8689.59677362442,2021-12-01T16:38:41.371000,1638368031.7742264
10,19,4,4,Random,-9999,0effb2a5534adab4,0.5540001392364502,0.0839998722076416,1638376722.006,19,watermelon,socks,angry,socks,watermelon,watermelon,socks,angry,socks,watermelon,8690.231773614883,2021-12-01T16:38:42.006000,1638368031.7742264
28,10,15,10,Random,-9999,b598bfd4e7d4a2d0,2.55400013923645,0.10899996757507324,1638376722.634,15,angry,blueberry,night,angry,blueberry,angry,blueberry,night,angry,blueberry,8690.859773635864,2021-12-01T16:38:42.634000,1638368031.7742264
4,17,13,17,Random,-9999,0effb2a5534adab4,0.6549999713897705,0.07999992370605469,1638376722.742,13,mango,happy,socks,mango,happy,mango,happy,socks,mango,happy,8690.967773675919,2021-12-01T16:38:42.742000,1638368031.7742264
16,0,1,0,Random,-9999,0effb2a5534adab4,0.9240000247955322,0.08100008964538574,1638376723.749,1,dress,pants,lemon,dress,pants,dress,pants,lemon,dress,pants,8691.974773645401,2021-12-01T16:38:43.749000,1638368031.7742264
27,10,24,10,Random,-9999,0effb2a5534adab4,0.35500001907348633,0.08699989318847656,1638376724.185,24,angry,sunset,dusk,angry,sunset,angry,sunset,dusk,angry,sunset,8692.410773515701,2021-12-01T16:38:44.185000,1638368031.7742264
29,22,0,0,Random,-9999,0effb2a5534adab4,0.5809998512268066,0.0820000171661377,1638376724.854,22,ocean,dress,noon,dress,ocean,ocean,dress,noon,dress,ocean,8693.079773664474,2021-12-01T16:38:44.854000,1638368031.7742264
27,18,21,21,Random,-9999,b598bfd4e7d4a2d0,2.300999879837036,0.20399999618530273,1638376725.208,18,strawberry,field,dusk,field,strawberry,strawberry,field,dusk,field,strawberry,8693.433773517609,2021-12-01T16:38:45.208000,1638368031.7742264
2,23,5,5,Random,-9999,0effb2a5534adab4,0.5120000839233398,0.09299993515014648,1638376725.455,23,sky,above,shirt,above,sky,sky,above,shirt,above,sky,8693.680773496628,2021-12-01T16:38:45.455000,1638368031.7742264
14,8,18,8,Random,-9999,bcacc9855844782a,4.8399999141693115,0.13199996948242188,1638376725.684,18,far,strawberry,sad,far,strawberry,far,strawberry,sad,far,strawberry,8693.90977358818,2021-12-01T16:38:45.684000,1638368031.7742264
8,25,23,23,Random,-9999,0effb2a5534adab4,0.440000057220459,0.08299994468688965,1638376725.979,25,dawn,sky,far,sky,dawn,dawn,sky,far,sky,dawn,8694.204773664474,2021-12-01T16:38:45.979000,1638368031.7742264
24,3,4,3,Random,-9999,0effb2a5534adab4,0.5850000381469727,0.0839998722076416,1638376726.638,4,shoes,socks,sunset,shoes,socks,shoes,socks,sunset,shoes,socks,8694.863773584366,2021-12-01T16:38:46.638000,1638368031.7742264
12,15,23,15,Random,-9999,b598bfd4e7d4a2d0,1.4429998397827148,0.2720000743865967,1638376726.769,23,blueberry,sky,fearful,blueberry,sky,blueberry,sky,fearful,blueberry,sky,8694.994773626328,2021-12-01T16:38:46.769000,1638368031.7742264
5,25,9,25,Random,-9999,0effb2a5534adab4,0.3509998321533203,0.08300018310546875,1638376727.082,9,dawn,near,above,dawn,near,dawn,near,above,dawn,near,8695.307773590088,2021-12-01T16:38:47.082000,1638368031.7742264
28,16,13,16,Random,-9999,0effb2a5534adab4,0.39499998092651367,0.08699989318847656,1638376727.561,13,lemon,happy,night,lemon,happy,lemon,happy,night,lemon,happy,8695.78677368164,2021-12-01T16:38:47.561000,1638368031.7742264
2,16,3,3,Random,-9999,bcacc9855844782a,1.8510000705718994,0.2980000972747803,1638376727.665,16,lemon,shoes,shirt,shoes,lemon,lemon,shoes,shirt,shoes,lemon,8695.890773534775,2021-12-01T16:38:47.665000,1638368031.7742264
8,25,22,22,Random,-9999,0effb2a5534adab4,0.744999885559082,0.08000016212463379,1638376728.378,25,dawn,ocean,far,ocean,dawn,dawn,ocean,far,ocean,dawn,8696.603773593903,2021-12-01T16:38:48.378000,1638368031.7742264
24,9,5,5,Random,-9999,b598bfd4e7d4a2d0,2.7309999465942383,0.11300015449523926,1638376729.635,9,near,above,sunset,above,near,near,above,sunset,above,near,8697.860773563385,2021-12-01T16:38:49.635000,1638368031.7742264
13,18,9,18,Random,-9999,b598bfd4e7d4a2d0,1.6529998779296875,0.14100003242492676,1638376731.365,9,strawberry,near,happy,strawberry,near,strawberry,near,happy,strawberry,near,8699.590773582458,2021-12-01T16:38:51.365000,1638368031.7742264
11,1,19,1,Random,-9999,b598bfd4e7d4a2d0,2.688000202178955,0.125,1638376734.239,19,pants,watermelon,disgust,pants,watermelon,pants,watermelon,disgust,pants,watermelon,8702.464773654938,2021-12-01T16:38:54.239000,1638368031.7742264
17,15,28,15,Random,-9999,b598bfd4e7d4a2d0,1.619999885559082,0.13400006294250488,1638376735.929,28,blueberry,night,mango,blueberry,night,blueberry,night,mango,blueberry,night,8704.15477347374,2021-12-01T16:38:55.929000,1638368031.7742264
2,21,8,21,Random,-9999,bcacc9855844782a,8.302000045776367,0.10699987411499023,1638376736.267,8,field,far,shirt,field,far,field,far,shirt,field,far,8704.492773532867,2021-12-01T16:38:56.267000,1638368031.7742264
9,17,18,18,Random,-9999,b598bfd4e7d4a2d0,1.8919999599456787,0.07600021362304688,1638376737.907,17,mango,strawberry,near,strawberry,mango,mango,strawberry,near,strawberry,mango,8706.132773637772,2021-12-01T16:38:57.907000,1638368031.7742264
19,21,10,10,Random,-9999,bcacc9855844782a,1.6150000095367432,0.3080000877380371,1638376737.999,21,field,angry,watermelon,angry,field,field,angry,watermelon,angry,field,8706.224773645401,2021-12-01T16:38:57.999000,1638368031.7742264
4,28,1,28,Random,-9999,b598bfd4e7d4a2d0,1.4300000667572021,0.07999992370605469,1638376739.409,1,night,pants,socks,night,pants,night,pants,socks,night,pants,8707.634773492813,2021-12-01T16:38:59.409000,1638368031.7742264
9,24,6,6,Random,-9999,bcacc9855844782a,1.9890000820159912,0.13099980354309082,1638376740.258,24,sunset,below,near,below,sunset,sunset,below,near,below,sunset,8708.483773469925,2021-12-01T16:39:00.258000,1638368031.7742264
11,14,3,14,Random,-9999,bcacc9855844782a,1.6659998893737793,0.3320000171661377,1638376742.138,3,sad,shoes,disgust,sad,shoes,sad,shoes,disgust,sad,shoes,8710.363773584366,2021-12-01T16:39:02.138000,1638368031.7742264
11,27,26,26,Random,-9999,b598bfd4e7d4a2d0,2.4639999866485596,0.07300019264221191,1638376742.143,27,dusk,day,disgust,day,dusk,dusk,day,disgust,day,dusk,8710.368773460388,2021-12-01T16:39:02.143000,1638368031.7742264
19,16,10,16,Random,-9999,bcacc9855844782a,1.4290001392364502,0.1679999828338623,1638376743.717,10,lemon,angry,watermelon,lemon,angry,lemon,angry,watermelon,lemon,angry,8711.942773580551,2021-12-01T16:39:03.717000,1638368031.7742264
27,1,6,1,Random,-9999,b598bfd4e7d4a2d0,1.5729999542236328,0.3229999542236328,1638376743.854,6,pants,below,dusk,pants,below,pants,below,dusk,pants,below,8712.079773664474,2021-12-01T16:39:03.854000,1638368031.7742264
1,29,16,29,Random,-9999,b598bfd4e7d4a2d0,1.7060000896453857,0.30900001525878906,1638376745.862,16,noon,lemon,pants,noon,lemon,noon,lemon,pants,noon,lemon,8714.087773561478,2021-12-01T16:39:05.862000,1638368031.7742264
16,11,7,7,Random,-9999,bcacc9855844782a,1.7890000343322754,0.3619999885559082,1638376747.855,11,disgust,beside,lemon,beside,disgust,disgust,beside,lemon,beside,disgust,8716.080773591995,2021-12-01T16:39:07.855000,1638368031.7742264
22,9,2,9,Random,-9999,b598bfd4e7d4a2d0,2.3480000495910645,0.15699982643127441,1638376748.368,2,near,shirt,ocean,near,shirt,near,shirt,ocean,near,shirt,8716.59377360344,2021-12-01T16:39:08.368000,1638368031.7742264
14,22,18,18,Random,-9999,bcacc9855844782a,1.7100000381469727,0.2330000400543213,1638376749.856,22,ocean,strawberry,sad,strawberry,ocean,ocean,strawberry,sad,strawberry,ocean,8718.081773519516,2021-12-01T16:39:09.856000,1638368031.7742264
13,21,2,21,Random,-9999,b598bfd4e7d4a2d0,2.2360000610351562,0.14899992942810059,1638376750.748,2,field,shirt,happy,field,shirt,field,shirt,happy,field,shirt,8718.973773479462,2021-12-01T16:39:10.748000,1638368031.7742264
1,17,8,8,Random,-9999,bcacc9855844782a,1.5499999523162842,0.17599987983703613,1638376751.572,17,mango,far,pants,far,mango,mango,far,pants,far,mango,8719.797773599625,2021-12-01T16:39:11.572000,1638368031.7742264
21,25,20,20,Random,-9999,b598bfd4e7d4a2d0,1.8570001125335693,0.30900001525878906,1638376753.128,25,dawn,beach,field,beach,dawn,dawn,beach,field,beach,dawn,8721.353773593903,2021-12-01T16:39:13.128000,1638368031.7742264
24,13,17,13,Random,-9999,bcacc9855844782a,1.748999834060669,0.1660001277923584,1638376753.467,17,happy,mango,sunset,happy,mango,happy,mango,sunset,happy,mango,8721.692773580551,2021-12-01T16:39:13.467000,1638368031.7742264
14,4,16,4,Random,-9999,b598bfd4e7d4a2d0,1.5339999198913574,0.2909998893737793,1638376754.737,16,socks,lemon,sad,socks,lemon,socks,lemon,sad,socks,lemon,8722.962773561478,2021-12-01T16:39:14.737000,1638368031.7742264
8,24,16,24,Random,-9999,bcacc9855844782a,1.633000135421753,0.26999998092651367,1638376755.325,16,sunset,lemon,far,sunset,lemon,sunset,lemon,far,sunset,lemon,8723.550773620605,2021-12-01T16:39:15.325000,1638368031.7742264
16,9,12,9,Random,-9999,b598bfd4e7d4a2d0,2.06000018119812,0.10500001907348633,1638376756.994,12,near,fearful,lemon,near,fearful,near,fearful,lemon,near,fearful,8725.21977353096,2021-12-01T16:39:16.994000,1638368031.7742264
8,20,26,26,Random,-9999,bcacc9855844782a,1.5499999523162842,0.13199996948242188,1638376757.117,20,beach,day,far,day,beach,beach,day,far,day,beach,8725.342773675919,2021-12-01T16:39:17.117000,1638368031.7742264
9,19,13,13,Random,-9999,bcacc9855844782a,2.3430001735687256,0.24099993705749512,1638376759.752,19,watermelon,happy,near,happy,watermelon,watermelon,happy,near,happy,watermelon,8727.977773666382,2021-12-01T16:39:19.752000,1638368031.7742264
7,25,5,25,Random,-9999,b598bfd4e7d4a2d0,1.3840000629425049,0.16499996185302734,1638376759.878,5,dawn,above,beside,dawn,above,dawn,above,beside,dawn,above,8728.103773593903,2021-12-01T16:39:19.878000,1638368031.7742264
17,13,6,13,Random,-9999,b598bfd4e7d4a2d0,2.175999879837036,1.497999906539917,1638376762.212,6,happy,below,mango,happy,below,happy,below,mango,happy,below,8730.43777346611,2021-12-01T16:39:22.212000,1638368031.7742264
16,3,5,3,Random,-9999,bcacc9855844782a,2.752000093460083,0.4009997844696045,1638376762.83,5,shoes,above,lemon,shoes,above,shoes,above,lemon,shoes,above,8731.055773496628,2021-12-01T16:39:22.830000,1638368031.7742264
20,8,6,6,Random,-9999,b598bfd4e7d4a2d0,1.3040001392364502,0.15799999237060547,1638376763.62,8,far,below,beach,below,far,far,below,beach,below,far,8731.84577345848,2021-12-01T16:39:23.620000,1638368031.7742264
28,23,8,23,Random,-9999,bcacc9855844782a,1.437000036239624,0.42100000381469727,1638376764.603,8,sky,far,night,sky,far,sky,far,night,sky,far,8732.828773498535,2021-12-01T16:39:24.603000,1638368031.7742264
18,29,27,27,Random,-9999,b598bfd4e7d4a2d0,1.0789999961853027,0.10599994659423828,1638376764.778,29,noon,dusk,strawberry,dusk,noon,noon,dusk,strawberry,dusk,noon,8733.00377368927,2021-12-01T16:39:24.778000,1638368031.7742264
24,21,14,14,Random,-9999,b598bfd4e7d4a2d0,1.0550000667572021,0.10599994659423828,1638376765.934,21,field,sad,sunset,sad,field,field,sad,sunset,sad,field,8734.15977358818,2021-12-01T16:39:25.934000,1638368031.7742264
9,4,27,4,Random,-9999,b598bfd4e7d4a2d0,0.8289999961853027,0.24600005149841309,1638376767.223,27,socks,dusk,near,socks,dusk,socks,dusk,near,socks,dusk,8735.448773622513,2021-12-01T16:39:27.223000,1638368031.7742264
27,4,21,21,Random,-9999,bcacc9855844782a,2.680999994277954,0.1359999179840088,1638376767.55,4,socks,field,dusk,field,socks,socks,field,dusk,field,socks,8735.775773525238,2021-12-01T16:39:27.550000,1638368031.7742264
20,9,7,7,Random,-9999,b598bfd4e7d4a2d0,0.8340001106262207,0.2889997959136963,1638376768.272,9,near,beside,beach,beside,near,near,beside,beach,beside,near,8736.497773647308,2021-12-01T16:39:28.272000,1638368031.7742264
14,21,26,26,Random,-9999,b598bfd4e7d4a2d0,0.625,0.2200000286102295,1638376768.986,21,field,day,sad,day,field,field,day,sad,day,field,8737.211773633957,2021-12-01T16:39:28.986000,1638368031.7742264
9,1,22,1,Random,-9999,bcacc9855844782a,1.4630000591278076,0.4460000991821289,1638376769.404,22,pants,ocean,near,pants,ocean,pants,ocean,near,pants,ocean,8737.62977361679,2021-12-01T16:39:29.404000,1638368031.7742264
24,16,22,22,Random,-9999,bcacc9855844782a,1.684000015258789,0.18500018119812012,1638376771.208,16,lemon,ocean,sunset,ocean,lemon,lemon,ocean,sunset,ocean,lemon,8739.433773517609,2021-12-01T16:39:31.208000,1638368031.7742264
26,29,25,29,Random,-9999,b598bfd4e7d4a2d0,2.126999855041504,0.10199999809265137,1638376771.409,25,noon,dawn,day,noon,dawn,noon,dawn,day,noon,dawn,8739.634773492813,2021-12-01T16:39:31.409000,1638368031.7742264
14,15,11,11,Random,-9999,bcacc9855844782a,1.4079999923706055,0.1380000114440918,1638376772.743,15,blueberry,disgust,sad,disgust,blueberry,blueberry,disgust,sad,disgust,blueberry,8740.96877360344,2021-12-01T16:39:32.743000,1638368031.7742264
21,3,28,28,Random,-9999,b598bfd4e7d4a2d0,1.3939998149871826,0.28100013732910156,1638376772.987,3,shoes,night,field,night,shoes,shoes,night,field,night,shoes,8741.212773561478,2021-12-01T16:39:32.987000,1638368031.7742264
4,7,20,7,Random,-9999,bcacc9855844782a,1.6779999732971191,0.13700008392333984,1638376774.67,20,beside,beach,socks,beside,beach,beside,beach,socks,beside,beach,8742.895773649216,2021-12-01T16:39:34.670000,1638368031.7742264
24,20,3,20,Random,-9999,b598bfd4e7d4a2d0,1.6630001068115234,0.18400001525878906,1638376774.724,3,beach,shoes,sunset,beach,shoes,beach,shoes,sunset,beach,shoes,8742.949773550034,2021-12-01T16:39:34.724000,1638368031.7742264
3,16,20,16,Random,-9999,b598bfd4e7d4a2d0,1.7630000114440918,0.07999992370605469,1638376776.573,20,lemon,beach,shoes,lemon,beach,lemon,beach,shoes,lemon,beach,8744.798773527145,2021-12-01T16:39:36.573000,1638368031.7742264
18,5,10,10,Random,-9999,b598bfd4e7d4a2d0,1.9729998111724854,0.0970001220703125,1638376778.754,5,above,angry,strawberry,angry,above,above,angry,strawberry,angry,above,8746.979773521423,2021-12-01T16:39:38.754000,1638368031.7742264
25,17,6,17,Random,-9999,b598bfd4e7d4a2d0,1.446000099182129,0.19000005722045898,1638376780.349,6,mango,below,dawn,mango,below,mango,below,dawn,mango,below,8748.574773550034,2021-12-01T16:39:40.349000,1638368031.7742264
26,27,8,27,Random,-9999,b598bfd4e7d4a2d0,1.9700000286102295,0.1640000343322754,1638376782.505,8,dusk,far,day,dusk,far,dusk,far,day,dusk,far,8750.730773687363,2021-12-01T16:39:42.505000,1638368031.7742264
3,18,0,18,Random,-9999,bcacc9855844782a,3.7109999656677246,0.3640000820159912,1638376783.434,0,strawberry,dress,shoes,strawberry,dress,strawberry,dress,shoes,strawberry,dress,8751.65977358818,2021-12-01T16:39:43.434000,1638368031.7742264
13,22,14,14,Random,-9999,b598bfd4e7d4a2d0,1.7170000076293945,0.19499993324279785,1638376784.325,22,ocean,sad,happy,sad,ocean,ocean,sad,happy,sad,ocean,8752.550773620605,2021-12-01T16:39:44.325000,1638368031.7742264
17,5,0,5,Random,-9999,bcacc9855844782a,2.514000177383423,0.44899988174438477,1638376786.573,0,above,dress,mango,above,dress,above,dress,mango,above,dress,8754.798773527145,2021-12-01T16:39:46.573000,1638368031.7742264
20,6,21,6,Random,-9999,b598bfd4e7d4a2d0,2.495000123977661,0.08100008964538574,1638376786.965,21,below,field,beach,below,field,below,field,beach,below,field,8755.190773487091,2021-12-01T16:39:46.965000,1638368031.7742264
27,9,28,28,Random,-9999,bcacc9855844782a,1.7879998683929443,0.621999979019165,1638376788.513,9,near,night,dusk,night,near,near,night,dusk,night,near,8756.738773584366,2021-12-01T16:39:48.513000,1638368031.7742264
17,0,19,19,Random,-9999,b598bfd4e7d4a2d0,2.2899999618530273,0.14400005340576172,1638376789.398,0,dress,watermelon,mango,watermelon,dress,dress,watermelon,mango,watermelon,dress,8757.62377357483,2021-12-01T16:39:49.398000,1638368031.7742264
22,24,7,24,Random,-9999,b598bfd4e7d4a2d0,1.745999813079834,0.14300012588500977,1638376791.228,7,sunset,beside,ocean,sunset,beside,sunset,beside,ocean,sunset,beside,8759.453773498535,2021-12-01T16:39:51.228000,1638368031.7742264
19,3,11,11,Random,-9999,bcacc9855844782a,3.7229998111724854,0.22800016403198242,1638376792.577,3,shoes,disgust,watermelon,disgust,shoes,shoes,disgust,watermelon,disgust,shoes,8760.802773475647,2021-12-01T16:39:52.577000,1638368031.7742264
25,14,13,13,Random,-9999,b598bfd4e7d4a2d0,2.0480000972747803,0.08599996566772461,1638376793.418,14,sad,happy,dawn,happy,sad,sad,happy,dawn,happy,sad,8761.643773555756,2021-12-01T16:39:53.418000,1638368031.7742264
24,2,4,4,Random,-9999,b598bfd4e7d4a2d0,2.3420000076293945,0.1379997730255127,1638376795.886,2,shirt,socks,sunset,socks,shirt,shirt,socks,sunset,socks,shirt,8764.111773490906,2021-12-01T16:39:55.886000,1638368031.7742264
2,13,14,13,Random,-9999,b598bfd4e7d4a2d0,1.6089999675750732,0.32000017166137695,1638376797.769,14,happy,sad,shirt,happy,sad,happy,sad,shirt,happy,sad,8765.994773626328,2021-12-01T16:39:57.769000,1638368031.7742264
29,4,14,14,Random,-9999,b598bfd4e7d4a2d0,1.5910000801086426,0.11599993705749512,1638376799.475,4,socks,sad,noon,sad,socks,socks,sad,noon,sad,socks,8767.700773477554,2021-12-01T16:39:59.475000,1638368031.7742264
9,23,24,23,Random,-9999,b598bfd4e7d4a2d0,1.4690001010894775,0.2849998474121094,1638376801.314,24,sky,sunset,near,sky,sunset,sky,sunset,near,sky,sunset,8769.539773464203,2021-12-01T16:40:01.314000,1638368031.7742264
8,14,10,10,Random,-9999,bcacc9855844782a,4.860000133514404,0.32399988174438477,1638376802.193,14,sad,angry,far,angry,sad,sad,angry,far,angry,sad,8770.418773651123,2021-12-01T16:40:02.193000,1638368031.7742264
28,25,10,25,Random,-9999,b598bfd4e7d4a2d0,1.746000051498413,0.1809999942779541,1638376803.147,10,dawn,angry,night,dawn,angry,dawn,angry,night,dawn,angry,8771.372773647308,2021-12-01T16:40:03.147000,1638368031.7742264
24,28,23,28,Random,-9999,bcacc9855844782a,2.2310001850128174,0.33499979972839355,1638376805.063,23,night,sky,sunset,night,sky,night,sky,sunset,night,sky,8773.288773536682,2021-12-01T16:40:05.063000,1638368031.7742264
22,2,28,28,Random,-9999,b598bfd4e7d4a2d0,2.1649999618530273,0.07899999618530273,1638376805.567,2,shirt,night,ocean,night,shirt,shirt,night,ocean,night,shirt,8773.792773485184,2021-12-01T16:40:05.567000,1638368031.7742264
13,21,20,21,Random,-9999,b598bfd4e7d4a2d0,1.8220000267028809,0.247999906539917,1638376807.71,20,field,beach,happy,field,beach,field,beach,happy,field,beach,8775.935773611069,2021-12-01T16:40:07.710000,1638368031.7742264
22,26,29,26,Random,-9999,f9fdbd4e9e47e2e0,12.380000114440918,0.19499993324279785,1638376808.967,29,day,noon,ocean,day,noon,day,noon,ocean,day,noon,8777.192773580551,2021-12-01T16:40:08.967000,1638368031.7742264
15,24,8,8,Random,-9999,b598bfd4e7d4a2d0,1.5079998970031738,0.31100010871887207,1638376809.28,24,sunset,far,blueberry,far,sunset,sunset,far,blueberry,far,sunset,8777.505773544312,2021-12-01T16:40:09.280000,1638368031.7742264
23,14,16,14,Random,-9999,bcacc9855844782a,4.020999908447266,0.4050002098083496,1638376809.357,16,sad,lemon,sky,sad,lemon,sad,lemon,sky,sad,lemon,8777.582773685455,2021-12-01T16:40:09.357000,1638368031.7742264
26,27,9,27,Random,-9999,b598bfd4e7d4a2d0,1.371000051498413,0.07499980926513672,1638376810.755,9,dusk,near,day,dusk,near,dusk,near,day,dusk,near,8778.980773687363,2021-12-01T16:40:10.755000,1638368031.7742264
10,9,2,9,Random,-9999,bcacc9855844782a,2.1629998683929443,0.36500000953674316,1638376811.786,2,near,shirt,angry,near,shirt,near,shirt,angry,near,shirt,8780.011773586273,2021-12-01T16:40:11.786000,1638368031.7742264
5,6,23,6,Random,-9999,b598bfd4e7d4a2d0,1.4620001316070557,0.10800004005432129,1638376812.313,23,below,sky,above,below,sky,below,sky,above,below,sky,8780.538773536682,2021-12-01T16:40:12.313000,1638368031.7742264
8,0,1,0,Random,-9999,b598bfd4e7d4a2d0,1.9200000762939453,0.08999991416931152,1638376814.305,1,dress,pants,far,dress,pants,dress,pants,far,dress,pants,8782.530773639679,2021-12-01T16:40:14.305000,1638368031.7742264
8,12,9,9,Random,-9999,bcacc9855844782a,2.0959999561309814,0.6070001125335693,1638376814.544,12,fearful,near,far,near,fearful,fearful,near,far,near,fearful,8782.769773483276,2021-12-01T16:40:14.544000,1638368031.7742264
12,1,26,26,Random,-9999,f9fdbd4e9e47e2e0,6.130000114440918,0.23799991607666016,1638376815.319,1,pants,day,fearful,day,pants,pants,day,fearful,day,pants,8783.544773578644,2021-12-01T16:40:15.319000,1638368031.7742264
10,15,27,15,Random,-9999,b598bfd4e7d4a2d0,2.135999917984009,0.12400007247924805,1638376816.63,27,blueberry,dusk,angry,blueberry,dusk,blueberry,dusk,angry,blueberry,dusk,8784.855773687363,2021-12-01T16:40:16.630000,1638368031.7742264
13,14,29,14,Random,-9999,f9fdbd4e9e47e2e0,1.436000108718872,0.13299989700317383,1638376816.825,29,sad,noon,happy,sad,noon,sad,noon,happy,sad,noon,8785.050773620605,2021-12-01T16:40:16.825000,1638368031.7742264
7,15,23,23,Random,-9999,bcacc9855844782a,3.0849997997283936,0.3470001220703125,1638376818.138,15,blueberry,sky,beside,sky,blueberry,blueberry,sky,beside,sky,blueberry,8786.363773584366,2021-12-01T16:40:18.138000,1638368031.7742264
15,18,20,18,Random,-9999,f9fdbd4e9e47e2e0,1.3050000667572021,0.0819997787475586,1638376818.212,20,strawberry,beach,blueberry,strawberry,beach,strawberry,beach,blueberry,strawberry,beach,8786.43777346611,2021-12-01T16:40:18.212000,1638368031.7742264
7,9,13,9,Random,-9999,b598bfd4e7d4a2d0,1.6760001182556152,0.14100003242492676,1638376818.379,13,near,happy,beside,near,happy,near,happy,beside,near,happy,8786.604773521423,2021-12-01T16:40:18.379000,1638368031.7742264
8,0,26,26,Random,-9999,bcacc9855844782a,1.6349999904632568,0.5170001983642578,1638376819.933,0,dress,day,far,day,dress,dress,day,far,day,dress,8788.15877366066,2021-12-01T16:40:19.933000,1638368031.7742264
23,12,4,12,Random,-9999,b598bfd4e7d4a2d0,3.452000141143799,0.0709998607635498,1638376821.994,4,fearful,socks,sky,fearful,socks,fearful,socks,sky,fearful,socks,8790.21977353096,2021-12-01T16:40:21.994000,1638368031.7742264
19,25,7,7,Random,-9999,f9fdbd4e9e47e2e0,4.03600001335144,0.06800007820129395,1638376822.375,25,dawn,beside,watermelon,beside,dawn,dawn,beside,watermelon,beside,dawn,8790.600773572922,2021-12-01T16:40:22.375000,1638368031.7742264
3,10,0,10,Random,-9999,b598bfd4e7d4a2d0,1.6850001811981201,0.17999982833862305,1638376823.876,0,angry,dress,shoes,angry,dress,angry,dress,shoes,angry,dress,8792.101773500443,2021-12-01T16:40:23.876000,1638368031.7742264
17,28,7,7,Random,-9999,f9fdbd4e9e47e2e0,2.630000114440918,0.14299988746643066,1638376825.147,28,night,beside,mango,beside,night,night,beside,mango,beside,night,8793.372773647308,2021-12-01T16:40:25.147000,1638368031.7742264
26,1,11,11,Random,-9999,b598bfd4e7d4a2d0,1.3849999904632568,0.22699999809265137,1638376825.39,1,pants,disgust,day,disgust,pants,pants,disgust,day,disgust,pants,8793.615773677826,2021-12-01T16:40:25.390000,1638368031.7742264
11,3,22,3,Random,-9999,bcacc9855844782a,3.935999870300293,0.6050000190734863,1638376826.699,22,shoes,ocean,disgust,shoes,ocean,shoes,ocean,disgust,shoes,ocean,8794.924773454666,2021-12-01T16:40:26.699000,1638368031.7742264
20,17,26,17,Random,-9999,b598bfd4e7d4a2d0,1.2980000972747803,0.07699990272521973,1638376826.763,26,mango,day,beach,mango,day,mango,day,beach,mango,day,8794.988773584366,2021-12-01T16:40:26.763000,1638368031.7742264
15,25,26,26,Random,-9999,f9fdbd4e9e47e2e0,2.422999858856201,0.13500022888183594,1638376827.71,25,dawn,day,blueberry,day,dawn,dawn,day,blueberry,day,dawn,8795.935773611069,2021-12-01T16:40:27.710000,1638368031.7742264
2,3,7,7,Random,-9999,b598bfd4e7d4a2d0,1.557999849319458,0.07599997520446777,1638376828.395,3,shoes,beside,shirt,beside,shoes,shoes,beside,shirt,beside,shoes,8796.620773553848,2021-12-01T16:40:28.395000,1638368031.7742264
17,19,25,19,Random,-9999,f9fdbd4e9e47e2e0,1.3339998722076416,0.15000009536743164,1638376829.134,25,watermelon,dawn,mango,watermelon,dawn,watermelon,dawn,mango,watermelon,dawn,8797.359773635864,2021-12-01T16:40:29.134000,1638368031.7742264
0,8,14,8,Random,-9999,bcacc9855844782a,2.4070000648498535,0.24300003051757812,1638376829.42,14,far,sad,dress,far,sad,far,sad,dress,far,sad,8797.645773649216,2021-12-01T16:40:29.420000,1638368031.7742264
13,28,15,28,Random,-9999,b598bfd4e7d4a2d0,1.3480000495910645,0.07599997520446777,1638376829.823,15,night,blueberry,happy,night,blueberry,night,blueberry,happy,night,blueberry,8798.048773527145,2021-12-01T16:40:29.823000,1638368031.7742264
10,13,27,13,Random,-9999,f9fdbd4e9e47e2e0,1.196000099182129,0.07299995422363281,1638376830.4,27,happy,dusk,angry,happy,dusk,happy,dusk,angry,happy,dusk,8798.62577366829,2021-12-01T16:40:30.400000,1638368031.7742264
17,14,10,14,Random,-9999,b598bfd4e7d4a2d0,0.9170000553131104,0.07899999618530273,1638376830.818,10,sad,angry,mango,sad,angry,sad,angry,mango,sad,angry,8799.043773651123,2021-12-01T16:40:30.818000,1638368031.7742264
23,21,20,20,Random,-9999,bcacc9855844782a,1.6059999465942383,0.31399989128112793,1638376831.141,21,field,beach,sky,beach,field,field,beach,sky,beach,field,8799.366773605347,2021-12-01T16:40:31.141000,1638368031.7742264
10,14,7,14,Random,-9999,f9fdbd4e9e47e2e0,1.5120000839233398,0.06999993324279785,1638376831.988,7,sad,beside,angry,sad,beside,sad,beside,angry,sad,beside,8800.213773488998,2021-12-01T16:40:31.988000,1638368031.7742264
13,0,7,7,Random,-9999,b598bfd4e7d4a2d0,1.3619999885559082,0.07700014114379883,1638376832.26,0,dress,beside,happy,beside,dress,dress,beside,happy,beside,dress,8800.485773563385,2021-12-01T16:40:32.260000,1638368031.7742264
20,3,0,3,Random,-9999,b598bfd4e7d4a2d0,1.3799998760223389,0.08100008964538574,1638376833.709,0,shoes,dress,beach,shoes,dress,shoes,dress,beach,shoes,dress,8801.934773683548,2021-12-01T16:40:33.709000,1638368031.7742264
4,1,27,1,Random,-9999,f9fdbd4e9e47e2e0,1.8440001010894775,0.08599996566772461,1638376833.912,27,pants,dusk,socks,pants,dusk,pants,dusk,socks,pants,dusk,8802.137773513794,2021-12-01T16:40:33.912000,1638368031.7742264
19,23,29,29,Random,-9999,b598bfd4e7d4a2d0,2.3519999980926514,0.0820000171661377,1638376836.223,23,sky,noon,watermelon,noon,sky,sky,noon,watermelon,noon,sky,8804.448773622513,2021-12-01T16:40:36.223000,1638368031.7742264
13,24,26,26,Random,-9999,f9fdbd4e9e47e2e0,2.5820000171661377,0.07299995422363281,1638376836.622,24,sunset,day,happy,day,sunset,sunset,day,happy,day,sunset,8804.847773551941,2021-12-01T16:40:36.622000,1638368031.7742264
7,3,23,3,Random,-9999,b598bfd4e7d4a2d0,1.9060001373291016,0.15599989891052246,1638376838.208,23,shoes,sky,beside,shoes,sky,shoes,sky,beside,shoes,sky,8806.433773517609,2021-12-01T16:40:38.208000,1638368031.7742264
6,4,27,27,Random,-9999,f9fdbd4e9e47e2e0,1.690999984741211,0.12800002098083496,1638376838.388,4,socks,dusk,below,dusk,socks,socks,dusk,below,dusk,socks,8806.613773584366,2021-12-01T16:40:38.388000,1638368031.7742264
17,10,8,8,Random,-9999,b598bfd4e7d4a2d0,1.434000015258789,0.08299994468688965,1638376839.729,10,angry,far,mango,far,angry,angry,far,mango,far,angry,8807.954773664474,2021-12-01T16:40:39.729000,1638368031.7742264
23,0,4,0,Random,-9999,b598bfd4e7d4a2d0,2.0409998893737793,0.09200000762939453,1638376841.915,4,dress,socks,sky,dress,socks,dress,socks,sky,dress,socks,8810.140773534775,2021-12-01T16:40:41.915000,1638368031.7742264
12,2,24,24,Random,-9999,f9fdbd4e9e47e2e0,3.6549999713897705,0.07299995422363281,1638376842.174,2,shirt,sunset,fearful,sunset,shirt,shirt,sunset,fearful,sunset,shirt,8810.399773597717,2021-12-01T16:40:42.174000,1638368031.7742264
26,2,16,16,Random,-9999,f9fdbd4e9e47e2e0,2.7009999752044678,0.14300012588500977,1638376845.014,2,shirt,lemon,day,lemon,shirt,shirt,lemon,day,lemon,shirt,8813.239773511887,2021-12-01T16:40:45.014000,1638368031.7742264
22,6,21,21,Random,-9999,f9fdbd4e9e47e2e0,1.9860000610351562,0.13199996948242188,1638376847.145,6,below,field,ocean,field,below,below,field,ocean,field,below,8815.370773553848,2021-12-01T16:40:47.145000,1638368031.7742264
5,1,17,1,Random,-9999,b598bfd4e7d4a2d0,5.184000015258789,0.1380000114440918,1638376847.243,17,pants,mango,above,pants,mango,pants,mango,above,pants,mango,8815.46877360344,2021-12-01T16:40:47.243000,1638368031.7742264
23,1,6,1,Random,-9999,b598bfd4e7d4a2d0,1.1559998989105225,0.14100003242492676,1638376848.478,6,pants,below,sky,pants,below,pants,below,sky,pants,below,8816.703773498535,2021-12-01T16:40:48.478000,1638368031.7742264
1,3,7,3,Random,-9999,f9fdbd4e9e47e2e0,1.4249999523162842,0.12899994850158691,1638376848.631,7,shoes,beside,pants,shoes,beside,shoes,beside,pants,shoes,beside,8816.856773614883,2021-12-01T16:40:48.631000,1638368031.7742264
16,6,26,6,Random,-9999,b598bfd4e7d4a2d0,1.0510001182556152,0.07899999618530273,1638376849.6,26,below,day,lemon,below,day,below,day,lemon,below,day,8817.825773477554,2021-12-01T16:40:49.600000,1638368031.7742264
21,20,14,14,Random,-9999,b598bfd4e7d4a2d0,0.5909998416900635,0.07299995422363281,1638376850.274,20,beach,sad,field,sad,beach,beach,sad,field,sad,beach,8818.49977350235,2021-12-01T16:40:50.274000,1638368031.7742264
27,12,29,29,Random,-9999,b598bfd4e7d4a2d0,0.6599998474121094,0.08300018310546875,1638376851.007,12,fearful,noon,dusk,noon,fearful,fearful,noon,dusk,noon,fearful,8819.232773542404,2021-12-01T16:40:51.007000,1638368031.7742264
15,9,8,9,Random,-9999,f9fdbd4e9e47e2e0,2.5989999771118164,0.0710000991821289,1638376851.365,8,near,far,blueberry,near,far,near,far,blueberry,near,far,8819.590773582458,2021-12-01T16:40:51.365000,1638368031.7742264
18,8,14,8,Random,-9999,b598bfd4e7d4a2d0,0.5280001163482666,0.07299995422363281,1638376851.627,14,far,sad,strawberry,far,sad,far,sad,strawberry,far,sad,8819.852773666382,2021-12-01T16:40:51.627000,1638368031.7742264
25,26,28,26,Random,-9999,b598bfd4e7d4a2d0,0.34599995613098145,0.2630000114440918,1638376852.384,28,day,night,dawn,day,night,day,night,dawn,day,night,8820.609773635864,2021-12-01T16:40:52.384000,1638368031.7742264
1,4,16,4,Random,-9999,f9fdbd4e9e47e2e0,1.3280000686645508,0.13700008392333984,1638376852.766,16,socks,lemon,pants,socks,lemon,socks,lemon,pants,socks,lemon,8820.991773605347,2021-12-01T16:40:52.766000,1638368031.7742264
27,1,14,1,Random,-9999,bcacc9855844782a,21.342999935150146,0.27500009536743164,1638376852.877,14,pants,sad,dusk,pants,sad,pants,sad,dusk,pants,sad,8821.102773666382,2021-12-01T16:40:52.877000,1638368031.7742264
19,27,3,3,Random,-9999,b598bfd4e7d4a2d0,0.5799999237060547,0.24199986457824707,1638376853.039,27,dusk,shoes,watermelon,shoes,dusk,dusk,shoes,watermelon,shoes,dusk,8821.264773607254,2021-12-01T16:40:53.039000,1638368031.7742264
8,9,27,9,Random,-9999,b598bfd4e7d4a2d0,1.3799998760223389,0.07400012016296387,1638376854.494,27,near,dusk,far,near,dusk,near,dusk,far,near,dusk,8822.71977353096,2021-12-01T16:40:54.494000,1638368031.7742264
0,8,2,2,Random,-9999,bcacc9855844782a,1.8589999675750732,0.22099995613098145,1638376854.879,8,far,shirt,dress,shirt,far,far,shirt,dress,shirt,far,8823.104773521423,2021-12-01T16:40:54.879000,1638368031.7742264
10,19,27,27,Random,-9999,b598bfd4e7d4a2d0,1.366999864578247,0.08700013160705566,1638376855.993,19,watermelon,dusk,angry,dusk,watermelon,watermelon,dusk,angry,dusk,watermelon,8824.21877360344,2021-12-01T16:40:55.993000,1638368031.7742264
21,0,14,0,Random,-9999,bcacc9855844782a,2.4830000400543213,0.16000008583068848,1638376857.768,14,dress,sad,field,dress,sad,dress,sad,field,dress,sad,8825.993773460388,2021-12-01T16:40:57.768000,1638368031.7742264
14,16,25,16,Random,-9999,b598bfd4e7d4a2d0,1.9270000457763672,0.12000012397766113,1638376858.156,25,lemon,dawn,sad,lemon,dawn,lemon,dawn,sad,lemon,dawn,8826.381773471832,2021-12-01T16:40:58.156000,1638368031.7742264
24,28,0,28,Random,-9999,b598bfd4e7d4a2d0,1.6520001888275146,0.2369999885559082,1638376859.881,0,night,dress,sunset,night,dress,night,dress,sunset,night,dress,8828.106773614883,2021-12-01T16:40:59.881000,1638368031.7742264
9,22,25,25,Random,-9999,bcacc9855844782a,2.809999942779541,0.3920001983642578,1638376860.864,22,ocean,dawn,near,dawn,ocean,ocean,dawn,near,dawn,ocean,8829.089773654938,2021-12-01T16:41:00.864000,1638368031.7742264
8,4,25,4,Random,-9999,b598bfd4e7d4a2d0,2.0239999294281006,0.07800006866455078,1638376862.46,25,socks,dawn,far,socks,dawn,socks,dawn,far,socks,dawn,8830.685773611069,2021-12-01T16:41:02.460000,1638368031.7742264
18,10,4,10,Random,-9999,f9fdbd4e9e47e2e0,10.859999895095825,0.07200002670288086,1638376863.755,4,angry,socks,strawberry,angry,socks,angry,socks,strawberry,angry,socks,8831.980773687363,2021-12-01T16:41:03.755000,1638368031.7742264
16,14,25,25,Random,-9999,b598bfd4e7d4a2d0,1.4769999980926514,0.5540001392364502,1638376864.014,14,sad,dawn,lemon,dawn,sad,sad,dawn,lemon,dawn,sad,8832.239773511887,2021-12-01T16:41:04.014000,1638368031.7742264
2,21,18,21,Random,-9999,bcacc9855844782a,1.053999900817871,0.2650001049041748,1638376864.227,18,field,strawberry,shirt,field,strawberry,field,strawberry,shirt,field,strawberry,8832.452773571014,2021-12-01T16:41:04.227000,1638368031.7742264
6,27,19,27,Random,-9999,b598bfd4e7d4a2d0,1.7309999465942383,0.10199999809265137,1638376865.846,19,dusk,watermelon,below,dusk,watermelon,dusk,watermelon,below,dusk,watermelon,8834.071773529053,2021-12-01T16:41:05.846000,1638368031.7742264
4,14,7,7,Random,-9999,bcacc9855844782a,1.315999984741211,0.30100011825561523,1638376866.033,14,sad,beside,socks,beside,sad,sad,beside,socks,beside,sad,8834.258773565292,2021-12-01T16:41:06.033000,1638368031.7742264
0,21,26,26,Random,-9999,f9fdbd4e9e47e2e0,2.940999984741211,0.13899993896484375,1638376866.835,21,field,day,dress,day,field,field,day,dress,day,field,8835.060773611069,2021-12-01T16:41:06.835000,1638368031.7742264
16,10,18,18,Random,-9999,b598bfd4e7d4a2d0,1.696000099182129,0.10599994659423828,1638376867.649,10,angry,strawberry,lemon,strawberry,angry,angry,strawberry,lemon,strawberry,angry,8835.87477350235,2021-12-01T16:41:07.649000,1638368031.7742264
23,7,22,7,Random,-9999,bcacc9855844782a,1.4700000286102295,0.30299997329711914,1638376867.662,22,beside,ocean,sky,beside,ocean,beside,ocean,sky,beside,ocean,8835.887773513794,2021-12-01T16:41:07.662000,1638368031.7742264
17,21,19,19,Random,-9999,f9fdbd4e9e47e2e0,1.561000108718872,0.13199996948242188,1638376868.47,21,field,watermelon,mango,watermelon,field,field,watermelon,mango,watermelon,field,8836.695773601532,2021-12-01T16:41:08.470000,1638368031.7742264
21,12,8,8,Random,-9999,b598bfd4e7d4a2d0,1.0149998664855957,0.07500004768371582,1638376868.74,12,fearful,far,field,far,fearful,fearful,far,field,far,fearful,8836.965773582458,2021-12-01T16:41:08.740000,1638368031.7742264
18,5,0,0,Random,-9999,bcacc9855844782a,1.7840001583099365,0.17499995231628418,1638376869.611,5,above,dress,strawberry,dress,above,above,dress,strawberry,dress,above,8837.836773633957,2021-12-01T16:41:09.611000,1638368031.7742264
19,29,4,29,Random,-9999,b598bfd4e7d4a2d0,0.9140000343322754,0.07400012016296387,1638376869.726,4,noon,socks,watermelon,noon,socks,noon,socks,watermelon,noon,socks,8837.951773643494,2021-12-01T16:41:09.726000,1638368031.7742264
14,4,11,11,Random,-9999,f9fdbd4e9e47e2e0,1.2949998378753662,0.08500003814697266,1638376869.849,4,socks,disgust,sad,disgust,socks,socks,disgust,sad,disgust,socks,8838.074773550034,2021-12-01T16:41:09.849000,1638368031.7742264
4,19,21,19,Random,-9999,b598bfd4e7d4a2d0,0.8420000076293945,0.07500004768371582,1638376870.678,21,watermelon,field,socks,watermelon,field,watermelon,field,socks,watermelon,field,8838.903773546219,2021-12-01T16:41:10.678000,1638368031.7742264
21,18,24,24,Random,-9999,f9fdbd4e9e47e2e0,1.3310000896453857,0.07599997520446777,1638376871.258,18,strawberry,sunset,field,sunset,strawberry,strawberry,sunset,field,sunset,strawberry,8839.483773469925,2021-12-01T16:41:11.258000,1638368031.7742264
12,18,25,18,Random,-9999,b598bfd4e7d4a2d0,0.6100001335144043,0.10899996757507324,1638376871.379,25,strawberry,dawn,fearful,strawberry,dawn,strawberry,dawn,fearful,strawberry,dawn,8839.604773521423,2021-12-01T16:41:11.379000,1638368031.7742264
10,6,21,6,Random,-9999,bcacc9855844782a,1.6989998817443848,0.14600014686584473,1638376871.423,21,below,field,angry,below,field,below,field,angry,below,field,8839.648773670197,2021-12-01T16:41:11.423000,1638368031.7742264
17,1,7,1,Random,-9999,b598bfd4e7d4a2d0,0.4909999370574951,0.09399986267089844,1638376871.947,7,pants,beside,mango,pants,beside,pants,beside,mango,pants,beside,8840.172773599625,2021-12-01T16:41:11.947000,1638368031.7742264
8,26,29,26,Random,-9999,b598bfd4e7d4a2d0,0.4240000247955322,0.07400012016296387,1638376872.445,29,day,noon,far,day,noon,day,noon,far,day,noon,8840.670773506165,2021-12-01T16:41:12.445000,1638368031.7742264
20,24,16,24,Random,-9999,f9fdbd4e9e47e2e0,1.6299998760223389,0.0710000991821289,1638376872.961,16,sunset,lemon,beach,sunset,lemon,sunset,lemon,beach,sunset,lemon,8841.18677353859,2021-12-01T16:41:12.961000,1638368031.7742264
18,5,12,12,Random,-9999,b598bfd4e7d4a2d0,0.8889999389648438,0.08299994468688965,1638376873.432,5,above,fearful,strawberry,fearful,above,above,fearful,strawberry,fearful,above,8841.65777349472,2021-12-01T16:41:13.432000,1638368031.7742264
18,3,21,21,Random,-9999,f9fdbd4e9e47e2e0,1.258000135421753,0.07999992370605469,1638376874.294,3,shoes,field,strawberry,field,shoes,shoes,field,strawberry,field,shoes,8842.519773483276,2021-12-01T16:41:14.294000,1638368031.7742264
7,18,8,8,Random,-9999,b598bfd4e7d4a2d0,1.5319998264312744,0.08800005912780762,1638376875.036,18,strawberry,far,beside,far,strawberry,strawberry,far,beside,far,strawberry,8843.261773586273,2021-12-01T16:41:15.036000,1638368031.7742264
26,6,11,6,Random,-9999,f9fdbd4e9e47e2e0,1.753000020980835,0.37999987602233887,1638376876.481,11,below,disgust,day,below,disgust,below,disgust,day,below,disgust,8844.706773519516,2021-12-01T16:41:16.481000,1638368031.7742264
24,18,10,18,Random,-9999,b598bfd4e7d4a2d0,2.052000045776367,0.07500004768371582,1638376877.227,10,strawberry,angry,sunset,strawberry,angry,strawberry,angry,sunset,strawberry,angry,8845.452773571014,2021-12-01T16:41:17.227000,1638368031.7742264
10,15,22,15,Random,-9999,b598bfd4e7d4a2d0,2.2019999027252197,0.1530001163482666,1638376879.577,22,blueberry,ocean,angry,blueberry,ocean,blueberry,ocean,angry,blueberry,ocean,8847.802773475647,2021-12-01T16:41:19.577000,1638368031.7742264
24,29,25,29,Random,-9999,b598bfd4e7d4a2d0,0.5840001106262207,0.13499999046325684,1638376880.236,25,noon,dawn,sunset,noon,dawn,noon,dawn,sunset,noon,dawn,8848.461773633957,2021-12-01T16:41:20.236000,1638368031.7742264
15,27,18,27,Random,-9999,b598bfd4e7d4a2d0,0.5209999084472656,0.07599997520446777,1638376880.847,18,dusk,strawberry,blueberry,dusk,strawberry,dusk,strawberry,blueberry,dusk,strawberry,8849.072773456573,2021-12-01T16:41:20.847000,1638368031.7742264
8,11,1,1,Random,-9999,b598bfd4e7d4a2d0,0.559999942779541,0.09200000762939453,1638376881.482,11,disgust,pants,far,pants,disgust,disgust,pants,far,pants,disgust,8849.707773685455,2021-12-01T16:41:21.482000,1638368031.7742264
12,27,6,27,Random,-9999,b598bfd4e7d4a2d0,0.6770000457763672,0.07400012016296387,1638376882.243,6,dusk,below,fearful,dusk,below,dusk,below,fearful,dusk,below,8850.46877360344,2021-12-01T16:41:22.243000,1638368031.7742264
13,1,10,10,Random,-9999,f9fdbd4e9e47e2e0,6.572000026702881,0.13199996948242188,1638376883.192,1,pants,angry,happy,angry,pants,pants,angry,happy,angry,pants,8851.417773485184,2021-12-01T16:41:23.192000,1638368031.7742264
22,12,21,21,Random,-9999,b598bfd4e7d4a2d0,1.4860000610351562,0.09399986267089844,1638376883.812,12,fearful,field,ocean,field,fearful,fearful,field,ocean,field,fearful,8852.037773609161,2021-12-01T16:41:23.812000,1638368031.7742264
1,21,16,16,Random,-9999,bcacc9855844782a,12.92900013923645,0.11399984359741211,1638376884.665,21,field,lemon,pants,lemon,field,field,lemon,pants,lemon,field,8852.890773534775,2021-12-01T16:41:24.665000,1638368031.7742264
4,0,22,0,Random,-9999,b598bfd4e7d4a2d0,1.8519999980926514,0.07599997520446777,1638376885.75,22,dress,ocean,socks,dress,ocean,dress,ocean,socks,dress,ocean,8853.975773572922,2021-12-01T16:41:25.750000,1638368031.7742264
22,3,26,3,Random,-9999,b598bfd4e7d4a2d0,1.6589999198913574,0.08700013160705566,1638376887.494,26,shoes,day,ocean,shoes,day,shoes,day,ocean,shoes,day,8855.71977353096,2021-12-01T16:41:27.494000,1638368031.7742264
10,24,22,22,Random,-9999,b598bfd4e7d4a2d0,1.562000036239624,0.0820000171661377,1638376889.141,24,sunset,ocean,angry,ocean,sunset,sunset,ocean,angry,ocean,sunset,8857.366773605347,2021-12-01T16:41:29.141000,1638368031.7742264
0,7,22,7,Random,-9999,bcacc9855844782a,4.680000066757202,0.32199978828430176,1638376889.576,22,beside,ocean,dress,beside,ocean,beside,ocean,dress,beside,ocean,8857.801773548126,2021-12-01T16:41:29.576000,1638368031.7742264
8,23,19,23,Random,-9999,f9fdbd4e9e47e2e0,6.474999904632568,0.15200018882751465,1638376889.817,19,sky,watermelon,far,sky,watermelon,sky,watermelon,far,sky,watermelon,8858.042773485184,2021-12-01T16:41:29.817000,1638368031.7742264
3,23,13,13,Random,-9999,b598bfd4e7d4a2d0,1.6570000648498535,0.0820000171661377,1638376890.875,23,sky,happy,shoes,happy,sky,sky,happy,shoes,happy,sky,8859.100773572922,2021-12-01T16:41:30.875000,1638368031.7742264
29,10,25,25,Random,-9999,bcacc9855844782a,1.8650000095367432,0.4120001792907715,1638376891.972,10,angry,dawn,noon,dawn,angry,angry,dawn,noon,dawn,angry,8860.197773456573,2021-12-01T16:41:31.972000,1638368031.7742264
10,25,5,25,Random,-9999,b598bfd4e7d4a2d0,1.5160000324249268,0.07999992370605469,1638376892.469,5,dawn,above,angry,dawn,above,dawn,above,angry,dawn,above,8860.694773674011,2021-12-01T16:41:32.469000,1638368031.7742264
19,4,24,24,Random,-9999,f9fdbd4e9e47e2e0,3.322999954223633,0.1400001049041748,1638376893.277,4,socks,sunset,watermelon,sunset,socks,socks,sunset,watermelon,sunset,socks,8861.50277352333,2021-12-01T16:41:33.277000,1638368031.7742264
9,7,25,7,Random,-9999,bcacc9855844782a,1.628000020980835,0.46399998664855957,1638376893.823,25,beside,dawn,near,beside,dawn,beside,dawn,near,beside,dawn,8862.048773527145,2021-12-01T16:41:33.823000,1638368031.7742264
5,11,4,11,Random,-9999,b598bfd4e7d4a2d0,2.01200008392334,0.3819999694824219,1638376894.938,4,disgust,socks,above,disgust,socks,disgust,socks,above,disgust,socks,8863.163773536682,2021-12-01T16:41:34.938000,1638368031.7742264
1,8,7,7,Random,-9999,b598bfd4e7d4a2d0,2.050999879837036,0.15400004386901855,1638376897.123,8,far,beside,pants,beside,far,far,beside,pants,beside,far,8865.348773479462,2021-12-01T16:41:37.123000,1638368031.7742264
10,3,17,17,Random,-9999,b598bfd4e7d4a2d0,0.8919999599456787,0.1510000228881836,1638376898.115,3,shoes,mango,angry,mango,shoes,shoes,mango,angry,mango,shoes,8866.340773582458,2021-12-01T16:41:38.115000,1638368031.7742264
18,5,25,25,Random,-9999,bcacc9855844782a,1.5499999523162842,0.2990000247955322,1638376898.238,5,above,dawn,strawberry,dawn,above,above,dawn,strawberry,dawn,above,8866.463773488998,2021-12-01T16:41:38.238000,1638368031.7742264
7,8,25,8,Random,-9999,bcacc9855844782a,1.5830001831054688,0.2089998722076416,1638376900.034,25,far,dawn,beside,far,dawn,far,dawn,beside,far,dawn,8868.259773492813,2021-12-01T16:41:40.034000,1638368031.7742264
8,5,7,5,Random,-9999,bcacc9855844782a,1.6449999809265137,0.13700008392333984,1638376901.83,7,above,beside,far,above,beside,above,beside,far,above,beside,8870.055773496628,2021-12-01T16:41:41.830000,1638368031.7742264
4,29,2,2,Random,-9999,b598bfd4e7d4a2d0,4.4070000648498535,0.07999992370605469,1638376902.719,29,noon,shirt,socks,shirt,noon,noon,shirt,socks,shirt,noon,8870.944773674011,2021-12-01T16:41:42.719000,1638368031.7742264
28,6,13,6,Random,-9999,bcacc9855844782a,2.0350000858306885,0.13899993896484375,1638376904.096,13,below,happy,night,below,happy,below,happy,night,below,happy,8872.321773529053,2021-12-01T16:41:44.096000,1638368031.7742264
20,0,29,29,Random,-9999,f9fdbd4e9e47e2e0,11.05400013923645,0.13699984550476074,1638376904.469,0,dress,noon,beach,noon,dress,dress,noon,beach,noon,dress,8872.694773674011,2021-12-01T16:41:44.469000,1638368031.7742264
25,12,4,12,Random,-9999,b598bfd4e7d4a2d0,2.05400013923645,0.1979999542236328,1638376905.298,4,fearful,socks,dawn,fearful,socks,fearful,socks,dawn,fearful,socks,8873.523773670197,2021-12-01T16:41:45.298000,1638368031.7742264
11,19,17,17,Random,-9999,bcacc9855844782a,3.1130001544952393,0.2369999885559082,1638376907.439,19,watermelon,mango,disgust,mango,watermelon,watermelon,mango,disgust,mango,watermelon,8875.664773464203,2021-12-01T16:41:47.439000,1638368031.7742264
1,13,2,2,Random,-9999,b598bfd4e7d4a2d0,1.8400001525878906,0.6180000305175781,1638376907.455,13,happy,shirt,pants,shirt,happy,happy,shirt,pants,shirt,happy,8875.680773496628,2021-12-01T16:41:47.455000,1638368031.7742264
25,13,26,26,Random,-9999,b598bfd4e7d4a2d0,1.5809998512268066,0.24399995803833008,1638376909.244,13,happy,day,dawn,day,happy,happy,day,dawn,day,happy,8877.46977353096,2021-12-01T16:41:49.244000,1638368031.7742264
19,24,7,7,Random,-9999,b598bfd4e7d4a2d0,2.125,0.19100022315979004,1638376911.653,24,sunset,beside,watermelon,beside,sunset,sunset,beside,watermelon,beside,sunset,8879.87877368927,2021-12-01T16:41:51.653000,1638368031.7742264
10,23,8,23,Random,-9999,f9fdbd4e9e47e2e0,7.916999816894531,0.13100004196166992,1638376912.514,8,sky,far,angry,sky,far,sky,far,angry,sky,far,8880.739773511887,2021-12-01T16:41:52.514000,1638368031.7742264
15,16,20,16,Random,-9999,bcacc9855844782a,2.4839999675750732,0.7049999237060547,1638376913.036,20,lemon,beach,blueberry,lemon,beach,lemon,beach,blueberry,lemon,beach,8881.261773586273,2021-12-01T16:41:53.036000,1638368031.7742264
26,18,22,22,Random,-9999,b598bfd4e7d4a2d0,1.814000129699707,0.27899980545043945,1638376913.818,18,strawberry,ocean,day,ocean,strawberry,strawberry,ocean,day,ocean,strawberry,8882.043773651123,2021-12-01T16:41:53.818000,1638368031.7742264
6,0,1,1,Random,-9999,f9fdbd4e9e47e2e0,1.930999994277954,0.13100004196166992,1638376914.524,0,dress,pants,below,pants,dress,dress,pants,below,pants,dress,8882.74977350235,2021-12-01T16:41:54.524000,1638368031.7742264
9,21,2,21,Random,-9999,bcacc9855844782a,2.171999931335449,0.3970000743865967,1638376915.481,2,field,shirt,near,field,shirt,field,shirt,near,field,shirt,8883.706773519516,2021-12-01T16:41:55.481000,1638368031.7742264
6,13,21,13,Random,-9999,b598bfd4e7d4a2d0,2.1449999809265137,0.3680000305175781,1638376916.13,21,happy,field,below,happy,field,happy,field,below,happy,field,8884.355773687363,2021-12-01T16:41:56.130000,1638368031.7742264
24,15,9,9,Random,-9999,f9fdbd4e9e47e2e0,1.6589999198913574,0.07700014114379883,1638376916.257,15,blueberry,near,sunset,near,blueberry,blueberry,near,sunset,near,blueberry,8884.482773542404,2021-12-01T16:41:56.257000,1638368031.7742264
11,13,4,13,Random,-9999,bcacc9855844782a,1.7070000171661377,0.3020000457763672,1638376917.343,4,happy,socks,disgust,happy,socks,happy,socks,disgust,happy,socks,8885.568773508072,2021-12-01T16:41:57.343000,1638368031.7742264
16,7,5,5,Random,-9999,b598bfd4e7d4a2d0,1.7330000400543213,0.1549999713897705,1638376917.952,7,beside,above,lemon,above,beside,beside,above,lemon,above,beside,8886.177773475647,2021-12-01T16:41:57.952000,1638368031.7742264
16,2,19,19,Random,-9999,bcacc9855844782a,1.8040001392364502,0.16899991035461426,1638376919.315,2,shirt,watermelon,lemon,watermelon,shirt,shirt,watermelon,lemon,watermelon,shirt,8887.540773630142,2021-12-01T16:41:59.315000,1638368031.7742264
28,3,13,13,Random,-9999,f9fdbd4e9e47e2e0,3.176999807357788,0.07800006866455078,1638376919.573,3,shoes,happy,night,happy,shoes,shoes,happy,night,happy,shoes,8887.798773527145,2021-12-01T16:41:59.573000,1638368031.7742264
23,12,16,12,Random,-9999,b598bfd4e7d4a2d0,2.0180001258850098,0.0839998722076416,1638376920.104,16,fearful,lemon,sky,fearful,lemon,fearful,lemon,sky,fearful,lemon,8888.329773664474,2021-12-01T16:42:00.104000,1638368031.7742264
23,5,8,5,Random,-9999,f9fdbd4e9e47e2e0,1.6570000648498535,0.1400001049041748,1638376921.31,8,above,far,sky,above,far,above,far,sky,above,far,8889.535773515701,2021-12-01T16:42:01.310000,1638368031.7742264
4,13,16,13,Random,-9999,b598bfd4e7d4a2d0,2.197000026702881,0.13399982452392578,1638376922.429,16,happy,lemon,socks,happy,lemon,happy,lemon,socks,happy,lemon,8890.65477347374,2021-12-01T16:42:02.429000,1638368031.7742264
21,13,5,5,Random,-9999,bcacc9855844782a,3.5920000076293945,0.14499998092651367,1638376923.15,13,happy,above,field,above,happy,happy,above,field,above,happy,8891.37577366829,2021-12-01T16:42:03.150000,1638368031.7742264
29,2,14,14,Random,-9999,b598bfd4e7d4a2d0,1.8020000457763672,0.13400006294250488,1638376924.314,2,shirt,sad,noon,sad,shirt,shirt,sad,noon,sad,shirt,8892.539773464203,2021-12-01T16:42:04.314000,1638368031.7742264
5,3,18,3,Random,-9999,f9fdbd4e9e47e2e0,3.1519999504089355,0.08299994468688965,1638376924.605,18,shoes,strawberry,above,shoes,strawberry,shoes,strawberry,above,shoes,strawberry,8892.830773591995,2021-12-01T16:42:04.605000,1638368031.7742264
10,6,20,6,Random,-9999,bcacc9855844782a,1.9630000591278076,0.38700008392333984,1638376925.602,20,below,beach,angry,below,beach,below,beach,angry,below,beach,8893.827773571014,2021-12-01T16:42:05.602000,1638368031.7742264
13,1,7,7,Random,-9999,b598bfd4e7d4a2d0,1.8250000476837158,0.07899999618530273,1638376926.21,1,pants,beside,happy,beside,pants,pants,beside,happy,beside,pants,8894.435773611069,2021-12-01T16:42:06.210000,1638368031.7742264
5,13,17,17,Random,-9999,b598bfd4e7d4a2d0,1.8550000190734863,0.07299995422363281,1638376928.145,13,happy,mango,above,mango,happy,happy,mango,above,mango,happy,8896.370773553848,2021-12-01T16:42:08.145000,1638368031.7742264
10,28,24,28,Random,-9999,b598bfd4e7d4a2d0,0.9419999122619629,0.07800006866455078,1638376929.158,24,night,sunset,angry,night,sunset,night,sunset,angry,night,sunset,8897.383773565292,2021-12-01T16:42:09.158000,1638368031.7742264
21,24,17,17,Random,-9999,bcacc9855844782a,3.515000104904175,0.3299999237060547,1638376929.317,24,sunset,mango,field,mango,sunset,sunset,mango,field,mango,sunset,8897.542773485184,2021-12-01T16:42:09.317000,1638368031.7742264
12,22,3,3,Random,-9999,b598bfd4e7d4a2d0,0.621999979019165,0.07399988174438477,1638376929.86,22,ocean,shoes,fearful,shoes,ocean,ocean,shoes,fearful,shoes,ocean,8898.085773468018,2021-12-01T16:42:09.860000,1638368031.7742264
20,13,10,13,Random,-9999,b598bfd4e7d4a2d0,0.36100006103515625,0.0820000171661377,1638376930.295,10,happy,angry,beach,happy,angry,happy,angry,beach,happy,angry,8898.520773649216,2021-12-01T16:42:10.295000,1638368031.7742264
6,17,3,17,Random,-9999,b598bfd4e7d4a2d0,0.44099998474121094,0.07299995422363281,1638376930.817,3,mango,shoes,below,mango,shoes,mango,shoes,below,mango,shoes,8899.042773485184,2021-12-01T16:42:10.817000,1638368031.7742264
9,3,18,3,Random,-9999,b598bfd4e7d4a2d0,0.44900012016296387,0.07999992370605469,1638376931.338,18,shoes,strawberry,near,shoes,strawberry,shoes,strawberry,near,shoes,strawberry,8899.56377363205,2021-12-01T16:42:11.338000,1638368031.7742264
21,6,25,6,Random,-9999,b598bfd4e7d4a2d0,0.28999996185302734,0.07399988174438477,1638376931.707,25,below,dawn,field,below,dawn,below,dawn,field,below,dawn,8899.932773590088,2021-12-01T16:42:11.707000,1638368031.7742264
23,9,10,9,Random,-9999,bcacc9855844782a,2.3350000381469727,0.22300004959106445,1638376931.913,10,near,angry,sky,near,angry,near,angry,sky,near,angry,8900.138773679733,2021-12-01T16:42:11.913000,1638368031.7742264
24,3,19,19,Random,-9999,f9fdbd4e9e47e2e0,8.198000192642212,0.12999987602233887,1638376932.933,3,shoes,watermelon,sunset,watermelon,shoes,shoes,watermelon,sunset,watermelon,shoes,8901.15877366066,2021-12-01T16:42:12.933000,1638368031.7742264
19,23,11,11,Random,-9999,b598bfd4e7d4a2d0,5.664999961853027,0.07999992370605469,1638376937.515,23,sky,disgust,watermelon,disgust,sky,sky,disgust,watermelon,disgust,sky,8905.740773677826,2021-12-01T16:42:17.515000,1638368031.7742264
28,1,9,9,Random,-9999,f9fdbd4e9e47e2e0,4.988000154495239,0.14099979400634766,1638376938.081,1,pants,near,night,near,pants,pants,near,night,near,pants,8906.306773662567,2021-12-01T16:42:18.081000,1638368031.7742264
22,29,27,27,Random,-9999,bcacc9855844782a,6.087000131607056,0.2259998321533203,1638376938.223,29,noon,dusk,ocean,dusk,noon,noon,dusk,ocean,dusk,noon,8906.448773622513,2021-12-01T16:42:18.223000,1638368031.7742264
10,4,7,4,Random,-9999,b598bfd4e7d4a2d0,1.5950000286102295,0.14300012588500977,1638376939.188,7,socks,beside,angry,socks,beside,socks,beside,angry,socks,beside,8907.413773536682,2021-12-01T16:42:19.188000,1638368031.7742264
6,27,24,27,Random,-9999,f9fdbd4e9e47e2e0,1.3040001392364502,0.15399980545043945,1638376939.463,24,dusk,sunset,below,dusk,sunset,dusk,sunset,below,dusk,sunset,8907.68877363205,2021-12-01T16:42:19.463000,1638368031.7742264
27,5,4,5,Random,-9999,bcacc9855844782a,2.4600000381469727,0.24399995803833008,1638376940.903,4,above,socks,dusk,above,socks,above,socks,dusk,above,socks,8909.12877368927,2021-12-01T16:42:20.903000,1638368031.7742264
14,8,5,8,Random,-9999,b598bfd4e7d4a2d0,1.6800000667572021,0.07799983024597168,1638376940.942,5,far,above,sad,far,above,far,above,sad,far,above,8909.167773485184,2021-12-01T16:42:20.942000,1638368031.7742264
24,14,21,21,Random,-9999,f9fdbd4e9e47e2e0,2.0470001697540283,0.09200000762939453,1638376941.658,14,sad,field,sunset,field,sad,sad,field,sunset,field,sad,8909.883773565292,2021-12-01T16:42:21.658000,1638368031.7742264
10,13,12,13,Random,-9999,b598bfd4e7d4a2d0,1.0989999771118164,0.07500004768371582,1638376942.126,12,happy,fearful,angry,happy,fearful,happy,fearful,angry,happy,fearful,8910.351773500443,2021-12-01T16:42:22.126000,1638368031.7742264
23,8,21,21,Random,-9999,b598bfd4e7d4a2d0,1.6779999732971191,0.0840001106262207,1638376943.883,8,far,field,sky,field,far,far,field,sky,field,far,8912.108773469925,2021-12-01T16:42:23.883000,1638368031.7742264
14,19,8,19,Random,-9999,b598bfd4e7d4a2d0,0.6959998607635498,0.08700013160705566,1638376944.669,8,watermelon,far,sad,watermelon,far,watermelon,far,sad,watermelon,far,8912.894773483276,2021-12-01T16:42:24.669000,1638368031.7742264
10,14,16,14,Random,-9999,f9fdbd4e9e47e2e0,3.194000005722046,0.12999987602233887,1638376944.986,16,sad,lemon,angry,sad,lemon,sad,lemon,angry,sad,lemon,8913.211773633957,2021-12-01T16:42:24.986000,1638368031.7742264
13,24,16,16,Random,-9999,b598bfd4e7d4a2d0,0.6469998359680176,0.08000016212463379,1638376945.395,24,sunset,lemon,happy,lemon,sunset,sunset,lemon,happy,lemon,sunset,8913.620773553848,2021-12-01T16:42:25.395000,1638368031.7742264
15,29,27,29,Random,-9999,b598bfd4e7d4a2d0,0.6600000858306885,0.0820000171661377,1638376946.138,27,noon,dusk,blueberry,noon,dusk,noon,dusk,blueberry,noon,dusk,8914.363773584366,2021-12-01T16:42:26.138000,1638368031.7742264
3,6,2,6,Random,-9999,b598bfd4e7d4a2d0,0.3409998416900635,0.07800006866455078,1638376946.548,2,below,shirt,shoes,below,shirt,below,shirt,shoes,below,shirt,8914.773773670197,2021-12-01T16:42:26.548000,1638368031.7742264
5,29,12,29,Random,-9999,f9fdbd4e9e47e2e0,1.811000108718872,0.14100003242492676,1638376946.891,12,noon,fearful,above,noon,fearful,noon,fearful,above,noon,fearful,8915.116773605347,2021-12-01T16:42:26.891000,1638368031.7742264
16,19,18,19,Random,-9999,b598bfd4e7d4a2d0,0.440000057220459,0.07400012016296387,1638376947.064,18,watermelon,strawberry,lemon,watermelon,strawberry,watermelon,strawberry,lemon,watermelon,strawberry,8915.289773464203,2021-12-01T16:42:27.064000,1638368031.7742264
4,26,15,26,Random,-9999,b598bfd4e7d4a2d0,0.5820000171661377,0.07399988174438477,1638376947.727,15,day,blueberry,socks,day,blueberry,day,blueberry,socks,day,blueberry,8915.952773571014,2021-12-01T16:42:27.727000,1638368031.7742264
27,9,2,9,Random,-9999,b598bfd4e7d4a2d0,0.44700002670288086,0.0820000171661377,1638376948.255,2,near,shirt,dusk,near,shirt,near,shirt,dusk,near,shirt,8916.480773687363,2021-12-01T16:42:28.255000,1638368031.7742264
21,8,16,8,Random,-9999,b598bfd4e7d4a2d0,0.42600011825561523,0.07999992370605469,1638376948.762,16,far,lemon,field,far,lemon,far,lemon,field,far,lemon,8916.987773656845,2021-12-01T16:42:28.762000,1638368031.7742264
6,4,17,4,Random,-9999,f9fdbd4e9e47e2e0,1.938999891281128,0.08299994468688965,1638376949.077,17,socks,mango,below,socks,mango,socks,mango,below,socks,mango,8917.302773475647,2021-12-01T16:42:29.077000,1638368031.7742264
4,11,28,11,Random,-9999,b598bfd4e7d4a2d0,0.4779999256134033,0.08299994468688965,1638376949.316,28,disgust,night,socks,disgust,night,disgust,night,socks,disgust,night,8917.541773557663,2021-12-01T16:42:29.316000,1638368031.7742264
8,26,0,26,Random,-9999,b598bfd4e7d4a2d0,0.5360000133514404,0.07299995422363281,1638376949.931,0,day,dress,far,day,dress,day,dress,far,day,dress,8918.1567735672,2021-12-01T16:42:29.931000,1638368031.7742264
10,28,8,8,Random,-9999,b598bfd4e7d4a2d0,0.5909998416900635,0.08100008964538574,1638376950.604,28,night,far,angry,far,night,night,far,angry,far,night,8918.829773664474,2021-12-01T16:42:30.604000,1638368031.7742264
21,8,24,24,Random,-9999,b598bfd4e7d4a2d0,0.4010000228881836,0.08100008964538574,1638376951.077,8,far,sunset,field,sunset,far,far,sunset,field,sunset,far,8919.302773475647,2021-12-01T16:42:31.077000,1638368031.7742264
19,22,16,16,Random,-9999,f9fdbd4e9e47e2e0,1.9799997806549072,0.2780001163482666,1638376951.214,22,ocean,lemon,watermelon,lemon,ocean,ocean,lemon,watermelon,lemon,ocean,8919.43977355957,2021-12-01T16:42:31.214000,1638368031.7742264
28,22,8,8,Random,-9999,b598bfd4e7d4a2d0,0.3269999027252197,0.07599997520446777,1638376951.482,22,ocean,far,night,far,ocean,ocean,far,night,far,ocean,8919.707773685455,2021-12-01T16:42:31.482000,1638368031.7742264
5,27,10,27,Random,-9999,b598bfd4e7d4a2d0,0.5399999618530273,0.07600021362304688,1638376952.104,10,dusk,angry,above,dusk,angry,dusk,angry,above,dusk,angry,8920.329773664474,2021-12-01T16:42:32.104000,1638368031.7742264
24,7,8,8,Random,-9999,b598bfd4e7d4a2d0,0.3619999885559082,0.08099985122680664,1638376952.547,7,beside,far,sunset,far,beside,beside,far,sunset,far,beside,8920.772773504257,2021-12-01T16:42:32.547000,1638368031.7742264
13,11,29,11,Random,-9999,f9fdbd4e9e47e2e0,1.5940001010894775,0.13400006294250488,1638376952.883,29,disgust,noon,happy,disgust,noon,disgust,noon,happy,disgust,noon,8921.108773469925,2021-12-01T16:42:32.883000,1638368031.7742264
27,3,0,3,Random,-9999,b598bfd4e7d4a2d0,0.43400001525878906,0.07899999618530273,1638376953.051,0,shoes,dress,dusk,shoes,dress,shoes,dress,dusk,shoes,dress,8921.276773691177,2021-12-01T16:42:33.051000,1638368031.7742264
29,2,12,12,Random,-9999,b598bfd4e7d4a2d0,0.40000009536743164,0.07500004768371582,1638376953.53,2,shirt,fearful,noon,fearful,shirt,shirt,fearful,noon,fearful,shirt,8921.755773544312,2021-12-01T16:42:33.530000,1638368031.7742264
24,4,18,4,Random,-9999,b598bfd4e7d4a2d0,0.4069998264312744,0.07500004768371582,1638376954.017,18,socks,strawberry,sunset,socks,strawberry,socks,strawberry,sunset,socks,strawberry,8922.242773532867,2021-12-01T16:42:34.017000,1638368031.7742264
4,24,19,24,Random,-9999,f9fdbd4e9e47e2e0,1.872999906539917,0.07200002670288086,1638376954.83,19,sunset,watermelon,socks,sunset,watermelon,sunset,watermelon,socks,sunset,watermelon,8923.055773496628,2021-12-01T16:42:34.830000,1638368031.7742264
13,3,18,3,Random,-9999,bcacc9855844782a,13.815000057220459,0.434999942779541,1638376955.258,18,shoes,strawberry,happy,shoes,strawberry,shoes,strawberry,happy,shoes,strawberry,8923.483773469925,2021-12-01T16:42:35.258000,1638368031.7742264
24,3,5,5,Random,-9999,f9fdbd4e9e47e2e0,2.1439998149871826,0.10100007057189941,1638376957.132,3,shoes,above,sunset,above,shoes,shoes,above,sunset,above,shoes,8925.357773542404,2021-12-01T16:42:37.132000,1638368031.7742264
26,12,25,25,Random,-9999,f9fdbd4e9e47e2e0,1.8539998531341553,0.13300013542175293,1638376959.058,12,fearful,dawn,day,dawn,fearful,fearful,dawn,day,dawn,fearful,8927.28377366066,2021-12-01T16:42:39.058000,1638368031.7742264
12,4,17,4,Random,-9999,bcacc9855844782a,5.463000059127808,0.31400012969970703,1638376960.933,17,socks,mango,fearful,socks,mango,socks,mango,fearful,socks,mango,8929.15877366066,2021-12-01T16:42:40.933000,1638368031.7742264
6,24,8,8,Random,-9999,f9fdbd4e9e47e2e0,2.1500000953674316,0.07299995422363281,1638376961.335,24,sunset,far,below,far,sunset,sunset,far,below,far,sunset,8929.560773611069,2021-12-01T16:42:41.335000,1638368031.7742264
6,20,15,20,Random,-9999,f9fdbd4e9e47e2e0,1.9139997959136963,0.12800002098083496,1638376963.322,15,beach,blueberry,below,beach,blueberry,beach,blueberry,below,beach,blueberry,8931.547773599625,2021-12-01T16:42:43.322000,1638368031.7742264
16,11,2,11,Random,-9999,f9fdbd4e9e47e2e0,1.8550000190734863,0.07599997520446777,1638376965.253,2,disgust,shirt,lemon,disgust,shirt,disgust,shirt,lemon,disgust,shirt,8933.478773593903,2021-12-01T16:42:45.253000,1638368031.7742264
6,2,14,14,Random,-9999,f9fdbd4e9e47e2e0,2.6530001163482666,0.07200002670288086,1638376968.034,2,shirt,sad,below,sad,shirt,shirt,sad,below,sad,shirt,8936.259773492813,2021-12-01T16:42:48.034000,1638368031.7742264
4,13,24,13,Random,-9999,f9fdbd4e9e47e2e0,3.126999855041504,0.12800002098083496,1638376971.293,24,happy,sunset,socks,happy,sunset,happy,sunset,socks,happy,sunset,8939.518773555756,2021-12-01T16:42:51.293000,1638368031.7742264
0,18,28,28,Random,-9999,f9fdbd4e9e47e2e0,2.7009999752044678,0.13499999046325684,1638376974.127,18,strawberry,night,dress,night,strawberry,strawberry,night,dress,night,strawberry,8942.352773666382,2021-12-01T16:42:54.127000,1638368031.7742264
5,19,2,2,Random,-9999,f9fdbd4e9e47e2e0,2.503000020980835,0.13199996948242188,1638376976.763,19,watermelon,shirt,above,shirt,watermelon,watermelon,shirt,above,shirt,watermelon,8944.988773584366,2021-12-01T16:42:56.763000,1638368031.7742264
11,28,12,12,Random,-9999,f9fdbd4e9e47e2e0,1.4040000438690186,0.13199996948242188,1638376978.241,28,night,fearful,disgust,fearful,night,night,fearful,disgust,fearful,night,8946.46677350998,2021-12-01T16:42:58.241000,1638368031.7742264
3,0,28,0,Random,-9999,f9fdbd4e9e47e2e0,1.803999900817871,0.09200000762939453,1638376980.132,28,dress,night,shoes,dress,night,dress,night,shoes,dress,night,8948.357773542404,2021-12-01T16:43:00.132000,1638368031.7742264
13,24,2,24,Random,-9999,f9fdbd4e9e47e2e0,2.6590001583099365,0.07299995422363281,1638376982.953,2,sunset,shirt,happy,sunset,shirt,sunset,shirt,happy,sunset,shirt,8951.178773641586,2021-12-01T16:43:02.953000,1638368031.7742264
8,2,29,29,Random,-9999,f9fdbd4e9e47e2e0,2.128000020980835,0.21199989318847656,1638376985.258,2,shirt,noon,far,noon,shirt,shirt,noon,far,noon,shirt,8953.483773469925,2021-12-01T16:43:05.258000,1638368031.7742264
9,12,28,28,Random,-9999,f9fdbd4e9e47e2e0,3.1630001068115234,0.13299989700317383,1638376988.55,12,fearful,night,near,night,fearful,fearful,night,near,night,fearful,8956.775773525238,2021-12-01T16:43:08.550000,1638368031.7742264
23,15,10,10,Random,-9999,f9fdbd4e9e47e2e0,2.2809998989105225,0.13000011444091797,1638376990.962,15,blueberry,angry,sky,angry,blueberry,blueberry,angry,sky,angry,blueberry,8959.18777346611,2021-12-01T16:43:10.962000,1638368031.7742264
23,29,28,29,Random,-9999,bcacc9855844782a,30.611000061035156,0.3710000514984131,1638376991.959,28,noon,night,sky,noon,night,noon,night,sky,noon,night,8960.184773683548,2021-12-01T16:43:11.959000,1638368031.7742264
6,7,5,5,Random,-9999,f9fdbd4e9e47e2e0,2.2740001678466797,0.12999987602233887,1638376993.37,7,beside,above,below,above,beside,beside,above,below,above,beside,8961.59577345848,2021-12-01T16:43:13.370000,1638368031.7742264
27,26,28,28,Random,-9999,bcacc9855844782a,2.304999828338623,0.25999999046325684,1638376994.475,26,day,night,dusk,night,day,day,night,dusk,night,day,8962.700773477554,2021-12-01T16:43:14.475000,1638368031.7742264
2,26,11,26,Random,-9999,f9fdbd4e9e47e2e0,1.9700000286102295,0.1359999179840088,1638376995.503,11,day,disgust,shirt,day,disgust,day,disgust,shirt,day,disgust,8963.728773593903,2021-12-01T16:43:15.503000,1638368031.7742264
7,13,15,13,Random,-9999,bcacc9855844782a,2.07099986076355,0.36100006103515625,1638376997.074,15,happy,blueberry,beside,happy,blueberry,happy,blueberry,beside,happy,blueberry,8965.299773454666,2021-12-01T16:43:17.074000,1638368031.7742264
27,4,9,9,Random,-9999,f9fdbd4e9e47e2e0,2.443000078201294,0.14899992942810059,1638376998.066,4,socks,near,dusk,near,socks,socks,near,dusk,near,socks,8966.291773557663,2021-12-01T16:43:18.066000,1638368031.7742264
27,14,1,14,Random,-9999,bcacc9855844782a,2.367000102996826,0.5889999866485596,1638376999.993,1,sad,pants,dusk,sad,pants,sad,pants,dusk,sad,pants,8968.21877360344,2021-12-01T16:43:19.993000,1638368031.7742264
10,15,19,15,Random,-9999,f9fdbd4e9e47e2e0,4.511000156402588,0.12999987602233887,1638377002.708,19,blueberry,watermelon,angry,blueberry,watermelon,blueberry,watermelon,angry,blueberry,watermelon,8970.933773517609,2021-12-01T16:43:22.708000,1638368031.7742264
12,11,6,11,Random,-9999,f9fdbd4e9e47e2e0,1.434999942779541,0.13399982452392578,1638377004.228,6,disgust,below,fearful,disgust,below,disgust,below,fearful,disgust,below,8972.453773498535,2021-12-01T16:43:24.228000,1638368031.7742264
16,12,10,12,Random,-9999,bcacc9855844782a,3.118000030517578,0.4830000400543213,1638377005.711,10,fearful,angry,lemon,fearful,angry,fearful,angry,lemon,fearful,angry,8973.93677353859,2021-12-01T16:43:25.711000,1638368031.7742264
8,25,3,25,Random,-9999,bcacc9855844782a,2.005000114440918,0.23600006103515625,1638377007.973,3,dawn,shoes,far,dawn,shoes,dawn,shoes,far,dawn,shoes,8976.198773622513,2021-12-01T16:43:27.973000,1638368031.7742264
9,16,18,18,Random,-9999,f9fdbd4e9e47e2e0,4.0929999351501465,0.1400001049041748,1638377008.524,16,lemon,strawberry,near,strawberry,lemon,lemon,strawberry,near,strawberry,lemon,8976.74977350235,2021-12-01T16:43:28.524000,1638368031.7742264
8,0,22,22,Random,-9999,f9fdbd4e9e47e2e0,1.7840001583099365,0.15199995040893555,1638377010.386,0,dress,ocean,far,ocean,dress,dress,ocean,far,ocean,dress,8978.611773490906,2021-12-01T16:43:30.386000,1638368031.7742264
3,27,5,5,Random,-9999,f9fdbd4e9e47e2e0,2.7790000438690186,0.07699990272521973,1638377013.295,27,dusk,above,shoes,above,dusk,dusk,above,shoes,above,dusk,8981.520773649216,2021-12-01T16:43:33.295000,1638368031.7742264
17,14,21,21,Random,-9999,f9fdbd4e9e47e2e0,4.921000003814697,0.14399981498718262,1638377018.374,14,sad,field,mango,field,sad,sad,field,mango,field,sad,8986.599773645401,2021-12-01T16:43:38.374000,1638368031.7742264
17,6,24,24,Random,-9999,f9fdbd4e9e47e2e0,3.561000108718872,0.1659998893737793,1638377022.092,6,below,sunset,mango,sunset,below,below,sunset,mango,sunset,below,8990.317773580551,2021-12-01T16:43:42.092000,1638368031.7742264
25,18,29,29,Random,-9999,f9fdbd4e9e47e2e0,1.9100000858306885,0.14800000190734863,1638377024.086,18,strawberry,noon,dawn,noon,strawberry,strawberry,noon,dawn,noon,strawberry,8992.31177353859,2021-12-01T16:43:44.086000,1638368031.7742264
29,10,5,5,Random,-9999,f9fdbd4e9e47e2e0,2.7720000743865967,0.07299995422363281,1638377026.989,10,angry,above,noon,above,angry,angry,above,noon,above,angry,8995.214773654938,2021-12-01T16:43:46.989000,1638368031.7742264
25,4,18,4,Random,-9999,f9fdbd4e9e47e2e0,2.6540000438690186,0.14499998092651367,1638377029.787,18,socks,strawberry,dawn,socks,strawberry,socks,strawberry,dawn,socks,strawberry,8998.012773513794,2021-12-01T16:43:49.787000,1638368031.7742264
2,18,13,18,Random,-9999,bcacc9855844782a,16.70799994468689,0.24500012397766113,1638377030.274,13,strawberry,happy,shirt,strawberry,happy,strawberry,happy,shirt,strawberry,happy,8998.49977350235,2021-12-01T16:43:50.274000,1638368031.7742264
2,24,3,3,Random,-9999,f9fdbd4e9e47e2e0,2.5959999561309814,0.1359999179840088,1638377032.53,24,sunset,shoes,shirt,shoes,sunset,sunset,shoes,shirt,shoes,sunset,9000.755773544312,2021-12-01T16:43:52.530000,1638368031.7742264
17,27,20,20,Random,-9999,f9fdbd4e9e47e2e0,1.7139999866485596,0.1380000114440918,1638377034.313,27,dusk,beach,mango,beach,dusk,dusk,beach,mango,beach,dusk,9002.538773536682,2021-12-01T16:43:54.313000,1638368031.7742264
4,5,24,5,Random,-9999,bcacc9855844782a,4.3480000495910645,0.21799993515014648,1638377034.853,24,above,sunset,socks,above,sunset,above,sunset,socks,above,sunset,9003.078773498535,2021-12-01T16:43:54.853000,1638368031.7742264
9,4,5,5,Random,-9999,f9fdbd4e9e47e2e0,2.3259999752044678,0.0820000171661377,1638377036.777,4,socks,above,near,above,socks,socks,above,near,above,socks,9005.00277352333,2021-12-01T16:43:56.777000,1638368031.7742264
27,17,9,9,Random,-9999,bcacc9855844782a,2.8420000076293945,0.23399996757507324,1638377037.951,17,mango,near,dusk,near,mango,mango,near,dusk,near,mango,9006.176773548126,2021-12-01T16:43:57.951000,1638368031.7742264
20,5,8,8,Random,-9999,bcacc9855844782a,4.668999910354614,0.254000186920166,1638377043.076,5,above,far,beach,far,above,above,far,beach,far,above,9011.301773548126,2021-12-01T16:44:03.076000,1638368031.7742264
18,4,2,4,Random,-9999,f9fdbd4e9e47e2e0,9.093999862670898,0.1530001163482666,1638377046.026,2,socks,shirt,strawberry,socks,shirt,socks,shirt,strawberry,socks,shirt,9014.25177359581,2021-12-01T16:44:06.026000,1638368031.7742264
12,10,8,10,Random,-9999,bcacc9855844782a,2.937999963760376,0.4679999351501465,1638377046.241,8,angry,far,fearful,angry,far,angry,far,fearful,angry,far,9014.46677350998,2021-12-01T16:44:06.241000,1638368031.7742264
1,29,4,4,Random,-9999,f9fdbd4e9e47e2e0,1.7639999389648438,0.13700008392333984,1638377047.874,29,noon,socks,pants,socks,noon,noon,socks,pants,socks,noon,9016.099773645401,2021-12-01T16:44:07.874000,1638368031.7742264
3,7,22,7,Random,-9999,bcacc9855844782a,1.6740000247955322,0.3190000057220459,1638377048.161,22,beside,ocean,shoes,beside,ocean,beside,ocean,shoes,beside,ocean,9016.386773586273,2021-12-01T16:44:08.161000,1638368031.7742264
4,6,1,1,Random,-9999,f9fdbd4e9e47e2e0,1.5460000038146973,0.07800006866455078,1638377049.508,6,below,pants,socks,pants,below,below,pants,socks,pants,below,9017.733773469925,2021-12-01T16:44:09.508000,1638368031.7742264
12,15,17,15,Random,-9999,f9fdbd4e9e47e2e0,2.3519999980926514,0.12800002098083496,1638377052.032,17,blueberry,mango,fearful,blueberry,mango,blueberry,mango,fearful,blueberry,mango,9020.257773637772,2021-12-01T16:44:12.032000,1638368031.7742264
4,27,2,2,Random,-9999,f9fdbd4e9e47e2e0,2.18999981880188,0.1380000114440918,1638377054.355,27,dusk,shirt,socks,shirt,dusk,dusk,shirt,socks,shirt,dusk,9022.580773591995,2021-12-01T16:44:14.355000,1638368031.7742264
1,15,17,17,Random,-9999,f9fdbd4e9e47e2e0,3.5299999713897705,0.14400005340576172,1638377058.078,15,blueberry,mango,pants,mango,blueberry,blueberry,mango,pants,mango,blueberry,9026.303773641586,2021-12-01T16:44:18.078000,1638368031.7742264
28,22,7,22,Random,-9999,bcacc9855844782a,6.663999795913696,0.22600007057189941,1638377059.667,7,ocean,beside,night,ocean,beside,ocean,beside,night,ocean,beside,9027.892773628235,2021-12-01T16:44:19.667000,1638368031.7742264
8,0,13,13,Random,-9999,f9fdbd4e9e47e2e0,2.132999897003174,0.21000003814697266,1638377060.373,0,dress,happy,far,happy,dress,dress,happy,far,happy,dress,9028.598773479462,2021-12-01T16:44:20.373000,1638368031.7742264
21,23,11,23,Random,-9999,f9fdbd4e9e47e2e0,2.5129997730255127,0.13900017738342285,1638377063.03,11,sky,disgust,field,sky,disgust,sky,disgust,field,sky,disgust,9031.255773544312,2021-12-01T16:44:23.030000,1638368031.7742264
4,13,29,29,Random,-9999,bcacc9855844782a,4.010999917984009,0.2850000858306885,1638377064.824,13,happy,noon,socks,noon,happy,happy,noon,socks,noon,happy,9033.049773454666,2021-12-01T16:44:24.824000,1638368031.7742264
1,6,23,6,Random,-9999,f9fdbd4e9e47e2e0,2.4690001010894775,0.13499999046325684,1638377065.632,23,below,sky,pants,below,sky,below,sky,pants,below,sky,9033.857773542404,2021-12-01T16:44:25.632000,1638368031.7742264
2,5,25,5,Random,-9999,bcacc9855844782a,1.7379999160766602,0.31800007820129395,1638377069.008,25,above,dawn,shirt,above,dawn,above,dawn,shirt,above,dawn,9037.233773469925,2021-12-01T16:44:29.008000,1638368031.7742264
23,24,22,24,Random,-9999,f9fdbd4e9e47e2e0,4.379999876022339,0.13499999046325684,1638377070.152,22,sunset,ocean,sky,sunset,ocean,sunset,ocean,sky,sunset,ocean,9038.37777352333,2021-12-01T16:44:30.152000,1638368031.7742264
24,6,9,6,Random,-9999,bcacc9855844782a,2.4880001544952393,0.25799989700317383,1638377071.844,9,below,near,sunset,below,near,below,near,sunset,below,near,9040.069773674011,2021-12-01T16:44:31.844000,1638368031.7742264
14,1,21,1,Random,-9999,f9fdbd4e9e47e2e0,2.191999912261963,0.14400005340576172,1638377072.482,21,pants,field,sad,pants,field,pants,field,sad,pants,field,9040.707773685455,2021-12-01T16:44:32.482000,1638368031.7742264
13,1,15,15,Random,-9999,bcacc9855844782a,1.875999927520752,0.24000000953674316,1638377073.823,1,pants,blueberry,happy,blueberry,pants,pants,blueberry,happy,blueberry,pants,9042.048773527145,2021-12-01T16:44:33.823000,1638368031.7742264
25,13,22,13,Random,-9999,f9fdbd4e9e47e2e0,3.504999876022339,0.14700007438659668,1638377076.139,22,happy,ocean,dawn,happy,ocean,happy,ocean,dawn,happy,ocean,9044.364773511887,2021-12-01T16:44:36.139000,1638368031.7742264
17,23,25,25,Random,-9999,bcacc9855844782a,2.2219998836517334,0.5169999599456787,1638377078.714,23,sky,dawn,mango,dawn,sky,sky,dawn,mango,dawn,sky,9046.93977355957,2021-12-01T16:44:38.714000,1638368031.7742264
7,22,4,22,Random,-9999,f9fdbd4e9e47e2e0,3.575000047683716,0.13700008392333984,1638377079.845,4,ocean,socks,beside,ocean,socks,ocean,socks,beside,ocean,socks,9048.070773601532,2021-12-01T16:44:39.845000,1638368031.7742264
27,8,13,8,Random,-9999,bcacc9855844782a,2.0510001182556152,0.29200005531311035,1638377081.112,13,far,happy,dusk,far,happy,far,happy,dusk,far,happy,9049.337773561478,2021-12-01T16:44:41.112000,1638368031.7742264
18,27,8,8,Random,-9999,f9fdbd4e9e47e2e0,2.63100004196167,0.15199995040893555,1638377082.626,27,dusk,far,strawberry,far,dusk,dusk,far,strawberry,far,dusk,9050.851773500443,2021-12-01T16:44:42.626000,1638368031.7742264
27,0,23,23,Random,-9999,bcacc9855844782a,1.6429998874664307,0.30500006675720215,1638377082.916,0,dress,sky,dusk,sky,dress,dress,sky,dusk,sky,dress,9051.141773462296,2021-12-01T16:44:42.916000,1638368031.7742264
17,21,2,21,Random,-9999,f9fdbd4e9e47e2e0,1.8359999656677246,0.14499998092651367,1638377084.56,2,field,shirt,mango,field,shirt,field,shirt,mango,field,shirt,9052.785773515701,2021-12-01T16:44:44.560000,1638368031.7742264
28,17,9,17,Random,-9999,bcacc9855844782a,2.745000123977661,0.18199992179870605,1638377085.947,9,mango,near,night,mango,near,mango,near,night,mango,near,9054.172773599625,2021-12-01T16:44:45.947000,1638368031.7742264
2,14,8,8,Random,-9999,f9fdbd4e9e47e2e0,2.424999952316284,0.11400008201599121,1638377087.147,14,sad,far,shirt,far,sad,sad,far,shirt,far,sad,9055.372773647308,2021-12-01T16:44:47.147000,1638368031.7742264
26,16,3,16,Random,-9999,bcacc9855844782a,1.6670000553131104,0.2519998550415039,1638377087.725,3,lemon,shoes,day,lemon,shoes,lemon,shoes,day,lemon,shoes,9055.950773477554,2021-12-01T16:44:47.725000,1638368031.7742264
2,12,1,1,Random,-9999,f9fdbd4e9e47e2e0,1.7870001792907715,0.13399982452392578,1638377089.009,12,fearful,pants,shirt,pants,fearful,fearful,pants,shirt,pants,fearful,9057.234773635864,2021-12-01T16:44:49.009000,1638368031.7742264
16,5,13,13,Random,-9999,bcacc9855844782a,2.559999942779541,0.18600010871887207,1638377090.576,5,above,happy,lemon,happy,above,above,happy,lemon,happy,above,9058.801773548126,2021-12-01T16:44:50.576000,1638368031.7742264
11,12,4,12,Random,-9999,f9fdbd4e9e47e2e0,1.9789998531341553,0.07700014114379883,1638377091.14,4,fearful,socks,disgust,fearful,socks,fearful,socks,disgust,fearful,socks,9059.365773677826,2021-12-01T16:44:51.140000,1638368031.7742264
26,7,17,17,Random,-9999,bcacc9855844782a,1.9909999370574951,0.22099995613098145,1638377092.803,7,beside,mango,day,mango,beside,beside,mango,day,mango,beside,9061.028773546219,2021-12-01T16:44:52.803000,1638368031.7742264
14,4,13,13,Random,-9999,f9fdbd4e9e47e2e0,1.8399999141693115,0.14100003242492676,1638377093.043,4,socks,happy,sad,happy,socks,socks,happy,sad,happy,socks,9061.268773555756,2021-12-01T16:44:53.043000,1638368031.7742264
11,9,25,9,Random,-9999,bcacc9855844782a,3.0799999237060547,0.2330000400543213,1638377096.089,25,near,dawn,disgust,near,dawn,near,dawn,disgust,near,dawn,9064.31477355957,2021-12-01T16:44:56.089000,1638368031.7742264
24,20,7,20,Random,-9999,bcacc9855844782a,1.6970000267028809,0.3169999122619629,1638377098.022,7,beach,beside,sunset,beach,beside,beach,beside,sunset,beach,beside,9066.247773647308,2021-12-01T16:44:58.022000,1638368031.7742264
17,7,19,19,Random,-9999,bcacc9855844782a,3.314000129699707,0.13299989700317383,1638377101.626,7,beside,watermelon,mango,watermelon,beside,beside,watermelon,mango,watermelon,beside,9069.851773500443,2021-12-01T16:45:01.626000,1638368031.7742264
23,22,14,22,Random,-9999,bcacc9855844782a,1.5529999732971191,0.2819998264312744,1638377103.293,14,ocean,sad,sky,ocean,sad,ocean,sad,sky,ocean,sad,9071.518773555756,2021-12-01T16:45:03.293000,1638368031.7742264
9,10,13,13,Random,-9999,f9fdbd4e9e47e2e0,10.40499997138977,0.08500003814697266,1638377103.586,10,angry,happy,near,happy,angry,angry,happy,near,happy,angry,9071.81177353859,2021-12-01T16:45:03.586000,1638368031.7742264
3,27,11,11,Random,-9999,bcacc9855844782a,1.815000057220459,0.13700008392333984,1638377105.238,27,dusk,disgust,shoes,disgust,dusk,dusk,disgust,shoes,disgust,dusk,9073.463773488998,2021-12-01T16:45:05.238000,1638368031.7742264
23,22,25,25,Random,-9999,f9fdbd4e9e47e2e0,3.24399995803833,0.12800002098083496,1638377106.96,22,ocean,dawn,sky,dawn,ocean,ocean,dawn,sky,dawn,ocean,9075.185773611069,2021-12-01T16:45:06.960000,1638368031.7742264
29,11,19,19,Random,-9999,bcacc9855844782a,2.8410000801086426,0.13299989700317383,1638377108.319,11,disgust,watermelon,noon,watermelon,disgust,disgust,watermelon,noon,watermelon,disgust,9076.544773578644,2021-12-01T16:45:08.319000,1638368031.7742264
12,21,6,6,Random,-9999,f9fdbd4e9e47e2e0,2.063999891281128,0.15000009536743164,1638377109.172,21,field,below,fearful,below,field,field,below,fearful,below,field,9077.397773504257,2021-12-01T16:45:09.172000,1638368031.7742264
5,13,14,13,Random,-9999,bcacc9855844782a,1.7829999923706055,0.24399995803833008,1638377110.309,14,happy,sad,above,happy,sad,happy,sad,above,happy,sad,9078.53477358818,2021-12-01T16:45:10.309000,1638368031.7742264
0,7,18,7,Random,-9999,f9fdbd4e9e47e2e0,1.8399999141693115,0.13700008392333984,1638377111.101,18,beside,strawberry,dress,beside,strawberry,beside,strawberry,dress,beside,strawberry,9079.326773643494,2021-12-01T16:45:11.101000,1638368031.7742264
13,10,1,10,Random,-9999,bcacc9855844782a,1.5950000286102295,0.17799997329711914,1638377112.018,1,angry,pants,happy,angry,pants,angry,pants,happy,angry,pants,9080.243773460388,2021-12-01T16:45:12.018000,1638368031.7742264
10,21,23,21,Random,-9999,bcacc9855844782a,2.309999942779541,0.14299988746643066,1638377114.609,23,field,sky,angry,field,sky,field,sky,angry,field,sky,9082.834773540497,2021-12-01T16:45:14.609000,1638368031.7742264
13,12,10,10,Random,-9999,f9fdbd4e9e47e2e0,3.447999954223633,0.07800006866455078,1638377114.679,12,fearful,angry,happy,angry,fearful,fearful,angry,happy,angry,fearful,9082.90477347374,2021-12-01T16:45:14.679000,1638368031.7742264
14,0,13,0,Random,-9999,bcacc9855844782a,2.184999942779541,0.25,1638377117.005,13,dress,happy,sad,dress,happy,dress,happy,sad,dress,happy,9085.230773687363,2021-12-01T16:45:17.005000,1638368031.7742264
17,16,0,16,Random,-9999,f9fdbd4e9e47e2e0,2.885999917984009,0.1419999599456787,1638377117.711,0,lemon,dress,mango,lemon,dress,lemon,dress,mango,lemon,dress,9085.93677353859,2021-12-01T16:45:17.711000,1638368031.7742264
29,24,10,24,Random,-9999,bcacc9855844782a,2.562000036239624,0.625999927520752,1638377120.193,10,sunset,angry,noon,sunset,angry,sunset,angry,noon,sunset,angry,9088.418773651123,2021-12-01T16:45:20.193000,1638368031.7742264
8,18,0,0,Random,-9999,bcacc9855844782a,1.8990001678466797,0.3399999141693115,1638377122.507,18,strawberry,dress,far,dress,strawberry,strawberry,dress,far,dress,strawberry,9090.732773542404,2021-12-01T16:45:22.507000,1638368031.7742264
4,23,10,23,Random,-9999,f9fdbd4e9e47e2e0,5.016000032424927,0.14700007438659668,1638377122.882,10,sky,angry,socks,sky,angry,sky,angry,socks,sky,angry,9091.107773542404,2021-12-01T16:45:22.882000,1638368031.7742264
8,15,29,29,Random,-9999,bcacc9855844782a,1.752000093460083,0.2869999408721924,1638377124.392,15,blueberry,noon,far,noon,blueberry,blueberry,noon,far,noon,blueberry,9092.617773532867,2021-12-01T16:45:24.392000,1638368031.7742264
0,23,3,3,Random,-9999,f9fdbd4e9e47e2e0,1.7400000095367432,0.20099997520446777,1638377124.757,23,sky,shoes,dress,shoes,sky,sky,shoes,dress,shoes,sky,9092.982773542404,2021-12-01T16:45:24.757000,1638368031.7742264
10,16,22,16,Random,-9999,f9fdbd4e9e47e2e0,1.8940000534057617,0.08099985122680664,1638377126.729,22,lemon,ocean,angry,lemon,ocean,lemon,ocean,angry,lemon,ocean,9094.954773664474,2021-12-01T16:45:26.729000,1638368031.7742264
14,28,11,11,Random,-9999,bcacc9855844782a,2.003999948501587,0.2720000743865967,1638377126.794,28,night,disgust,sad,disgust,night,night,disgust,sad,disgust,night,9095.019773483276,2021-12-01T16:45:26.794000,1638368031.7742264
1,23,9,9,Random,-9999,f9fdbd4e9e47e2e0,2.930999994277954,0.08699989318847656,1638377129.801,23,sky,near,pants,near,sky,sky,near,pants,near,sky,9098.026773691177,2021-12-01T16:45:29.801000,1638368031.7742264
13,20,5,20,Random,-9999,f9fdbd4e9e47e2e0,2.703000068664551,0.1419999599456787,1638377132.646,5,beach,above,happy,beach,above,beach,above,happy,beach,above,9100.871773481369,2021-12-01T16:45:32.646000,1638368031.7742264
6,26,9,9,Random,-9999,f9fdbd4e9e47e2e0,3.303999900817871,0.14700007438659668,1638377136.1,26,day,near,below,near,day,day,near,below,near,day,9104.325773477554,2021-12-01T16:45:36.100000,1638368031.7742264
17,27,1,1,Random,-9999,f9fdbd4e9e47e2e0,3.444000005722046,0.13899993896484375,1638377139.677,27,dusk,pants,mango,pants,dusk,dusk,pants,mango,pants,dusk,9107.902773618698,2021-12-01T16:45:39.677000,1638368031.7742264
20,27,23,23,Random,-9999,f9fdbd4e9e47e2e0,2.447000026702881,0.13899993896484375,1638377142.258,27,dusk,sky,beach,sky,dusk,dusk,sky,beach,sky,dusk,9110.483773469925,2021-12-01T16:45:42.258000,1638368031.7742264
17,21,13,21,Random,-9999,f9fdbd4e9e47e2e0,2.070000171661377,0.1359999179840088,1638377144.466,13,field,happy,mango,field,happy,field,happy,mango,field,happy,9112.69177365303,2021-12-01T16:45:44.466000,1638368031.7742264
6,14,13,14,Random,-9999,f9fdbd4e9e47e2e0,3.2990000247955322,0.1380000114440918,1638377147.931,13,sad,happy,below,sad,happy,sad,happy,below,sad,happy,9116.1567735672,2021-12-01T16:45:47.931000,1638368031.7742264
22,10,0,10,Random,-9999,f9fdbd4e9e47e2e0,1.758000135421753,0.15599989891052246,1638377149.765,0,angry,dress,ocean,angry,dress,angry,dress,ocean,angry,dress,9117.990773677826,2021-12-01T16:45:49.765000,1638368031.7742264
23,4,11,11,Random,-9999,f9fdbd4e9e47e2e0,4.803999900817871,0.07699990272521973,1638377154.7,4,socks,disgust,sky,disgust,socks,socks,disgust,sky,disgust,socks,9122.925773620605,2021-12-01T16:45:54.700000,1638368031.7742264
1,3,10,3,Random,-9999,f9fdbd4e9e47e2e0,1.628000020980835,0.13400006294250488,1638377156.399,10,shoes,angry,pants,shoes,angry,shoes,angry,pants,shoes,angry,9124.62477350235,2021-12-01T16:45:56.399000,1638368031.7742264
17,13,0,13,Random,-9999,f9fdbd4e9e47e2e0,2.6499998569488525,0.07500004768371582,1638377159.232,0,happy,dress,mango,happy,dress,happy,dress,mango,happy,dress,9127.457773685455,2021-12-01T16:45:59.232000,1638368031.7742264
27,24,29,24,Random,-9999,f9fdbd4e9e47e2e0,2.297999858856201,0.2050001621246338,1638377161.683,29,sunset,noon,dusk,sunset,noon,sunset,noon,dusk,sunset,noon,9129.90877366066,2021-12-01T16:46:01.683000,1638368031.7742264
10,11,18,11,Random,-9999,f9fdbd4e9e47e2e0,2.81499981880188,0.13000011444091797,1638377164.628,18,disgust,strawberry,angry,disgust,strawberry,disgust,strawberry,angry,disgust,strawberry,9132.853773593903,2021-12-01T16:46:04.628000,1638368031.7742264
5,26,27,26,Random,-9999,f9fdbd4e9e47e2e0,3.7280001640319824,0.14899992942810059,1638377168.507,27,day,dusk,above,day,dusk,day,dusk,above,day,dusk,9136.732773542404,2021-12-01T16:46:08.507000,1638368031.7742264
29,10,16,10,Random,-9999,f9fdbd4e9e47e2e0,3.5989999771118164,0.13699984550476074,1638377172.241,16,angry,lemon,noon,angry,lemon,angry,lemon,noon,angry,lemon,9140.46677350998,2021-12-01T16:46:12.241000,1638368031.7742264
15,25,4,25,Random,-9999,f9fdbd4e9e47e2e0,1.931999921798706,0.1510000228881836,1638377174.267,4,dawn,socks,blueberry,dawn,socks,dawn,socks,blueberry,dawn,socks,9142.492773532867,2021-12-01T16:46:14.267000,1638368031.7742264
28,23,9,23,Random,-9999,f9fdbd4e9e47e2e0,2.253000020980835,0.13400006294250488,1638377176.657,9,sky,near,night,sky,near,sky,near,night,sky,near,9144.882773637772,2021-12-01T16:46:16.657000,1638368031.7742264
24,29,15,29,Random,-9999,f9fdbd4e9e47e2e0,2.059999942779541,0.13899993896484375,1638377178.85,15,noon,blueberry,sunset,noon,blueberry,noon,blueberry,sunset,noon,blueberry,9147.075773477554,2021-12-01T16:46:18.850000,1638368031.7742264
12,22,9,22,Random,-9999,f9fdbd4e9e47e2e0,2.0269999504089355,0.13000011444091797,1638377181.07,9,ocean,near,fearful,ocean,near,ocean,near,fearful,ocean,near,9149.295773506165,2021-12-01T16:46:21.070000,1638368031.7742264
15,12,3,12,Random,-9999,f9fdbd4e9e47e2e0,2.371999979019165,0.07200002670288086,1638377183.517,3,fearful,shoes,blueberry,fearful,shoes,fearful,shoes,blueberry,fearful,shoes,9151.742773532867,2021-12-01T16:46:23.517000,1638368031.7742264
0,27,9,9,Random,-9999,f9fdbd4e9e47e2e0,2.1409997940063477,0.13700008392333984,1638377185.787,27,dusk,near,dress,near,dusk,dusk,near,dress,near,dusk,9154.012773513794,2021-12-01T16:46:25.787000,1638368031.7742264
25,21,23,23,Random,-9999,f9fdbd4e9e47e2e0,5.453999996185303,0.1380000114440918,1638377191.381,21,field,sky,dawn,sky,field,field,sky,dawn,sky,field,9159.606773614883,2021-12-01T16:46:31.381000,1638368031.7742264
24,14,19,14,Random,-9999,f9fdbd4e9e47e2e0,2.76200008392334,0.13199996948242188,1638377194.288,19,sad,watermelon,sunset,sad,watermelon,sad,watermelon,sunset,sad,watermelon,9162.513773679733,2021-12-01T16:46:34.288000,1638368031.7742264
1,5,15,5,Random,-9999,f9fdbd4e9e47e2e0,2.549999952316284,0.14800000190734863,1638377197.002,15,above,blueberry,pants,above,blueberry,above,blueberry,pants,above,blueberry,9165.227773666382,2021-12-01T16:46:37.002000,1638368031.7742264
2,16,10,10,Random,-9999,f9fdbd4e9e47e2e0,2.7039999961853027,0.21000003814697266,1638377199.892,16,lemon,angry,shirt,angry,lemon,lemon,angry,shirt,angry,lemon,9168.117773532867,2021-12-01T16:46:39.892000,1638368031.7742264
29,11,26,26,Random,-9999,f9fdbd4e9e47e2e0,3.989000082015991,0.13499999046325684,1638377204.029,11,disgust,day,noon,day,disgust,disgust,day,noon,day,disgust,9172.25477361679,2021-12-01T16:46:44.029000,1638368031.7742264
11,1,23,1,Random,-9999,f9fdbd4e9e47e2e0,2.325000047683716,0.19299983978271484,1638377206.521,23,pants,sky,disgust,pants,sky,pants,sky,disgust,pants,sky,9174.746773481369,2021-12-01T16:46:46.521000,1638368031.7742264
7,11,23,11,Random,-9999,110da9d09c5237f8,8.976999998092651,0.20799994468688965,1638377208.193,23,disgust,sky,beside,disgust,sky,disgust,sky,beside,disgust,sky,9176.418773651123,2021-12-01T16:46:48.193000,1638368031.7742264
21,29,26,26,Random,-9999,f9fdbd4e9e47e2e0,2.7360000610351562,0.13299989700317383,1638377209.395,29,noon,day,field,day,noon,noon,day,field,day,noon,9177.620773553848,2021-12-01T16:46:49.395000,1638368031.7742264
4,11,17,11,Random,-9999,110da9d09c5237f8,4.563999891281128,0.13899993896484375,1638377212.883,17,disgust,mango,socks,disgust,mango,disgust,mango,socks,disgust,mango,9181.108773469925,2021-12-01T16:46:52.883000,1638368031.7742264
29,12,19,12,Random,-9999,f9fdbd4e9e47e2e0,3.437999963760376,0.13499999046325684,1638377212.966,19,fearful,watermelon,noon,fearful,watermelon,fearful,watermelon,noon,fearful,watermelon,9181.19177365303,2021-12-01T16:46:52.966000,1638368031.7742264
19,22,16,16,Random,-9999,110da9d09c5237f8,1.7869999408721924,0.13000011444091797,1638377214.739,22,ocean,lemon,watermelon,lemon,ocean,ocean,lemon,watermelon,lemon,ocean,9182.964773654938,2021-12-01T16:46:54.739000,1638368031.7742264
19,2,20,20,Random,-9999,f9fdbd4e9e47e2e0,2.444000005722046,0.14499998092651367,1638377215.552,2,shirt,beach,watermelon,beach,shirt,shirt,beach,watermelon,beach,shirt,9183.777773618698,2021-12-01T16:46:55.552000,1638368031.7742264
4,20,15,20,Random,-9999,f9fdbd4e9e47e2e0,3.562000036239624,0.13499999046325684,1638377219.253,15,beach,blueberry,socks,beach,blueberry,beach,blueberry,socks,beach,blueberry,9187.478773593903,2021-12-01T16:46:59.253000,1638368031.7742264
29,19,3,19,Random,-9999,110da9d09c5237f8,6.638999938964844,0.07599997520446777,1638377221.525,3,watermelon,shoes,noon,watermelon,shoes,watermelon,shoes,noon,watermelon,shoes,9189.75077366829,2021-12-01T16:47:01.525000,1638368031.7742264
17,21,7,21,Random,-9999,f9fdbd4e9e47e2e0,2.9619998931884766,0.14599990844726562,1638377222.356,7,field,beside,mango,field,beside,field,beside,mango,field,beside,9190.581773519516,2021-12-01T16:47:02.356000,1638368031.7742264
28,27,13,27,Random,-9999,110da9d09c5237f8,1.4920001029968262,0.14499998092651367,1638377223.092,13,dusk,happy,night,dusk,happy,dusk,happy,night,dusk,happy,9191.317773580551,2021-12-01T16:47:03.092000,1638368031.7742264
21,3,10,3,Random,-9999,f9fdbd4e9e47e2e0,2.2899999618530273,0.13100004196166992,1638377224.788,10,shoes,angry,field,shoes,angry,shoes,angry,field,shoes,angry,9193.013773679733,2021-12-01T16:47:04.788000,1638368031.7742264
3,5,14,14,Random,-9999,110da9d09c5237f8,2.860999822616577,0.08599996566772461,1638377226.097,5,above,sad,shoes,sad,above,above,sad,shoes,sad,above,9194.322773456573,2021-12-01T16:47:06.097000,1638368031.7742264
15,3,5,5,Random,-9999,f9fdbd4e9e47e2e0,2.7069997787475586,0.1550002098083496,1638377227.645,3,shoes,above,blueberry,above,shoes,shoes,above,blueberry,above,shoes,9195.870773553848,2021-12-01T16:47:07.645000,1638368031.7742264
27,26,8,26,Random,-9999,110da9d09c5237f8,1.5950000286102295,0.1360001564025879,1638377227.77,8,day,far,dusk,day,far,day,far,dusk,day,far,9195.995773553848,2021-12-01T16:47:07.770000,1638368031.7742264
26,19,23,23,Random,-9999,110da9d09c5237f8,1.689000129699707,0.09099984169006348,1638377229.548,19,watermelon,sky,day,sky,watermelon,watermelon,sky,day,sky,watermelon,9197.773773670197,2021-12-01T16:47:09.548000,1638368031.7742264
8,6,2,6,Random,-9999,f9fdbd4e9e47e2e0,2.185999870300293,0.14300012588500977,1638377229.97,2,below,shirt,far,below,shirt,below,shirt,far,below,shirt,9198.195773601532,2021-12-01T16:47:09.970000,1638368031.7742264
3,12,25,12,Random,-9999,f9fdbd4e9e47e2e0,3.1559998989105225,0.13400006294250488,1638377233.262,25,fearful,dawn,shoes,fearful,dawn,fearful,dawn,shoes,fearful,dawn,9201.487773656845,2021-12-01T16:47:13.262000,1638368031.7742264
19,21,24,24,Random,-9999,110da9d09c5237f8,4.142999887466431,0.07599997520446777,1638377233.825,21,field,sunset,watermelon,sunset,field,field,sunset,watermelon,sunset,field,9202.050773620605,2021-12-01T16:47:13.825000,1638368031.7742264
1,2,25,2,Random,-9999,110da9d09c5237f8,1.6979999542236328,0.13300013542175293,1638377235.599,25,shirt,dawn,pants,shirt,dawn,shirt,dawn,pants,shirt,dawn,9203.824773550034,2021-12-01T16:47:15.599000,1638368031.7742264
22,18,27,27,Random,-9999,f9fdbd4e9e47e2e0,2.740000009536743,0.16000008583068848,1638377236.156,18,strawberry,dusk,ocean,dusk,strawberry,strawberry,dusk,ocean,dusk,strawberry,9204.381773471832,2021-12-01T16:47:16.156000,1638368031.7742264
23,3,19,19,Random,-9999,110da9d09c5237f8,2.315999984741211,0.07299995422363281,1638377238.05,3,shoes,watermelon,sky,watermelon,shoes,shoes,watermelon,sky,watermelon,shoes,9206.275773525238,2021-12-01T16:47:18.050000,1638368031.7742264
16,22,2,22,Random,-9999,f9fdbd4e9e47e2e0,3.125,0.1360001564025879,1638377239.443,2,ocean,shirt,lemon,ocean,shirt,ocean,shirt,lemon,ocean,shirt,9207.668773651123,2021-12-01T16:47:19.443000,1638368031.7742264
19,25,7,7,Random,-9999,110da9d09c5237f8,4.080999851226807,0.13700008392333984,1638377242.263,25,dawn,beside,watermelon,beside,dawn,dawn,beside,watermelon,beside,dawn,9210.488773584366,2021-12-01T16:47:22.263000,1638368031.7742264
7,28,3,28,Random,-9999,f9fdbd4e9e47e2e0,2.6740000247955322,0.23799991607666016,1638377242.335,3,night,shoes,beside,night,shoes,night,shoes,beside,night,shoes,9210.560773611069,2021-12-01T16:47:22.335000,1638368031.7742264
23,11,7,7,Random,-9999,110da9d09c5237f8,1.6009998321533203,0.1360001564025879,1638377243.948,11,disgust,beside,sky,beside,disgust,disgust,beside,sky,beside,disgust,9212.173773527145,2021-12-01T16:47:23.948000,1638368031.7742264
24,20,27,27,Random,-9999,f9fdbd4e9e47e2e0,2.36299991607666,0.1400001049041748,1638377244.836,20,beach,dusk,sunset,dusk,beach,beach,dusk,sunset,dusk,beach,9213.06177353859,2021-12-01T16:47:24.836000,1638368031.7742264
9,27,25,25,Random,-9999,110da9d09c5237f8,2.7159998416900635,0.07400012016296387,1638377246.792,27,dusk,dawn,near,dawn,dusk,dusk,dawn,near,dawn,dusk,9215.017773628235,2021-12-01T16:47:26.792000,1638368031.7742264
24,15,20,20,Random,-9999,f9fdbd4e9e47e2e0,2.625999927520752,0.1399998664855957,1638377247.599,15,blueberry,beach,sunset,beach,blueberry,blueberry,beach,sunset,beach,blueberry,9215.824773550034,2021-12-01T16:47:27.599000,1638368031.7742264
17,12,5,12,Random,-9999,377fd1b30756b94c,0.749000072479248,0.26600003242492676,1638377249.204,5,fearful,above,mango,fearful,above,fearful,above,mango,fearful,above,9217.429773569107,2021-12-01T16:47:29.204000,1638368031.7742264
3,19,5,5,Random,-9999,110da9d09c5237f8,2.385999917984009,0.13700008392333984,1638377249.316,19,watermelon,above,shoes,above,watermelon,watermelon,above,shoes,above,watermelon,9217.541773557663,2021-12-01T16:47:29.316000,1638368031.7742264
27,2,25,25,Random,-9999,f9fdbd4e9e47e2e0,1.8229999542236328,0.13400006294250488,1638377249.498,2,shirt,dawn,dusk,dawn,shirt,shirt,dawn,dusk,dawn,shirt,9217.723773479462,2021-12-01T16:47:29.498000,1638368031.7742264
25,23,18,23,Random,-9999,377fd1b30756b94c,1.5980000495910645,0.2349998950958252,1638377251.039,18,sky,strawberry,dawn,sky,strawberry,sky,strawberry,dawn,sky,strawberry,9219.264773607254,2021-12-01T16:47:31.039000,1638368031.7742264
13,26,17,26,Random,-9999,377fd1b30756b94c,0.4230000972747803,0.08899998664855957,1638377251.563,17,day,mango,happy,day,mango,day,mango,happy,day,mango,9219.788773536682,2021-12-01T16:47:31.563000,1638368031.7742264
2,29,5,5,Random,-9999,f9fdbd4e9e47e2e0,2.328000068664551,0.08100008964538574,1638377251.967,29,noon,above,shirt,above,noon,noon,above,shirt,above,noon,9220.192773580551,2021-12-01T16:47:31.967000,1638368031.7742264
11,12,10,10,Random,-9999,377fd1b30756b94c,0.5509998798370361,0.08999991416931152,1638377252.191,12,fearful,angry,disgust,angry,fearful,fearful,angry,disgust,angry,fearful,9220.416773557663,2021-12-01T16:47:32.191000,1638368031.7742264
19,10,12,10,Random,-9999,110da9d09c5237f8,3.2789998054504395,0.13200020790100098,1638377252.731,12,angry,fearful,watermelon,angry,fearful,angry,fearful,watermelon,angry,fearful,9220.956773519516,2021-12-01T16:47:32.731000,1638368031.7742264
29,9,27,9,Random,-9999,377fd1b30756b94c,0.7249999046325684,0.07400012016296387,1638377252.988,27,near,dusk,noon,near,dusk,near,dusk,noon,near,dusk,9221.213773488998,2021-12-01T16:47:32.988000,1638368031.7742264
28,9,4,4,Random,-9999,377fd1b30756b94c,0.3990001678466797,0.09999990463256836,1638377253.619,9,near,socks,night,socks,near,near,socks,night,socks,near,9221.84477353096,2021-12-01T16:47:33.619000,1638368031.7742264
19,13,8,13,Random,-9999,f9fdbd4e9e47e2e0,1.9240000247955322,0.1419999599456787,1638377253.978,8,happy,far,watermelon,happy,far,happy,far,watermelon,happy,far,9222.203773498535,2021-12-01T16:47:33.978000,1638368031.7742264
10,28,19,28,Random,-9999,377fd1b30756b94c,0.3619999885559082,0.2070000171661377,1638377254.06,19,night,watermelon,angry,night,watermelon,night,watermelon,angry,night,watermelon,9222.285773515701,2021-12-01T16:47:34.060000,1638368031.7742264
27,10,25,25,Random,-9999,110da9d09c5237f8,1.8559999465942383,0.13300013542175293,1638377254.654,10,angry,dawn,dusk,dawn,angry,angry,dawn,dusk,dawn,angry,9222.87977361679,2021-12-01T16:47:34.654000,1638368031.7742264
18,21,1,21,Random,-9999,377fd1b30756b94c,0.3619999885559082,0.09600019454956055,1638377254.673,1,field,pants,strawberry,field,pants,field,pants,strawberry,field,pants,9222.898773670197,2021-12-01T16:47:34.673000,1638368031.7742264
1,8,0,8,Random,-9999,377fd1b30756b94c,0.3710000514984131,0.23799991607666016,1638377255.187,0,far,dress,pants,far,dress,far,dress,pants,far,dress,9223.412773609161,2021-12-01T16:47:35.187000,1638368031.7742264
4,19,16,16,Random,-9999,377fd1b30756b94c,0.33299994468688965,0.1420001983642578,1638377255.721,19,watermelon,lemon,socks,lemon,watermelon,watermelon,lemon,socks,lemon,watermelon,9223.946773529053,2021-12-01T16:47:35.721000,1638368031.7742264
16,19,24,19,Random,-9999,110da9d09c5237f8,1.187000036239624,0.07299995422363281,1638377255.921,24,watermelon,sunset,lemon,watermelon,sunset,watermelon,sunset,lemon,watermelon,sunset,9224.146773576736,2021-12-01T16:47:35.921000,1638368031.7742264
6,3,29,29,Random,-9999,377fd1b30756b94c,0.30700016021728516,0.19899988174438477,1638377256.115,3,shoes,noon,below,noon,shoes,shoes,noon,below,noon,shoes,9224.340773582458,2021-12-01T16:47:36.115000,1638368031.7742264
19,22,16,16,Random,-9999,f9fdbd4e9e47e2e0,2.007999897003174,0.14499998092651367,1638377256.247,22,ocean,lemon,watermelon,lemon,ocean,ocean,lemon,watermelon,lemon,ocean,9224.472773551941,2021-12-01T16:47:36.247000,1638368031.7742264
5,22,4,4,Random,-9999,377fd1b30756b94c,0.2980000972747803,0.14399981498718262,1638377256.561,22,ocean,socks,above,socks,ocean,ocean,socks,above,socks,ocean,9224.78677368164,2021-12-01T16:47:36.561000,1638368031.7742264
25,21,14,21,Random,-9999,377fd1b30756b94c,0.6689999103546143,0.24000000953674316,1638377257.47,14,field,sad,dawn,field,sad,field,sad,dawn,field,sad,9225.695773601532,2021-12-01T16:47:37.470000,1638368031.7742264
28,20,0,0,Random,-9999,377fd1b30756b94c,0.372999906539917,0.09300017356872559,1638377257.923,20,beach,dress,night,dress,beach,beach,dress,night,dress,beach,9226.148773670197,2021-12-01T16:47:37.923000,1638368031.7742264
18,1,10,1,Random,-9999,377fd1b30756b94c,0.505000114440918,0.07999992370605469,1638377258.504,10,pants,angry,strawberry,pants,angry,pants,angry,strawberry,pants,angry,9226.729773521423,2021-12-01T16:47:38.504000,1638368031.7742264
1,20,9,9,Random,-9999,f9fdbd4e9e47e2e0,2.194999933242798,0.13700008392333984,1638377258.511,20,beach,near,pants,near,beach,beach,near,pants,near,beach,9226.736773490906,2021-12-01T16:47:38.511000,1638368031.7742264
0,11,21,21,Random,-9999,110da9d09c5237f8,2.6610000133514404,0.07599997520446777,1638377258.709,11,disgust,field,dress,field,disgust,disgust,field,dress,field,disgust,9226.934773683548,2021-12-01T16:47:38.709000,1638368031.7742264
22,12,21,12,Random,-9999,377fd1b30756b94c,0.33500003814697266,0.07599997520446777,1638377258.915,21,fearful,field,ocean,fearful,field,fearful,field,ocean,fearful,field,9227.140773534775,2021-12-01T16:47:38.915000,1638368031.7742264
9,7,28,28,Random,-9999,377fd1b30756b94c,0.7259998321533203,0.07299995422363281,1638377259.713,7,beside,night,near,night,beside,beside,night,near,night,beside,9227.93877363205,2021-12-01T16:47:39.713000,1638368031.7742264
15,10,0,10,Random,-9999,377fd1b30756b94c,0.6710000038146973,0.21500015258789062,1638377260.598,0,angry,dress,blueberry,angry,dress,angry,dress,blueberry,angry,dress,9228.823773622513,2021-12-01T16:47:40.598000,1638368031.7742264
15,7,13,13,Random,-9999,f9fdbd4e9e47e2e0,2.200000047683716,0.13199996948242188,1638377260.845,7,beside,happy,blueberry,happy,beside,beside,happy,blueberry,happy,beside,9229.070773601532,2021-12-01T16:47:40.845000,1638368031.7742264
10,24,8,8,Random,-9999,110da9d09c5237f8,2.115000009536743,0.13100004196166992,1638377260.957,24,sunset,far,angry,far,sunset,sunset,far,angry,far,sunset,9229.182773590088,2021-12-01T16:47:40.957000,1638368031.7742264
8,1,3,3,Random,-9999,377fd1b30756b94c,0.9169998168945312,0.08599996566772461,1638377261.6,1,pants,shoes,far,shoes,pants,pants,shoes,far,shoes,pants,9229.825773477554,2021-12-01T16:47:41.600000,1638368031.7742264
1,21,24,24,Random,-9999,377fd1b30756b94c,0.44900012016296387,0.08100008964538574,1638377262.131,21,field,sunset,pants,sunset,field,field,sunset,pants,sunset,field,9230.356773614883,2021-12-01T16:47:42.131000,1638368031.7742264
10,3,12,12,Random,-9999,377fd1b30756b94c,0.2739999294281006,0.07400012016296387,1638377262.61,3,shoes,fearful,angry,fearful,shoes,shoes,fearful,angry,fearful,shoes,9230.835773468018,2021-12-01T16:47:42.610000,1638368031.7742264
21,5,27,27,Random,-9999,110da9d09c5237f8,1.8329999446868896,0.1419999599456787,1638377262.87,5,above,dusk,field,dusk,above,above,dusk,field,dusk,above,9231.09577345848,2021-12-01T16:47:42.870000,1638368031.7742264
5,15,29,29,Random,-9999,f9fdbd4e9e47e2e0,2.2360000610351562,0.14400005340576172,1638377263.223,15,blueberry,noon,above,noon,blueberry,blueberry,noon,above,noon,blueberry,9231.448773622513,2021-12-01T16:47:43.223000,1638368031.7742264
23,9,22,9,Random,-9999,377fd1b30756b94c,0.751000165939331,0.2049999237060547,1638377263.597,22,near,ocean,sky,near,ocean,near,ocean,sky,near,ocean,9231.822773456573,2021-12-01T16:47:43.597000,1638368031.7742264
10,21,25,25,Random,-9999,377fd1b30756b94c,0.4500000476837158,0.23599982261657715,1638377264.118,21,field,dawn,angry,dawn,field,field,dawn,angry,dawn,field,9232.34377360344,2021-12-01T16:47:44.118000,1638368031.7742264
13,22,1,22,Random,-9999,110da9d09c5237f8,1.6299998760223389,0.07200002670288086,1638377264.572,1,ocean,pants,happy,ocean,pants,ocean,pants,happy,ocean,pants,9232.797773599625,2021-12-01T16:47:44.572000,1638368031.7742264
18,5,1,5,Random,-9999,377fd1b30756b94c,0.5469999313354492,0.0710000991821289,1638377264.738,1,above,pants,strawberry,above,pants,above,pants,strawberry,above,pants,9232.963773488998,2021-12-01T16:47:44.738000,1638368031.7742264
9,4,21,4,Random,-9999,377fd1b30756b94c,0.3689999580383301,0.07400012016296387,1638377265.198,21,socks,field,near,socks,field,socks,field,near,socks,field,9233.423773527145,2021-12-01T16:47:45.198000,1638368031.7742264
13,23,27,27,Random,-9999,377fd1b30756b94c,0.562000036239624,0.09399986267089844,1638377265.835,23,sky,dusk,happy,dusk,sky,sky,dusk,happy,dusk,sky,9234.060773611069,2021-12-01T16:47:45.835000,1638368031.7742264
21,3,16,16,Random,-9999,377fd1b30756b94c,0.33899998664855957,0.07200002670288086,1638377266.249,3,shoes,lemon,field,lemon,shoes,shoes,lemon,field,lemon,shoes,9234.474773645401,2021-12-01T16:47:46.249000,1638368031.7742264
0,12,27,27,Random,-9999,f9fdbd4e9e47e2e0,3.2029998302459717,0.13100004196166992,1638377266.559,12,fearful,dusk,dress,dusk,fearful,fearful,dusk,dress,dusk,fearful,9234.78477358818,2021-12-01T16:47:46.559000,1638368031.7742264
0,24,11,11,Random,-9999,377fd1b30756b94c,0.75,0.10399985313415527,1638377267.26,24,sunset,disgust,dress,disgust,sunset,sunset,disgust,dress,disgust,sunset,9235.485773563385,2021-12-01T16:47:47.260000,1638368031.7742264
15,6,27,6,Random,-9999,377fd1b30756b94c,0.375,0.23399996757507324,1638377267.787,27,below,dusk,blueberry,below,dusk,below,dusk,blueberry,below,dusk,9236.012773513794,2021-12-01T16:47:47.787000,1638368031.7742264
21,6,26,26,Random,-9999,377fd1b30756b94c,0.39499998092651367,0.15000009536743164,1638377268.311,6,below,day,field,day,below,below,day,field,day,below,9236.53677368164,2021-12-01T16:47:48.311000,1638368031.7742264
26,9,4,9,Random,-9999,110da9d09c5237f8,3.7769999504089355,0.0710000991821289,1638377268.48,4,near,socks,day,near,socks,near,socks,day,near,socks,9236.705773591995,2021-12-01T16:47:48.480000,1638368031.7742264
9,7,26,7,Random,-9999,f9fdbd4e9e47e2e0,2.2079999446868896,0.1359999179840088,1638377268.899,26,beside,day,near,beside,day,beside,day,near,beside,day,9237.12477350235,2021-12-01T16:47:48.899000,1638368031.7742264
24,0,10,0,Random,-9999,377fd1b30756b94c,0.7710001468658447,0.12999987602233887,1638377269.177,10,dress,angry,sunset,dress,angry,dress,angry,sunset,dress,angry,9237.402773618698,2021-12-01T16:47:49.177000,1638368031.7742264
5,28,8,8,Random,-9999,377fd1b30756b94c,0.4100000858306885,0.21499991416931152,1638377269.781,28,night,far,above,far,night,night,far,above,far,night,9238.006773471832,2021-12-01T16:47:49.781000,1638368031.7742264
1,17,23,23,Random,-9999,377fd1b30756b94c,0.3269999027252197,0.0989999771118164,1638377270.206,17,mango,sky,pants,sky,mango,mango,sky,pants,sky,mango,9238.431773662567,2021-12-01T16:47:50.206000,1638368031.7742264
6,9,7,7,Random,-9999,110da9d09c5237f8,2.5280001163482666,0.14599990844726562,1638377271.151,9,near,beside,below,beside,near,near,beside,below,beside,near,9239.37677359581,2021-12-01T16:47:51.151000,1638368031.7742264
1,26,12,26,Random,-9999,377fd1b30756b94c,1.3259999752044678,0.23100018501281738,1638377271.849,12,day,fearful,pants,day,fearful,day,fearful,pants,day,fearful,9240.074773550034,2021-12-01T16:47:51.849000,1638368031.7742264
22,1,4,1,Random,-9999,f9fdbd4e9e47e2e0,2.9170000553131104,0.14100003242492676,1638377271.958,4,pants,socks,ocean,pants,socks,pants,socks,ocean,pants,socks,9240.183773517609,2021-12-01T16:47:51.958000,1638368031.7742264
23,9,18,18,Random,-9999,377fd1b30756b94c,0.3600001335144043,0.21599984169006348,1638377272.505,9,near,strawberry,sky,strawberry,near,near,strawberry,sky,strawberry,near,9240.730773687363,2021-12-01T16:47:52.505000,1638368031.7742264
21,2,23,23,Random,-9999,377fd1b30756b94c,0.49000000953674316,0.25499987602233887,1638377273.083,2,shirt,sky,field,sky,shirt,shirt,sky,field,sky,shirt,9241.308773517609,2021-12-01T16:47:53.083000,1638368031.7742264
10,21,28,21,Random,-9999,377fd1b30756b94c,0.9300000667572021,0.08800005912780762,1638377274.102,28,field,night,angry,field,night,field,night,angry,field,night,9242.327773571014,2021-12-01T16:47:54.102000,1638368031.7742264
14,4,15,4,Random,-9999,110da9d09c5237f8,3.385999917984009,0.125,1638377274.664,15,socks,blueberry,sad,socks,blueberry,socks,blueberry,sad,socks,blueberry,9242.889773607254,2021-12-01T16:47:54.664000,1638368031.7742264
22,6,4,4,Random,-9999,377fd1b30756b94c,0.5090000629425049,0.09099984169006348,1638377274.701,6,below,socks,ocean,socks,below,below,socks,ocean,socks,below,9242.926773548126,2021-12-01T16:47:54.701000,1638368031.7742264
1,9,29,9,Random,-9999,f9fdbd4e9e47e2e0,2.884999990463257,0.1359999179840088,1638377274.975,29,near,noon,pants,near,noon,near,noon,pants,near,noon,9243.200773477554,2021-12-01T16:47:54.975000,1638368031.7742264
22,14,12,12,Random,-9999,377fd1b30756b94c,0.32899999618530273,0.07400012016296387,1638377275.117,14,sad,fearful,ocean,fearful,sad,sad,fearful,ocean,fearful,sad,9243.342773675919,2021-12-01T16:47:55.117000,1638368031.7742264
16,25,6,25,Random,-9999,377fd1b30756b94c,0.5169999599456787,0.10699987411499023,1638377275.729,6,dawn,below,lemon,dawn,below,dawn,below,lemon,dawn,below,9243.954773664474,2021-12-01T16:47:55.729000,1638368031.7742264
1,0,26,0,Random,-9999,110da9d09c5237f8,1.5930001735687256,0.12999987602233887,1638377276.326,26,dress,day,pants,dress,day,dress,day,pants,dress,day,9244.551773548126,2021-12-01T16:47:56.326000,1638368031.7742264
14,24,4,4,Random,-9999,377fd1b30756b94c,0.8359999656677246,0.07300019264221191,1638377276.7,24,sunset,socks,sad,socks,sunset,sunset,socks,sad,socks,sunset,9244.925773620605,2021-12-01T16:47:56.700000,1638368031.7742264
16,14,21,14,Random,-9999,377fd1b30756b94c,0.45799994468688965,0.13499999046325684,1638377277.246,21,sad,field,lemon,sad,field,sad,field,lemon,sad,field,9245.47177362442,2021-12-01T16:47:57.246000,1638368031.7742264
11,3,15,15,Random,-9999,377fd1b30756b94c,0.41100001335144043,0.08699989318847656,1638377277.749,3,shoes,blueberry,disgust,blueberry,shoes,shoes,blueberry,disgust,blueberry,shoes,9245.974773645401,2021-12-01T16:47:57.749000,1638368031.7742264
24,25,23,23,Random,-9999,f9fdbd4e9e47e2e0,2.8320000171661377,0.1419999599456787,1638377277.95,25,dawn,sky,sunset,sky,dawn,dawn,sky,sunset,sky,dawn,9246.175773620605,2021-12-01T16:47:57.950000,1638368031.7742264
11,10,22,10,Random,-9999,110da9d09c5237f8,1.5959999561309814,0.0709998607635498,1638377277.993,22,angry,ocean,disgust,angry,ocean,angry,ocean,disgust,angry,ocean,9246.21877360344,2021-12-01T16:47:57.993000,1638368031.7742264
13,12,8,8,Random,-9999,377fd1b30756b94c,0.4330000877380371,0.10400009155273438,1638377278.265,12,fearful,far,happy,far,fearful,fearful,far,happy,far,fearful,9246.490773677826,2021-12-01T16:47:58.265000,1638368031.7742264
28,3,8,8,Random,-9999,377fd1b30756b94c,0.30499982833862305,0.07299995422363281,1638377278.799,3,shoes,far,night,far,shoes,shoes,far,night,far,shoes,9247.024773597717,2021-12-01T16:47:58.799000,1638368031.7742264
21,11,3,3,Random,-9999,377fd1b30756b94c,0.3430001735687256,0.22699999809265137,1638377279.214,11,disgust,shoes,field,shoes,disgust,disgust,shoes,field,shoes,disgust,9247.43977355957,2021-12-01T16:47:59.214000,1638368031.7742264
24,21,23,23,Random,-9999,f9fdbd4e9e47e2e0,1.6979999542236328,0.13400006294250488,1638377279.729,21,field,sky,sunset,sky,field,field,sky,sunset,sky,field,9247.954773664474,2021-12-01T16:47:59.729000,1638368031.7742264
27,18,12,12,Random,-9999,377fd1b30756b94c,0.46000003814697266,0.10899996757507324,1638377279.848,18,strawberry,fearful,dusk,fearful,strawberry,strawberry,fearful,dusk,fearful,strawberry,9248.073773622513,2021-12-01T16:47:59.848000,1638368031.7742264
27,3,22,22,Random,-9999,110da9d09c5237f8,2.0870001316070557,0.07200002670288086,1638377280.216,3,shoes,ocean,dusk,ocean,shoes,shoes,ocean,dusk,ocean,shoes,9248.44177365303,2021-12-01T16:48:00.216000,1638368031.7742264
28,22,0,0,Random,-9999,377fd1b30756b94c,0.3380000591278076,0.1359999179840088,1638377280.256,22,ocean,dress,night,dress,ocean,ocean,dress,night,dress,ocean,9248.481773614883,2021-12-01T16:48:00.256000,1638368031.7742264
20,12,22,12,Random,-9999,377fd1b30756b94c,1.2599999904632568,0.11500000953674316,1638377281.633,22,fearful,ocean,beach,fearful,ocean,fearful,ocean,beach,fearful,ocean,9249.858773469925,2021-12-01T16:48:01.633000,1638368031.7742264
28,6,23,23,Random,-9999,f9fdbd4e9e47e2e0,2.1480000019073486,0.0820000171661377,1638377282.01,6,below,sky,night,sky,below,below,sky,night,sky,below,9250.235773563385,2021-12-01T16:48:02.010000,1638368031.7742264
4,11,16,11,Random,-9999,377fd1b30756b94c,0.43000006675720215,0.07599997520446777,1638377282.137,16,disgust,lemon,socks,disgust,lemon,disgust,lemon,socks,disgust,lemon,9250.362773656845,2021-12-01T16:48:02.137000,1638368031.7742264
22,17,10,17,Random,-9999,377fd1b30756b94c,0.30100011825561523,0.33099985122680664,1638377282.772,10,mango,angry,ocean,mango,angry,mango,angry,ocean,mango,angry,9250.997773647308,2021-12-01T16:48:02.772000,1638368031.7742264
28,7,0,0,Random,-9999,110da9d09c5237f8,2.6440000534057617,0.13100004196166992,1638377282.984,7,beside,dress,night,dress,beside,beside,dress,night,dress,beside,9251.209773540497,2021-12-01T16:48:02.984000,1638368031.7742264
10,22,13,22,Random,-9999,377fd1b30756b94c,0.29600000381469727,0.2330000400543213,1638377283.388,13,ocean,happy,angry,ocean,happy,ocean,happy,angry,ocean,happy,9251.613773584366,2021-12-01T16:48:03.388000,1638368031.7742264
21,6,3,6,Random,-9999,377fd1b30756b94c,0.36500000953674316,0.2199997901916504,1638377284.05,3,below,shoes,field,below,shoes,below,shoes,field,below,shoes,9252.275773525238,2021-12-01T16:48:04.050000,1638368031.7742264
2,3,16,3,Random,-9999,f9fdbd4e9e47e2e0,2.080000162124634,0.1359999179840088,1638377284.23,16,shoes,lemon,shirt,shoes,lemon,shoes,lemon,shirt,shoes,lemon,9252.455773591995,2021-12-01T16:48:04.230000,1638368031.7742264
10,15,4,15,Random,-9999,377fd1b30756b94c,0.379000186920166,0.2369999885559082,1638377284.556,4,blueberry,socks,angry,blueberry,socks,blueberry,socks,angry,blueberry,socks,9252.7817735672,2021-12-01T16:48:04.556000,1638368031.7742264
9,7,24,7,Random,-9999,377fd1b30756b94c,0.28999996185302734,0.12899994850158691,1638377284.918,24,beside,sunset,near,beside,sunset,beside,sunset,near,beside,sunset,9253.143773555756,2021-12-01T16:48:04.918000,1638368031.7742264
17,29,12,29,Random,-9999,110da9d09c5237f8,2.2290000915527344,0.13699984550476074,1638377285.352,12,noon,fearful,mango,noon,fearful,noon,fearful,mango,noon,fearful,9253.577773571014,2021-12-01T16:48:05.352000,1638368031.7742264
12,13,25,25,Random,-9999,377fd1b30756b94c,0.9639999866485596,0.19099998474121094,1638377286.139,13,happy,dawn,fearful,dawn,happy,happy,dawn,fearful,dawn,happy,9254.364773511887,2021-12-01T16:48:06.139000,1638368031.7742264
5,27,7,27,Random,-9999,377fd1b30756b94c,0.9279999732971191,0.1380000114440918,1638377287.191,7,dusk,beside,above,dusk,beside,dusk,beside,above,dusk,beside,9255.416773557663,2021-12-01T16:48:07.191000,1638368031.7742264
16,24,23,23,Random,-9999,f9fdbd4e9e47e2e0,3.0859999656677246,0.14699983596801758,1638377287.464,24,sunset,sky,lemon,sky,sunset,sunset,sky,lemon,sky,sunset,9255.68977355957,2021-12-01T16:48:07.464000,1638368031.7742264
2,6,25,6,Random,-9999,110da9d09c5237f8,2.1649999618530273,0.12599992752075195,1638377287.643,25,below,dawn,shirt,below,dawn,below,dawn,shirt,below,dawn,9255.868773460388,2021-12-01T16:48:07.643000,1638368031.7742264
23,14,4,4,Random,-9999,377fd1b30756b94c,0.501000165939331,0.13299989700317383,1638377287.773,14,sad,socks,sky,socks,sad,sad,socks,sky,socks,sad,9255.99877357483,2021-12-01T16:48:07.773000,1638368031.7742264
7,4,13,4,Random,-9999,377fd1b30756b94c,0.5169999599456787,0.07399988174438477,1638377288.365,13,socks,happy,beside,socks,happy,socks,happy,beside,socks,happy,9256.590773582458,2021-12-01T16:48:08.365000,1638368031.7742264
3,15,0,15,Random,-9999,377fd1b30756b94c,0.6059999465942383,0.07400012016296387,1638377289.043,0,blueberry,dress,shoes,blueberry,dress,blueberry,dress,shoes,blueberry,dress,9257.268773555756,2021-12-01T16:48:09.043000,1638368031.7742264
17,21,19,21,Random,-9999,377fd1b30756b94c,0.5439999103546143,0.07299995422363281,1638377289.684,19,field,watermelon,mango,field,watermelon,field,watermelon,mango,field,watermelon,9257.90977358818,2021-12-01T16:48:09.684000,1638368031.7742264
8,24,18,24,Random,-9999,110da9d09c5237f8,2.4100000858306885,0.13400006294250488,1638377290.186,18,sunset,strawberry,far,sunset,strawberry,sunset,strawberry,far,sunset,strawberry,9258.41177368164,2021-12-01T16:48:10.186000,1638368031.7742264
16,8,18,8,Random,-9999,377fd1b30756b94c,0.6200001239776611,0.15400004386901855,1638377290.441,18,far,strawberry,lemon,far,strawberry,far,strawberry,lemon,far,strawberry,9258.666773557663,2021-12-01T16:48:10.441000,1638368031.7742264
10,24,4,4,Random,-9999,377fd1b30756b94c,0.5120000839233398,0.08099985122680664,1638377291.026,24,sunset,socks,angry,socks,sunset,sunset,socks,angry,socks,sunset,9259.25177359581,2021-12-01T16:48:11.026000,1638368031.7742264
8,15,9,9,Random,-9999,110da9d09c5237f8,1.5870001316070557,0.12899994850158691,1638377291.842,15,blueberry,near,far,near,blueberry,blueberry,near,far,near,blueberry,9260.067773580551,2021-12-01T16:48:11.842000,1638368031.7742264
11,3,27,3,Random,-9999,377fd1b30756b94c,0.7880001068115234,0.07299995422363281,1638377291.891,27,shoes,dusk,disgust,shoes,dusk,shoes,dusk,disgust,shoes,dusk,9260.116773605347,2021-12-01T16:48:11.891000,1638368031.7742264
27,19,16,16,Random,-9999,377fd1b30756b94c,0.4369997978210449,0.09200000762939453,1638377292.424,19,watermelon,lemon,dusk,lemon,watermelon,watermelon,lemon,dusk,lemon,watermelon,9260.649773597717,2021-12-01T16:48:12.424000,1638368031.7742264
15,24,21,24,Random,-9999,377fd1b30756b94c,0.4960000514984131,0.08100008964538574,1638377292.995,21,sunset,field,blueberry,sunset,field,sunset,field,blueberry,sunset,field,9261.22077345848,2021-12-01T16:48:12.995000,1638368031.7742264
21,23,17,23,Random,-9999,f9fdbd4e9e47e2e0,5.743000030517578,0.13499999046325684,1638377293.344,17,sky,mango,field,sky,mango,sky,mango,field,sky,mango,9261.569773674011,2021-12-01T16:48:13.344000,1638368031.7742264
23,3,0,0,Random,-9999,377fd1b30756b94c,0.440000057220459,0.07299995422363281,1638377293.508,3,shoes,dress,sky,dress,shoes,shoes,dress,sky,dress,shoes,9261.733773469925,2021-12-01T16:48:13.508000,1638368031.7742264
23,20,9,20,Random,-9999,110da9d09c5237f8,1.7870001792907715,0.07199978828430176,1638377293.702,9,beach,near,sky,beach,near,beach,near,sky,beach,near,9261.927773475647,2021-12-01T16:48:13.702000,1638368031.7742264
22,29,8,29,Random,-9999,377fd1b30756b94c,0.4570000171661377,0.07299995422363281,1638377294.039,8,noon,far,ocean,noon,far,noon,far,ocean,noon,far,9262.264773607254,2021-12-01T16:48:14.039000,1638368031.7742264
26,27,20,20,Random,-9999,377fd1b30756b94c,0.9129998683929443,0.07500004768371582,1638377295.036,27,dusk,beach,day,beach,dusk,dusk,beach,day,beach,dusk,9263.261773586273,2021-12-01T16:48:15.036000,1638368031.7742264
15,17,16,17,Random,-9999,110da9d09c5237f8,1.4030001163482666,0.0709998607635498,1638377295.175,16,mango,lemon,blueberry,mango,lemon,mango,lemon,blueberry,mango,lemon,9263.400773525238,2021-12-01T16:48:15.175000,1638368031.7742264
21,8,29,29,Random,-9999,377fd1b30756b94c,0.4200000762939453,0.08699989318847656,1638377295.57,8,far,noon,field,noon,far,far,noon,field,noon,far,9263.795773506165,2021-12-01T16:48:15.570000,1638368031.7742264
24,11,27,11,Random,-9999,377fd1b30756b94c,0.40400004386901855,0.1099998950958252,1638377296.082,27,disgust,dusk,sunset,disgust,dusk,disgust,dusk,sunset,disgust,dusk,9264.307773590088,2021-12-01T16:48:16.082000,1638368031.7742264
8,26,2,2,Random,-9999,377fd1b30756b94c,0.6089999675750732,0.1100001335144043,1638377296.765,26,day,shirt,far,shirt,day,day,shirt,far,shirt,day,9264.990773677826,2021-12-01T16:48:16.765000,1638368031.7742264
20,14,21,21,Random,-9999,377fd1b30756b94c,0.4759998321533203,0.08500003814697266,1638377297.324,14,sad,field,beach,field,sad,sad,field,beach,field,sad,9265.549773454666,2021-12-01T16:48:17.324000,1638368031.7742264
15,24,18,24,Random,-9999,377fd1b30756b94c,0.6319999694824219,0.0710000991821289,1638377298.064,18,sunset,strawberry,blueberry,sunset,strawberry,sunset,strawberry,blueberry,sunset,strawberry,9266.289773464203,2021-12-01T16:48:18.064000,1638368031.7742264
24,29,10,29,Random,-9999,110da9d09c5237f8,3.0250000953674316,0.0709998607635498,1638377298.343,10,noon,angry,sunset,noon,angry,noon,angry,sunset,noon,angry,9266.568773508072,2021-12-01T16:48:18.343000,1638368031.7742264
23,14,29,14,Random,-9999,377fd1b30756b94c,1.0150001049041748,0.16199994087219238,1638377299.23,29,sad,noon,sky,sad,noon,sad,noon,sky,sad,noon,9267.455773591995,2021-12-01T16:48:19.230000,1638368031.7742264
11,7,27,27,Random,-9999,377fd1b30756b94c,0.8450000286102295,0.1119999885559082,1638377300.16,7,beside,dusk,disgust,dusk,beside,beside,dusk,disgust,dusk,beside,9268.385773658752,2021-12-01T16:48:20.160000,1638368031.7742264
2,17,16,16,Random,-9999,377fd1b30756b94c,0.3399999141693115,0.127000093460083,1638377300.627,17,mango,lemon,shirt,lemon,mango,mango,lemon,shirt,lemon,mango,9268.852773666382,2021-12-01T16:48:20.627000,1638368031.7742264
29,22,1,22,Random,-9999,f9fdbd4e9e47e2e0,7.328999996185303,0.14800000190734863,1638377300.817,1,ocean,pants,noon,ocean,pants,ocean,pants,noon,ocean,pants,9269.042773485184,2021-12-01T16:48:20.817000,1638368031.7742264
28,14,12,12,Random,-9999,110da9d09c5237f8,2.4129998683929443,0.14700007438659668,1638377300.9,14,sad,fearful,night,fearful,sad,sad,fearful,night,fearful,sad,9269.12577366829,2021-12-01T16:48:20.900000,1638368031.7742264
7,22,20,20,Random,-9999,377fd1b30756b94c,0.7360000610351562,0.19700002670288086,1638377301.559,22,ocean,beach,beside,beach,ocean,ocean,beach,beside,beach,ocean,9269.78477358818,2021-12-01T16:48:21.559000,1638368031.7742264
13,18,20,20,Random,-9999,377fd1b30756b94c,0.4160001277923584,0.09599995613098145,1638377302.073,18,strawberry,beach,happy,beach,strawberry,strawberry,beach,happy,beach,strawberry,9270.298773527145,2021-12-01T16:48:22.073000,1638368031.7742264
23,3,9,9,Random,-9999,377fd1b30756b94c,0.2990000247955322,0.08899998664855957,1638377302.459,3,shoes,near,sky,near,shoes,shoes,near,sky,near,shoes,9270.684773683548,2021-12-01T16:48:22.459000,1638368031.7742264
11,15,10,10,Random,-9999,f9fdbd4e9e47e2e0,1.6449999809265137,0.13499999046325684,1638377302.536,15,blueberry,angry,disgust,angry,blueberry,blueberry,angry,disgust,angry,blueberry,9270.761773586273,2021-12-01T16:48:22.536000,1638368031.7742264
28,24,17,17,Random,-9999,377fd1b30756b94c,0.4570000171661377,0.07299995422363281,1638377302.989,24,sunset,mango,night,mango,sunset,sunset,mango,night,mango,sunset,9271.214773654938,2021-12-01T16:48:22.989000,1638368031.7742264
28,0,26,26,Random,-9999,377fd1b30756b94c,0.559999942779541,0.08800005912780762,1638377303.637,0,dress,day,night,day,dress,dress,day,night,day,dress,9271.862773656845,2021-12-01T16:48:23.637000,1638368031.7742264
16,8,10,10,Random,-9999,377fd1b30756b94c,0.4070000648498535,0.07500004768371582,1638377304.12,8,far,angry,lemon,angry,far,far,angry,lemon,angry,far,9272.34577345848,2021-12-01T16:48:24.120000,1638368031.7742264
9,15,27,27,Random,-9999,110da9d09c5237f8,3.2259998321533203,0.14300012588500977,1638377304.267,15,blueberry,dusk,near,dusk,blueberry,blueberry,dusk,near,dusk,blueberry,9272.492773532867,2021-12-01T16:48:24.267000,1638368031.7742264
20,13,4,13,Random,-9999,f9fdbd4e9e47e2e0,1.7939999103546143,0.07599997520446777,1638377304.405,4,happy,socks,beach,happy,socks,happy,socks,beach,happy,socks,9272.630773544312,2021-12-01T16:48:24.405000,1638368031.7742264
7,6,13,13,Random,-9999,377fd1b30756b94c,0.8940000534057617,0.09499979019165039,1638377305.116,6,below,happy,beside,happy,below,below,happy,beside,happy,below,9273.34177350998,2021-12-01T16:48:25.116000,1638368031.7742264
23,28,8,28,Random,-9999,f9fdbd4e9e47e2e0,1.8589999675750732,0.07500004768371582,1638377306.349,8,night,far,sky,night,far,night,far,sky,night,far,9274.574773550034,2021-12-01T16:48:26.349000,1638368031.7742264
9,23,26,23,Random,-9999,377fd1b30756b94c,1.6670000553131104,0.07899999618530273,1638377306.853,26,sky,day,near,sky,day,sky,day,near,sky,day,9275.078773498535,2021-12-01T16:48:26.853000,1638368031.7742264
12,4,8,8,Random,-9999,110da9d09c5237f8,2.7810001373291016,0.13499999046325684,1638377307.177,4,socks,far,fearful,far,socks,socks,far,fearful,far,socks,9275.402773618698,2021-12-01T16:48:27.177000,1638368031.7742264
18,4,26,26,Random,-9999,377fd1b30756b94c,0.48600006103515625,0.08999991416931152,1638377307.499,4,socks,day,strawberry,day,socks,socks,day,strawberry,day,socks,9275.724773645401,2021-12-01T16:48:27.499000,1638368031.7742264
10,17,22,17,Random,-9999,377fd1b30756b94c,0.4159998893737793,0.20000004768371582,1638377308.156,22,mango,ocean,angry,mango,ocean,mango,ocean,angry,mango,ocean,9276.381773471832,2021-12-01T16:48:28.156000,1638368031.7742264
15,8,26,26,Random,-9999,f9fdbd4e9e47e2e0,2.0869998931884766,0.08000016212463379,1638377308.562,8,far,day,blueberry,day,far,far,day,blueberry,day,far,9276.787773609161,2021-12-01T16:48:28.562000,1638368031.7742264
29,26,7,26,Random,-9999,110da9d09c5237f8,1.433000087738037,0.1399998664855957,1638377308.69,7,day,beside,noon,day,beside,day,beside,noon,day,beside,9276.915773630142,2021-12-01T16:48:28.690000,1638368031.7742264
8,9,20,9,Random,-9999,377fd1b30756b94c,0.877000093460083,0.1830000877380371,1638377309.203,20,near,beach,far,near,beach,near,beach,far,near,beach,9277.428773641586,2021-12-01T16:48:29.203000,1638368031.7742264
29,10,5,10,Random,-9999,377fd1b30756b94c,0.6189999580383301,0.17100000381469727,1638377309.897,5,angry,above,noon,angry,above,angry,above,noon,angry,above,9278.122773647308,2021-12-01T16:48:29.897000,1638368031.7742264
6,29,17,29,Random,-9999,f9fdbd4e9e47e2e0,1.8540000915527344,0.14899992942810059,1638377310.509,17,noon,mango,below,noon,mango,noon,mango,below,noon,mango,9278.734773635864,2021-12-01T16:48:30.509000,1638368031.7742264
16,11,5,5,Random,-9999,377fd1b30756b94c,0.6089999675750732,0.07399988174438477,1638377310.645,11,disgust,above,lemon,above,disgust,disgust,above,lemon,above,disgust,9278.870773553848,2021-12-01T16:48:30.645000,1638368031.7742264
25,27,24,24,Random,-9999,377fd1b30756b94c,0.8039999008178711,0.19700002670288086,1638377311.713,27,dusk,sunset,dawn,sunset,dusk,dusk,sunset,dawn,sunset,dusk,9279.93877363205,2021-12-01T16:48:31.713000,1638368031.7742264
26,21,14,14,Random,-9999,377fd1b30756b94c,0.630000114440918,0.24600005149841309,1638377312.458,21,field,sad,day,sad,field,field,sad,day,sad,field,9280.683773517609,2021-12-01T16:48:32.458000,1638368031.7742264
17,3,9,9,Random,-9999,110da9d09c5237f8,3.868000030517578,0.07299995422363281,1638377312.693,3,shoes,near,mango,near,shoes,shoes,near,mango,near,shoes,9280.918773651123,2021-12-01T16:48:32.693000,1638368031.7742264
4,21,12,12,Random,-9999,377fd1b30756b94c,0.3619999885559082,0.07399988174438477,1638377312.889,21,field,fearful,socks,fearful,field,field,fearful,socks,fearful,field,9281.114773511887,2021-12-01T16:48:32.889000,1638368031.7742264
9,15,27,27,Random,-9999,377fd1b30756b94c,0.46399998664855957,0.09200000762939453,1638377313.462,15,blueberry,dusk,near,dusk,blueberry,blueberry,dusk,near,dusk,blueberry,9281.68777346611,2021-12-01T16:48:33.462000,1638368031.7742264
28,3,5,5,Random,-9999,f9fdbd4e9e47e2e0,2.9119999408721924,0.07200002670288086,1638377313.548,3,shoes,above,night,above,shoes,shoes,above,night,above,shoes,9281.773773670197,2021-12-01T16:48:33.548000,1638368031.7742264
7,13,19,13,Random,-9999,377fd1b30756b94c,0.620999813079834,0.10400009155273438,1638377314.17,19,happy,watermelon,beside,happy,watermelon,happy,watermelon,beside,happy,watermelon,9282.395773649216,2021-12-01T16:48:34.170000,1638368031.7742264
8,9,29,9,Random,-9999,110da9d09c5237f8,1.6340000629425049,0.1380000114440918,1638377314.404,29,near,noon,far,near,noon,near,noon,far,near,noon,9282.62977361679,2021-12-01T16:48:34.404000,1638368031.7742264
3,11,4,11,Random,-9999,377fd1b30756b94c,0.32199978828430176,0.07400012016296387,1638377314.565,4,disgust,socks,shoes,disgust,socks,disgust,socks,shoes,disgust,socks,9282.790773630142,2021-12-01T16:48:34.565000,1638368031.7742264
24,23,6,23,Random,-9999,377fd1b30756b94c,0.3249998092651367,0.07700014114379883,1638377315.034,6,sky,below,sunset,sky,below,sky,below,sunset,sky,below,9283.259773492813,2021-12-01T16:48:35.034000,1638368031.7742264
13,24,17,24,Random,-9999,f9fdbd4e9e47e2e0,2.0149998664855957,0.13400006294250488,1638377315.7,17,sunset,mango,happy,sunset,mango,sunset,mango,happy,sunset,mango,9283.925773620605,2021-12-01T16:48:35.700000,1638368031.7742264
2,13,25,25,Random,-9999,377fd1b30756b94c,0.940000057220459,0.14400005340576172,1638377316.051,13,happy,dawn,shirt,dawn,happy,happy,dawn,shirt,dawn,happy,9284.276773691177,2021-12-01T16:48:36.051000,1638368031.7742264
18,3,25,25,Random,-9999,377fd1b30756b94c,0.38300013542175293,0.07299995422363281,1638377316.542,3,shoes,dawn,strawberry,dawn,shoes,shoes,dawn,strawberry,dawn,shoes,9284.767773628235,2021-12-01T16:48:36.542000,1638368031.7742264
23,6,15,15,Random,-9999,110da9d09c5237f8,2.5759999752044678,0.0709998607635498,1638377317.112,6,below,blueberry,sky,blueberry,below,below,blueberry,sky,blueberry,below,9285.337773561478,2021-12-01T16:48:37.112000,1638368031.7742264
8,23,27,23,Random,-9999,377fd1b30756b94c,1.187999963760376,0.1099998950958252,1638377317.805,27,sky,dusk,far,sky,dusk,sky,dusk,far,sky,dusk,9286.030773639679,2021-12-01T16:48:37.805000,1638368031.7742264
3,26,20,20,Random,-9999,377fd1b30756b94c,0.49499988555908203,0.07400012016296387,1638377318.373,26,day,beach,shoes,beach,day,day,beach,shoes,beach,day,9286.598773479462,2021-12-01T16:48:38.373000,1638368031.7742264
9,22,12,22,Random,-9999,f9fdbd4e9e47e2e0,2.633000135421753,0.13899993896484375,1638377318.474,12,ocean,fearful,near,ocean,fearful,ocean,fearful,near,ocean,fearful,9286.699773550034,2021-12-01T16:48:38.474000,1638368031.7742264
0,14,1,14,Random,-9999,377fd1b30756b94c,0.4399998188018799,0.07400012016296387,1638377318.887,1,sad,pants,dress,sad,pants,sad,pants,dress,sad,pants,9287.112773656845,2021-12-01T16:48:38.887000,1638368031.7742264
8,0,20,20,Random,-9999,110da9d09c5237f8,2.455000162124634,0.1419999599456787,1638377319.708,0,dress,beach,far,beach,dress,dress,beach,far,beach,dress,9287.933773517609,2021-12-01T16:48:39.708000,1638368031.7742264
28,22,0,0,Random,-9999,377fd1b30756b94c,0.624000072479248,0.2850000858306885,1638377319.795,22,ocean,dress,night,dress,ocean,ocean,dress,night,dress,ocean,9288.020773649216,2021-12-01T16:48:39.795000,1638368031.7742264
1,12,6,6,Random,-9999,f9fdbd4e9e47e2e0,1.7729997634887695,0.1380000114440918,1638377320.325,12,fearful,below,pants,below,fearful,fearful,below,pants,below,fearful,9288.550773620605,2021-12-01T16:48:40.325000,1638368031.7742264
27,24,16,24,Random,-9999,377fd1b30756b94c,0.5450000762939453,0.07200002670288086,1638377320.413,16,sunset,lemon,dusk,sunset,lemon,sunset,lemon,dusk,sunset,lemon,9288.638773679733,2021-12-01T16:48:40.413000,1638368031.7742264
22,24,28,28,Random,-9999,377fd1b30756b94c,0.4269998073577881,0.0710000991821289,1638377320.922,24,sunset,night,ocean,night,sunset,sunset,night,ocean,night,sunset,9289.147773504257,2021-12-01T16:48:40.922000,1638368031.7742264
11,15,25,25,Random,-9999,377fd1b30756b94c,0.3250000476837158,0.08599996566772461,1638377321.322,15,blueberry,dawn,disgust,dawn,blueberry,blueberry,dawn,disgust,dawn,blueberry,9289.547773599625,2021-12-01T16:48:41.322000,1638368031.7742264
23,27,24,24,Random,-9999,377fd1b30756b94c,0.5169999599456787,0.07500004768371582,1638377321.913,27,dusk,sunset,sky,sunset,dusk,dusk,sunset,sky,sunset,dusk,9290.138773679733,2021-12-01T16:48:41.913000,1638368031.7742264
2,22,17,22,Random,-9999,110da9d09c5237f8,2.2720000743865967,0.1359999179840088,1638377322.115,17,ocean,mango,shirt,ocean,mango,ocean,mango,shirt,ocean,mango,9290.340773582458,2021-12-01T16:48:42.115000,1638368031.7742264
20,22,28,22,Random,-9999,f9fdbd4e9e47e2e0,1.7799999713897705,0.07899999618530273,1638377322.213,28,ocean,night,beach,ocean,night,ocean,night,beach,ocean,night,9290.43877363205,2021-12-01T16:48:42.213000,1638368031.7742264
1,21,15,15,Random,-9999,377fd1b30756b94c,0.30699992179870605,0.08100008964538574,1638377322.303,21,field,blueberry,pants,blueberry,field,field,blueberry,pants,blueberry,field,9290.528773546219,2021-12-01T16:48:42.303000,1638368031.7742264
1,29,10,10,Random,-9999,377fd1b30756b94c,0.3559999465942383,0.07899999618530273,1638377322.836,29,noon,angry,pants,angry,noon,noon,angry,pants,angry,noon,9291.06177353859,2021-12-01T16:48:42.836000,1638368031.7742264
25,2,11,2,Random,-9999,377fd1b30756b94c,0.750999927520752,0.17400002479553223,1638377323.661,11,shirt,disgust,dawn,shirt,disgust,shirt,disgust,dawn,shirt,disgust,9291.886773586273,2021-12-01T16:48:43.661000,1638368031.7742264
9,2,8,8,Random,-9999,110da9d09c5237f8,1.5469999313354492,0.1420001983642578,1638377323.742,2,shirt,far,near,far,shirt,shirt,far,near,far,shirt,9291.967773675919,2021-12-01T16:48:43.742000,1638368031.7742264
2,3,10,3,Random,-9999,f9fdbd4e9e47e2e0,1.4749999046325684,0.11400008201599121,1638377323.791,10,shoes,angry,shirt,shoes,angry,shoes,angry,shirt,shoes,angry,9292.016773462296,2021-12-01T16:48:43.791000,1638368031.7742264
10,17,7,7,Random,-9999,377fd1b30756b94c,0.5820000171661377,0.24000000953674316,1638377324.484,17,mango,beside,angry,beside,mango,mango,beside,angry,beside,mango,9292.709773540497,2021-12-01T16:48:44.484000,1638368031.7742264
8,23,2,23,Random,-9999,377fd1b30756b94c,0.3690001964569092,0.0969998836517334,1638377324.946,2,sky,shirt,far,sky,shirt,sky,shirt,far,sky,shirt,9293.171773672104,2021-12-01T16:48:44.946000,1638368031.7742264
13,4,24,4,Random,-9999,377fd1b30756b94c,0.624000072479248,0.08699989318847656,1638377325.673,24,socks,sunset,happy,socks,sunset,socks,sunset,happy,socks,sunset,9293.898773670197,2021-12-01T16:48:45.673000,1638368031.7742264
22,5,8,8,Random,-9999,f9fdbd4e9e47e2e0,1.872999906539917,0.10299992561340332,1638377325.743,5,above,far,ocean,far,above,above,far,ocean,far,above,9293.96877360344,2021-12-01T16:48:45.743000,1638368031.7742264
14,25,7,7,Random,-9999,377fd1b30756b94c,0.5290000438690186,0.08799982070922852,1638377326.38,25,dawn,beside,sad,beside,dawn,dawn,beside,sad,beside,dawn,9294.605773687363,2021-12-01T16:48:46.380000,1638368031.7742264
28,6,27,6,Random,-9999,377fd1b30756b94c,0.6040000915527344,0.25,1638377327.128,27,below,dusk,night,below,dusk,below,dusk,night,below,dusk,9295.353773593903,2021-12-01T16:48:47.128000,1638368031.7742264
2,21,13,21,Random,-9999,110da9d09c5237f8,3.2730000019073486,0.07299995422363281,1638377327.146,13,field,happy,shirt,field,happy,field,happy,shirt,field,happy,9295.371773481369,2021-12-01T16:48:47.146000,1638368031.7742264
0,14,4,4,Random,-9999,377fd1b30756b94c,0.4739999771118164,0.0709998607635498,1638377327.674,14,sad,socks,dress,socks,sad,sad,socks,dress,socks,sad,9295.899773597717,2021-12-01T16:48:47.674000,1638368031.7742264
21,18,11,18,Random,-9999,377fd1b30756b94c,0.45399999618530273,0.09200000762939453,1638377328.219,11,strawberry,disgust,field,strawberry,disgust,strawberry,disgust,field,strawberry,disgust,9296.444773674011,2021-12-01T16:48:48.219000,1638368031.7742264
29,8,3,8,Random,-9999,377fd1b30756b94c,0.37800002098083496,0.07299995422363281,1638377328.67,3,far,shoes,noon,far,shoes,far,shoes,noon,far,shoes,9296.895773649216,2021-12-01T16:48:48.670000,1638368031.7742264
9,13,19,19,Random,-9999,f9fdbd4e9e47e2e0,3.115999937057495,0.09800004959106445,1638377329.014,13,happy,watermelon,near,watermelon,happy,happy,watermelon,near,watermelon,happy,9297.239773511887,2021-12-01T16:48:49.014000,1638368031.7742264
9,25,15,15,Random,-9999,377fd1b30756b94c,0.5769999027252197,0.0710000991821289,1638377329.317,25,dawn,blueberry,near,blueberry,dawn,dawn,blueberry,near,blueberry,dawn,9297.542773485184,2021-12-01T16:48:49.317000,1638368031.7742264
3,16,15,16,Random,-9999,377fd1b30756b94c,0.4809999465942383,0.07299995422363281,1638377329.87,15,lemon,blueberry,shoes,lemon,blueberry,lemon,blueberry,shoes,lemon,blueberry,9298.09577345848,2021-12-01T16:48:49.870000,1638368031.7742264
6,23,1,1,Random,-9999,110da9d09c5237f8,2.7179999351501465,0.1359999179840088,1638377330.006,23,sky,pants,below,pants,sky,sky,pants,below,pants,sky,9298.231773614883,2021-12-01T16:48:50.006000,1638368031.7742264
8,18,15,15,Random,-9999,377fd1b30756b94c,0.4570000171661377,0.07299995422363281,1638377330.399,18,strawberry,blueberry,far,blueberry,strawberry,strawberry,blueberry,far,blueberry,strawberry,9298.62477350235,2021-12-01T16:48:50.399000,1638368031.7742264
12,3,14,14,Random,-9999,f9fdbd4e9e47e2e0,1.7139999866485596,0.13299989700317383,1638377330.8,3,shoes,sad,fearful,sad,shoes,shoes,sad,fearful,sad,shoes,9299.025773525238,2021-12-01T16:48:50.800000,1638368031.7742264
4,26,23,26,Random,-9999,377fd1b30756b94c,0.3730001449584961,0.18499994277954102,1638377330.957,23,day,sky,socks,day,sky,day,sky,socks,day,sky,9299.182773590088,2021-12-01T16:48:50.957000,1638368031.7742264
7,1,16,1,Random,-9999,377fd1b30756b94c,0.434999942779541,0.07400012016296387,1638377331.465,16,pants,lemon,beside,pants,lemon,pants,lemon,beside,pants,lemon,9299.690773487091,2021-12-01T16:48:51.465000,1638368031.7742264
0,18,9,9,Random,-9999,377fd1b30756b94c,0.7160000801086426,0.16199994087219238,1638377332.372,18,strawberry,near,dress,near,strawberry,strawberry,near,dress,near,strawberry,9300.597773551941,2021-12-01T16:48:52.372000,1638368031.7742264
28,17,27,27,Random,-9999,110da9d09c5237f8,2.9739999771118164,0.1360001564025879,1638377333.111,17,mango,dusk,night,dusk,mango,mango,dusk,night,dusk,mango,9301.336773633957,2021-12-01T16:48:53.111000,1638368031.7742264
23,22,13,13,Random,-9999,377fd1b30756b94c,0.7610001564025879,0.09999990463256836,1638377333.387,22,ocean,happy,sky,happy,ocean,ocean,happy,sky,happy,ocean,9301.612773656845,2021-12-01T16:48:53.387000,1638368031.7742264
15,2,12,12,Random,-9999,f9fdbd4e9e47e2e0,3.072999954223633,0.07700014114379883,1638377334.018,2,shirt,fearful,blueberry,fearful,shirt,shirt,fearful,blueberry,fearful,shirt,9302.243773460388,2021-12-01T16:48:54.018000,1638368031.7742264
29,28,6,28,Random,-9999,377fd1b30756b94c,0.8040001392364502,0.25499987602233887,1638377334.438,6,night,below,noon,night,below,night,below,noon,night,below,9302.663773536682,2021-12-01T16:48:54.438000,1638368031.7742264
8,4,10,4,Random,-9999,377fd1b30756b94c,0.6159999370574951,0.24499988555908203,1638377335.139,10,socks,angry,far,socks,angry,socks,angry,far,socks,angry,9303.364773511887,2021-12-01T16:48:55.139000,1638368031.7742264
25,6,27,27,Random,-9999,377fd1b30756b94c,0.5929999351501465,0.08600020408630371,1638377335.945,6,below,dusk,dawn,dusk,below,below,dusk,dawn,dusk,below,9304.170773506165,2021-12-01T16:48:55.945000,1638368031.7742264
5,29,7,29,Random,-9999,f9fdbd4e9e47e2e0,1.8540000915527344,0.1400001049041748,1638377335.948,7,noon,beside,above,noon,beside,noon,beside,above,noon,beside,9304.173773527145,2021-12-01T16:48:55.948000,1638368031.7742264
3,17,27,27,Random,-9999,377fd1b30756b94c,0.5590000152587891,0.21599984169006348,1638377336.579,17,mango,dusk,shoes,dusk,mango,mango,dusk,shoes,dusk,mango,9304.804773569107,2021-12-01T16:48:56.579000,1638368031.7742264
14,16,3,16,Random,-9999,110da9d09c5237f8,3.9049999713897705,0.1359999179840088,1638377337.151,3,lemon,shoes,sad,lemon,shoes,lemon,shoes,sad,lemon,shoes,9305.37677359581,2021-12-01T16:48:57.151000,1638368031.7742264
13,10,19,10,Random,-9999,377fd1b30756b94c,0.755000114440918,0.07500004768371582,1638377337.526,19,angry,watermelon,happy,angry,watermelon,angry,watermelon,happy,angry,watermelon,9305.75177359581,2021-12-01T16:48:57.526000,1638368031.7742264
25,10,1,10,Random,-9999,377fd1b30756b94c,0.42600011825561523,0.18199992179870605,1638377338.041,1,angry,pants,dawn,angry,pants,angry,pants,dawn,angry,pants,9306.266773462296,2021-12-01T16:48:58.041000,1638368031.7742264
11,22,10,22,Random,-9999,377fd1b30756b94c,0.6119999885559082,0.0969998836517334,1638377338.724,10,ocean,angry,disgust,ocean,angry,ocean,angry,disgust,ocean,angry,9306.949773550034,2021-12-01T16:48:58.724000,1638368031.7742264
5,3,12,3,Random,-9999,f9fdbd4e9e47e2e0,2.9839999675750732,0.08599996566772461,1638377339.085,12,shoes,fearful,above,shoes,fearful,shoes,fearful,above,shoes,fearful,9307.310773611069,2021-12-01T16:48:59.085000,1638368031.7742264
12,22,11,11,Random,-9999,377fd1b30756b94c,0.6909999847412109,0.09400010108947754,1638377339.615,22,ocean,disgust,fearful,disgust,ocean,ocean,disgust,fearful,disgust,ocean,9307.840773582458,2021-12-01T16:48:59.615000,1638368031.7742264
25,7,9,9,Random,-9999,377fd1b30756b94c,0.4739999771118164,0.19000005722045898,1638377340.177,7,beside,near,dawn,near,beside,beside,near,dawn,near,beside,9308.402773618698,2021-12-01T16:49:00.177000,1638368031.7742264
7,24,27,27,Random,-9999,377fd1b30756b94c,0.5889999866485596,0.09100008010864258,1638377340.855,24,sunset,dusk,beside,dusk,sunset,sunset,dusk,beside,dusk,sunset,9309.080773591995,2021-12-01T16:49:00.855000,1638368031.7742264
10,15,26,26,Random,-9999,377fd1b30756b94c,0.5510001182556152,0.08899998664855957,1638377341.505,15,blueberry,day,angry,day,blueberry,blueberry,day,angry,day,blueberry,9309.730773687363,2021-12-01T16:49:01.505000,1638368031.7742264
23,7,29,7,Random,-9999,f9fdbd4e9e47e2e0,2.7189998626708984,0.14499998092651367,1638377341.936,29,beside,noon,sky,beside,noon,beside,noon,sky,beside,noon,9310.16177368164,2021-12-01T16:49:01.936000,1638368031.7742264
3,16,29,16,Random,-9999,377fd1b30756b94c,0.4759998321533203,0.22800016403198242,1638377342.231,29,lemon,noon,shoes,lemon,noon,lemon,noon,shoes,lemon,noon,9310.456773519516,2021-12-01T16:49:02.231000,1638368031.7742264
2,1,21,1,Random,-9999,377fd1b30756b94c,0.5739998817443848,0.11400008201599121,1638377342.883,21,pants,field,shirt,pants,field,pants,field,shirt,pants,field,9311.108773469925,2021-12-01T16:49:02.883000,1638368031.7742264
15,0,21,0,Random,-9999,377fd1b30756b94c,0.5490000247955322,0.07500004768371582,1638377343.509,21,dress,field,blueberry,dress,field,dress,field,blueberry,dress,field,9311.734773635864,2021-12-01T16:49:03.509000,1638368031.7742264
5,6,7,6,Random,-9999,377fd1b30756b94c,0.4659998416900635,0.07200002670288086,1638377344.044,7,below,beside,above,below,beside,below,beside,above,below,beside,9312.269773483276,2021-12-01T16:49:04.044000,1638368031.7742264
9,20,10,20,Random,-9999,f9fdbd4e9e47e2e0,2.0940001010894775,0.15199995040893555,1638377344.219,10,beach,angry,near,beach,angry,beach,angry,near,beach,angry,9312.444773674011,2021-12-01T16:49:04.219000,1638368031.7742264
14,8,4,8,Random,-9999,377fd1b30756b94c,0.3250000476837158,0.17199993133544922,1638377344.545,4,far,socks,sad,far,socks,far,socks,sad,far,socks,9312.770773649216,2021-12-01T16:49:04.545000,1638368031.7742264
10,4,3,3,Random,-9999,110da9d09c5237f8,7.457000017166138,0.13199996948242188,1638377344.744,4,socks,shoes,angry,shoes,socks,socks,shoes,angry,shoes,socks,9312.96977353096,2021-12-01T16:49:04.744000,1638368031.7742264
28,19,29,19,Random,-9999,377fd1b30756b94c,0.5779998302459717,0.08700013160705566,1638377345.443,29,watermelon,noon,night,watermelon,noon,watermelon,noon,night,watermelon,noon,9313.668773651123,2021-12-01T16:49:05.443000,1638368031.7742264
21,7,22,7,Random,-9999,377fd1b30756b94c,0.5529999732971191,0.317000150680542,1638377346.077,22,beside,ocean,field,beside,ocean,beside,ocean,field,beside,ocean,9314.302773475647,2021-12-01T16:49:06.077000,1638368031.7742264
23,25,10,25,Random,-9999,110da9d09c5237f8,1.4709999561309814,0.13499999046325684,1638377346.285,10,dawn,angry,sky,dawn,angry,dawn,angry,sky,dawn,angry,9314.510773658752,2021-12-01T16:49:06.285000,1638368031.7742264
13,23,3,23,Random,-9999,377fd1b30756b94c,0.3469998836517334,0.09599995613098145,1638377346.518,3,sky,shoes,happy,sky,shoes,sky,shoes,happy,sky,shoes,9314.743773460388,2021-12-01T16:49:06.518000,1638368031.7742264
27,13,12,13,Random,-9999,f9fdbd4e9e47e2e0,2.3340001106262207,0.1770000457763672,1638377346.691,12,happy,fearful,dusk,happy,fearful,happy,fearful,dusk,happy,fearful,9314.916773557663,2021-12-01T16:49:06.691000,1638368031.7742264
21,11,8,8,Random,-9999,377fd1b30756b94c,0.5510001182556152,0.07899999618530273,1638377347.149,11,disgust,far,field,far,disgust,disgust,far,field,far,disgust,9315.37477350235,2021-12-01T16:49:07.149000,1638368031.7742264
10,17,1,1,Random,-9999,110da9d09c5237f8,1.626999855041504,0.07600021362304688,1638377347.989,17,mango,pants,angry,pants,mango,mango,pants,angry,pants,mango,9316.214773654938,2021-12-01T16:49:07.989000,1638368031.7742264
17,5,7,5,Random,-9999,377fd1b30756b94c,0.5769999027252197,0.382000207901001,1638377348.106,7,above,beside,mango,above,beside,above,beside,mango,above,beside,9316.331773519516,2021-12-01T16:49:08.106000,1638368031.7742264
23,25,8,25,Random,-9999,f9fdbd4e9e47e2e0,1.8239998817443848,0.1420001983642578,1638377348.596,8,dawn,far,sky,dawn,far,dawn,far,sky,dawn,far,9316.821773529053,2021-12-01T16:49:08.596000,1638368031.7742264
0,13,29,29,Random,-9999,377fd1b30756b94c,0.43400001525878906,0.07200002670288086,1638377348.621,13,happy,noon,dress,noon,happy,happy,noon,dress,noon,happy,9316.84677362442,2021-12-01T16:49:08.621000,1638368031.7742264
20,17,2,17,Random,-9999,377fd1b30756b94c,0.504000186920166,0.0820000171661377,1638377349.221,2,mango,shirt,beach,mango,shirt,mango,shirt,beach,mango,shirt,9317.446773529053,2021-12-01T16:49:09.221000,1638368031.7742264
2,1,6,6,Random,-9999,377fd1b30756b94c,0.4249999523162842,0.0970001220703125,1638377349.72,1,pants,below,shirt,below,pants,pants,below,shirt,below,pants,9317.945773601532,2021-12-01T16:49:09.720000,1638368031.7742264
17,21,14,21,Random,-9999,f9fdbd4e9e47e2e0,1.7850000858306885,0.07999992370605469,1638377350.465,14,field,sad,mango,field,sad,field,sad,mango,field,sad,9318.690773487091,2021-12-01T16:49:10.465000,1638368031.7742264
18,14,22,14,Random,-9999,377fd1b30756b94c,0.8000001907348633,0.07699990272521973,1638377350.622,22,sad,ocean,strawberry,sad,ocean,sad,ocean,strawberry,sad,ocean,9318.847773551941,2021-12-01T16:49:10.622000,1638368031.7742264
17,7,11,7,Random,-9999,110da9d09c5237f8,2.7339999675750732,0.07700014114379883,1638377350.862,11,beside,disgust,mango,beside,disgust,beside,disgust,mango,beside,disgust,9319.087773561478,2021-12-01T16:49:10.862000,1638368031.7742264
16,28,15,15,Random,-9999,377fd1b30756b94c,0.5970001220703125,0.11399984359741211,1638377351.307,28,night,blueberry,lemon,blueberry,night,night,blueberry,lemon,blueberry,night,9319.53277349472,2021-12-01T16:49:11.307000,1638368031.7742264
14,0,1,1,Random,-9999,f9fdbd4e9e47e2e0,2.055999994277954,0.07599997520446777,1638377352.648,0,dress,pants,sad,pants,dress,dress,pants,sad,pants,dress,9320.87377357483,2021-12-01T16:49:12.648000,1638368031.7742264
23,5,16,5,Random,-9999,377fd1b30756b94c,1.2699999809265137,0.0820000171661377,1638377352.706,16,above,lemon,sky,above,lemon,above,lemon,sky,above,lemon,9320.931773662567,2021-12-01T16:49:12.706000,1638368031.7742264
17,6,14,14,Random,-9999,377fd1b30756b94c,0.5839998722076416,0.12000012397766113,1638377353.362,6,below,sad,mango,sad,below,below,sad,mango,sad,below,9321.587773561478,2021-12-01T16:49:13.362000,1638368031.7742264
20,15,0,0,Random,-9999,110da9d09c5237f8,2.6529998779296875,0.12899994850158691,1638377353.644,15,blueberry,dress,beach,dress,blueberry,blueberry,dress,beach,dress,blueberry,9321.869773626328,2021-12-01T16:49:13.644000,1638368031.7742264
6,21,24,21,Random,-9999,377fd1b30756b94c,0.4330000877380371,0.07299995422363281,1638377353.873,24,field,sunset,below,field,sunset,field,sunset,below,field,sunset,9322.098773479462,2021-12-01T16:49:13.873000,1638368031.7742264
14,16,8,16,Random,-9999,377fd1b30756b94c,0.36300015449523926,0.08099985122680664,1638377354.329,8,lemon,far,sad,lemon,far,lemon,far,sad,lemon,far,9322.554773569107,2021-12-01T16:49:14.329000,1638368031.7742264
26,11,16,11,Random,-9999,377fd1b30756b94c,0.43199992179870605,0.09000015258789062,1638377354.831,16,disgust,lemon,day,disgust,lemon,disgust,lemon,day,disgust,lemon,9323.056773662567,2021-12-01T16:49:14.831000,1638368031.7742264
23,19,14,19,Random,-9999,377fd1b30756b94c,0.4660000801086426,0.07200002670288086,1638377355.37,14,watermelon,sad,sky,watermelon,sad,watermelon,sad,sky,watermelon,sad,9323.59577345848,2021-12-01T16:49:15.370000,1638368031.7742264
19,27,29,27,Random,-9999,377fd1b30756b94c,0.5099999904632568,0.07500004768371582,1638377355.952,29,dusk,noon,watermelon,dusk,noon,dusk,noon,watermelon,dusk,noon,9324.177773475647,2021-12-01T16:49:15.952000,1638368031.7742264
8,26,1,26,Random,-9999,f9fdbd4e9e47e2e0,3.383999824523926,0.13700008392333984,1638377356.172,1,day,pants,far,day,pants,day,pants,far,day,pants,9324.397773504257,2021-12-01T16:49:16.172000,1638368031.7742264
25,19,3,19,Random,-9999,377fd1b30756b94c,0.560999870300293,0.08700013160705566,1638377356.602,3,watermelon,shoes,dawn,watermelon,shoes,watermelon,shoes,dawn,watermelon,shoes,9324.827773571014,2021-12-01T16:49:16.602000,1638368031.7742264
19,2,20,2,Random,-9999,377fd1b30756b94c,0.3919999599456787,0.07400012016296387,1638377357.066,20,shirt,beach,watermelon,shirt,beach,shirt,beach,watermelon,shirt,beach,9325.291773557663,2021-12-01T16:49:17.066000,1638368031.7742264
9,11,10,10,Random,-9999,110da9d09c5237f8,3.496999979019165,0.13100004196166992,1638377357.273,11,disgust,angry,near,angry,disgust,disgust,angry,near,angry,disgust,9325.49877357483,2021-12-01T16:49:17.273000,1638368031.7742264
24,12,23,23,Random,-9999,377fd1b30756b94c,1.3499999046325684,0.07200002670288086,1638377358.491,12,fearful,sky,sunset,sky,fearful,fearful,sky,sunset,sky,fearful,9326.71677350998,2021-12-01T16:49:18.491000,1638368031.7742264
19,0,14,0,Random,-9999,f9fdbd4e9e47e2e0,2.5490000247955322,0.13100004196166992,1638377358.85,14,dress,sad,watermelon,dress,sad,dress,sad,watermelon,dress,sad,9327.075773477554,2021-12-01T16:49:18.850000,1638368031.7742264
6,3,13,3,Random,-9999,110da9d09c5237f8,1.6800000667572021,0.14100003242492676,1638377359.031,13,shoes,happy,below,shoes,happy,shoes,happy,below,shoes,happy,9327.256773471832,2021-12-01T16:49:19.031000,1638368031.7742264
21,15,4,15,Random,-9999,377fd1b30756b94c,0.557999849319458,0.07400012016296387,1638377359.12,4,blueberry,socks,field,blueberry,socks,blueberry,socks,field,blueberry,socks,9327.34577345848,2021-12-01T16:49:19.120000,1638368031.7742264
27,26,18,18,Random,-9999,377fd1b30756b94c,0.437999963760376,0.07599997520446777,1638377359.674,26,day,strawberry,dusk,strawberry,day,day,strawberry,dusk,strawberry,day,9327.899773597717,2021-12-01T16:49:19.674000,1638368031.7742264
25,22,29,29,Random,-9999,377fd1b30756b94c,0.33900022506713867,0.1119999885559082,1638377360.086,22,ocean,noon,dawn,noon,ocean,ocean,noon,dawn,noon,ocean,9328.31177353859,2021-12-01T16:49:20.086000,1638368031.7742264
28,20,27,27,Random,-9999,377fd1b30756b94c,0.36700010299682617,0.09200000762939453,1638377360.584,20,beach,dusk,night,dusk,beach,beach,dusk,night,dusk,beach,9328.809773683548,2021-12-01T16:49:20.584000,1638368031.7742264
19,7,14,7,Random,-9999,f9fdbd4e9e47e2e0,1.8380000591278076,0.13399982452392578,1638377360.764,14,beside,sad,watermelon,beside,sad,beside,sad,watermelon,beside,sad,9328.989773511887,2021-12-01T16:49:20.764000,1638368031.7742264
11,8,18,8,Random,-9999,110da9d09c5237f8,2.2170000076293945,0.0710000991821289,1638377361.385,18,far,strawberry,disgust,far,strawberry,far,strawberry,disgust,far,strawberry,9329.610773563385,2021-12-01T16:49:21.385000,1638368031.7742264
17,14,19,14,Random,-9999,377fd1b30756b94c,0.875,0.1679999828338623,1638377361.636,19,sad,watermelon,mango,sad,watermelon,sad,watermelon,mango,sad,watermelon,9329.861773490906,2021-12-01T16:49:21.636000,1638368031.7742264
19,5,2,2,Random,-9999,377fd1b30756b94c,0.4549999237060547,0.1380000114440918,1638377362.179,5,above,shirt,watermelon,shirt,above,above,shirt,watermelon,shirt,above,9330.40477347374,2021-12-01T16:49:22.179000,1638368031.7742264
8,4,6,4,Random,-9999,377fd1b30756b94c,0.5149998664855957,0.07800006866455078,1638377362.775,6,socks,below,far,socks,below,socks,below,far,socks,below,9331.00077366829,2021-12-01T16:49:22.775000,1638368031.7742264
19,21,6,21,Random,-9999,f9fdbd4e9e47e2e0,2.0450000762939453,0.09299993515014648,1638377362.97,6,field,below,watermelon,field,below,field,below,watermelon,field,below,9331.195773601532,2021-12-01T16:49:22.970000,1638368031.7742264
3,24,21,21,Random,-9999,110da9d09c5237f8,1.9920001029968262,0.13399982452392578,1638377363.511,24,sunset,field,shoes,field,sunset,sunset,field,shoes,field,sunset,9331.736773490906,2021-12-01T16:49:23.511000,1638368031.7742264
2,12,14,12,Random,-9999,377fd1b30756b94c,0.875999927520752,0.1119999885559082,1638377363.773,14,fearful,sad,shirt,fearful,sad,fearful,sad,shirt,fearful,sad,9331.99877357483,2021-12-01T16:49:23.773000,1638368031.7742264
1,27,7,27,Random,-9999,377fd1b30756b94c,0.5029997825622559,0.1680002212524414,1638377364.449,7,dusk,beside,pants,dusk,beside,dusk,beside,pants,dusk,beside,9332.674773454666,2021-12-01T16:49:24.449000,1638368031.7742264
15,9,29,9,Random,-9999,377fd1b30756b94c,0.3689999580383301,0.09800004959106445,1638377364.91,29,near,noon,blueberry,near,noon,near,noon,blueberry,near,noon,9333.135773658752,2021-12-01T16:49:24.910000,1638368031.7742264
4,14,17,14,Random,-9999,f9fdbd4e9e47e2e0,2.261000156402588,0.14999985694885254,1638377365.367,17,sad,mango,socks,sad,mango,sad,mango,socks,sad,mango,9333.592773675919,2021-12-01T16:49:25.367000,1638368031.7742264
6,28,12,28,Random,-9999,377fd1b30756b94c,0.38699984550476074,0.08800005912780762,1638377365.373,12,night,fearful,below,night,fearful,night,fearful,below,night,fearful,9333.598773479462,2021-12-01T16:49:25.373000,1638368031.7742264
6,26,11,26,Random,-9999,110da9d09c5237f8,2.0779998302459717,0.14499998092651367,1638377365.727,11,day,disgust,below,day,disgust,day,disgust,below,day,disgust,9333.952773571014,2021-12-01T16:49:25.727000,1638368031.7742264
22,7,21,7,Random,-9999,377fd1b30756b94c,0.38700008392333984,0.07899999618530273,1638377365.894,21,beside,field,ocean,beside,field,beside,field,ocean,beside,field,9334.119773626328,2021-12-01T16:49:25.894000,1638368031.7742264
24,4,29,4,Random,-9999,377fd1b30756b94c,0.35500001907348633,0.12800002098083496,1638377366.419,29,socks,noon,sunset,socks,noon,socks,noon,sunset,socks,noon,9334.644773483276,2021-12-01T16:49:26.419000,1638368031.7742264
0,16,19,16,Random,-9999,377fd1b30756b94c,0.4960000514984131,0.182999849319458,1638377366.999,19,lemon,watermelon,dress,lemon,watermelon,lemon,watermelon,dress,lemon,watermelon,9335.224773645401,2021-12-01T16:49:26.999000,1638368031.7742264
8,5,6,5,Random,-9999,377fd1b30756b94c,0.3619999885559082,0.07299995422363281,1638377367.434,6,above,below,far,above,below,above,below,far,above,below,9335.65977358818,2021-12-01T16:49:27.434000,1638368031.7742264
10,5,16,5,Random,-9999,f9fdbd4e9e47e2e0,2.0299999713897705,0.13700008392333984,1638377367.544,16,above,lemon,angry,above,lemon,above,lemon,angry,above,lemon,9335.769773483276,2021-12-01T16:49:27.544000,1638368031.7742264
3,5,7,7,Random,-9999,377fd1b30756b94c,0.6830000877380371,0.09100008010864258,1638377368.208,5,above,beside,shoes,beside,above,above,beside,shoes,beside,above,9336.433773517609,2021-12-01T16:49:28.208000,1638368031.7742264
14,5,23,23,Random,-9999,377fd1b30756b94c,0.7260000705718994,0.2539999485015869,1638377369.192,5,above,sky,sad,sky,above,above,sky,sad,sky,above,9337.417773485184,2021-12-01T16:49:29.192000,1638368031.7742264
21,4,12,12,Random,-9999,110da9d09c5237f8,3.811000108718872,0.13100004196166992,1638377369.675,4,socks,fearful,field,fearful,socks,socks,fearful,field,fearful,socks,9337.900773525238,2021-12-01T16:49:29.675000,1638368031.7742264
17,27,25,25,Random,-9999,377fd1b30756b94c,0.5989999771118164,0.08099985122680664,1638377370.021,27,dusk,dawn,mango,dawn,dusk,dusk,dawn,mango,dawn,dusk,9338.246773481369,2021-12-01T16:49:30.021000,1638368031.7742264
2,18,12,18,Random,-9999,f9fdbd4e9e47e2e0,2.7360000610351562,0.14100003242492676,1638377370.415,12,strawberry,fearful,shirt,strawberry,fearful,strawberry,fearful,shirt,strawberry,fearful,9338.640773534775,2021-12-01T16:49:30.415000,1638368031.7742264
10,21,23,23,Random,-9999,377fd1b30756b94c,0.815000057220459,0.2760000228881836,1638377371.072,21,field,sky,angry,sky,field,field,sky,angry,sky,field,9339.297773599625,2021-12-01T16:49:31.072000,1638368031.7742264
24,21,26,26,Random,-9999,377fd1b30756b94c,0.4270000457763672,0.2049999237060547,1638377371.599,21,field,day,sunset,day,field,field,day,sunset,day,field,9339.824773550034,2021-12-01T16:49:31.599000,1638368031.7742264
24,14,26,26,Random,-9999,377fd1b30756b94c,0.31800007820129395,0.19499993324279785,1638377372.121,14,sad,day,sunset,day,sad,sad,day,sunset,day,sad,9340.34677362442,2021-12-01T16:49:32.121000,1638368031.7742264
20,22,6,6,Random,-9999,377fd1b30756b94c,0.4630000591278076,0.09099984169006348,1638377372.659,22,ocean,below,beach,below,ocean,ocean,below,beach,below,ocean,9340.884773492813,2021-12-01T16:49:32.659000,1638368031.7742264
18,29,11,29,Random,-9999,f9fdbd4e9e47e2e0,2.126000165939331,0.13399982452392578,1638377372.667,11,noon,disgust,strawberry,noon,disgust,noon,disgust,strawberry,noon,disgust,9340.892773628235,2021-12-01T16:49:32.667000,1638368031.7742264
0,14,17,17,Random,-9999,110da9d09c5237f8,2.9250001907348633,0.13399982452392578,1638377372.729,14,sad,mango,dress,mango,sad,sad,mango,dress,mango,sad,9340.954773664474,2021-12-01T16:49:32.729000,1638368031.7742264
23,29,28,28,Random,-9999,377fd1b30756b94c,0.4179999828338623,0.11999988555908203,1638377373.196,29,noon,night,sky,night,noon,noon,night,sky,night,noon,9341.421773672104,2021-12-01T16:49:33.196000,1638368031.7742264
26,7,21,21,Random,-9999,377fd1b30756b94c,0.4009997844696045,0.07300019264221191,1638377373.681,7,beside,field,day,field,beside,beside,field,day,field,beside,9341.9067735672,2021-12-01T16:49:33.681000,1638368031.7742264
8,11,24,24,Random,-9999,377fd1b30756b94c,0.8269999027252197,0.0970001220703125,1638377374.614,11,disgust,sunset,far,sunset,disgust,disgust,sunset,far,sunset,disgust,9342.839773654938,2021-12-01T16:49:34.614000,1638368031.7742264
18,4,19,19,Random,-9999,110da9d09c5237f8,1.9630000591278076,0.13299989700317383,1638377374.856,4,socks,watermelon,strawberry,watermelon,socks,socks,watermelon,strawberry,watermelon,socks,9343.081773519516,2021-12-01T16:49:34.856000,1638368031.7742264
14,5,4,4,Random,-9999,377fd1b30756b94c,0.5199999809265137,0.14400005340576172,1638377375.268,5,above,socks,sad,socks,above,above,socks,sad,socks,above,9343.493773460388,2021-12-01T16:49:35.268000,1638368031.7742264
4,19,16,16,Random,-9999,f9fdbd4e9e47e2e0,2.75,0.13899993896484375,1638377375.599,19,watermelon,lemon,socks,lemon,watermelon,watermelon,lemon,socks,lemon,watermelon,9343.824773550034,2021-12-01T16:49:35.599000,1638368031.7742264
1,24,5,5,Random,-9999,377fd1b30756b94c,0.3900001049041748,0.09800004959106445,1638377375.781,24,sunset,above,pants,above,sunset,sunset,above,pants,above,sunset,9344.006773471832,2021-12-01T16:49:35.781000,1638368031.7742264
1,24,28,28,Random,-9999,377fd1b30756b94c,0.875,0.10699987411499023,1638377376.725,24,sunset,night,pants,night,sunset,sunset,night,pants,night,sunset,9344.950773477554,2021-12-01T16:49:36.725000,1638368031.7742264
17,13,3,13,Random,-9999,110da9d09c5237f8,1.8589999675750732,0.1659998893737793,1638377376.795,3,happy,shoes,mango,happy,shoes,happy,shoes,mango,happy,shoes,9345.020773649216,2021-12-01T16:49:36.795000,1638368031.7742264
8,20,7,7,Random,-9999,377fd1b30756b94c,0.43600010871887207,0.10899996757507324,1638377377.365,20,beach,beside,far,beside,beach,beach,beside,far,beside,beach,9345.590773582458,2021-12-01T16:49:37.365000,1638368031.7742264
8,20,14,14,Random,-9999,377fd1b30756b94c,0.5420000553131104,0.16899991035461426,1638377377.982,20,beach,sad,far,sad,beach,beach,sad,far,sad,beach,9346.207773685455,2021-12-01T16:49:37.982000,1638368031.7742264
12,28,26,28,Random,-9999,110da9d09c5237f8,1.4060001373291016,0.07200002670288086,1638377378.267,26,night,day,fearful,night,day,night,day,fearful,night,day,9346.492773532867,2021-12-01T16:49:38.267000,1638368031.7742264
26,28,5,5,Random,-9999,377fd1b30756b94c,0.4089999198913574,0.07299995422363281,1638377378.465,28,night,above,day,above,night,night,above,day,above,night,9346.690773487091,2021-12-01T16:49:38.465000,1638368031.7742264
1,22,28,28,Random,-9999,f9fdbd4e9e47e2e0,2.9019999504089355,0.19700002670288086,1638377378.669,22,ocean,night,pants,night,ocean,ocean,night,pants,night,ocean,9346.894773483276,2021-12-01T16:49:38.669000,1638368031.7742264
22,1,20,20,Random,-9999,377fd1b30756b94c,0.4089999198913574,0.08100008964538574,1638377378.954,1,pants,beach,ocean,beach,pants,pants,beach,ocean,beach,pants,9347.179773569107,2021-12-01T16:49:38.954000,1638368031.7742264
18,3,4,4,Random,-9999,377fd1b30756b94c,0.43199992179870605,0.07400012016296387,1638377379.465,3,shoes,socks,strawberry,socks,shoes,shoes,socks,strawberry,socks,shoes,9347.690773487091,2021-12-01T16:49:39.465000,1638368031.7742264
17,2,27,27,Random,-9999,377fd1b30756b94c,0.37199997901916504,0.07800006866455078,1638377379.976,2,shirt,dusk,mango,dusk,shirt,shirt,dusk,mango,dusk,shirt,9348.201773643494,2021-12-01T16:49:39.976000,1638368031.7742264
8,23,2,23,Random,-9999,110da9d09c5237f8,2.178999900817871,0.07500004768371582,1638377380.583,2,sky,shirt,far,sky,shirt,sky,shirt,far,sky,shirt,9348.808773517609,2021-12-01T16:49:40.583000,1638368031.7742264
28,18,10,18,Random,-9999,377fd1b30756b94c,0.4090001583099365,0.15199995040893555,1638377380.587,10,strawberry,angry,night,strawberry,angry,strawberry,angry,night,strawberry,angry,9348.81277346611,2021-12-01T16:49:40.587000,1638368031.7742264
7,2,20,20,Random,-9999,377fd1b30756b94c,0.7170000076293945,0.1919999122619629,1638377381.383,2,shirt,beach,beside,beach,shirt,shirt,beach,beside,beach,shirt,9349.608773469925,2021-12-01T16:49:41.383000,1638368031.7742264
5,4,14,4,Random,-9999,f9fdbd4e9e47e2e0,3.118000030517578,0.1419999599456787,1638377381.923,14,socks,sad,above,socks,sad,socks,sad,above,socks,sad,9350.148773670197,2021-12-01T16:49:41.923000,1638368031.7742264
25,28,3,28,Random,-9999,377fd1b30756b94c,0.503000020980835,0.2560000419616699,1638377382.15,3,night,shoes,dawn,night,shoes,night,shoes,dawn,night,shoes,9350.37577366829,2021-12-01T16:49:42.150000,1638368031.7742264
9,24,12,24,Random,-9999,110da9d09c5237f8,1.7829999923706055,0.1419999599456787,1638377382.448,12,sunset,fearful,near,sunset,fearful,sunset,fearful,near,sunset,fearful,9350.673773527145,2021-12-01T16:49:42.448000,1638368031.7742264
21,19,5,19,Random,-9999,377fd1b30756b94c,0.4160001277923584,0.08099985122680664,1638377382.637,5,watermelon,above,field,watermelon,above,watermelon,above,field,watermelon,above,9350.862773656845,2021-12-01T16:49:42.637000,1638368031.7742264
9,20,18,20,Random,-9999,377fd1b30756b94c,0.5429999828338623,0.07299995422363281,1638377383.254,18,beach,strawberry,near,beach,strawberry,beach,strawberry,near,beach,strawberry,9351.479773521423,2021-12-01T16:49:43.254000,1638368031.7742264
12,2,27,27,Random,-9999,f9fdbd4e9e47e2e0,2.0360000133514404,0.13400006294250488,1638377384.1,2,shirt,dusk,fearful,dusk,shirt,shirt,dusk,fearful,dusk,shirt,9352.325773477554,2021-12-01T16:49:44.100000,1638368031.7742264
18,4,2,2,Random,-9999,110da9d09c5237f8,1.997999906539917,0.07400012016296387,1638377384.58,4,socks,shirt,strawberry,shirt,socks,socks,shirt,strawberry,shirt,socks,9352.805773496628,2021-12-01T16:49:44.580000,1638368031.7742264
17,11,15,15,Random,-9999,110da9d09c5237f8,1.6760001182556152,0.2049999237060547,1638377386.4,11,disgust,blueberry,mango,blueberry,disgust,disgust,blueberry,mango,blueberry,disgust,9354.62577366829,2021-12-01T16:49:46.400000,1638368031.7742264
9,17,16,16,Random,-9999,110da9d09c5237f8,3.247000217437744,0.0709998607635498,1638377389.777,17,mango,lemon,near,lemon,mango,mango,lemon,near,lemon,mango,9358.00277352333,2021-12-01T16:49:49.777000,1638368031.7742264
10,20,22,22,Random,-9999,110da9d09c5237f8,5.526000022888184,0.13699984550476074,1638377395.442,20,beach,ocean,angry,ocean,beach,beach,ocean,angry,ocean,beach,9363.667773485184,2021-12-01T16:49:55.442000,1638368031.7742264
9,26,22,26,Random,-9999,110da9d09c5237f8,2.187000036239624,0.13899993896484375,1638377397.765,22,day,ocean,near,day,ocean,day,ocean,near,day,ocean,9365.990773677826,2021-12-01T16:49:57.765000,1638368031.7742264
5,25,17,25,Random,-9999,110da9d09c5237f8,1.8960001468658447,0.13499999046325684,1638377399.738,17,dawn,mango,above,dawn,mango,dawn,mango,above,dawn,mango,9367.963773488998,2021-12-01T16:49:59.738000,1638368031.7742264
27,15,22,22,Random,-9999,110da9d09c5237f8,2.378000020980835,0.07499980926513672,1638377402.248,15,blueberry,ocean,dusk,ocean,blueberry,blueberry,ocean,dusk,ocean,blueberry,9370.473773479462,2021-12-01T16:50:02.248000,1638368031.7742264
28,15,25,25,Random,-9999,110da9d09c5237f8,2.3299999237060547,0.13000011444091797,1638377404.709,15,blueberry,dawn,night,dawn,blueberry,blueberry,dawn,night,dawn,blueberry,9372.934773683548,2021-12-01T16:50:04.709000,1638368031.7742264
23,22,20,22,Random,-9999,110da9d09c5237f8,1.6979999542236328,0.13199996948242188,1638377406.482,20,ocean,beach,sky,ocean,beach,ocean,beach,sky,ocean,beach,9374.707773685455,2021-12-01T16:50:06.482000,1638368031.7742264
10,1,19,1,Random,-9999,110da9d09c5237f8,5.520999908447266,0.07400012016296387,1638377412.135,19,pants,watermelon,angry,pants,watermelon,pants,watermelon,angry,pants,watermelon,9380.360773563385,2021-12-01T16:50:12.135000,1638368031.7742264
29,17,20,20,Random,-9999,110da9d09c5237f8,1.7239999771118164,0.13400006294250488,1638377413.933,17,mango,beach,noon,beach,mango,mango,beach,noon,beach,mango,9382.15877366066,2021-12-01T16:50:13.933000,1638368031.7742264
23,29,16,29,Random,-9999,110da9d09c5237f8,1.6110000610351562,0.06999993324279785,1638377415.613,16,noon,lemon,sky,noon,lemon,noon,lemon,sky,noon,lemon,9383.838773488998,2021-12-01T16:50:15.613000,1638368031.7742264
24,12,29,29,Random,-9999,110da9d09c5237f8,2.194000005722046,0.07299995422363281,1638377417.938,12,fearful,noon,sunset,noon,fearful,fearful,noon,sunset,noon,fearful,9386.163773536682,2021-12-01T16:50:17.938000,1638368031.7742264
19,25,13,13,Random,-9999,110da9d09c5237f8,3.8589999675750732,0.13199996948242188,1638377421.93,25,dawn,happy,watermelon,happy,dawn,dawn,happy,watermelon,happy,dawn,9390.155773639679,2021-12-01T16:50:21.930000,1638368031.7742264
2,5,7,5,Random,-9999,110da9d09c5237f8,2.569000005722046,0.13499999046325684,1638377424.635,7,above,beside,shirt,above,beside,above,beside,shirt,above,beside,9392.860773563385,2021-12-01T16:50:24.635000,1638368031.7742264
24,3,18,3,Random,-9999,110da9d09c5237f8,2.376000165939331,0.13199996948242188,1638377427.146,18,shoes,strawberry,sunset,shoes,strawberry,shoes,strawberry,sunset,shoes,strawberry,9395.371773481369,2021-12-01T16:50:27.146000,1638368031.7742264
13,18,7,18,Random,-9999,110da9d09c5237f8,2.559000015258789,0.13699984550476074,1638377429.84,7,strawberry,beside,happy,strawberry,beside,strawberry,beside,happy,strawberry,beside,9398.065773487091,2021-12-01T16:50:29.840000,1638368031.7742264
16,6,13,13,Random,-9999,110da9d09c5237f8,2.305000066757202,0.13400006294250488,1638377432.276,6,below,happy,lemon,happy,below,below,happy,lemon,happy,below,9400.50177359581,2021-12-01T16:50:32.276000,1638368031.7742264
22,12,15,12,Random,-9999,110da9d09c5237f8,3.5440001487731934,0.13399982452392578,1638377435.956,15,fearful,blueberry,ocean,fearful,blueberry,fearful,blueberry,ocean,fearful,blueberry,9404.181773662567,2021-12-01T16:50:35.956000,1638368031.7742264
26,13,16,13,Random,-9999,110da9d09c5237f8,1.6520001888275146,0.13399982452392578,1638377437.682,16,happy,lemon,day,happy,lemon,happy,lemon,day,happy,lemon,9405.90777349472,2021-12-01T16:50:37.682000,1638368031.7742264
4,21,7,7,Random,-9999,110da9d09c5237f8,2.4019999504089355,0.07299995422363281,1638377440.226,21,field,beside,socks,beside,field,field,beside,socks,beside,field,9408.451773643494,2021-12-01T16:50:40.226000,1638368031.7742264
28,14,17,14,Random,-9999,110da9d09c5237f8,1.815999984741211,0.14299988746643066,1638377442.116,17,sad,mango,night,sad,mango,sad,mango,night,sad,mango,9410.34177350998,2021-12-01T16:50:42.116000,1638368031.7742264
12,16,1,1,Random,-9999,110da9d09c5237f8,1.937000036239624,0.07400012016296387,1638377444.248,16,lemon,pants,fearful,pants,lemon,lemon,pants,fearful,pants,lemon,9412.473773479462,2021-12-01T16:50:44.248000,1638368031.7742264
20,11,29,29,Random,-9999,110da9d09c5237f8,1.9639999866485596,0.1940000057220459,1638377446.388,11,disgust,noon,beach,noon,disgust,disgust,noon,beach,noon,disgust,9414.613773584366,2021-12-01T16:50:46.388000,1638368031.7742264
29,23,28,23,Random,-9999,110da9d09c5237f8,3.059000015258789,0.1679999828338623,1638377449.574,28,sky,night,noon,sky,night,sky,night,noon,sky,night,9417.799773454666,2021-12-01T16:50:49.574000,1638368031.7742264
23,1,3,1,Random,-9999,110da9d09c5237f8,5.562999963760376,0.12899994850158691,1638377455.26,3,pants,shoes,sky,pants,shoes,pants,shoes,sky,pants,shoes,9423.485773563385,2021-12-01T16:50:55.260000,1638368031.7742264
6,13,1,1,Random,-9999,110da9d09c5237f8,3.4140000343322754,0.13400006294250488,1638377458.814,13,happy,pants,below,pants,happy,happy,pants,below,pants,happy,9427.039773464203,2021-12-01T16:50:58.814000,1638368031.7742264
19,5,15,15,Random,-9999,110da9d09c5237f8,3.99399995803833,0.13300013542175293,1638377462.935,5,above,blueberry,watermelon,blueberry,above,above,blueberry,watermelon,blueberry,above,9431.160773515701,2021-12-01T16:51:02.935000,1638368031.7742264
7,12,11,12,Random,-9999,110da9d09c5237f8,3.9760000705718994,0.13699984550476074,1638377467.052,11,fearful,disgust,beside,fearful,disgust,fearful,disgust,beside,fearful,disgust,9435.277773618698,2021-12-01T16:51:07.052000,1638368031.7742264
6,28,20,20,Random,-9999,110da9d09c5237f8,2.307999849319458,0.1360001564025879,1638377469.5,28,night,beach,below,beach,night,night,beach,below,beach,night,9437.725773572922,2021-12-01T16:51:09.500000,1638368031.7742264
1,4,7,4,Random,-9999,110da9d09c5237f8,1.50600004196167,0.1400001049041748,1638377471.078,7,socks,beside,pants,socks,beside,socks,beside,pants,socks,beside,9439.303773641586,2021-12-01T16:51:11.078000,1638368031.7742264
28,16,29,29,Random,-9999,110da9d09c5237f8,2.245000123977661,0.07199978828430176,1638377473.467,16,lemon,noon,night,noon,lemon,lemon,noon,night,noon,lemon,9441.692773580551,2021-12-01T16:51:13.467000,1638368031.7742264
14,26,12,12,Random,-9999,110da9d09c5237f8,2.2079999446868896,0.1380000114440918,1638377475.802,26,day,fearful,sad,fearful,day,day,fearful,sad,fearful,day,9444.027773618698,2021-12-01T16:51:15.802000,1638368031.7742264
19,15,5,15,Random,-9999,110da9d09c5237f8,1.7130000591278076,0.1399998664855957,1638377477.593,5,blueberry,above,watermelon,blueberry,above,blueberry,above,watermelon,blueberry,above,9445.818773508072,2021-12-01T16:51:17.593000,1638368031.7742264
26,23,5,23,Random,-9999,110da9d09c5237f8,2.014000177383423,0.07299995422363281,1638377479.746,5,sky,above,day,sky,above,sky,above,day,sky,above,9447.97177362442,2021-12-01T16:51:19.746000,1638368031.7742264
1,0,2,0,Random,-9999,110da9d09c5237f8,1.7869999408721924,0.1380000114440918,1638377481.608,2,dress,shirt,pants,dress,shirt,dress,shirt,pants,dress,shirt,9449.833773612976,2021-12-01T16:51:21.608000,1638368031.7742264
27,18,1,18,Random,-9999,110da9d09c5237f8,4.836999893188477,0.07599997520446777,1638377486.577,1,strawberry,pants,dusk,strawberry,pants,strawberry,pants,dusk,strawberry,pants,9454.802773475647,2021-12-01T16:51:26.577000,1638368031.7742264
18,6,11,11,Random,-9999,110da9d09c5237f8,3.687999963760376,0.13000011444091797,1638377490.396,6,below,disgust,strawberry,disgust,below,below,disgust,strawberry,disgust,below,9458.621773481369,2021-12-01T16:51:30.396000,1638368031.7742264
4,27,22,27,Random,-9999,110da9d09c5237f8,2.75,0.14499998092651367,1638377493.292,22,dusk,ocean,socks,dusk,ocean,dusk,ocean,socks,dusk,ocean,9461.517773628235,2021-12-01T16:51:33.292000,1638368031.7742264
17,16,29,16,Random,-9999,110da9d09c5237f8,1.5270001888275146,0.13299989700317383,1638377494.892,29,lemon,noon,mango,lemon,noon,lemon,noon,mango,lemon,noon,9463.117773532867,2021-12-01T16:51:34.892000,1638368031.7742264
20,5,11,5,Random,-9999,110da9d09c5237f8,2.3610000610351562,0.0709998607635498,1638377497.38,11,above,disgust,beach,above,disgust,above,disgust,beach,above,disgust,9465.605773687363,2021-12-01T16:51:37.380000,1638368031.7742264
20,14,10,14,Random,-9999,110da9d09c5237f8,2.127000093460083,0.13899993896484375,1638377499.648,10,sad,angry,beach,sad,angry,sad,angry,beach,sad,angry,9467.87377357483,2021-12-01T16:51:39.648000,1638368031.7742264
12,29,0,29,Random,-9999,110da9d09c5237f8,2.4240000247955322,0.12800002098083496,1638377502.199,0,noon,dress,fearful,noon,dress,noon,dress,fearful,noon,dress,9470.424773454666,2021-12-01T16:51:42.199000,1638368031.7742264
25,0,26,26,Random,-9999,110da9d09c5237f8,1.9620001316070557,0.13499999046325684,1638377504.333,0,dress,day,dawn,day,dress,dress,day,dawn,day,dress,9472.558773517609,2021-12-01T16:51:44.333000,1638368031.7742264
4,21,8,8,Random,-9999,110da9d09c5237f8,1.624000072479248,0.15599989891052246,1638377506.017,21,field,far,socks,far,field,field,far,socks,far,field,9474.242773532867,2021-12-01T16:51:46.017000,1638368031.7742264
22,9,28,28,Random,-9999,110da9d09c5237f8,2.139000177383423,0.0709998607635498,1638377508.287,9,near,night,ocean,night,near,near,night,ocean,night,near,9476.512773513794,2021-12-01T16:51:48.287000,1638368031.7742264
20,22,17,22,Random,-9999,110da9d09c5237f8,2.6470000743865967,0.12899994850158691,1638377511.064,17,ocean,mango,beach,ocean,mango,ocean,mango,beach,ocean,mango,9479.289773464203,2021-12-01T16:51:51.064000,1638368031.7742264
3,23,29,29,Random,-9999,110da9d09c5237f8,2.4149999618530273,0.13100004196166992,1638377513.604,23,sky,noon,shoes,noon,sky,sky,noon,shoes,noon,sky,9481.829773664474,2021-12-01T16:51:53.604000,1638368031.7742264
13,11,6,11,Random,-9999,110da9d09c5237f8,15.230999946594238,0.12899994850158691,1638377528.97,6,disgust,below,happy,disgust,below,disgust,below,happy,disgust,below,9497.195773601532,2021-12-01T16:52:08.970000,1638368031.7742264
12,13,22,13,Random,-9999,110da9d09c5237f8,1.2639999389648438,0.1510000228881836,1638377530.322,22,happy,ocean,fearful,happy,ocean,happy,ocean,fearful,happy,ocean,9498.547773599625,2021-12-01T16:52:10.322000,1638368031.7742264
8,24,3,3,Random,-9999,110da9d09c5237f8,1.5870001316070557,0.07200002670288086,1638377531.982,24,sunset,shoes,far,shoes,sunset,sunset,shoes,far,shoes,sunset,9500.207773685455,2021-12-01T16:52:11.982000,1638368031.7742264
17,21,15,21,Random,-9999,110da9d09c5237f8,1.2020001411437988,0.0709998607635498,1638377533.253,15,field,blueberry,mango,field,blueberry,field,blueberry,mango,field,blueberry,9501.478773593903,2021-12-01T16:52:13.253000,1638368031.7742264
17,0,8,8,Random,-9999,110da9d09c5237f8,4.9039998054504395,0.07200002670288086,1638377538.292,0,dress,far,mango,far,dress,dress,far,mango,far,dress,9506.517773628235,2021-12-01T16:52:18.292000,1638368031.7742264
13,28,25,28,Random,-9999,110da9d09c5237f8,2.2820000648498535,0.13499999046325684,1638377540.708,25,night,dawn,happy,night,dawn,night,dawn,happy,night,dawn,9508.933773517609,2021-12-01T16:52:20.708000,1638368031.7742264
27,20,19,20,Random,-9999,110da9d09c5237f8,1.5699999332427979,0.13300013542175293,1638377542.349,19,beach,watermelon,dusk,beach,watermelon,beach,watermelon,dusk,beach,watermelon,9510.574773550034,2021-12-01T16:52:22.349000,1638368031.7742264
25,24,22,24,Random,-9999,110da9d09c5237f8,1.1750001907348633,0.08499979972839355,1638377543.609,22,sunset,ocean,dawn,sunset,ocean,sunset,ocean,dawn,sunset,ocean,9511.834773540497,2021-12-01T16:52:23.609000,1638368031.7742264
2,11,22,22,Random,-9999,110da9d09c5237f8,1.744999885559082,0.0710000991821289,1638377545.423,11,disgust,ocean,shirt,ocean,disgust,disgust,ocean,shirt,ocean,disgust,9513.648773670197,2021-12-01T16:52:25.423000,1638368031.7742264
18,25,13,13,Random,-9999,110da9d09c5237f8,1.9399998188018799,0.07000017166137695,1638377547.547,25,dawn,happy,strawberry,happy,dawn,dawn,happy,strawberry,happy,dawn,9515.772773504257,2021-12-01T16:52:27.547000,1638368031.7742264
4,6,29,6,Random,-9999,110da9d09c5237f8,1.5699999332427979,0.18800020217895508,1638377549.19,29,below,noon,socks,below,noon,below,noon,socks,below,noon,9517.415773630142,2021-12-01T16:52:29.190000,1638368031.7742264
20,5,13,13,Random,-9999,110da9d09c5237f8,1.7730000019073486,0.07299995422363281,1638377551.036,5,above,happy,beach,happy,above,above,happy,beach,happy,above,9519.261773586273,2021-12-01T16:52:31.036000,1638368031.7742264
27,1,21,21,Random,-9999,110da9d09c5237f8,1.628999948501587,0.07299995422363281,1638377552.738,1,pants,field,dusk,field,pants,pants,field,dusk,field,pants,9520.963773488998,2021-12-01T16:52:32.738000,1638368031.7742264
11,22,27,27,Random,-9999,110da9d09c5237f8,1.819000005722046,0.07400012016296387,1638377554.631,22,ocean,dusk,disgust,dusk,ocean,ocean,dusk,disgust,dusk,ocean,9522.856773614883,2021-12-01T16:52:34.631000,1638368031.7742264
23,22,27,27,Random,-9999,110da9d09c5237f8,1.5869998931884766,0.07200002670288086,1638377556.291,22,ocean,dusk,sky,dusk,ocean,ocean,dusk,sky,dusk,ocean,9524.516773462296,2021-12-01T16:52:36.291000,1638368031.7742264
21,28,29,28,Random,-9999,110da9d09c5237f8,2.9600000381469727,0.07299995422363281,1638377559.382,29,night,noon,field,night,noon,night,noon,field,night,noon,9527.607773542404,2021-12-01T16:52:39.382000,1638368031.7742264
2,15,21,15,Random,-9999,110da9d09c5237f8,2.5440001487731934,0.13199996948242188,1638377562.062,21,blueberry,field,shirt,blueberry,field,blueberry,field,shirt,blueberry,field,9530.287773609161,2021-12-01T16:52:42.062000,1638368031.7742264
7,20,10,20,Random,-9999,110da9d09c5237f8,2.2260000705718994,0.13099980354309082,1638377564.417,10,beach,angry,beside,beach,angry,beach,angry,beside,beach,angry,9532.642773628235,2021-12-01T16:52:44.417000,1638368031.7742264
20,19,14,19,Random,-9999,110da9d09c5237f8,1.7410001754760742,0.13299989700317383,1638377566.23,14,watermelon,sad,beach,watermelon,sad,watermelon,sad,beach,watermelon,sad,9534.455773591995,2021-12-01T16:52:46.230000,1638368031.7742264
15,10,19,19,Random,-9999,110da9d09c5237f8,2.7669999599456787,0.07300019264221191,1638377569.127,10,angry,watermelon,blueberry,watermelon,angry,angry,watermelon,blueberry,watermelon,angry,9537.352773666382,2021-12-01T16:52:49.127000,1638368031.7742264
29,21,5,21,Random,-9999,110da9d09c5237f8,3.8420000076293945,0.13299989700317383,1638377573.104,5,field,above,noon,field,above,field,above,noon,field,above,9541.329773664474,2021-12-01T16:52:53.104000,1638368031.7742264
15,0,20,20,Random,-9999,110da9d09c5237f8,1.5439999103546143,0.13700008392333984,1638377574.73,0,dress,beach,blueberry,beach,dress,dress,beach,blueberry,beach,dress,9542.955773591995,2021-12-01T16:52:54.730000,1638368031.7742264
12,18,21,21,Random,-9999,110da9d09c5237f8,1.9780001640319824,0.07399988174438477,1638377576.855,18,strawberry,field,fearful,field,strawberry,strawberry,field,fearful,field,strawberry,9545.080773591995,2021-12-01T16:52:56.855000,1638368031.7742264
14,6,11,6,Random,-9999,110da9d09c5237f8,1.6339998245239258,0.14100003242492676,1638377578.556,11,below,disgust,sad,below,disgust,below,disgust,sad,below,disgust,9546.7817735672,2021-12-01T16:52:58.556000,1638368031.7742264
27,10,11,10,Random,-9999,110da9d09c5237f8,4.947999954223633,0.07800006866455078,1638377583.652,11,angry,disgust,dusk,angry,disgust,angry,disgust,dusk,angry,disgust,9551.87777352333,2021-12-01T16:53:03.652000,1638368031.7742264
16,10,4,10,Random,-9999,110da9d09c5237f8,3.175999879837036,0.15600013732910156,1638377586.971,4,angry,socks,lemon,angry,socks,angry,socks,lemon,angry,socks,9555.196773529053,2021-12-01T16:53:06.971000,1638368031.7742264
8,25,11,25,Random,-9999,110da9d09c5237f8,2.187999963760376,0.13700008392333984,1638377589.294,11,dawn,disgust,far,dawn,disgust,dawn,disgust,far,dawn,disgust,9557.519773483276,2021-12-01T16:53:09.294000,1638368031.7742264
14,2,24,24,Random,-9999,110da9d09c5237f8,1.9519999027252197,0.1359999179840088,1638377591.429,2,shirt,sunset,sad,sunset,shirt,shirt,sunset,sad,sunset,shirt,9559.65477347374,2021-12-01T16:53:11.429000,1638368031.7742264
28,5,13,13,Random,-9999,110da9d09c5237f8,4.261999845504761,0.16500020027160645,1638377595.805,5,above,happy,night,happy,above,above,happy,night,happy,above,9564.030773639679,2021-12-01T16:53:15.805000,1638368031.7742264
0,2,23,2,Random,-9999,110da9d09c5237f8,2.003999948501587,0.127000093460083,1638377597.941,23,shirt,sky,dress,shirt,sky,shirt,sky,dress,shirt,sky,9566.166773557663,2021-12-01T16:53:17.941000,1638368031.7742264
26,9,0,9,Random,-9999,110da9d09c5237f8,1.9490001201629639,0.13199996948242188,1638377600.071,0,near,dress,day,near,dress,near,dress,day,near,dress,9568.296773672104,2021-12-01T16:53:20.071000,1638368031.7742264
19,7,3,3,Random,-9999,110da9d09c5237f8,1.7939999103546143,0.18499994277954102,1638377601.938,7,beside,shoes,watermelon,shoes,beside,beside,shoes,watermelon,shoes,beside,9570.163773536682,2021-12-01T16:53:21.938000,1638368031.7742264
8,4,20,20,Random,-9999,110da9d09c5237f8,2.7250001430511475,0.07200002670288086,1638377604.797,4,socks,beach,far,beach,socks,socks,beach,far,beach,socks,9573.022773504257,2021-12-01T16:53:24.797000,1638368031.7742264
20,7,4,7,Random,-9999,110da9d09c5237f8,2.11299991607666,0.13199996948242188,1638377607.045,4,beside,socks,beach,beside,socks,beside,socks,beach,beside,socks,9575.270773649216,2021-12-01T16:53:27.045000,1638368031.7742264
21,3,16,16,Random,-9999,110da9d09c5237f8,1.9059998989105225,0.13100004196166992,1638377609.02,3,shoes,lemon,field,lemon,shoes,shoes,lemon,field,lemon,shoes,9577.245773553848,2021-12-01T16:53:29.020000,1638368031.7742264
28,24,29,24,Random,-9999,110da9d09c5237f8,1.8179998397827148,0.07000017166137695,1638377610.907,29,sunset,noon,night,sunset,noon,sunset,noon,night,sunset,noon,9579.132773637772,2021-12-01T16:53:30.907000,1638368031.7742264
0,2,28,2,Random,-9999,110da9d09c5237f8,3.4810001850128174,0.07399988174438477,1638377614.52,28,shirt,night,dress,shirt,night,shirt,night,dress,shirt,night,9582.745773553848,2021-12-01T16:53:34.520000,1638368031.7742264
21,10,28,28,Random,-9999,110da9d09c5237f8,2.124000072479248,0.1359999179840088,1638377616.781,10,angry,night,field,night,angry,angry,night,field,night,angry,9585.006773471832,2021-12-01T16:53:36.781000,1638368031.7742264
2,27,24,24,Random,-9999,110da9d09c5237f8,2.013000011444092,0.1400001049041748,1638377618.93,27,dusk,sunset,shirt,sunset,dusk,dusk,sunset,shirt,sunset,dusk,9587.155773639679,2021-12-01T16:53:38.930000,1638368031.7742264
19,14,17,17,Random,-9999,110da9d09c5237f8,1.621000051498413,0.12999987602233887,1638377620.624,14,sad,mango,watermelon,mango,sad,sad,mango,watermelon,mango,sad,9588.849773645401,2021-12-01T16:53:40.624000,1638368031.7742264
16,8,25,25,Random,-9999,110da9d09c5237f8,1.5870001316070557,0.07299995422363281,1638377622.283,8,far,dawn,lemon,dawn,far,far,dawn,lemon,dawn,far,9590.508773565292,2021-12-01T16:53:42.283000,1638368031.7742264
22,21,18,21,Random,-9999,110da9d09c5237f8,2.5260000228881836,0.07699990272521973,1638377624.945,18,field,strawberry,ocean,field,strawberry,field,strawberry,ocean,field,strawberry,9593.170773506165,2021-12-01T16:53:44.945000,1638368031.7742264
1,23,3,3,Random,-9999,110da9d09c5237f8,1.8939998149871826,0.13000011444091797,1638377626.909,23,sky,shoes,pants,shoes,sky,sky,shoes,pants,shoes,sky,9595.134773492813,2021-12-01T16:53:46.909000,1638368031.7742264
8,16,18,16,Random,-9999,110da9d09c5237f8,2.4649999141693115,0.08100008964538574,1638377629.516,18,lemon,strawberry,far,lemon,strawberry,lemon,strawberry,far,lemon,strawberry,9597.741773605347,2021-12-01T16:53:49.516000,1638368031.7742264
0,12,22,22,Random,-9999,110da9d09c5237f8,3.4839999675750732,0.13300013542175293,1638377633.133,12,fearful,ocean,dress,ocean,fearful,fearful,ocean,dress,ocean,fearful,9601.358773469925,2021-12-01T16:53:53.133000,1638368031.7742264
11,4,23,4,Random,-9999,110da9d09c5237f8,2.4659998416900635,0.13100004196166992,1638377635.735,23,socks,sky,disgust,socks,sky,socks,sky,disgust,socks,sky,9603.960773468018,2021-12-01T16:53:55.735000,1638368031.7742264
0,16,28,28,Random,-9999,110da9d09c5237f8,4.565999984741211,0.13199996948242188,1638377640.429,16,lemon,night,dress,night,lemon,lemon,night,dress,night,lemon,9608.65477347374,2021-12-01T16:54:00.429000,1638368031.7742264
11,25,4,25,Random,-9999,110da9d09c5237f8,1.9790000915527344,0.14400005340576172,1638377642.579,4,dawn,socks,disgust,dawn,socks,dawn,socks,disgust,dawn,socks,9610.804773569107,2021-12-01T16:54:02.579000,1638368031.7742264
3,10,18,10,Random,-9999,110da9d09c5237f8,2.0270001888275146,0.15999984741210938,1638377644.739,18,angry,strawberry,shoes,angry,strawberry,angry,strawberry,shoes,angry,strawberry,9612.964773654938,2021-12-01T16:54:04.739000,1638368031.7742264
17,11,6,6,Random,-9999,110da9d09c5237f8,2.7350001335144043,0.13299989700317383,1638377647.604,11,disgust,below,mango,below,disgust,disgust,below,mango,below,disgust,9615.829773664474,2021-12-01T16:54:07.604000,1638368031.7742264
16,29,18,18,Random,-9999,110da9d09c5237f8,1.9199998378753662,0.14800000190734863,1638377649.613,29,noon,strawberry,lemon,strawberry,noon,noon,strawberry,lemon,strawberry,noon,9617.838773488998,2021-12-01T16:54:09.613000,1638368031.7742264
24,9,26,26,Random,-9999,110da9d09c5237f8,2.819999933242798,0.14600014686584473,1638377652.58,9,near,day,sunset,day,near,near,day,sunset,day,near,9620.805773496628,2021-12-01T16:54:12.580000,1638368031.7742264
27,1,4,1,Random,-9999,110da9d09c5237f8,2.6549999713897705,0.13499999046325684,1638377655.43,4,pants,socks,dusk,pants,socks,pants,socks,dusk,pants,socks,9623.655773639679,2021-12-01T16:54:15.430000,1638368031.7742264
21,0,4,0,Random,-9999,110da9d09c5237f8,2.194999933242798,0.13499999046325684,1638377657.758,4,dress,socks,field,dress,socks,dress,socks,field,dress,socks,9625.983773469925,2021-12-01T16:54:17.758000,1638368031.7742264
8,9,4,9,Random,-9999,110da9d09c5237f8,2.4809999465942383,0.13000011444091797,1638377660.372,4,near,socks,far,near,socks,near,socks,far,near,socks,9628.597773551941,2021-12-01T16:54:20.372000,1638368031.7742264
0,13,19,13,Random,-9999,110da9d09c5237f8,2.2170000076293945,0.1359999179840088,1638377662.731,19,happy,watermelon,dress,happy,watermelon,happy,watermelon,dress,happy,watermelon,9630.956773519516,2021-12-01T16:54:22.731000,1638368031.7742264
13,8,19,8,Random,-9999,110da9d09c5237f8,2.2639999389648438,0.13700008392333984,1638377665.123,19,far,watermelon,happy,far,watermelon,far,watermelon,happy,far,watermelon,9633.348773479462,2021-12-01T16:54:25.123000,1638368031.7742264
22,6,1,6,Random,-9999,110da9d09c5237f8,3.064000129699707,0.13199996948242188,1638377668.323,1,below,pants,ocean,below,pants,below,pants,ocean,below,pants,9636.548773527145,2021-12-01T16:54:28.323000,1638368031.7742264
18,5,20,20,Random,-9999,110da9d09c5237f8,3.0339999198913574,0.14100003242492676,1638377671.496,5,above,beach,strawberry,beach,above,above,beach,strawberry,beach,above,9639.72177362442,2021-12-01T16:54:31.496000,1638368031.7742264
2,16,3,3,Random,-9999,110da9d09c5237f8,1.6380000114440918,0.13700008392333984,1638377673.216,16,lemon,shoes,shirt,shoes,lemon,lemon,shoes,shirt,shoes,lemon,9641.44177365303,2021-12-01T16:54:33.216000,1638368031.7742264
4,0,23,0,Random,-9999,110da9d09c5237f8,1.4849998950958252,0.07300019264221191,1638377674.766,23,dress,sky,socks,dress,sky,dress,sky,socks,dress,sky,9642.991773605347,2021-12-01T16:54:34.766000,1638368031.7742264
17,10,2,2,Random,-9999,110da9d09c5237f8,3.633000135421753,0.07299995422363281,1638377678.53,10,angry,shirt,mango,shirt,angry,angry,shirt,mango,shirt,angry,9646.755773544312,2021-12-01T16:54:38.530000,1638368031.7742264
3,15,23,15,Random,-9999,110da9d09c5237f8,4.199000120162964,0.13299989700317383,1638377682.87,23,blueberry,sky,shoes,blueberry,sky,blueberry,sky,shoes,blueberry,sky,9651.09577345848,2021-12-01T16:54:42.870000,1638368031.7742264
7,29,17,29,Random,-9999,110da9d09c5237f8,2.928999900817871,0.13199996948242188,1638377685.926,17,noon,mango,beside,noon,mango,noon,mango,beside,noon,mango,9654.151773691177,2021-12-01T16:54:45.926000,1638368031.7742264
29,7,11,7,Random,-9999,110da9d09c5237f8,2.2730000019073486,0.12899994850158691,1638377688.326,11,beside,disgust,noon,beside,disgust,beside,disgust,noon,beside,disgust,9656.551773548126,2021-12-01T16:54:48.326000,1638368031.7742264
19,27,16,16,Random,-9999,110da9d09c5237f8,2.264000177383423,0.13199996948242188,1638377690.722,27,dusk,lemon,watermelon,lemon,dusk,dusk,lemon,watermelon,lemon,dusk,9658.947773456573,2021-12-01T16:54:50.722000,1638368031.7742264
6,23,3,3,Random,-9999,110da9d09c5237f8,1.7999999523162842,0.1380000114440918,1638377692.604,23,sky,shoes,below,shoes,sky,sky,shoes,below,shoes,sky,9660.829773664474,2021-12-01T16:54:52.604000,1638368031.7742264
8,12,18,12,Random,-9999,110da9d09c5237f8,1.817000150680542,0.0709998607635498,1638377694.489,18,fearful,strawberry,far,fearful,strawberry,fearful,strawberry,far,fearful,strawberry,9662.714773654938,2021-12-01T16:54:54.489000,1638368031.7742264
15,13,27,13,Random,-9999,110da9d09c5237f8,1.8380000591278076,0.07200002670288086,1638377696.4,27,happy,dusk,blueberry,happy,dusk,happy,dusk,blueberry,happy,dusk,9664.62577366829,2021-12-01T16:54:56.400000,1638368031.7742264
28,14,29,29,Random,-9999,110da9d09c5237f8,2.8450000286102295,0.0710000991821289,1638377699.374,14,sad,noon,night,noon,sad,sad,noon,night,noon,sad,9667.599773645401,2021-12-01T16:54:59.374000,1638368031.7742264
4,17,7,7,Random,-9999,110da9d09c5237f8,3.6590001583099365,0.13099980354309082,1638377703.164,17,mango,beside,socks,beside,mango,mango,beside,socks,beside,mango,9671.389773607254,2021-12-01T16:55:03.164000,1638368031.7742264
19,20,29,20,Random,-9999,110da9d09c5237f8,2.621999979019165,0.13299989700317383,1638377705.916,29,beach,noon,watermelon,beach,noon,beach,noon,watermelon,beach,noon,9674.141773462296,2021-12-01T16:55:05.916000,1638368031.7742264
21,6,2,2,Random,-9999,110da9d09c5237f8,2.2319998741149902,0.127000093460083,1638377708.28,6,below,shirt,field,shirt,below,below,shirt,field,shirt,below,9676.505773544312,2021-12-01T16:55:08.280000,1638368031.7742264
7,25,12,12,Random,-9999,110da9d09c5237f8,2.875999927520752,0.13400006294250488,1638377711.293,25,dawn,fearful,beside,fearful,dawn,dawn,fearful,beside,fearful,dawn,9679.518773555756,2021-12-01T16:55:11.293000,1638368031.7742264
23,7,22,22,Random,-9999,110da9d09c5237f8,1.6750001907348633,0.1419999599456787,1638377713.044,7,beside,ocean,sky,ocean,beside,beside,ocean,sky,ocean,beside,9681.269773483276,2021-12-01T16:55:13.044000,1638368031.7742264
23,21,8,21,Random,-9999,110da9d09c5237f8,1.6150000095367432,0.07299995422363281,1638377714.734,8,field,far,sky,field,far,field,far,sky,field,far,9682.959773540497,2021-12-01T16:55:14.734000,1638368031.7742264
6,9,17,9,Random,-9999,110da9d09c5237f8,1.870999813079834,0.07300019264221191,1638377716.675,17,near,mango,below,near,mango,near,mango,below,near,mango,9684.900773525238,2021-12-01T16:55:16.675000,1638368031.7742264
6,12,22,12,Random,-9999,110da9d09c5237f8,1.875,0.0710000991821289,1638377718.624,22,fearful,ocean,below,fearful,ocean,fearful,ocean,below,fearful,ocean,9686.849773645401,2021-12-01T16:55:18.624000,1638368031.7742264
8,22,18,22,Random,-9999,110da9d09c5237f8,1.5250000953674316,0.07699990272521973,1638377720.224,18,ocean,strawberry,far,ocean,strawberry,ocean,strawberry,far,ocean,strawberry,9688.449773550034,2021-12-01T16:55:20.224000,1638368031.7742264
22,7,19,19,Random,-9999,110da9d09c5237f8,1.940000057220459,0.07699990272521973,1638377722.353,7,beside,watermelon,ocean,watermelon,beside,beside,watermelon,ocean,watermelon,beside,9690.578773498535,2021-12-01T16:55:22.353000,1638368031.7742264
2,26,10,26,Random,-9999,110da9d09c5237f8,1.9259998798370361,0.18400001525878906,1638377724.351,10,day,angry,shirt,day,angry,day,angry,shirt,day,angry,9692.576773643494,2021-12-01T16:55:24.351000,1638368031.7742264
6,12,28,12,Random,-9999,110da9d09c5237f8,1.4240000247955322,0.0710000991821289,1638377725.843,28,fearful,night,below,fearful,night,fearful,night,below,fearful,night,9694.068773508072,2021-12-01T16:55:25.843000,1638368031.7742264
10,18,21,21,Random,-9999,110da9d09c5237f8,1.688999891281128,0.0690000057220459,1638377727.605,18,strawberry,field,angry,field,strawberry,strawberry,field,angry,field,strawberry,9695.830773591995,2021-12-01T16:55:27.605000,1638368031.7742264
0,19,17,19,Random,-9999,110da9d09c5237f8,1.9090001583099365,0.07999992370605469,1638377729.591,17,watermelon,mango,dress,watermelon,mango,watermelon,mango,dress,watermelon,mango,9697.81677365303,2021-12-01T16:55:29.591000,1638368031.7742264
29,6,21,21,Random,-9999,110da9d09c5237f8,2.1030001640319824,0.07199978828430176,1638377731.823,6,below,field,noon,field,below,below,field,noon,field,below,9700.048773527145,2021-12-01T16:55:31.823000,1638368031.7742264
