head,left,right,winner,sampler,score,puid,response_time,network_latency,time_received,loser,left_html,right_html,head_html,winner_html,loser_html,left_filename,right_filename,head_filename,winner_filename,loser_filename,time_received_since_start,datetime_received,start_time
21,28,15,28,Random,-9999,c6d77ce62ce05825,9.047000169754028,0.2239999771118164,1638290289.252,15,night,blueberry,field,night,blueberry,night,blueberry,field,night,blueberry,934.1628723144531,2021-11-30T16:38:09.252000,1638289355.0891278
18,26,16,16,Random,-9999,c6d77ce62ce05825,1.1629998683929443,0.17100000381469727,1638290290.535,26,day,lemon,strawberry,lemon,day,day,lemon,strawberry,lemon,day,935.4458723068237,2021-11-30T16:38:10.535000,1638289355.0891278
8,27,20,27,Random,-9999,c6d77ce62ce05825,2.3320000171661377,0.08500003814697266,1638290293.0,20,dusk,beach,far,dusk,beach,dusk,beach,far,dusk,beach,937.910872220993,2021-11-30T16:38:13,1638289355.0891278
3,14,13,13,Random,-9999,c6d77ce62ce05825,2.693000078201294,0.15899991989135742,1638290295.859,14,sad,happy,shoes,happy,sad,sad,happy,shoes,happy,sad,940.7698721885681,2021-11-30T16:38:15.859000,1638289355.0891278
26,20,9,20,Random,-9999,c6d77ce62ce05825,1.7189998626708984,0.15400004386901855,1638290297.676,9,beach,near,day,beach,near,beach,near,day,beach,near,942.5868723392487,2021-11-30T16:38:17.676000,1638289355.0891278
23,26,3,26,Random,-9999,c6d77ce62ce05825,1.7200000286102295,0.09599995613098145,1638290299.479,3,day,shoes,sky,day,shoes,day,shoes,sky,day,shoes,944.3898723125458,2021-11-30T16:38:19.479000,1638289355.0891278
25,20,15,20,Random,-9999,c6d77ce62ce05825,1.5679998397827148,0.09500002861022949,1638290301.152,15,beach,blueberry,dawn,beach,blueberry,beach,blueberry,dawn,beach,blueberry,946.062872171402,2021-11-30T16:38:21.152000,1638289355.0891278
24,26,29,26,Random,-9999,c6d77ce62ce05825,1.4780001640319824,0.08899998664855957,1638290302.714,29,day,noon,sunset,day,noon,day,noon,sunset,day,noon,947.6248722076416,2021-11-30T16:38:22.714000,1638289355.0891278
4,22,9,9,Random,-9999,c6d77ce62ce05825,1.7279999256134033,0.08699989318847656,1638290304.534,22,ocean,near,socks,near,ocean,ocean,near,socks,near,ocean,949.4448721408844,2021-11-30T16:38:24.534000,1638289355.0891278
7,22,24,22,Random,-9999,c6d77ce62ce05825,2.0739998817443848,0.08700013160705566,1638290306.759,24,ocean,sunset,beside,ocean,sunset,ocean,sunset,beside,ocean,sunset,951.6698722839355,2021-11-30T16:38:26.759000,1638289355.0891278
3,5,21,5,Random,-9999,c6d77ce62ce05825,1.3209998607635498,0.1660001277923584,1638290308.191,21,above,field,shoes,above,field,above,field,shoes,above,field,953.1018722057343,2021-11-30T16:38:28.191000,1638289355.0891278
20,6,24,6,Random,-9999,c6d77ce62ce05825,0.8139998912811279,0.09400010108947754,1638290309.095,24,below,sunset,beach,below,sunset,below,sunset,beach,below,sunset,954.0058722496033,2021-11-30T16:38:29.095000,1638289355.0891278
19,5,8,5,Random,-9999,c6d77ce62ce05825,0.49500012397766113,0.09200000762939453,1638290309.684,8,above,far,watermelon,above,far,above,far,watermelon,above,far,954.5948722362518,2021-11-30T16:38:29.684000,1638289355.0891278
6,28,12,12,Random,-9999,c6d77ce62ce05825,0.48399996757507324,0.09399986267089844,1638290310.263,28,night,fearful,below,fearful,night,night,fearful,below,fearful,night,955.1738722324371,2021-11-30T16:38:30.263000,1638289355.0891278
19,27,5,27,Random,-9999,c6d77ce62ce05825,0.4419999122619629,0.0970001220703125,1638290310.805,5,dusk,above,watermelon,dusk,above,dusk,above,watermelon,dusk,above,955.7158722877502,2021-11-30T16:38:30.805000,1638289355.0891278
25,9,7,7,Random,-9999,c6d77ce62ce05825,0.6670000553131104,0.10500001907348633,1638290311.558,9,near,beside,dawn,beside,near,near,beside,dawn,beside,near,956.4688723087311,2021-11-30T16:38:31.558000,1638289355.0891278
18,1,19,1,Random,-9999,c6d77ce62ce05825,0.8680000305175781,0.1119999885559082,1638290312.562,19,pants,watermelon,strawberry,pants,watermelon,pants,watermelon,strawberry,pants,watermelon,957.4728722572327,2021-11-30T16:38:32.562000,1638289355.0891278
6,19,13,13,Random,-9999,c6d77ce62ce05825,0.9070000648498535,0.10499978065490723,1638290313.557,19,watermelon,happy,below,happy,watermelon,watermelon,happy,below,happy,watermelon,958.4678721427917,2021-11-30T16:38:33.557000,1638289355.0891278
21,16,17,16,Random,-9999,c6d77ce62ce05825,0.6150000095367432,0.0840001106262207,1638290314.263,17,lemon,mango,field,lemon,mango,lemon,mango,field,lemon,mango,959.1738722324371,2021-11-30T16:38:34.263000,1638289355.0891278
14,8,16,16,Random,-9999,c6d77ce62ce05825,0.6459999084472656,0.09299993515014648,1638290315.004,8,far,lemon,sad,lemon,far,far,lemon,sad,lemon,far,959.9148721694946,2021-11-30T16:38:35.004000,1638289355.0891278
20,16,28,28,Random,-9999,c6d77ce62ce05825,2.819999933242798,0.09600019454956055,1638290317.973,16,lemon,night,beach,night,lemon,lemon,night,beach,night,lemon,962.8838722705841,2021-11-30T16:38:37.973000,1638289355.0891278
23,13,3,13,Random,-9999,c6d77ce62ce05825,1.3849999904632568,0.1659998893737793,1638290319.637,3,happy,shoes,sky,happy,shoes,happy,shoes,sky,happy,shoes,964.5478723049164,2021-11-30T16:38:39.637000,1638289355.0891278
21,29,24,24,Random,-9999,c6d77ce62ce05825,1.1340000629425049,0.2630000114440918,1638290320.855,29,noon,sunset,field,sunset,noon,noon,sunset,field,sunset,noon,965.7658722400665,2021-11-30T16:38:40.855000,1638289355.0891278
23,16,13,16,Random,-9999,c6d77ce62ce05825,1.3020000457763672,0.08899998664855957,1638290322.246,13,lemon,happy,sky,lemon,happy,lemon,happy,sky,lemon,happy,967.1568722724915,2021-11-30T16:38:42.246000,1638289355.0891278
10,19,0,19,Random,-9999,c6d77ce62ce05825,0.8989999294281006,0.08999991416931152,1638290323.232,0,watermelon,dress,angry,watermelon,dress,watermelon,dress,angry,watermelon,dress,968.1428723335266,2021-11-30T16:38:43.232000,1638289355.0891278
14,29,23,23,Random,-9999,c6d77ce62ce05825,1.0399999618530273,0.09299993515014648,1638290324.371,29,noon,sky,sad,sky,noon,noon,sky,sad,sky,noon,969.2818722724915,2021-11-30T16:38:44.371000,1638289355.0891278
6,26,2,26,Random,-9999,c6d77ce62ce05825,0.7680001258850098,0.09200000762939453,1638290325.216,2,day,shirt,below,day,shirt,day,shirt,below,day,shirt,970.1268723011017,2021-11-30T16:38:45.216000,1638289355.0891278
3,15,7,7,Random,-9999,c6d77ce62ce05825,1.996000051498413,0.0839998722076416,1638290327.376,15,blueberry,beside,shoes,beside,blueberry,blueberry,beside,shoes,beside,blueberry,972.2868721485138,2021-11-30T16:38:47.376000,1638289355.0891278
18,22,9,22,Random,-9999,c6d77ce62ce05825,1.6559998989105225,0.16000008583068848,1638290329.127,9,ocean,near,strawberry,ocean,near,ocean,near,strawberry,ocean,near,974.0378723144531,2021-11-30T16:38:49.127000,1638289355.0891278
12,9,21,9,Random,-9999,c6d77ce62ce05825,2.692999839782715,0.09400010108947754,1638290331.981,21,near,field,fearful,near,field,near,field,fearful,near,field,976.8918721675873,2021-11-30T16:38:51.981000,1638289355.0891278
9,24,12,24,Random,-9999,c6d77ce62ce05825,1.559000015258789,0.32899999618530273,1638290333.79,12,sunset,fearful,near,sunset,fearful,sunset,fearful,near,sunset,fearful,978.7008721828461,2021-11-30T16:38:53.790000,1638289355.0891278
8,26,10,26,Random,-9999,c6d77ce62ce05825,2.0429999828338623,0.08600020408630371,1638290335.98,10,day,angry,far,day,angry,day,angry,far,day,angry,980.8908722400665,2021-11-30T16:38:55.980000,1638289355.0891278
28,1,16,1,Random,-9999,c6d77ce62ce05825,1.6389999389648438,0.15999984741210938,1638290337.722,16,pants,lemon,night,pants,lemon,pants,lemon,night,pants,lemon,982.6328721046448,2021-11-30T16:38:57.722000,1638289355.0891278
0,5,3,3,Random,-9999,c6d77ce62ce05825,1.9830000400543213,0.21800017356872559,1638290340.093,5,above,shoes,dress,shoes,above,above,shoes,dress,shoes,above,985.0038721561432,2021-11-30T16:39:00.093000,1638289355.0891278
25,7,18,7,Random,-9999,c6d77ce62ce05825,1.437999963760376,0.2649998664855957,1638290341.645,18,beside,strawberry,dawn,beside,strawberry,beside,strawberry,dawn,beside,strawberry,986.5558722019196,2021-11-30T16:39:01.645000,1638289355.0891278
26,12,11,11,Random,-9999,c6d77ce62ce05825,0.9550001621246338,0.10500001907348633,1638290342.692,12,fearful,disgust,day,disgust,fearful,fearful,disgust,day,disgust,fearful,987.602872133255,2021-11-30T16:39:02.692000,1638289355.0891278
8,6,19,6,Random,-9999,c6d77ce62ce05825,0.6169998645782471,0.08999991416931152,1638290343.403,19,below,watermelon,far,below,watermelon,below,watermelon,far,below,watermelon,988.3138723373413,2021-11-30T16:39:03.403000,1638289355.0891278
28,26,11,26,Random,-9999,c6d77ce62ce05825,0.5430002212524414,0.1809999942779541,1638290344.221,11,day,disgust,night,day,disgust,day,disgust,night,day,disgust,989.131872177124,2021-11-30T16:39:04.221000,1638289355.0891278
9,29,26,26,Random,-9999,c6d77ce62ce05825,0.5590000152587891,0.1960000991821289,1638290344.886,29,noon,day,near,day,noon,noon,day,near,day,noon,989.796872138977,2021-11-30T16:39:04.886000,1638289355.0891278
15,10,1,10,Random,-9999,c6d77ce62ce05825,0.6129999160766602,0.10199999809265137,1638290345.662,1,angry,pants,blueberry,angry,pants,angry,pants,blueberry,angry,pants,990.5728721618652,2021-11-30T16:39:05.662000,1638289355.0891278
11,12,15,12,Random,-9999,c6d77ce62ce05825,0.562999963760376,0.16100001335144043,1638290346.316,15,fearful,blueberry,disgust,fearful,blueberry,fearful,blueberry,disgust,fearful,blueberry,991.2268722057343,2021-11-30T16:39:06.316000,1638289355.0891278
19,14,21,14,Random,-9999,c6d77ce62ce05825,0.624000072479248,0.09800004959106445,1638290347.036,21,sad,field,watermelon,sad,field,sad,field,watermelon,sad,field,991.9468722343445,2021-11-30T16:39:07.036000,1638289355.0891278
24,15,27,27,Random,-9999,c6d77ce62ce05825,0.6419999599456787,0.10500001907348633,1638290347.791,15,blueberry,dusk,sunset,dusk,blueberry,blueberry,dusk,sunset,dusk,blueberry,992.7018721103668,2021-11-30T16:39:07.791000,1638289355.0891278
17,25,9,25,Random,-9999,c6d77ce62ce05825,0.6749999523162842,0.0969998836517334,1638290348.565,9,dawn,near,mango,dawn,near,dawn,near,mango,dawn,near,993.4758722782135,2021-11-30T16:39:08.565000,1638289355.0891278
26,14,16,14,Random,-9999,c6d77ce62ce05825,0.5720000267028809,0.10299992561340332,1638290349.226,16,sad,lemon,day,sad,lemon,sad,lemon,day,sad,lemon,994.1368722915649,2021-11-30T16:39:09.226000,1638289355.0891278
18,29,10,10,Random,-9999,c6d77ce62ce05825,0.4890000820159912,0.24600005149841309,1638290349.966,29,noon,angry,strawberry,angry,noon,noon,angry,strawberry,angry,noon,994.8768723011017,2021-11-30T16:39:09.966000,1638289355.0891278
15,9,12,9,Random,-9999,c6d77ce62ce05825,0.6319999694824219,0.10699987411499023,1638290350.709,12,near,fearful,blueberry,near,fearful,near,fearful,blueberry,near,fearful,995.6198723316193,2021-11-30T16:39:10.709000,1638289355.0891278
26,9,7,9,Random,-9999,c6d77ce62ce05825,0.7410001754760742,0.09599995613098145,1638290351.562,7,near,beside,day,near,beside,near,beside,day,near,beside,996.4728722572327,2021-11-30T16:39:11.562000,1638289355.0891278
17,16,27,16,Random,-9999,c6d77ce62ce05825,0.6230001449584961,0.11399984359741211,1638290352.282,27,lemon,dusk,mango,lemon,dusk,lemon,dusk,mango,lemon,dusk,997.1928722858429,2021-11-30T16:39:12.282000,1638289355.0891278
3,7,4,4,Random,-9999,c6d77ce62ce05825,0.5139999389648438,0.0969998836517334,1638290352.89,7,beside,socks,shoes,socks,beside,beside,socks,shoes,socks,beside,997.8008723258972,2021-11-30T16:39:12.890000,1638289355.0891278
5,19,8,8,Random,-9999,c6d77ce62ce05825,0.7150001525878906,0.13400006294250488,1638290353.738,19,watermelon,far,above,far,watermelon,watermelon,far,above,far,watermelon,998.6488721370697,2021-11-30T16:39:13.738000,1638289355.0891278
11,7,15,15,Random,-9999,c6d77ce62ce05825,0.6360001564025879,0.09199976921081543,1638290354.466,7,beside,blueberry,disgust,blueberry,beside,beside,blueberry,disgust,blueberry,beside,999.3768723011017,2021-11-30T16:39:14.466000,1638289355.0891278
12,16,18,16,Random,-9999,c6d77ce62ce05825,0.43000006675720215,0.2589998245239258,1638290355.162,18,lemon,strawberry,fearful,lemon,strawberry,lemon,strawberry,fearful,lemon,strawberry,1000.0728721618652,2021-11-30T16:39:15.162000,1638289355.0891278
24,9,15,9,Random,-9999,c6d77ce62ce05825,0.5989999771118164,0.10299992561340332,1638290355.862,15,near,blueberry,sunset,near,blueberry,near,blueberry,sunset,near,blueberry,1000.772872209549,2021-11-30T16:39:15.862000,1638289355.0891278
29,15,24,15,Random,-9999,c6d77ce62ce05825,0.6740000247955322,0.0989999771118164,1638290356.628,24,blueberry,sunset,noon,blueberry,sunset,blueberry,sunset,noon,blueberry,sunset,1001.5388722419739,2021-11-30T16:39:16.628000,1638289355.0891278
19,22,3,22,Random,-9999,c6d77ce62ce05825,1.071000099182129,0.19300007820129395,1638290357.901,3,ocean,shoes,watermelon,ocean,shoes,ocean,shoes,watermelon,ocean,shoes,1002.8118722438812,2021-11-30T16:39:17.901000,1638289355.0891278
3,10,27,27,Random,-9999,c6d77ce62ce05825,0.5360000133514404,0.10199999809265137,1638290358.537,10,angry,dusk,shoes,dusk,angry,angry,dusk,shoes,dusk,angry,1003.4478721618652,2021-11-30T16:39:18.537000,1638289355.0891278
13,3,24,3,Random,-9999,c6d77ce62ce05825,0.556999921798706,0.10100007057189941,1638290359.193,24,shoes,sunset,happy,shoes,sunset,shoes,sunset,happy,shoes,sunset,1004.1038722991943,2021-11-30T16:39:19.193000,1638289355.0891278
9,8,27,8,Random,-9999,c6d77ce62ce05825,0.5360000133514404,0.125,1638290359.946,27,far,dusk,near,far,dusk,far,dusk,near,far,dusk,1004.8568723201752,2021-11-30T16:39:19.946000,1638289355.0891278
29,16,12,12,Random,-9999,c6d77ce62ce05825,0.49900007247924805,0.1940000057220459,1638290360.548,16,lemon,fearful,noon,fearful,lemon,lemon,fearful,noon,fearful,lemon,1005.4588723182678,2021-11-30T16:39:20.548000,1638289355.0891278
18,20,6,6,Random,-9999,c6d77ce62ce05825,0.6389999389648438,0.09599995613098145,1638290361.284,20,beach,below,strawberry,below,beach,beach,below,strawberry,below,beach,1006.1948721408844,2021-11-30T16:39:21.284000,1638289355.0891278
21,25,5,25,Random,-9999,c6d77ce62ce05825,0.39299988746643066,0.13700008392333984,1638290361.805,5,dawn,above,field,dawn,above,dawn,above,field,dawn,above,1006.7158722877502,2021-11-30T16:39:21.805000,1638289355.0891278
19,15,6,15,Random,-9999,c6d77ce62ce05825,0.45399999618530273,0.2609999179840088,1638290362.522,6,blueberry,below,watermelon,blueberry,below,blueberry,below,watermelon,blueberry,below,1007.4328722953796,2021-11-30T16:39:22.522000,1638289355.0891278
6,15,2,2,Random,-9999,c6d77ce62ce05825,0.5820000171661377,0.09400010108947754,1638290363.203,15,blueberry,shirt,below,shirt,blueberry,blueberry,shirt,below,shirt,blueberry,1008.1138722896576,2021-11-30T16:39:23.203000,1638289355.0891278
25,0,1,0,Random,-9999,c6d77ce62ce05825,0.2849998474121094,0.10199999809265137,1638290363.577,1,dress,pants,dawn,dress,pants,dress,pants,dawn,dress,pants,1008.4878721237183,2021-11-30T16:39:23.577000,1638289355.0891278
12,6,26,26,Random,-9999,c6d77ce62ce05825,0.32899999618530273,0.09800004959106445,1638290364.151,6,below,day,fearful,day,below,below,day,fearful,day,below,1009.0618722438812,2021-11-30T16:39:24.151000,1638289355.0891278
23,1,8,1,Random,-9999,c6d77ce62ce05825,0.3509998321533203,0.23800015449523926,1638290364.618,8,pants,far,sky,pants,far,pants,far,sky,pants,far,1009.5288722515106,2021-11-30T16:39:24.618000,1638289355.0891278
8,13,10,10,Random,-9999,c6d77ce62ce05825,0.6939997673034668,0.11600017547607422,1638290365.408,13,happy,angry,far,angry,happy,happy,angry,far,angry,happy,1010.3188722133636,2021-11-30T16:39:25.408000,1638289355.0891278
20,25,17,17,Random,-9999,c6d77ce62ce05825,0.6150000095367432,0.09000015258789062,1638290366.244,25,dawn,mango,beach,mango,dawn,dawn,mango,beach,mango,dawn,1011.1548721790314,2021-11-30T16:39:26.244000,1638289355.0891278
29,9,18,18,Random,-9999,c6d77ce62ce05825,0.4499998092651367,0.22099995613098145,1638290366.792,9,near,strawberry,noon,strawberry,near,near,strawberry,noon,strawberry,near,1011.7028722763062,2021-11-30T16:39:26.792000,1638289355.0891278
21,9,4,4,Random,-9999,c6d77ce62ce05825,0.48199987411499023,0.10000014305114746,1638290367.366,9,near,socks,field,socks,near,near,socks,field,socks,near,1012.2768721580505,2021-11-30T16:39:27.366000,1638289355.0891278
11,2,16,16,Random,-9999,c6d77ce62ce05825,0.5859999656677246,0.09000015258789062,1638290368.049,2,shirt,lemon,disgust,lemon,shirt,shirt,lemon,disgust,lemon,shirt,1012.9598722457886,2021-11-30T16:39:28.049000,1638289355.0891278
6,29,26,26,Random,-9999,c6d77ce62ce05825,0.4910001754760742,0.10299992561340332,1638290368.64,29,noon,day,below,day,noon,noon,day,below,day,noon,1013.5508723258972,2021-11-30T16:39:28.640000,1638289355.0891278
5,4,8,4,Random,-9999,c6d77ce62ce05825,0.41700005531311035,0.20300006866455078,1638290369.391,8,socks,far,above,socks,far,socks,far,above,socks,far,1014.301872253418,2021-11-30T16:39:29.391000,1638289355.0891278
16,1,13,13,Random,-9999,c6d77ce62ce05825,0.5060000419616699,0.22899985313415527,1638290369.997,1,pants,happy,lemon,happy,pants,pants,happy,lemon,happy,pants,1014.9078722000122,2021-11-30T16:39:29.997000,1638289355.0891278
2,7,26,26,Random,-9999,c6d77ce62ce05825,0.6449999809265137,0.09800004959106445,1638290370.831,7,beside,day,shirt,day,beside,beside,day,shirt,day,beside,1015.7418723106384,2021-11-30T16:39:30.831000,1638289355.0891278
26,18,23,23,Random,-9999,c6d77ce62ce05825,0.625,0.19000005722045898,1638290371.547,18,strawberry,sky,day,sky,strawberry,strawberry,sky,day,sky,strawberry,1016.4578721523285,2021-11-30T16:39:31.547000,1638289355.0891278
9,25,17,25,Random,-9999,c6d77ce62ce05825,0.5940001010894775,0.09100008010864258,1638290372.225,17,dawn,mango,near,dawn,mango,dawn,mango,near,dawn,mango,1017.1358721256256,2021-11-30T16:39:32.225000,1638289355.0891278
0,8,23,23,Random,-9999,c6d77ce62ce05825,0.6079998016357422,0.09300017356872559,1638290372.931,8,far,sky,dress,sky,far,far,sky,dress,sky,far,1017.841872215271,2021-11-30T16:39:32.931000,1638289355.0891278
17,7,14,14,Random,-9999,c6d77ce62ce05825,0.5390000343322754,0.09200000762939453,1638290373.583,7,beside,sad,mango,sad,beside,beside,sad,mango,sad,beside,1018.4938721656799,2021-11-30T16:39:33.583000,1638289355.0891278
19,18,25,25,Random,-9999,c6d77ce62ce05825,0.5360000133514404,0.11999988555908203,1638290374.219,18,strawberry,dawn,watermelon,dawn,strawberry,strawberry,dawn,watermelon,dawn,strawberry,1019.1298723220825,2021-11-30T16:39:34.219000,1638289355.0891278
22,28,8,8,Random,-9999,c6d77ce62ce05825,0.5600001811981201,0.09200000762939453,1638290374.868,28,night,far,ocean,far,night,night,far,ocean,far,night,1019.7788722515106,2021-11-30T16:39:34.868000,1638289355.0891278
4,6,1,6,Random,-9999,c6d77ce62ce05825,1.5810000896453857,0.17199993133544922,1638290376.73,1,below,pants,socks,below,pants,below,pants,socks,below,pants,1021.6408722400665,2021-11-30T16:39:36.730000,1638289355.0891278
5,8,6,8,Random,-9999,c6d77ce62ce05825,0.3970000743865967,0.19899988174438477,1638290377.212,6,far,below,above,far,below,far,below,above,far,below,1022.1228721141815,2021-11-30T16:39:37.212000,1638289355.0891278
22,4,27,4,Random,-9999,c6d77ce62ce05825,0.619999885559082,0.09500002861022949,1638290377.929,27,socks,dusk,ocean,socks,dusk,socks,dusk,ocean,socks,dusk,1022.8398721218109,2021-11-30T16:39:37.929000,1638289355.0891278
12,19,13,19,Random,-9999,c6d77ce62ce05825,0.5239999294281006,0.09200000762939453,1638290378.555,13,watermelon,happy,fearful,watermelon,happy,watermelon,happy,fearful,watermelon,happy,1023.4658722877502,2021-11-30T16:39:38.555000,1638289355.0891278
1,24,12,12,Random,-9999,c6d77ce62ce05825,0.6860001087188721,0.10299992561340332,1638290379.337,24,sunset,fearful,pants,fearful,sunset,sunset,fearful,pants,fearful,sunset,1024.2478721141815,2021-11-30T16:39:39.337000,1638289355.0891278
25,8,11,11,Random,-9999,c6d77ce62ce05825,0.6310000419616699,0.09200000762939453,1638290380.068,8,far,disgust,dawn,disgust,far,far,disgust,dawn,disgust,far,1024.9788722991943,2021-11-30T16:39:40.068000,1638289355.0891278
10,26,16,26,Random,-9999,c6d77ce62ce05825,0.5869998931884766,0.10199999809265137,1638290380.754,16,day,lemon,angry,day,lemon,day,lemon,angry,day,lemon,1025.6648721694946,2021-11-30T16:39:40.754000,1638289355.0891278
21,29,3,29,Random,-9999,c6d77ce62ce05825,0.6889998912811279,0.09800004959106445,1638290381.545,3,noon,shoes,field,noon,shoes,noon,shoes,field,noon,shoes,1026.455872297287,2021-11-30T16:39:41.545000,1638289355.0891278
18,13,22,22,Random,-9999,c6d77ce62ce05825,0.7170000076293945,0.10300016403198242,1638290382.365,13,happy,ocean,strawberry,ocean,happy,happy,ocean,strawberry,ocean,happy,1027.2758722305298,2021-11-30T16:39:42.365000,1638289355.0891278
21,6,29,29,Random,-9999,c6d77ce62ce05825,0.3970000743865967,0.10299992561340332,1638290382.865,6,below,noon,field,noon,below,below,noon,field,noon,below,1027.7758722305298,2021-11-30T16:39:42.865000,1638289355.0891278
20,17,29,17,Random,-9999,c6d77ce62ce05825,0.25800013542175293,0.08699989318847656,1638290383.459,29,mango,noon,beach,mango,noon,mango,noon,beach,mango,noon,1028.3698723316193,2021-11-30T16:39:43.459000,1638289355.0891278
3,29,23,29,Random,-9999,c6d77ce62ce05825,0.6690001487731934,0.09999990463256836,1638290384.23,23,noon,sky,shoes,noon,sky,noon,sky,shoes,noon,sky,1029.1408722400665,2021-11-30T16:39:44.230000,1638289355.0891278
9,19,26,19,Random,-9999,c6d77ce62ce05825,1.2860000133514404,0.0989999771118164,1638290385.613,26,watermelon,day,near,watermelon,day,watermelon,day,near,watermelon,day,1030.5238721370697,2021-11-30T16:39:45.613000,1638289355.0891278
20,10,24,10,Random,-9999,c6d77ce62ce05825,0.7189998626708984,0.10199999809265137,1638290386.432,24,angry,sunset,beach,angry,sunset,angry,sunset,beach,angry,sunset,1031.3428721427917,2021-11-30T16:39:46.432000,1638289355.0891278
8,26,3,26,Random,-9999,c6d77ce62ce05825,0.8799998760223389,0.10300016403198242,1638290387.407,3,day,shoes,far,day,shoes,day,shoes,far,day,shoes,1032.317872285843,2021-11-30T16:39:47.407000,1638289355.0891278
21,14,3,3,Random,-9999,c6d77ce62ce05825,0.882000207901001,0.09299993515014648,1638290388.379,14,sad,shoes,field,shoes,sad,sad,shoes,field,shoes,sad,1033.2898721694946,2021-11-30T16:39:48.379000,1638289355.0891278
27,12,10,12,Random,-9999,c6d77ce62ce05825,0.746999979019165,0.08899998664855957,1638290389.229,10,fearful,angry,dusk,fearful,angry,fearful,angry,dusk,fearful,angry,1034.1398723125458,2021-11-30T16:39:49.229000,1638289355.0891278
12,28,1,28,Random,-9999,c6d77ce62ce05825,0.7019999027252197,0.0989999771118164,1638290390.032,1,night,pants,fearful,night,pants,night,pants,fearful,night,pants,1034.942872285843,2021-11-30T16:39:50.032000,1638289355.0891278
23,12,29,29,Random,-9999,c6d77ce62ce05825,0.8369998931884766,0.10400009155273438,1638290390.963,12,fearful,noon,sky,noon,fearful,fearful,noon,sky,noon,fearful,1035.8738722801208,2021-11-30T16:39:50.963000,1638289355.0891278
6,25,18,25,Random,-9999,c6d77ce62ce05825,0.7969999313354492,0.09800004959106445,1638290391.862,18,dawn,strawberry,below,dawn,strawberry,dawn,strawberry,below,dawn,strawberry,1036.772872209549,2021-11-30T16:39:51.862000,1638289355.0891278
8,26,10,26,Random,-9999,c6d77ce62ce05825,0.750999927520752,0.09500002861022949,1638290392.712,10,day,angry,far,day,angry,day,angry,far,day,angry,1037.6228721141815,2021-11-30T16:39:52.712000,1638289355.0891278
27,20,21,20,Random,-9999,c6d77ce62ce05825,0.7290000915527344,0.09800004959106445,1638290393.544,21,beach,field,dusk,beach,field,beach,field,dusk,beach,field,1038.4548721313477,2021-11-30T16:39:53.544000,1638289355.0891278
25,6,5,5,Random,-9999,c6d77ce62ce05825,0.6959998607635498,0.10400009155273438,1638290394.34,6,below,above,dawn,above,below,below,above,dawn,above,below,1039.2508721351624,2021-11-30T16:39:54.340000,1638289355.0891278
19,9,11,9,Random,-9999,c6d77ce62ce05825,0.6570000648498535,0.10199999809265137,1638290395.099,11,near,disgust,watermelon,near,disgust,near,disgust,watermelon,near,disgust,1040.0098721981049,2021-11-30T16:39:55.099000,1638289355.0891278
19,15,17,17,Random,-9999,c6d77ce62ce05825,0.752000093460083,0.0989999771118164,1638290395.947,15,blueberry,mango,watermelon,mango,blueberry,blueberry,mango,watermelon,mango,blueberry,1040.857872247696,2021-11-30T16:39:55.947000,1638289355.0891278
23,21,3,21,Random,-9999,c6d77ce62ce05825,0.687999963760376,0.0969998836517334,1638290396.733,3,field,shoes,sky,field,shoes,field,shoes,sky,field,shoes,1041.6438722610474,2021-11-30T16:39:56.733000,1638289355.0891278
3,11,13,11,Random,-9999,c6d77ce62ce05825,0.6759998798370361,0.09800004959106445,1638290397.508,13,disgust,happy,shoes,disgust,happy,disgust,happy,shoes,disgust,happy,1042.4188721179962,2021-11-30T16:39:57.508000,1638289355.0891278
5,19,20,19,Random,-9999,c6d77ce62ce05825,0.7389998435974121,0.09900021553039551,1638290398.349,20,watermelon,beach,above,watermelon,beach,watermelon,beach,above,watermelon,beach,1043.2598721981049,2021-11-30T16:39:58.349000,1638289355.0891278
6,12,24,24,Random,-9999,c6d77ce62ce05825,0.6710000038146973,0.10000014305114746,1638290399.114,12,fearful,sunset,below,sunset,fearful,fearful,sunset,below,sunset,fearful,1044.024872303009,2021-11-30T16:39:59.114000,1638289355.0891278
7,18,24,24,Random,-9999,c6d77ce62ce05825,0.7029998302459717,0.0970001220703125,1638290399.91,18,strawberry,sunset,beside,sunset,strawberry,strawberry,sunset,beside,sunset,strawberry,1044.8208723068237,2021-11-30T16:39:59.910000,1638289355.0891278
8,5,24,5,Random,-9999,c6d77ce62ce05825,0.6349999904632568,0.10000014305114746,1638290400.652,24,above,sunset,far,above,sunset,above,sunset,far,above,sunset,1045.562872171402,2021-11-30T16:40:00.652000,1638289355.0891278
24,29,3,3,Random,-9999,c6d77ce62ce05825,0.5409998893737793,0.10400009155273438,1638290401.29,29,noon,shoes,sunset,shoes,noon,noon,shoes,sunset,shoes,noon,1046.200872182846,2021-11-30T16:40:01.290000,1638289355.0891278
6,3,13,3,Random,-9999,c6d77ce62ce05825,0.20399999618530273,0.09299993515014648,1638290401.583,13,shoes,happy,below,shoes,happy,shoes,happy,below,shoes,happy,1046.49387216568,2021-11-30T16:40:01.583000,1638289355.0891278
16,17,11,11,Random,-9999,c6d77ce62ce05825,0.8530001640319824,0.08899998664855957,1638290402.535,17,mango,disgust,lemon,disgust,mango,mango,disgust,lemon,disgust,mango,1047.4458723068237,2021-11-30T16:40:02.535000,1638289355.0891278
17,29,10,29,Random,-9999,c6d77ce62ce05825,0.42600011825561523,0.10399985313415527,1638290403.066,10,noon,angry,mango,noon,angry,noon,angry,mango,noon,angry,1047.9768722057343,2021-11-30T16:40:03.066000,1638289355.0891278
3,21,0,21,Random,-9999,c6d77ce62ce05825,0.3859999179840088,0.08800005912780762,1638290403.771,0,field,dress,shoes,field,dress,field,dress,shoes,field,dress,1048.6818721294403,2021-11-30T16:40:03.771000,1638289355.0891278
8,6,16,16,Random,-9999,c6d77ce62ce05825,0.5369999408721924,0.09600019454956055,1638290404.406,6,below,lemon,far,lemon,below,below,lemon,far,lemon,below,1049.3168721199036,2021-11-30T16:40:04.406000,1638289355.0891278
11,7,22,22,Random,-9999,c6d77ce62ce05825,0.5160000324249268,0.10100007057189941,1638290405.023,7,beside,ocean,disgust,ocean,beside,beside,ocean,disgust,ocean,beside,1049.9338722229004,2021-11-30T16:40:05.023000,1638289355.0891278
11,13,17,13,Random,-9999,c6d77ce62ce05825,0.40799999237060547,0.10400009155273438,1638290405.533,17,happy,mango,disgust,happy,mango,happy,mango,disgust,happy,mango,1050.4438722133636,2021-11-30T16:40:05.533000,1638289355.0891278
21,20,1,20,Random,-9999,c6d77ce62ce05825,0.48399996757507324,0.09999990463256836,1638290406.119,1,beach,pants,field,beach,pants,beach,pants,field,beach,pants,1051.0298721790314,2021-11-30T16:40:06.119000,1638289355.0891278
4,22,10,22,Random,-9999,c6d77ce62ce05825,0.49499988555908203,0.09800004959106445,1638290406.707,10,ocean,angry,socks,ocean,angry,ocean,angry,socks,ocean,angry,1051.6178722381592,2021-11-30T16:40:06.707000,1638289355.0891278
17,10,22,22,Random,-9999,c6d77ce62ce05825,0.45399999618530273,0.09600019454956055,1638290407.261,10,angry,ocean,mango,ocean,angry,angry,ocean,mango,ocean,angry,1052.171872138977,2021-11-30T16:40:07.261000,1638289355.0891278
25,20,2,2,Random,-9999,c6d77ce62ce05825,0.5490000247955322,0.10099983215332031,1638290407.911,20,beach,shirt,dawn,shirt,beach,beach,shirt,dawn,shirt,beach,1052.8218722343445,2021-11-30T16:40:07.911000,1638289355.0891278
25,4,13,4,Random,-9999,c6d77ce62ce05825,0.8350000381469727,0.10000014305114746,1638290408.85,13,socks,happy,dawn,socks,happy,socks,happy,dawn,socks,happy,1053.7608721256256,2021-11-30T16:40:08.850000,1638289355.0891278
17,4,14,14,Random,-9999,c6d77ce62ce05825,0.5840001106262207,0.10599994659423828,1638290409.536,4,socks,sad,mango,sad,socks,socks,sad,mango,sad,socks,1054.4468722343445,2021-11-30T16:40:09.536000,1638289355.0891278
3,22,4,22,Random,-9999,c6d77ce62ce05825,0.5570001602172852,0.09999990463256836,1638290410.184,4,ocean,socks,shoes,ocean,socks,ocean,socks,shoes,ocean,socks,1055.0948722362518,2021-11-30T16:40:10.184000,1638289355.0891278
13,17,24,24,Random,-9999,c6d77ce62ce05825,0.6169998645782471,0.08899998664855957,1638290410.892,17,mango,sunset,happy,sunset,mango,mango,sunset,happy,sunset,mango,1055.8028721809387,2021-11-30T16:40:10.892000,1638289355.0891278
1,24,29,24,Random,-9999,c6d77ce62ce05825,2.0810000896453857,0.09200000762939453,1638290413.128,29,sunset,noon,pants,sunset,noon,sunset,noon,pants,sunset,noon,1058.0388722419739,2021-11-30T16:40:13.128000,1638289355.0891278
3,14,1,1,Random,-9999,c6d77ce62ce05825,1.8420000076293945,0.15799999237060547,1638290415.065,14,sad,pants,shoes,pants,sad,sad,pants,shoes,pants,sad,1059.9758722782135,2021-11-30T16:40:15.065000,1638289355.0891278
20,25,10,10,Random,-9999,c6d77ce62ce05825,0.5850000381469727,0.09599995613098145,1638290415.737,25,dawn,angry,beach,angry,dawn,dawn,angry,beach,angry,dawn,1060.647872209549,2021-11-30T16:40:15.737000,1638289355.0891278
27,21,26,21,Random,-9999,c6d77ce62ce05825,0.6060001850128174,0.08899998664855957,1638290416.437,26,field,day,dusk,field,day,field,day,dusk,field,day,1061.3478722572327,2021-11-30T16:40:16.437000,1638289355.0891278
23,0,13,13,Random,-9999,c6d77ce62ce05825,0.6980001926422119,0.09499979019165039,1638290417.232,0,dress,happy,sky,happy,dress,dress,happy,sky,happy,dress,1062.1428723335266,2021-11-30T16:40:17.232000,1638289355.0891278
23,6,19,6,Random,-9999,c6d77ce62ce05825,0.7889997959136963,0.10500001907348633,1638290418.126,19,below,watermelon,sky,below,watermelon,below,watermelon,sky,below,watermelon,1063.0368721485138,2021-11-30T16:40:18.126000,1638289355.0891278
19,25,7,25,Random,-9999,c6d77ce62ce05825,0.6349999904632568,0.09500002861022949,1638290418.849,7,dawn,beside,watermelon,dawn,beside,dawn,beside,watermelon,dawn,beside,1063.7598721981049,2021-11-30T16:40:18.849000,1638289355.0891278
25,3,6,3,Random,-9999,c6d77ce62ce05825,0.7089998722076416,0.08600020408630371,1638290419.652,6,shoes,below,dawn,shoes,below,shoes,below,dawn,shoes,below,1064.562872171402,2021-11-30T16:40:19.652000,1638289355.0891278
0,20,8,8,Random,-9999,c6d77ce62ce05825,0.6449999809265137,0.09800004959106445,1638290420.392,20,beach,far,dress,far,beach,beach,far,dress,far,beach,1065.3028721809387,2021-11-30T16:40:20.392000,1638289355.0891278
1,28,16,28,Random,-9999,c6d77ce62ce05825,0.6159999370574951,0.09599995613098145,1638290421.105,16,night,lemon,pants,night,lemon,night,lemon,pants,night,lemon,1066.0158722400665,2021-11-30T16:40:21.105000,1638289355.0891278
27,5,18,5,Random,-9999,c6d77ce62ce05825,0.747999906539917,0.09800004959106445,1638290421.95,18,above,strawberry,dusk,above,strawberry,above,strawberry,dusk,above,strawberry,1066.8608722686768,2021-11-30T16:40:21.950000,1638289355.0891278
18,27,28,27,Random,-9999,c6d77ce62ce05825,0.7170000076293945,0.09500002861022949,1638290422.761,28,dusk,night,strawberry,dusk,night,dusk,night,strawberry,dusk,night,1067.671872138977,2021-11-30T16:40:22.761000,1638289355.0891278
0,6,12,12,Random,-9999,c6d77ce62ce05825,0.5329999923706055,0.09500002861022949,1638290423.387,6,below,fearful,dress,fearful,below,below,fearful,dress,fearful,below,1068.2978723049164,2021-11-30T16:40:23.387000,1638289355.0891278
12,28,17,17,Random,-9999,c6d77ce62ce05825,0.5590000152587891,0.09099984169006348,1638290424.039,28,night,mango,fearful,mango,night,night,mango,fearful,mango,night,1068.9498722553253,2021-11-30T16:40:24.039000,1638289355.0891278
0,26,13,13,Random,-9999,c6d77ce62ce05825,0.6330001354217529,0.09599995613098145,1638290424.775,26,day,happy,dress,happy,day,day,happy,dress,happy,day,1069.6858723163605,2021-11-30T16:40:24.775000,1638289355.0891278
14,0,17,0,Random,-9999,c6d77ce62ce05825,0.6019999980926514,0.10400009155273438,1638290425.47,17,dress,mango,sad,dress,mango,dress,mango,sad,dress,mango,1070.3808722496033,2021-11-30T16:40:25.470000,1638289355.0891278
16,8,12,12,Random,-9999,c6d77ce62ce05825,0.5859999656677246,0.09299993515014648,1638290426.151,8,far,fearful,lemon,fearful,far,far,fearful,lemon,fearful,far,1071.0618722438812,2021-11-30T16:40:26.151000,1638289355.0891278
26,18,12,18,Random,-9999,c6d77ce62ce05825,0.45799994468688965,0.09500002861022949,1638290426.702,12,strawberry,fearful,day,strawberry,fearful,strawberry,fearful,day,strawberry,fearful,1071.6128721237183,2021-11-30T16:40:26.702000,1638289355.0891278
22,18,17,17,Random,-9999,c6d77ce62ce05825,0.46200013160705566,0.09599995613098145,1638290427.26,18,strawberry,mango,ocean,mango,strawberry,strawberry,mango,ocean,mango,strawberry,1072.1708722114563,2021-11-30T16:40:27.260000,1638289355.0891278
0,26,27,26,Random,-9999,c6d77ce62ce05825,0.9769999980926514,0.09299993515014648,1638290428.324,27,day,dusk,dress,day,dusk,day,dusk,dress,day,dusk,1073.2348721027374,2021-11-30T16:40:28.324000,1638289355.0891278
3,22,15,22,Random,-9999,c6d77ce62ce05825,0.681999921798706,0.09000015258789062,1638290429.1,15,ocean,blueberry,shoes,ocean,blueberry,ocean,blueberry,shoes,ocean,blueberry,1074.0108721256256,2021-11-30T16:40:29.100000,1638289355.0891278
0,9,19,9,Random,-9999,c6d77ce62ce05825,0.5069999694824219,0.09200000762939453,1638290429.692,19,near,watermelon,dress,near,watermelon,near,watermelon,dress,near,watermelon,1074.602872133255,2021-11-30T16:40:29.692000,1638289355.0891278
27,4,15,15,Random,-9999,c6d77ce62ce05825,0.4309999942779541,0.08699989318847656,1638290430.218,4,socks,blueberry,dusk,blueberry,socks,socks,blueberry,dusk,blueberry,socks,1075.1288721561432,2021-11-30T16:40:30.218000,1638289355.0891278
19,20,27,20,Random,-9999,c6d77ce62ce05825,0.8440001010894775,0.09800004959106445,1638290431.159,27,beach,dusk,watermelon,beach,dusk,beach,dusk,watermelon,beach,dusk,1076.0698721408844,2021-11-30T16:40:31.159000,1638289355.0891278
20,10,23,23,Random,-9999,c6d77ce62ce05825,0.370999813079834,0.09500002861022949,1638290431.626,10,angry,sky,beach,sky,angry,angry,sky,beach,sky,angry,1076.5368721485138,2021-11-30T16:40:31.626000,1638289355.0891278
21,5,6,6,Random,-9999,c6d77ce62ce05825,0.6390001773834229,0.09500002861022949,1638290432.36,5,above,below,field,below,above,above,below,field,below,above,1077.2708721160889,2021-11-30T16:40:32.360000,1638289355.0891278
15,2,3,3,Random,-9999,c6d77ce62ce05825,0.5970001220703125,0.09499979019165039,1638290433.051,2,shirt,shoes,blueberry,shoes,shirt,shirt,shoes,blueberry,shoes,shirt,1077.9618723392487,2021-11-30T16:40:33.051000,1638289355.0891278
23,17,0,17,Random,-9999,c6d77ce62ce05825,0.4440000057220459,0.09500002861022949,1638290433.583,0,mango,dress,sky,mango,dress,mango,dress,sky,mango,dress,1078.49387216568,2021-11-30T16:40:33.583000,1638289355.0891278
7,27,23,23,Random,-9999,c6d77ce62ce05825,0.5389997959136963,0.08800005912780762,1638290434.217,27,dusk,sky,beside,sky,dusk,dusk,sky,beside,sky,dusk,1079.1278722286224,2021-11-30T16:40:34.217000,1638289355.0891278
26,4,15,15,Random,-9999,c6d77ce62ce05825,0.49699997901916504,0.09200000762939453,1638290434.809,4,socks,blueberry,day,blueberry,socks,socks,blueberry,day,blueberry,socks,1079.7198722362518,2021-11-30T16:40:34.809000,1638289355.0891278
25,2,1,1,Random,-9999,c6d77ce62ce05825,0.6570000648498535,0.09800004959106445,1638290435.563,2,shirt,pants,dawn,pants,shirt,shirt,pants,dawn,pants,shirt,1080.4738721847534,2021-11-30T16:40:35.563000,1638289355.0891278
11,22,15,22,Random,-9999,c6d77ce62ce05825,0.49700021743774414,0.09799981117248535,1638290436.158,15,ocean,blueberry,disgust,ocean,blueberry,ocean,blueberry,disgust,ocean,blueberry,1081.0688722133636,2021-11-30T16:40:36.158000,1638289355.0891278
19,7,23,23,Random,-9999,c6d77ce62ce05825,0.47300004959106445,0.0969998836517334,1638290436.727,7,beside,sky,watermelon,sky,beside,beside,sky,watermelon,sky,beside,1081.6378722190857,2021-11-30T16:40:36.727000,1638289355.0891278
7,11,20,20,Random,-9999,c6d77ce62ce05825,2.2279999256134033,0.09800004959106445,1638290439.11,11,disgust,beach,beside,beach,disgust,disgust,beach,beside,beach,disgust,1084.0208721160889,2021-11-30T16:40:39.110000,1638289355.0891278
3,18,17,18,Random,-9999,c6d77ce62ce05825,0.4290001392364502,0.15599989891052246,1638290439.638,17,strawberry,mango,shoes,strawberry,mango,strawberry,mango,shoes,strawberry,mango,1084.5488722324371,2021-11-30T16:40:39.638000,1638289355.0891278
6,1,16,16,Random,-9999,c6d77ce62ce05825,0.48600006103515625,0.09099984169006348,1638290440.213,1,pants,lemon,below,lemon,pants,pants,lemon,below,lemon,pants,1085.1238722801208,2021-11-30T16:40:40.213000,1638289355.0891278
7,19,8,19,Random,-9999,c6d77ce62ce05825,0.5260000228881836,0.08999991416931152,1638290440.829,8,watermelon,far,beside,watermelon,far,watermelon,far,beside,watermelon,far,1085.7398722171783,2021-11-30T16:40:40.829000,1638289355.0891278
22,3,6,6,Random,-9999,c6d77ce62ce05825,0.5290000438690186,0.09099984169006348,1638290441.447,3,shoes,below,ocean,below,shoes,shoes,below,ocean,below,shoes,1086.357872247696,2021-11-30T16:40:41.447000,1638289355.0891278
26,6,8,8,Random,-9999,c6d77ce62ce05825,0.5420000553131104,0.09399986267089844,1638290442.084,6,below,far,day,far,below,below,far,day,far,below,1086.9948723316193,2021-11-30T16:40:42.084000,1638289355.0891278
3,24,14,14,Random,-9999,c6d77ce62ce05825,0.565000057220459,0.09299993515014648,1638290442.742,24,sunset,sad,shoes,sad,sunset,sunset,sad,shoes,sad,sunset,1087.6528723239899,2021-11-30T16:40:42.742000,1638289355.0891278
28,6,29,6,Random,-9999,c6d77ce62ce05825,0.5490000247955322,0.09400010108947754,1638290443.383,29,below,noon,night,below,noon,below,noon,night,below,noon,1088.2938721179962,2021-11-30T16:40:43.383000,1638289355.0891278
0,4,19,19,Random,-9999,c6d77ce62ce05825,0.46700000762939453,0.08799982070922852,1638290443.938,4,socks,watermelon,dress,watermelon,socks,socks,watermelon,dress,watermelon,socks,1088.8488721847534,2021-11-30T16:40:43.938000,1638289355.0891278
8,27,4,4,Random,-9999,c6d77ce62ce05825,0.5900001525878906,0.09200000762939453,1638290444.621,27,dusk,socks,far,socks,dusk,dusk,socks,far,socks,dusk,1089.5318722724915,2021-11-30T16:40:44.621000,1638289355.0891278
7,2,27,27,Random,-9999,c6d77ce62ce05825,0.5059998035430908,0.09500002861022949,1638290445.221,2,shirt,dusk,beside,dusk,shirt,shirt,dusk,beside,dusk,shirt,1090.131872177124,2021-11-30T16:40:45.221000,1638289355.0891278
0,11,23,11,Random,-9999,c6d77ce62ce05825,0.5169999599456787,0.08899998664855957,1638290445.817,23,disgust,sky,dress,disgust,sky,disgust,sky,dress,disgust,sky,1090.727872133255,2021-11-30T16:40:45.817000,1638289355.0891278
23,29,10,10,Random,-9999,c6d77ce62ce05825,0.4589998722076416,0.0820000171661377,1638290446.365,29,noon,angry,sky,angry,noon,noon,angry,sky,angry,noon,1091.2758722305298,2021-11-30T16:40:46.365000,1638289355.0891278
21,14,23,23,Random,-9999,c6d77ce62ce05825,0.4680001735687256,0.08899998664855957,1638290446.921,14,sad,sky,field,sky,sad,sad,sky,field,sky,sad,1091.8318722248077,2021-11-30T16:40:46.921000,1638289355.0891278
27,13,29,29,Random,-9999,c6d77ce62ce05825,0.43899989128112793,0.08800005912780762,1638290447.443,13,happy,noon,dusk,noon,happy,happy,noon,dusk,noon,happy,1092.3538722991943,2021-11-30T16:40:47.443000,1638289355.0891278
4,16,29,29,Random,-9999,c6d77ce62ce05825,0.4609999656677246,0.0839998722076416,1638290447.993,16,lemon,noon,socks,noon,lemon,lemon,noon,socks,noon,lemon,1092.9038722515106,2021-11-30T16:40:47.993000,1638289355.0891278
23,4,14,14,Random,-9999,c6d77ce62ce05825,0.5540001392364502,0.09299993515014648,1638290448.641,4,socks,sad,sky,sad,socks,socks,sad,sky,sad,socks,1093.551872253418,2021-11-30T16:40:48.641000,1638289355.0891278
27,20,26,26,Random,-9999,c6d77ce62ce05825,0.4119999408721924,0.08899998664855957,1638290449.141,20,beach,day,dusk,day,beach,beach,day,dusk,day,beach,1094.051872253418,2021-11-30T16:40:49.141000,1638289355.0891278
18,27,10,27,Random,-9999,c6d77ce62ce05825,0.4939999580383301,0.09100008010864258,1638290449.728,10,dusk,angry,strawberry,dusk,angry,dusk,angry,strawberry,dusk,angry,1094.6388721466064,2021-11-30T16:40:49.728000,1638289355.0891278
3,13,23,23,Random,-9999,c6d77ce62ce05825,0.5720000267028809,0.09500002861022949,1638290450.396,13,happy,sky,shoes,sky,happy,happy,sky,shoes,sky,happy,1095.3068721294403,2021-11-30T16:40:50.396000,1638289355.0891278
24,7,22,7,Random,-9999,c6d77ce62ce05825,0.4930000305175781,0.10199999809265137,1638290451.003,22,beside,ocean,sunset,beside,ocean,beside,ocean,sunset,beside,ocean,1095.9138722419739,2021-11-30T16:40:51.003000,1638289355.0891278
12,1,7,7,Random,-9999,c6d77ce62ce05825,0.42799997329711914,0.11700010299682617,1638290451.546,1,pants,beside,fearful,beside,pants,pants,beside,fearful,beside,pants,1096.4568722248077,2021-11-30T16:40:51.546000,1638289355.0891278
3,24,2,2,Random,-9999,c6d77ce62ce05825,0.7090001106262207,0.11899995803833008,1638290452.373,24,sunset,shirt,shoes,shirt,sunset,sunset,shirt,shoes,shirt,sunset,1097.283872127533,2021-11-30T16:40:52.373000,1638289355.0891278
17,10,21,21,Random,-9999,c6d77ce62ce05825,1.7160000801086426,0.10399985313415527,1638290454.172,10,angry,field,mango,field,angry,angry,field,mango,field,angry,1099.0828721523285,2021-11-30T16:40:54.172000,1638289355.0891278
2,25,7,25,Random,-9999,c6d77ce62ce05825,1.9700000286102295,0.09799981117248535,1638290456.318,7,dawn,beside,shirt,dawn,beside,dawn,beside,shirt,dawn,beside,1101.2288722991943,2021-11-30T16:40:56.318000,1638289355.0891278
19,18,0,18,Random,-9999,c6d77ce62ce05825,1.4160001277923584,0.1549999713897705,1638290457.989,0,strawberry,dress,watermelon,strawberry,dress,strawberry,dress,watermelon,strawberry,dress,1102.899872303009,2021-11-30T16:40:57.989000,1638289355.0891278
13,9,14,9,Random,-9999,c6d77ce62ce05825,2.694000005722046,0.26799988746643066,1638290460.836,14,near,sad,happy,near,sad,near,sad,happy,near,sad,1105.7468721866608,2021-11-30T16:41:00.836000,1638289355.0891278
27,10,5,10,Random,-9999,c6d77ce62ce05825,2.6630001068115234,0.31800007820129395,1638290463.905,5,angry,above,dusk,angry,above,angry,above,dusk,angry,above,1108.8158721923828,2021-11-30T16:41:03.905000,1638289355.0891278
8,5,17,5,Random,-9999,c6d77ce62ce05825,1.505000114440918,0.24199986457824707,1638290465.493,17,above,mango,far,above,mango,above,mango,far,above,mango,1110.4038722515106,2021-11-30T16:41:05.493000,1638289355.0891278
15,14,10,14,Random,-9999,c6d77ce62ce05825,1.3849999904632568,0.31999993324279785,1638290467.235,10,sad,angry,blueberry,sad,angry,sad,angry,blueberry,sad,angry,1112.1458721160889,2021-11-30T16:41:07.235000,1638289355.0891278
3,8,14,8,Random,-9999,c6d77ce62ce05825,2.3910000324249268,0.21399998664855957,1638290469.885,14,far,sad,shoes,far,sad,far,sad,shoes,far,sad,1114.7958722114563,2021-11-30T16:41:09.885000,1638289355.0891278
4,26,14,26,Random,-9999,c6d77ce62ce05825,1.6660001277923584,0.3529999256134033,1638290471.836,14,day,sad,socks,day,sad,day,sad,socks,day,sad,1116.7468721866608,2021-11-30T16:41:11.836000,1638289355.0891278
26,6,3,3,Random,-9999,c6d77ce62ce05825,1.8880000114440918,0.08799982070922852,1638290473.811,6,below,shoes,day,shoes,below,below,shoes,day,shoes,below,1118.721872329712,2021-11-30T16:41:13.811000,1638289355.0891278
20,29,23,23,Random,-9999,c6d77ce62ce05825,2.120000123977661,0.09299993515014648,1638290476.085,29,noon,sky,beach,sky,noon,noon,sky,beach,sky,noon,1120.99587225914,2021-11-30T16:41:16.085000,1638289355.0891278
24,0,28,0,Random,-9999,c6d77ce62ce05825,1.5180001258850098,0.15899991989135742,1638290477.707,28,dress,night,sunset,dress,night,dress,night,sunset,dress,night,1122.6178722381592,2021-11-30T16:41:17.707000,1638289355.0891278
25,19,0,0,Random,-9999,c6d77ce62ce05825,0.5809998512268066,0.19499993324279785,1638290478.477,19,watermelon,dress,dawn,dress,watermelon,watermelon,dress,dawn,dress,watermelon,1123.3878722190857,2021-11-30T16:41:18.477000,1638289355.0891278
1,27,21,27,Random,-9999,c6d77ce62ce05825,0.5679998397827148,0.08600020408630371,1638290479.135,21,dusk,field,pants,dusk,field,dusk,field,pants,dusk,field,1124.0458722114563,2021-11-30T16:41:19.135000,1638289355.0891278
27,12,23,23,Random,-9999,c6d77ce62ce05825,1.805999994277954,0.08899998664855957,1638290481.03,12,fearful,sky,dusk,sky,fearful,fearful,sky,dusk,sky,fearful,1125.9408721923828,2021-11-30T16:41:21.030000,1638289355.0891278
8,11,13,11,Random,-9999,521b2ff4f6444d06,11.151000022888184,0.20399999618530273,1638290828.311,13,disgust,happy,far,disgust,happy,disgust,happy,far,disgust,happy,1473.221872329712,2021-11-30T16:47:08.311000,1638289355.0891278
27,2,19,2,Random,-9999,521b2ff4f6444d06,3.077000141143799,0.14399981498718262,1638290831.605,19,shirt,watermelon,dusk,shirt,watermelon,shirt,watermelon,dusk,shirt,watermelon,1476.5158722400665,2021-11-30T16:47:11.605000,1638289355.0891278
2,18,24,18,Random,-9999,521b2ff4f6444d06,3.5859999656677246,0.16499996185302734,1638290835.358,24,strawberry,sunset,shirt,strawberry,sunset,strawberry,sunset,shirt,strawberry,sunset,1480.2688722610474,2021-11-30T16:47:15.358000,1638289355.0891278
9,16,8,8,Random,-9999,521b2ff4f6444d06,2.74399995803833,0.1830000877380371,1638290838.263,16,lemon,far,near,far,lemon,lemon,far,near,far,lemon,1483.1738722324371,2021-11-30T16:47:18.263000,1638289355.0891278
17,15,12,15,Random,-9999,521b2ff4f6444d06,2.5319998264312744,0.15400004386901855,1638290840.958,12,blueberry,fearful,mango,blueberry,fearful,blueberry,fearful,mango,blueberry,fearful,1485.86887216568,2021-11-30T16:47:20.958000,1638289355.0891278
12,19,24,24,Random,-9999,521b2ff4f6444d06,3.934999942779541,0.1940000057220459,1638290845.091,19,watermelon,sunset,fearful,sunset,watermelon,watermelon,sunset,fearful,sunset,watermelon,1490.0018723011017,2021-11-30T16:47:25.091000,1638289355.0891278
20,17,1,17,Random,-9999,521b2ff4f6444d06,2.8409998416900635,0.15900015830993652,1638290848.082,1,mango,pants,beach,mango,pants,mango,pants,beach,mango,pants,1492.9928722381592,2021-11-30T16:47:28.082000,1638289355.0891278
0,24,5,24,Random,-9999,521b2ff4f6444d06,2.0270001888275146,0.14800000190734863,1638290850.278,5,sunset,above,dress,sunset,above,sunset,above,dress,sunset,above,1495.1888723373413,2021-11-30T16:47:30.278000,1638289355.0891278
16,2,23,2,Random,-9999,521b2ff4f6444d06,2.881999969482422,0.16000008583068848,1638290853.292,23,shirt,sky,lemon,shirt,sky,shirt,sky,lemon,shirt,sky,1498.2028722763062,2021-11-30T16:47:33.292000,1638289355.0891278
19,28,23,23,Random,-9999,521b2ff4f6444d06,3.0810000896453857,0.1549999713897705,1638290856.547,28,night,sky,watermelon,sky,night,night,sky,watermelon,sky,night,1501.4578721523285,2021-11-30T16:47:36.547000,1638289355.0891278
25,27,5,27,Random,-9999,521b2ff4f6444d06,1.5250000953674316,0.15899991989135742,1638290858.174,5,dusk,above,dawn,dusk,above,dusk,above,dawn,dusk,above,1503.0848722457886,2021-11-30T16:47:38.174000,1638289355.0891278
23,16,15,15,Random,-9999,521b2ff4f6444d06,3.383000135421753,0.10399985313415527,1638290861.703,16,lemon,blueberry,sky,blueberry,lemon,lemon,blueberry,sky,blueberry,lemon,1506.6138722896576,2021-11-30T16:47:41.703000,1638289355.0891278
6,4,0,0,Random,-9999,521b2ff4f6444d06,3.306999921798706,0.15899991989135742,1638290865.189,4,socks,dress,below,dress,socks,socks,dress,below,dress,socks,1510.0998721122742,2021-11-30T16:47:45.189000,1638289355.0891278
23,20,9,20,Random,-9999,521b2ff4f6444d06,1.6659998893737793,0.16500020027160645,1638290866.95,9,beach,near,sky,beach,near,beach,near,sky,beach,near,1511.8608722686768,2021-11-30T16:47:46.950000,1638289355.0891278
23,10,0,0,Random,-9999,521b2ff4f6444d06,1.6800000667572021,0.09299993515014648,1638290868.714,10,angry,dress,sky,dress,angry,angry,dress,sky,dress,angry,1513.6248722076416,2021-11-30T16:47:48.714000,1638289355.0891278
24,9,0,0,Random,-9999,521b2ff4f6444d06,1.5989999771118164,0.08599996566772461,1638290870.402,9,near,dress,sunset,dress,near,near,dress,sunset,dress,near,1515.312872171402,2021-11-30T16:47:50.402000,1638289355.0891278
6,27,7,7,Random,-9999,521b2ff4f6444d06,1.7000000476837158,0.08100008964538574,1638290872.178,27,dusk,beside,below,beside,dusk,dusk,beside,below,beside,dusk,1517.0888721942902,2021-11-30T16:47:52.178000,1638289355.0891278
22,23,12,23,Random,-9999,521b2ff4f6444d06,2.0909998416900635,0.0820000171661377,1638290874.402,12,sky,fearful,ocean,sky,fearful,sky,fearful,ocean,sky,fearful,1519.312872171402,2021-11-30T16:47:54.402000,1638289355.0891278
6,10,25,10,Random,-9999,521b2ff4f6444d06,2.052000045776367,0.15700006484985352,1638290876.623,25,angry,dawn,below,angry,dawn,angry,dawn,below,angry,dawn,1521.533872127533,2021-11-30T16:47:56.623000,1638289355.0891278
27,17,5,5,Random,-9999,521b2ff4f6444d06,1.9800000190734863,0.15399980545043945,1638290878.764,17,mango,above,dusk,above,mango,mango,above,dusk,above,mango,1523.6748721599579,2021-11-30T16:47:58.764000,1638289355.0891278
4,20,28,28,Random,-9999,521b2ff4f6444d06,4.853999853134155,0.1490001678466797,1638290883.763,20,beach,night,socks,night,beach,beach,night,socks,night,beach,1528.6738722324371,2021-11-30T16:48:03.763000,1638289355.0891278
10,23,12,12,Random,-9999,521b2ff4f6444d06,1.5250000953674316,0.15799999237060547,1638290885.384,23,sky,fearful,angry,fearful,sky,sky,fearful,angry,fearful,sky,1530.2948722839355,2021-11-30T16:48:05.384000,1638289355.0891278
21,3,14,3,Random,-9999,521b2ff4f6444d06,2.819999933242798,0.08299994468688965,1638290888.351,14,shoes,sad,field,shoes,sad,shoes,sad,field,shoes,sad,1533.261872291565,2021-11-30T16:48:08.351000,1638289355.0891278
4,10,29,10,Random,-9999,521b2ff4f6444d06,4.833999872207642,0.14400005340576172,1638290893.325,29,angry,noon,socks,angry,noon,angry,noon,socks,angry,noon,1538.2358722686768,2021-11-30T16:48:13.325000,1638289355.0891278
5,18,21,18,Random,-9999,521b2ff4f6444d06,2.4709999561309814,0.15400004386901855,1638290895.953,21,strawberry,field,above,strawberry,field,strawberry,field,above,strawberry,field,1540.8638722896576,2021-11-30T16:48:15.953000,1638289355.0891278
25,27,14,27,Random,-9999,521b2ff4f6444d06,1.2650001049041748,0.15799999237060547,1638290897.314,14,dusk,sad,dawn,dusk,sad,dusk,sad,dawn,dusk,sad,1542.2248721122742,2021-11-30T16:48:17.314000,1638289355.0891278
7,28,14,14,Random,-9999,521b2ff4f6444d06,4.430999994277954,0.08699989318847656,1638290901.886,28,night,sad,beside,sad,night,night,sad,beside,sad,night,1546.796872138977,2021-11-30T16:48:21.886000,1638289355.0891278
0,2,13,13,Random,-9999,521b2ff4f6444d06,1.817000150680542,0.14499998092651367,1638290903.786,2,shirt,happy,dress,happy,shirt,shirt,happy,dress,happy,shirt,1548.6968722343445,2021-11-30T16:48:23.786000,1638289355.0891278
8,26,28,28,Random,-9999,521b2ff4f6444d06,3.203000068664551,0.07399988174438477,1638290907.141,26,day,night,far,night,day,day,night,far,night,day,1552.051872253418,2021-11-30T16:48:27.141000,1638289355.0891278
21,13,14,13,Random,-9999,521b2ff4f6444d06,2.0429999828338623,0.15599989891052246,1638290909.361,14,happy,sad,field,happy,sad,happy,sad,field,happy,sad,1554.2718722820282,2021-11-30T16:48:29.361000,1638289355.0891278
11,6,2,6,Random,-9999,521b2ff4f6444d06,5.355999946594238,0.18600010871887207,1638290914.863,2,below,shirt,disgust,below,shirt,below,shirt,disgust,below,shirt,1559.7738721370697,2021-11-30T16:48:34.863000,1638289355.0891278
13,18,16,18,Random,-9999,521b2ff4f6444d06,1.4580001831054688,0.1359999179840088,1638290916.411,16,strawberry,lemon,happy,strawberry,lemon,strawberry,lemon,happy,strawberry,lemon,1561.3218722343445,2021-11-30T16:48:36.411000,1638289355.0891278
3,19,1,1,Random,-9999,521b2ff4f6444d06,1.7400000095367432,0.09099984169006348,1638290918.225,19,watermelon,pants,shoes,pants,watermelon,watermelon,pants,shoes,pants,watermelon,1563.1358721256256,2021-11-30T16:48:38.225000,1638289355.0891278
23,2,27,27,Random,-9999,521b2ff4f6444d06,1.5320000648498535,0.06999993324279785,1638290919.833,2,shirt,dusk,sky,dusk,shirt,shirt,dusk,sky,dusk,shirt,1564.74387216568,2021-11-30T16:48:39.833000,1638289355.0891278
8,10,25,25,Random,-9999,521b2ff4f6444d06,1.9240000247955322,0.07800006866455078,1638290921.829,10,angry,dawn,far,dawn,angry,angry,dawn,far,dawn,angry,1566.7398722171783,2021-11-30T16:48:41.829000,1638289355.0891278
24,2,4,2,Random,-9999,521b2ff4f6444d06,1.7089998722076416,0.07800006866455078,1638290923.623,4,shirt,socks,sunset,shirt,socks,shirt,socks,sunset,shirt,socks,1568.533872127533,2021-11-30T16:48:43.623000,1638289355.0891278
13,3,12,3,Random,-9999,521b2ff4f6444d06,1.6750001907348633,0.07699990272521973,1638290925.369,12,shoes,fearful,happy,shoes,fearful,shoes,fearful,happy,shoes,fearful,1570.2798721790314,2021-11-30T16:48:45.369000,1638289355.0891278
10,19,7,7,Random,-9999,521b2ff4f6444d06,5.083999872207642,0.1510000228881836,1638290930.672,19,watermelon,beside,angry,beside,watermelon,watermelon,beside,angry,beside,watermelon,1575.5828721523285,2021-11-30T16:48:50.672000,1638289355.0891278
17,10,27,10,Random,-9999,521b2ff4f6444d06,2.2789998054504395,0.14100003242492676,1638290933.103,27,angry,dusk,mango,angry,dusk,angry,dusk,mango,angry,dusk,1578.0138721466064,2021-11-30T16:48:53.103000,1638289355.0891278
22,14,9,9,Random,-9999,521b2ff4f6444d06,1.6720001697540283,0.1510000228881836,1638290934.85,14,sad,near,ocean,near,sad,sad,near,ocean,near,sad,1579.7608721256256,2021-11-30T16:48:54.850000,1638289355.0891278
16,7,22,22,Random,-9999,521b2ff4f6444d06,1.5679998397827148,0.0820000171661377,1638290936.505,7,beside,ocean,lemon,ocean,beside,beside,ocean,lemon,ocean,beside,1581.415872335434,2021-11-30T16:48:56.505000,1638289355.0891278
6,24,12,12,Random,-9999,521b2ff4f6444d06,1.3650000095367432,0.0989999771118164,1638290937.964,24,sunset,fearful,below,fearful,sunset,sunset,fearful,below,fearful,sunset,1582.8748722076416,2021-11-30T16:48:57.964000,1638289355.0891278
27,29,25,25,Random,-9999,521b2ff4f6444d06,1.4590001106262207,0.08699989318847656,1638290939.516,29,noon,dawn,dusk,dawn,noon,noon,dawn,dusk,dawn,noon,1584.426872253418,2021-11-30T16:48:59.516000,1638289355.0891278
4,13,17,17,Random,-9999,521b2ff4f6444d06,2.305999994277954,0.07999992370605469,1638290941.955,13,happy,mango,socks,mango,happy,happy,mango,socks,mango,happy,1586.865872144699,2021-11-30T16:49:01.955000,1638289355.0891278
13,25,21,25,Random,-9999,521b2ff4f6444d06,2.559000015258789,0.1549999713897705,1638290944.68,21,dawn,field,happy,dawn,field,dawn,field,happy,dawn,field,1589.5908722877502,2021-11-30T16:49:04.680000,1638289355.0891278
13,14,23,14,Random,-9999,521b2ff4f6444d06,1.7209999561309814,0.16000008583068848,1638290946.498,23,sad,sky,happy,sad,sky,sad,sky,happy,sad,sky,1591.408872127533,2021-11-30T16:49:06.498000,1638289355.0891278
23,21,19,21,Random,-9999,521b2ff4f6444d06,1.5510001182556152,0.247999906539917,1638290948.303,19,field,watermelon,sky,field,watermelon,field,watermelon,sky,field,watermelon,1593.2138721942902,2021-11-30T16:49:08.303000,1638289355.0891278
17,19,10,19,Random,-9999,521b2ff4f6444d06,1.503000020980835,0.2049999237060547,1638290950.132,10,watermelon,angry,mango,watermelon,angry,watermelon,angry,mango,watermelon,angry,1595.0428721904755,2021-11-30T16:49:10.132000,1638289355.0891278
17,9,7,9,Random,-9999,521b2ff4f6444d06,2.0840001106262207,0.31999993324279785,1638290952.457,7,near,beside,mango,near,beside,near,beside,mango,near,beside,1597.3678722381592,2021-11-30T16:49:12.457000,1638289355.0891278
19,28,20,20,Random,-9999,521b2ff4f6444d06,1.444000005722046,0.1399998664855957,1638290953.983,28,night,beach,watermelon,beach,night,night,beach,watermelon,beach,night,1598.8938722610474,2021-11-30T16:49:13.983000,1638289355.0891278
19,0,25,0,Random,-9999,521b2ff4f6444d06,1.4840002059936523,0.07899999618530273,1638290955.547,25,dress,dawn,watermelon,dress,dawn,dress,dawn,watermelon,dress,dawn,1600.4578721523285,2021-11-30T16:49:15.547000,1638289355.0891278
27,9,8,8,Random,-9999,521b2ff4f6444d06,1.9839999675750732,0.07599997520446777,1638290957.698,9,near,far,dusk,far,near,near,far,dusk,far,near,1602.6088721752167,2021-11-30T16:49:17.698000,1638289355.0891278
23,19,28,28,Random,-9999,521b2ff4f6444d06,2.26200008392334,0.16499996185302734,1638290960.115,19,watermelon,night,sky,night,watermelon,watermelon,night,sky,night,watermelon,1605.0258722305298,2021-11-30T16:49:20.115000,1638289355.0891278
3,5,4,4,Random,-9999,521b2ff4f6444d06,2.194000005722046,0.16100001335144043,1638290962.442,5,above,socks,shoes,socks,above,above,socks,shoes,socks,above,1607.352872133255,2021-11-30T16:49:22.442000,1638289355.0891278
17,16,23,16,Random,-9999,521b2ff4f6444d06,1.6039998531341553,0.16300010681152344,1638290964.165,23,lemon,sky,mango,lemon,sky,lemon,sky,mango,lemon,sky,1609.075872182846,2021-11-30T16:49:24.165000,1638289355.0891278
10,2,20,20,Random,-9999,521b2ff4f6444d06,2.3299999237060547,0.08899998664855957,1638290966.645,2,shirt,beach,angry,beach,shirt,shirt,beach,angry,beach,shirt,1611.5558722019196,2021-11-30T16:49:26.645000,1638289355.0891278
8,6,15,15,Random,-9999,521b2ff4f6444d06,2.312000036239624,0.15000009536743164,1638290969.093,6,below,blueberry,far,blueberry,below,below,blueberry,far,blueberry,below,1614.0038721561432,2021-11-30T16:49:29.093000,1638289355.0891278
26,23,0,0,Random,-9999,521b2ff4f6444d06,0.4089999198913574,0.1549999713897705,1638290969.607,23,sky,dress,day,dress,sky,sky,dress,day,dress,sky,1614.5178723335266,2021-11-30T16:49:29.607000,1638289355.0891278
24,25,1,1,Random,-9999,521b2ff4f6444d06,0.5859999656677246,0.07500004768371582,1638290970.271,25,dawn,pants,sunset,pants,dawn,dawn,pants,sunset,pants,dawn,1615.1818721294403,2021-11-30T16:49:30.271000,1638289355.0891278
7,0,10,10,Random,-9999,521b2ff4f6444d06,0.46199989318847656,0.07800006866455078,1638290970.809,0,dress,angry,beside,angry,dress,dress,angry,beside,angry,dress,1615.7198722362518,2021-11-30T16:49:30.809000,1638289355.0891278
21,25,0,0,Random,-9999,521b2ff4f6444d06,0.4479999542236328,0.07500004768371582,1638290971.334,25,dawn,dress,field,dress,dawn,dawn,dress,field,dress,dawn,1616.2448723316193,2021-11-30T16:49:31.334000,1638289355.0891278
29,21,14,14,Random,-9999,521b2ff4f6444d06,0.4250001907348633,0.0820000171661377,1638290971.839,21,field,sad,noon,sad,field,field,sad,noon,sad,field,1616.7498722076416,2021-11-30T16:49:31.839000,1638289355.0891278
22,20,10,10,Random,-9999,521b2ff4f6444d06,0.37400007247924805,0.07499980926513672,1638290972.288,20,beach,angry,ocean,angry,beach,beach,angry,ocean,angry,beach,1617.1988723278046,2021-11-30T16:49:32.288000,1638289355.0891278
1,22,18,18,Random,-9999,521b2ff4f6444d06,0.4089999198913574,0.07400012016296387,1638290972.788,22,ocean,strawberry,pants,strawberry,ocean,ocean,strawberry,pants,strawberry,ocean,1617.6988723278046,2021-11-30T16:49:32.788000,1638289355.0891278
10,22,3,3,Random,-9999,521b2ff4f6444d06,0.46199989318847656,0.10199999809265137,1638290973.331,22,ocean,shoes,angry,shoes,ocean,ocean,shoes,angry,shoes,ocean,1618.2418723106384,2021-11-30T16:49:33.331000,1638289355.0891278
21,8,27,27,Random,-9999,521b2ff4f6444d06,0.626000165939331,0.07599997520446777,1638290974.044,8,far,dusk,field,dusk,far,far,dusk,field,dusk,far,1618.9548721313477,2021-11-30T16:49:34.044000,1638289355.0891278
2,14,22,14,Random,-9999,521b2ff4f6444d06,0.7929999828338623,0.0820000171661377,1638290974.911,22,sad,ocean,shirt,sad,ocean,sad,ocean,shirt,sad,ocean,1619.8218722343445,2021-11-30T16:49:34.911000,1638289355.0891278
1,8,3,8,Random,-9999,521b2ff4f6444d06,0.3580000400543213,0.07599997520446777,1638290975.363,3,far,shoes,pants,far,shoes,far,shoes,pants,far,shoes,1620.2738721370697,2021-11-30T16:49:35.363000,1638289355.0891278
0,16,18,16,Random,-9999,521b2ff4f6444d06,0.6200001239776611,0.10800004005432129,1638290976.071,18,lemon,strawberry,dress,lemon,strawberry,lemon,strawberry,dress,lemon,strawberry,1620.9818723201752,2021-11-30T16:49:36.071000,1638289355.0891278
24,3,9,3,Random,-9999,521b2ff4f6444d06,0.4090001583099365,0.07399988174438477,1638290976.556,9,shoes,near,sunset,shoes,near,shoes,near,sunset,shoes,near,1621.466872215271,2021-11-30T16:49:36.556000,1638289355.0891278
24,15,11,15,Random,-9999,521b2ff4f6444d06,0.4440000057220459,0.08699989318847656,1638290977.086,11,blueberry,disgust,sunset,blueberry,disgust,blueberry,disgust,sunset,blueberry,disgust,1621.9968721866608,2021-11-30T16:49:37.086000,1638289355.0891278
19,25,10,25,Random,-9999,521b2ff4f6444d06,0.4160001277923584,0.07399988174438477,1638290977.576,10,dawn,angry,watermelon,dawn,angry,dawn,angry,watermelon,dawn,angry,1622.4868721961975,2021-11-30T16:49:37.576000,1638289355.0891278
24,27,26,27,Random,-9999,521b2ff4f6444d06,0.5049998760223389,0.07500004768371582,1638290978.157,26,dusk,day,sunset,dusk,day,dusk,day,sunset,dusk,day,1623.067872285843,2021-11-30T16:49:38.157000,1638289355.0891278
14,16,22,16,Random,-9999,521b2ff4f6444d06,0.49000000953674316,0.07400012016296387,1638290978.72,22,lemon,ocean,sad,lemon,ocean,lemon,ocean,sad,lemon,ocean,1623.6308722496033,2021-11-30T16:49:38.720000,1638289355.0891278
29,26,23,26,Random,-9999,521b2ff4f6444d06,0.44499993324279785,0.08599996566772461,1638290979.25,23,day,sky,noon,day,sky,day,sky,noon,day,sky,1624.160872220993,2021-11-30T16:49:39.250000,1638289355.0891278
5,20,1,20,Random,-9999,521b2ff4f6444d06,0.42100000381469727,0.07899999618530273,1638290979.751,1,beach,pants,above,beach,pants,beach,pants,above,beach,pants,1624.6618721485138,2021-11-30T16:49:39.751000,1638289355.0891278
24,11,29,11,Random,-9999,521b2ff4f6444d06,0.4070000648498535,0.08299994468688965,1638290980.241,29,disgust,noon,sunset,disgust,noon,disgust,noon,sunset,disgust,noon,1625.1518721580505,2021-11-30T16:49:40.241000,1638289355.0891278
18,4,25,4,Random,-9999,521b2ff4f6444d06,0.442000150680542,0.07299995422363281,1638290980.749,25,socks,dawn,strawberry,socks,dawn,socks,dawn,strawberry,socks,dawn,1625.6598722934723,2021-11-30T16:49:40.749000,1638289355.0891278
16,19,21,19,Random,-9999,521b2ff4f6444d06,0.49499988555908203,0.0690000057220459,1638290981.321,21,watermelon,field,lemon,watermelon,field,watermelon,field,lemon,watermelon,field,1626.2318723201752,2021-11-30T16:49:41.321000,1638289355.0891278
23,6,17,6,Random,-9999,521b2ff4f6444d06,0.40600013732910156,0.07599997520446777,1638290981.795,17,below,mango,sky,below,mango,below,mango,sky,below,mango,1626.705872297287,2021-11-30T16:49:41.795000,1638289355.0891278
18,22,17,22,Random,-9999,521b2ff4f6444d06,0.4419999122619629,0.0690000057220459,1638290982.313,17,ocean,mango,strawberry,ocean,mango,ocean,mango,strawberry,ocean,mango,1627.2238721847534,2021-11-30T16:49:42.313000,1638289355.0891278
18,28,19,28,Random,-9999,521b2ff4f6444d06,0.4569997787475586,0.07400012016296387,1638290982.84,19,night,watermelon,strawberry,night,watermelon,night,watermelon,strawberry,night,watermelon,1627.7508721351624,2021-11-30T16:49:42.840000,1638289355.0891278
27,28,5,5,Random,-9999,521b2ff4f6444d06,0.6649999618530273,0.0710000991821289,1638290983.579,28,night,above,dusk,above,night,night,above,dusk,above,night,1628.4898722171783,2021-11-30T16:49:43.579000,1638289355.0891278
20,27,13,13,Random,-9999,521b2ff4f6444d06,0.34200000762939453,0.07500004768371582,1638290983.998,27,dusk,happy,beach,happy,dusk,dusk,happy,beach,happy,dusk,1628.908872127533,2021-11-30T16:49:43.998000,1638289355.0891278
14,6,11,11,Random,-9999,521b2ff4f6444d06,0.3339998722076416,0.07500004768371582,1638290984.406,6,below,disgust,sad,disgust,below,below,disgust,sad,disgust,below,1629.3168721199036,2021-11-30T16:49:44.406000,1638289355.0891278
26,1,3,3,Random,-9999,521b2ff4f6444d06,0.33299994468688965,0.07500004768371582,1638290984.814,1,pants,shoes,day,shoes,pants,pants,shoes,day,shoes,pants,1629.7248721122742,2021-11-30T16:49:44.814000,1638289355.0891278
17,14,16,16,Random,-9999,521b2ff4f6444d06,0.37599992752075195,0.07400012016296387,1638290985.257,14,sad,lemon,mango,lemon,sad,sad,lemon,mango,lemon,sad,1630.1678721904755,2021-11-30T16:49:45.257000,1638289355.0891278
21,5,28,28,Random,-9999,521b2ff4f6444d06,0.38899993896484375,0.06800007820129395,1638290985.721,5,above,night,field,night,above,above,night,field,night,above,1630.631872177124,2021-11-30T16:49:45.721000,1638289355.0891278
14,7,5,5,Random,-9999,521b2ff4f6444d06,0.3819999694824219,0.07599997520446777,1638290986.18,7,beside,above,sad,above,beside,beside,above,sad,above,beside,1631.0908722877502,2021-11-30T16:49:46.180000,1638289355.0891278
9,20,11,11,Random,-9999,521b2ff4f6444d06,0.4010000228881836,0.07400012016296387,1638290986.654,20,beach,disgust,near,disgust,beach,beach,disgust,near,disgust,beach,1631.564872264862,2021-11-30T16:49:46.654000,1638289355.0891278
20,22,27,27,Random,-9999,521b2ff4f6444d06,0.40799999237060547,0.07500004768371582,1638290987.135,22,ocean,dusk,beach,dusk,ocean,ocean,dusk,beach,dusk,ocean,1632.0458722114563,2021-11-30T16:49:47.135000,1638289355.0891278
5,15,21,21,Random,-9999,521b2ff4f6444d06,0.3819999694824219,0.07500004768371582,1638290987.593,15,blueberry,field,above,field,blueberry,blueberry,field,above,field,blueberry,1632.5038721561432,2021-11-30T16:49:47.593000,1638289355.0891278
20,2,9,9,Random,-9999,521b2ff4f6444d06,0.4089999198913574,0.07400012016296387,1638290988.076,2,shirt,near,beach,near,shirt,shirt,near,beach,near,shirt,1632.9868721961975,2021-11-30T16:49:48.076000,1638289355.0891278
8,10,19,19,Random,-9999,521b2ff4f6444d06,0.437999963760376,0.07599997520446777,1638290988.59,10,angry,watermelon,far,watermelon,angry,angry,watermelon,far,watermelon,angry,1633.5008721351624,2021-11-30T16:49:48.590000,1638289355.0891278
27,20,17,17,Random,-9999,521b2ff4f6444d06,0.3900001049041748,0.07599997520446777,1638290989.056,20,beach,mango,dusk,mango,beach,beach,mango,dusk,mango,beach,1633.966872215271,2021-11-30T16:49:49.056000,1638289355.0891278
10,2,25,25,Random,-9999,521b2ff4f6444d06,0.4029998779296875,0.07200002670288086,1638290989.532,2,shirt,dawn,angry,dawn,shirt,shirt,dawn,angry,dawn,shirt,1634.442872285843,2021-11-30T16:49:49.532000,1638289355.0891278
26,8,10,10,Random,-9999,521b2ff4f6444d06,0.35700011253356934,0.07599997520446777,1638290990.117,8,far,angry,day,angry,far,far,angry,day,angry,far,1635.0278723239899,2021-11-30T16:49:50.117000,1638289355.0891278
25,18,1,1,Random,-9999,521b2ff4f6444d06,0.5199999809265137,0.2070000171661377,1638290990.691,18,strawberry,pants,dawn,pants,strawberry,strawberry,pants,dawn,pants,strawberry,1635.6018722057343,2021-11-30T16:49:50.691000,1638289355.0891278
29,23,19,19,Random,-9999,521b2ff4f6444d06,0.47300004959106445,0.07399988174438477,1638290991.238,23,sky,watermelon,noon,watermelon,sky,sky,watermelon,noon,watermelon,sky,1636.1488721370697,2021-11-30T16:49:51.238000,1638289355.0891278
11,17,18,18,Random,-9999,521b2ff4f6444d06,0.4140000343322754,0.07400012016296387,1638290991.726,17,mango,strawberry,disgust,strawberry,mango,mango,strawberry,disgust,strawberry,mango,1636.636872291565,2021-11-30T16:49:51.726000,1638289355.0891278
3,0,27,27,Random,-9999,521b2ff4f6444d06,0.4140000343322754,0.07499980926513672,1638290992.214,0,dress,dusk,shoes,dusk,dress,dress,dusk,shoes,dusk,dress,1637.1248722076416,2021-11-30T16:49:52.214000,1638289355.0891278
9,7,23,23,Random,-9999,521b2ff4f6444d06,0.38699984550476074,0.0710000991821289,1638290992.677,7,beside,sky,near,sky,beside,beside,sky,near,sky,beside,1637.5878722667694,2021-11-30T16:49:52.677000,1638289355.0891278
22,26,18,18,Random,-9999,521b2ff4f6444d06,0.5780000686645508,0.0840001106262207,1638290993.337,26,day,strawberry,ocean,strawberry,day,day,strawberry,ocean,strawberry,day,1638.2478721141815,2021-11-30T16:49:53.337000,1638289355.0891278
15,4,6,6,Random,-9999,521b2ff4f6444d06,0.43000006675720215,0.07699990272521973,1638290993.845,4,socks,below,blueberry,below,socks,socks,below,blueberry,below,socks,1638.7558722496033,2021-11-30T16:49:53.845000,1638289355.0891278
15,19,26,26,Random,-9999,521b2ff4f6444d06,0.33700013160705566,0.07999992370605469,1638290994.258,19,watermelon,day,blueberry,day,watermelon,watermelon,day,blueberry,day,watermelon,1639.1688721179962,2021-11-30T16:49:54.258000,1638289355.0891278
29,14,22,22,Random,-9999,521b2ff4f6444d06,0.28299999237060547,0.07699990272521973,1638290994.636,14,sad,ocean,noon,ocean,sad,sad,ocean,noon,ocean,sad,1639.546872138977,2021-11-30T16:49:54.636000,1638289355.0891278
21,20,10,10,Random,-9999,521b2ff4f6444d06,0.3149998188018799,0.09400010108947754,1638290995.026,20,beach,angry,field,angry,beach,beach,angry,field,angry,beach,1639.9368722438812,2021-11-30T16:49:55.026000,1638289355.0891278
14,3,16,16,Random,-9999,521b2ff4f6444d06,0.33699989318847656,0.0710000991821289,1638290995.436,3,shoes,lemon,sad,lemon,shoes,shoes,lemon,sad,lemon,shoes,1640.346872329712,2021-11-30T16:49:55.436000,1638289355.0891278
27,11,22,22,Random,-9999,521b2ff4f6444d06,0.34800004959106445,0.07700014114379883,1638290995.862,11,disgust,ocean,dusk,ocean,disgust,disgust,ocean,dusk,ocean,disgust,1640.772872209549,2021-11-30T16:49:55.862000,1638289355.0891278
16,10,28,28,Random,-9999,521b2ff4f6444d06,0.5590000152587891,0.07899999618530273,1638290996.502,10,angry,night,lemon,night,angry,angry,night,lemon,night,angry,1641.4128723144531,2021-11-30T16:49:56.502000,1638289355.0891278
11,26,28,28,Random,-9999,521b2ff4f6444d06,0.3989999294281006,0.07599997520446777,1638290996.971,26,day,night,disgust,night,day,day,night,disgust,night,day,1641.881872177124,2021-11-30T16:49:56.971000,1638289355.0891278
29,11,2,2,Random,-9999,521b2ff4f6444d06,0.4200000762939453,0.0709998607635498,1638290997.469,11,disgust,shirt,noon,shirt,disgust,disgust,shirt,noon,shirt,disgust,1642.3798723220825,2021-11-30T16:49:57.469000,1638289355.0891278
2,0,6,6,Random,-9999,521b2ff4f6444d06,0.3959999084472656,0.07800006866455078,1638290997.938,0,dress,below,shirt,below,dress,dress,below,shirt,below,dress,1642.8488721847534,2021-11-30T16:49:57.938000,1638289355.0891278
5,18,4,4,Random,-9999,521b2ff4f6444d06,0.37400007247924805,0.07500004768371582,1638290998.389,18,strawberry,socks,above,socks,strawberry,strawberry,socks,above,socks,strawberry,1643.2998721599579,2021-11-30T16:49:58.389000,1638289355.0891278
9,24,27,27,Random,-9999,521b2ff4f6444d06,0.3600001335144043,0.0819997787475586,1638290998.834,24,sunset,dusk,near,dusk,sunset,sunset,dusk,near,dusk,sunset,1643.7448723316193,2021-11-30T16:49:58.834000,1638289355.0891278
19,12,28,28,Random,-9999,521b2ff4f6444d06,0.34800004959106445,0.07699990272521973,1638290999.254,12,fearful,night,watermelon,night,fearful,fearful,night,watermelon,night,fearful,1644.1648721694946,2021-11-30T16:49:59.254000,1638289355.0891278
28,3,4,4,Random,-9999,521b2ff4f6444d06,0.36699986457824707,0.07400012016296387,1638290999.695,3,shoes,socks,night,socks,shoes,shoes,socks,night,socks,shoes,1644.6058721542358,2021-11-30T16:49:59.695000,1638289355.0891278
9,1,3,3,Random,-9999,521b2ff4f6444d06,0.34999990463256836,0.07500004768371582,1638291000.121,1,pants,shoes,near,shoes,pants,pants,shoes,near,shoes,pants,1645.0318722724915,2021-11-30T16:50:00.121000,1638289355.0891278
6,1,20,20,Random,-9999,521b2ff4f6444d06,0.375,0.07500004768371582,1638291000.573,1,pants,beach,below,beach,pants,pants,beach,below,beach,pants,1645.4838721752167,2021-11-30T16:50:00.573000,1638289355.0891278
14,17,28,28,Random,-9999,521b2ff4f6444d06,0.34399986267089844,0.08100008964538574,1638291000.996,17,mango,night,sad,night,mango,mango,night,sad,night,mango,1645.9068722724915,2021-11-30T16:50:00.996000,1638289355.0891278
1,3,4,4,Random,-9999,521b2ff4f6444d06,0.3560001850128174,0.08599996566772461,1638291001.438,3,shoes,socks,pants,socks,shoes,shoes,socks,pants,socks,shoes,1646.3488721847534,2021-11-30T16:50:01.438000,1638289355.0891278
12,10,7,7,Random,-9999,521b2ff4f6444d06,0.3489999771118164,0.07599997520446777,1638291001.86,10,angry,beside,fearful,beside,angry,angry,beside,fearful,beside,angry,1646.7708721160889,2021-11-30T16:50:01.860000,1638289355.0891278
14,9,16,16,Random,-9999,521b2ff4f6444d06,0.3859999179840088,0.07200002670288086,1638291002.321,9,near,lemon,sad,lemon,near,near,lemon,sad,lemon,near,1647.2318723201752,2021-11-30T16:50:02.321000,1638289355.0891278
29,5,15,15,Random,-9999,521b2ff4f6444d06,0.3409998416900635,0.0840001106262207,1638291002.746,5,above,blueberry,noon,blueberry,above,above,blueberry,noon,blueberry,above,1647.6568722724915,2021-11-30T16:50:02.746000,1638289355.0891278
9,1,29,29,Random,-9999,521b2ff4f6444d06,0.3619999885559082,0.07899999618530273,1638291003.181,1,pants,noon,near,noon,pants,pants,noon,near,noon,pants,1648.091872215271,2021-11-30T16:50:03.181000,1638289355.0891278
17,4,23,23,Random,-9999,521b2ff4f6444d06,0.37999987602233887,0.07000017166137695,1638291003.636,4,socks,sky,mango,sky,socks,socks,sky,mango,sky,socks,1648.546872138977,2021-11-30T16:50:03.636000,1638289355.0891278
20,18,25,25,Random,-9999,521b2ff4f6444d06,0.3659999370574951,0.07500004768371582,1638291004.078,18,strawberry,dawn,beach,dawn,strawberry,strawberry,dawn,beach,dawn,strawberry,1648.9888722896576,2021-11-30T16:50:04.078000,1638289355.0891278
10,22,4,4,Random,-9999,521b2ff4f6444d06,0.3680000305175781,0.07400012016296387,1638291004.519,22,ocean,socks,angry,socks,ocean,ocean,socks,angry,socks,ocean,1649.4298722743988,2021-11-30T16:50:04.519000,1638289355.0891278
11,23,6,6,Random,-9999,521b2ff4f6444d06,0.35199999809265137,0.07299995422363281,1638291004.944,23,sky,below,disgust,below,sky,sky,below,disgust,below,sky,1649.854872226715,2021-11-30T16:50:04.944000,1638289355.0891278
6,8,0,0,Random,-9999,521b2ff4f6444d06,0.33500003814697266,0.07299995422363281,1638291005.353,8,far,dress,below,dress,far,far,dress,below,dress,far,1650.2638721466064,2021-11-30T16:50:05.353000,1638289355.0891278
24,21,23,23,Random,-9999,521b2ff4f6444d06,0.4100000858306885,0.07299995422363281,1638291005.835,21,field,sky,sunset,sky,field,field,sky,sunset,sky,field,1650.74587225914,2021-11-30T16:50:05.835000,1638289355.0891278
22,23,24,24,Random,-9999,521b2ff4f6444d06,0.3919999599456787,0.07399988174438477,1638291006.321,23,sky,sunset,ocean,sunset,sky,sky,sunset,ocean,sunset,sky,1651.2318723201752,2021-11-30T16:50:06.321000,1638289355.0891278
7,8,11,8,Random,-9999,521b2ff4f6444d06,1.3270001411437988,0.09500002861022949,1638291007.724,11,far,disgust,beside,far,disgust,far,disgust,beside,far,disgust,1652.6348721981049,2021-11-30T16:50:07.724000,1638289355.0891278
29,22,2,2,Random,-9999,521b2ff4f6444d06,0.9759998321533203,0.07899999618530273,1638291008.779,22,ocean,shirt,noon,shirt,ocean,ocean,shirt,noon,shirt,ocean,1653.689872264862,2021-11-30T16:50:08.779000,1638289355.0891278
4,14,17,14,Random,-9999,521b2ff4f6444d06,0.4179999828338623,0.07300019264221191,1638291009.27,17,sad,mango,socks,sad,mango,sad,mango,socks,sad,mango,1654.1808722019196,2021-11-30T16:50:09.270000,1638289355.0891278
7,19,9,9,Random,-9999,521b2ff4f6444d06,0.3599998950958252,0.07299995422363281,1638291009.705,19,watermelon,near,beside,near,watermelon,watermelon,near,beside,near,watermelon,1654.615872144699,2021-11-30T16:50:09.705000,1638289355.0891278
14,7,8,7,Random,-9999,521b2ff4f6444d06,0.3400001525878906,0.07599997520446777,1638291010.12,8,beside,far,sad,beside,far,beside,far,sad,beside,far,1655.0308721065521,2021-11-30T16:50:10.120000,1638289355.0891278
19,28,17,17,Random,-9999,521b2ff4f6444d06,0.31799983978271484,0.07500004768371582,1638291010.514,28,night,mango,watermelon,mango,night,night,mango,watermelon,mango,night,1655.4248721599579,2021-11-30T16:50:10.514000,1638289355.0891278
15,23,21,21,Random,-9999,521b2ff4f6444d06,0.6629998683929443,0.08100008964538574,1638291011.256,23,sky,field,blueberry,field,sky,sky,field,blueberry,field,sky,1656.1668722629547,2021-11-30T16:50:11.256000,1638289355.0891278
2,25,29,29,Random,-9999,521b2ff4f6444d06,0.7090001106262207,0.07599997520446777,1638291012.042,25,dawn,noon,shirt,noon,dawn,dawn,noon,shirt,noon,dawn,1656.9528722763062,2021-11-30T16:50:12.042000,1638289355.0891278
13,8,28,28,Random,-9999,521b2ff4f6444d06,0.7569999694824219,0.07599997520446777,1638291012.869,8,far,night,happy,night,far,far,night,happy,night,far,1657.7798721790314,2021-11-30T16:50:12.869000,1638289355.0891278
15,4,10,10,Random,-9999,521b2ff4f6444d06,0.7309999465942383,0.0710000991821289,1638291013.674,4,socks,angry,blueberry,angry,socks,socks,angry,blueberry,angry,socks,1658.5848722457886,2021-11-30T16:50:13.674000,1638289355.0891278
24,18,27,27,Random,-9999,521b2ff4f6444d06,0.6510000228881836,0.07699990272521973,1638291014.405,18,strawberry,dusk,sunset,dusk,strawberry,strawberry,dusk,sunset,dusk,strawberry,1659.3158721923828,2021-11-30T16:50:14.405000,1638289355.0891278
9,1,19,19,Random,-9999,521b2ff4f6444d06,0.7110002040863037,0.07999992370605469,1638291015.195,1,pants,watermelon,near,watermelon,pants,pants,watermelon,near,watermelon,pants,1660.1058721542358,2021-11-30T16:50:15.195000,1638289355.0891278
1,17,9,9,Random,-9999,521b2ff4f6444d06,0.6129999160766602,0.0839998722076416,1638291015.891,17,mango,near,pants,near,mango,mango,near,pants,near,mango,1660.801872253418,2021-11-30T16:50:15.891000,1638289355.0891278
8,24,25,24,Random,-9999,521b2ff4f6444d06,0.5379998683929443,0.07600021362304688,1638291016.506,25,sunset,dawn,far,sunset,dawn,sunset,dawn,far,sunset,dawn,1661.4168722629547,2021-11-30T16:50:16.506000,1638289355.0891278
5,15,18,15,Random,-9999,521b2ff4f6444d06,0.3169999122619629,0.07500004768371582,1638291016.897,18,blueberry,strawberry,above,blueberry,strawberry,blueberry,strawberry,above,blueberry,strawberry,1661.8078722953796,2021-11-30T16:50:16.897000,1638289355.0891278
8,6,2,6,Random,-9999,521b2ff4f6444d06,0.3919999599456787,0.07400012016296387,1638291017.366,2,below,shirt,far,below,shirt,below,shirt,far,below,shirt,1662.2768721580505,2021-11-30T16:50:17.366000,1638289355.0891278
20,23,1,23,Random,-9999,521b2ff4f6444d06,0.3230001926422119,0.07699990272521973,1638291017.76,1,sky,pants,beach,sky,pants,sky,pants,beach,sky,pants,1662.6708722114563,2021-11-30T16:50:17.760000,1638289355.0891278
14,29,4,29,Random,-9999,521b2ff4f6444d06,0.4830000400543213,0.07299995422363281,1638291018.319,4,noon,socks,sad,noon,socks,noon,socks,sad,noon,socks,1663.229872226715,2021-11-30T16:50:18.319000,1638289355.0891278
19,4,2,4,Random,-9999,521b2ff4f6444d06,0.309999942779541,0.07399988174438477,1638291018.704,2,socks,shirt,watermelon,socks,shirt,socks,shirt,watermelon,socks,shirt,1663.6148722171783,2021-11-30T16:50:18.704000,1638289355.0891278
19,2,25,2,Random,-9999,521b2ff4f6444d06,0.31399989128112793,0.07800006866455078,1638291019.092,25,shirt,dawn,watermelon,shirt,dawn,shirt,dawn,watermelon,shirt,dawn,1664.0028722286224,2021-11-30T16:50:19.092000,1638289355.0891278
22,3,6,3,Random,-9999,521b2ff4f6444d06,0.34600019454956055,0.07200002670288086,1638291019.514,6,shoes,below,ocean,shoes,below,shoes,below,ocean,shoes,below,1664.4248721599579,2021-11-30T16:50:19.514000,1638289355.0891278
24,27,22,27,Random,-9999,521b2ff4f6444d06,0.35000014305114746,0.07599997520446777,1638291019.941,22,dusk,ocean,sunset,dusk,ocean,dusk,ocean,sunset,dusk,ocean,1664.8518722057343,2021-11-30T16:50:19.941000,1638289355.0891278
24,18,9,18,Random,-9999,521b2ff4f6444d06,0.4350001811981201,0.08799982070922852,1638291020.463,9,strawberry,near,sunset,strawberry,near,strawberry,near,sunset,strawberry,near,1665.3738722801208,2021-11-30T16:50:20.463000,1638289355.0891278
3,14,8,14,Random,-9999,521b2ff4f6444d06,0.33899998664855957,0.07799983024597168,1638291020.878,8,sad,far,shoes,sad,far,sad,far,shoes,sad,far,1665.7888722419739,2021-11-30T16:50:20.878000,1638289355.0891278
6,27,1,27,Random,-9999,521b2ff4f6444d06,0.3900001049041748,0.07500004768371582,1638291021.343,1,dusk,pants,below,dusk,pants,dusk,pants,below,dusk,pants,1666.2538721561432,2021-11-30T16:50:21.343000,1638289355.0891278
12,23,0,23,Random,-9999,521b2ff4f6444d06,0.3259999752044678,0.07500004768371582,1638291021.738,0,sky,dress,fearful,sky,dress,sky,dress,fearful,sky,dress,1666.6488721370697,2021-11-30T16:50:21.738000,1638289355.0891278
29,9,27,9,Random,-9999,521b2ff4f6444d06,0.6530001163482666,0.06699991226196289,1638291022.464,27,near,dusk,noon,near,dusk,near,dusk,noon,near,dusk,1667.3748722076416,2021-11-30T16:50:22.464000,1638289355.0891278
27,17,7,17,Random,-9999,521b2ff4f6444d06,0.3989999294281006,0.07500004768371582,1638291022.936,7,mango,beside,dusk,mango,beside,mango,beside,dusk,mango,beside,1667.846872329712,2021-11-30T16:50:22.936000,1638289355.0891278
29,12,9,12,Random,-9999,521b2ff4f6444d06,0.43899989128112793,0.07700014114379883,1638291023.446,9,fearful,near,noon,fearful,near,fearful,near,noon,fearful,near,1668.3568723201752,2021-11-30T16:50:23.446000,1638289355.0891278
8,11,17,11,Random,-9999,521b2ff4f6444d06,0.31399989128112793,0.07000017166137695,1638291023.834,17,disgust,mango,far,disgust,mango,disgust,mango,far,disgust,mango,1668.7448723316193,2021-11-30T16:50:23.834000,1638289355.0891278
24,19,1,19,Random,-9999,521b2ff4f6444d06,0.33299994468688965,0.07599997520446777,1638291024.244,1,watermelon,pants,sunset,watermelon,pants,watermelon,pants,sunset,watermelon,pants,1669.1548721790314,2021-11-30T16:50:24.244000,1638289355.0891278
19,23,3,23,Random,-9999,521b2ff4f6444d06,0.33300018310546875,0.07599997520446777,1638291024.653,3,sky,shoes,watermelon,sky,shoes,sky,shoes,watermelon,sky,shoes,1669.5638723373413,2021-11-30T16:50:24.653000,1638289355.0891278
19,3,0,3,Random,-9999,521b2ff4f6444d06,0.33299994468688965,0.07599997520446777,1638291025.062,0,shoes,dress,watermelon,shoes,dress,shoes,dress,watermelon,shoes,dress,1669.9728722572327,2021-11-30T16:50:25.062000,1638289355.0891278
11,2,13,2,Random,-9999,521b2ff4f6444d06,0.3810000419616699,0.07699990272521973,1638291025.52,13,shirt,happy,disgust,shirt,happy,shirt,happy,disgust,shirt,happy,1670.4308722019196,2021-11-30T16:50:25.520000,1638289355.0891278
13,9,23,9,Random,-9999,521b2ff4f6444d06,0.3900001049041748,0.07599997520446777,1638291025.988,23,near,sky,happy,near,sky,near,sky,happy,near,sky,1670.8988721370697,2021-11-30T16:50:25.988000,1638289355.0891278
21,25,24,25,Random,-9999,521b2ff4f6444d06,0.35199999809265137,0.07999992370605469,1638291026.418,24,dawn,sunset,field,dawn,sunset,dawn,sunset,field,dawn,sunset,1671.328872203827,2021-11-30T16:50:26.418000,1638289355.0891278
18,25,24,25,Random,-9999,521b2ff4f6444d06,0.3580000400543213,0.07599997520446777,1638291026.853,24,dawn,sunset,strawberry,dawn,sunset,dawn,sunset,strawberry,dawn,sunset,1671.7638721466064,2021-11-30T16:50:26.853000,1638289355.0891278
10,1,19,1,Random,-9999,521b2ff4f6444d06,0.35700011253356934,0.07599997520446777,1638291027.282,19,pants,watermelon,angry,pants,watermelon,pants,watermelon,angry,pants,watermelon,1672.192872285843,2021-11-30T16:50:27.282000,1638289355.0891278
24,5,15,5,Random,-9999,521b2ff4f6444d06,0.3939998149871826,0.07200002670288086,1638291027.756,15,above,blueberry,sunset,above,blueberry,above,blueberry,sunset,above,blueberry,1672.6668722629547,2021-11-30T16:50:27.756000,1638289355.0891278
26,13,7,13,Random,-9999,521b2ff4f6444d06,0.3689999580383301,0.08100008964538574,1638291028.198,7,happy,beside,day,happy,beside,happy,beside,day,happy,beside,1673.1088721752167,2021-11-30T16:50:28.198000,1638289355.0891278
20,17,13,17,Random,-9999,521b2ff4f6444d06,0.38700008392333984,0.07800006866455078,1638291028.665,13,mango,happy,beach,mango,happy,mango,happy,beach,mango,happy,1673.575872182846,2021-11-30T16:50:28.665000,1638289355.0891278
21,13,14,13,Random,-9999,521b2ff4f6444d06,0.39100003242492676,0.07599997520446777,1638291029.13,14,happy,sad,field,happy,sad,happy,sad,field,happy,sad,1674.040872335434,2021-11-30T16:50:29.130000,1638289355.0891278
14,19,8,19,Random,-9999,521b2ff4f6444d06,0.3990001678466797,0.07499980926513672,1638291029.608,8,watermelon,far,sad,watermelon,far,watermelon,far,sad,watermelon,far,1674.5188722610474,2021-11-30T16:50:29.608000,1638289355.0891278
25,29,23,29,Random,-9999,521b2ff4f6444d06,0.4140000343322754,0.07599997520446777,1638291030.1,23,noon,sky,dawn,noon,sky,noon,sky,dawn,noon,sky,1675.0108721256256,2021-11-30T16:50:30.100000,1638289355.0891278
25,5,13,5,Random,-9999,521b2ff4f6444d06,0.37599992752075195,0.0820000171661377,1638291030.555,13,above,happy,dawn,above,happy,above,happy,dawn,above,happy,1675.4658722877502,2021-11-30T16:50:30.555000,1638289355.0891278
0,12,1,12,Random,-9999,521b2ff4f6444d06,0.46399998664855957,0.07599997520446777,1638291031.112,1,fearful,pants,dress,fearful,pants,fearful,pants,dress,fearful,pants,1676.022872209549,2021-11-30T16:50:31.112000,1638289355.0891278
4,28,2,28,Random,-9999,521b2ff4f6444d06,0.33500003814697266,0.0989999771118164,1638291031.54,2,night,shirt,socks,night,shirt,night,shirt,socks,night,shirt,1676.450872182846,2021-11-30T16:50:31.540000,1638289355.0891278
16,9,12,9,Random,-9999,521b2ff4f6444d06,0.5550000667572021,0.08999991416931152,1638291032.175,12,near,fearful,lemon,near,fearful,near,fearful,lemon,near,fearful,1677.0858721733093,2021-11-30T16:50:32.175000,1638289355.0891278
15,2,0,2,Random,-9999,521b2ff4f6444d06,0.3840000629425049,0.0820000171661377,1638291032.641,0,shirt,dress,blueberry,shirt,dress,shirt,dress,blueberry,shirt,dress,1677.551872253418,2021-11-30T16:50:32.641000,1638289355.0891278
27,0,19,0,Random,-9999,521b2ff4f6444d06,0.37400007247924805,0.07599997520446777,1638291033.094,19,dress,watermelon,dusk,dress,watermelon,dress,watermelon,dusk,dress,watermelon,1678.0048723220825,2021-11-30T16:50:33.094000,1638289355.0891278
28,12,26,12,Random,-9999,521b2ff4f6444d06,0.3970000743865967,0.08499979972839355,1638291033.574,26,fearful,day,night,fearful,day,fearful,day,night,fearful,day,1678.4848721027374,2021-11-30T16:50:33.574000,1638289355.0891278
3,4,2,4,Random,-9999,521b2ff4f6444d06,0.4179999828338623,0.07999992370605469,1638291034.076,2,socks,shirt,shoes,socks,shirt,socks,shirt,shoes,socks,shirt,1678.9868721961975,2021-11-30T16:50:34.076000,1638289355.0891278
6,7,27,7,Random,-9999,521b2ff4f6444d06,0.38499999046325684,0.0820000171661377,1638291034.537,27,beside,dusk,below,beside,dusk,beside,dusk,below,beside,dusk,1679.4478721618652,2021-11-30T16:50:34.537000,1638289355.0891278
8,9,23,9,Random,-9999,521b2ff4f6444d06,0.38299989700317383,0.0840001106262207,1638291035.006,23,near,sky,far,near,sky,near,sky,far,near,sky,1679.9168722629547,2021-11-30T16:50:35.006000,1638289355.0891278
22,7,11,7,Random,-9999,521b2ff4f6444d06,0.33899998664855957,0.09400010108947754,1638291035.437,11,beside,disgust,ocean,beside,disgust,beside,disgust,ocean,beside,disgust,1680.3478722572327,2021-11-30T16:50:35.437000,1638289355.0891278
26,13,29,13,Random,-9999,521b2ff4f6444d06,0.3730001449584961,0.07699990272521973,1638291035.882,29,happy,noon,day,happy,noon,happy,noon,day,happy,noon,1680.7928721904755,2021-11-30T16:50:35.882000,1638289355.0891278
28,20,23,20,Random,-9999,521b2ff4f6444d06,0.37800002098083496,0.0709998607635498,1638291036.336,23,beach,sky,night,beach,sky,beach,sky,night,beach,sky,1681.2468721866608,2021-11-30T16:50:36.336000,1638289355.0891278
5,27,9,27,Random,-9999,521b2ff4f6444d06,0.3819999694824219,0.07599997520446777,1638291036.789,9,dusk,near,above,dusk,near,dusk,near,above,dusk,near,1681.6998722553253,2021-11-30T16:50:36.789000,1638289355.0891278
14,0,12,0,Random,-9999,521b2ff4f6444d06,0.34999990463256836,0.07400012016296387,1638291037.219,12,dress,fearful,sad,dress,fearful,dress,fearful,sad,dress,fearful,1682.1298723220825,2021-11-30T16:50:37.219000,1638289355.0891278
26,6,20,6,Random,-9999,521b2ff4f6444d06,0.372999906539917,0.07700014114379883,1638291037.735,20,below,beach,day,below,beach,below,beach,day,below,beach,1682.6458721160889,2021-11-30T16:50:37.735000,1638289355.0891278
8,13,22,13,Random,-9999,521b2ff4f6444d06,0.3469998836517334,0.14400005340576172,1638291038.153,22,happy,ocean,far,happy,ocean,happy,ocean,far,happy,ocean,1683.0638723373413,2021-11-30T16:50:38.153000,1638289355.0891278
5,14,9,14,Random,-9999,521b2ff4f6444d06,0.3789999485015869,0.10300016403198242,1638291038.637,9,sad,near,above,sad,near,sad,near,above,sad,near,1683.5478723049164,2021-11-30T16:50:38.637000,1638289355.0891278
29,7,13,7,Random,-9999,521b2ff4f6444d06,0.33300018310546875,0.14999985694885254,1638291039.117,13,beside,happy,noon,beside,happy,beside,happy,noon,beside,happy,1684.0278723239899,2021-11-30T16:50:39.117000,1638289355.0891278
3,15,8,15,Random,-9999,521b2ff4f6444d06,0.39999985694885254,0.07299995422363281,1638291039.602,8,blueberry,far,shoes,blueberry,far,blueberry,far,shoes,blueberry,far,1684.5128722190857,2021-11-30T16:50:39.602000,1638289355.0891278
12,20,27,20,Random,-9999,521b2ff4f6444d06,0.38499999046325684,0.0820000171661377,1638291040.058,27,beach,dusk,fearful,beach,dusk,beach,dusk,fearful,beach,dusk,1684.968872308731,2021-11-30T16:50:40.058000,1638289355.0891278
26,27,24,27,Random,-9999,521b2ff4f6444d06,0.3730001449584961,0.07299995422363281,1638291040.507,24,dusk,sunset,day,dusk,sunset,dusk,sunset,day,dusk,sunset,1685.4178721904755,2021-11-30T16:50:40.507000,1638289355.0891278
10,23,29,23,Random,-9999,521b2ff4f6444d06,0.3660001754760742,0.07499980926513672,1638291040.945,29,sky,noon,angry,sky,noon,sky,noon,angry,sky,noon,1685.8558721542358,2021-11-30T16:50:40.945000,1638289355.0891278
0,6,29,6,Random,-9999,521b2ff4f6444d06,0.4759998321533203,0.07200002670288086,1638291041.489,29,below,noon,dress,below,noon,below,noon,dress,below,noon,1686.399872303009,2021-11-30T16:50:41.489000,1638289355.0891278
26,29,25,25,Random,-9999,6aa1138d78ca065c,1.2030000686645508,0.21899986267089844,1638291062.973,29,noon,dawn,day,dawn,noon,noon,dawn,day,dawn,noon,1707.883872270584,2021-11-30T16:51:02.973000,1638289355.0891278
18,6,28,28,Random,-9999,6aa1138d78ca065c,0.8029999732971191,0.07899999618530273,1638291063.848,6,below,night,strawberry,night,below,below,night,strawberry,night,below,1708.758872270584,2021-11-30T16:51:03.848000,1638289355.0891278
12,6,20,20,Random,-9999,6aa1138d78ca065c,0.28600001335144043,0.07200002670288086,1638291064.206,6,below,beach,fearful,beach,below,below,beach,fearful,beach,below,1709.1168723106384,2021-11-30T16:51:04.206000,1638289355.0891278
20,24,14,14,Random,-9999,6aa1138d78ca065c,0.46199989318847656,0.07899999618530273,1638291064.747,24,sunset,sad,beach,sad,sunset,sunset,sad,beach,sad,sunset,1709.6578722000122,2021-11-30T16:51:04.747000,1638289355.0891278
20,21,14,14,Random,-9999,6aa1138d78ca065c,0.3969998359680176,0.07700014114379883,1638291065.221,21,field,sad,beach,sad,field,field,sad,beach,sad,field,1710.131872177124,2021-11-30T16:51:05.221000,1638289355.0891278
24,14,23,23,Random,-9999,6aa1138d78ca065c,0.4330000877380371,0.07500004768371582,1638291065.739,14,sad,sky,sunset,sky,sad,sad,sky,sunset,sky,sad,1710.649872303009,2021-11-30T16:51:05.739000,1638289355.0891278
8,20,28,28,Random,-9999,6aa1138d78ca065c,0.2849998474121094,0.08300018310546875,1638291066.097,20,beach,night,far,night,beach,beach,night,far,night,beach,1711.0078721046448,2021-11-30T16:51:06.097000,1638289355.0891278
26,23,28,28,Random,-9999,6aa1138d78ca065c,0.32899999618530273,0.07200002670288086,1638291066.5,23,sky,night,day,night,sky,sky,night,day,night,sky,1711.410872220993,2021-11-30T16:51:06.500000,1638289355.0891278
15,14,9,14,Random,-9999,ee8c00e8a0d83f99,3.5350000858306885,0.20999979972839355,1638291915.907,9,sad,near,blueberry,sad,near,sad,near,blueberry,sad,near,2560.817872285843,2021-11-30T17:05:15.907000,1638289355.0891278
21,16,12,16,Random,-9999,ee8c00e8a0d83f99,3.0159997940063477,0.1530001163482666,1638291919.053,12,lemon,fearful,field,lemon,fearful,lemon,fearful,field,lemon,fearful,2563.96387219429,2021-11-30T17:05:19.053000,1638289355.0891278
14,15,29,15,Random,-9999,ee8c00e8a0d83f99,8.157000064849854,0.14100003242492676,1638291927.361,29,blueberry,noon,sad,blueberry,noon,blueberry,noon,sad,blueberry,noon,2572.271872282028,2021-11-30T17:05:27.361000,1638289355.0891278
9,14,10,10,Random,-9999,ee8c00e8a0d83f99,4.480999946594238,0.14599990844726562,1638291932.173,14,sad,angry,near,angry,sad,sad,angry,near,angry,sad,2577.083872318268,2021-11-30T17:05:32.173000,1638289355.0891278
28,21,0,21,Random,-9999,ee8c00e8a0d83f99,4.674000024795532,0.40400004386901855,1638291937.071,0,field,dress,night,field,dress,field,dress,night,field,dress,2581.981872320175,2021-11-30T17:05:37.071000,1638289355.0891278
17,28,10,10,Random,-9999,ee8c00e8a0d83f99,4.889000177383423,0.15899991989135742,1638291942.101,28,night,angry,mango,angry,night,night,angry,mango,angry,night,2587.011872291565,2021-11-30T17:05:42.101000,1638289355.0891278
4,13,24,24,Random,-9999,ee8c00e8a0d83f99,5.851999998092651,0.15799999237060547,1638291948.151,13,happy,sunset,socks,sunset,happy,happy,sunset,socks,sunset,happy,2593.061872243881,2021-11-30T17:05:48.151000,1638289355.0891278
29,13,20,20,Random,-9999,ee8c00e8a0d83f99,1.9769999980926514,0.1640000343322754,1638291950.279,13,happy,beach,noon,beach,happy,happy,beach,noon,beach,happy,2595.189872264862,2021-11-30T17:05:50.279000,1638289355.0891278
15,4,6,6,Random,-9999,ee8c00e8a0d83f99,5.473999977111816,0.14899992942810059,1638291955.883,4,socks,below,blueberry,below,socks,socks,below,blueberry,below,socks,2600.793872117996,2021-11-30T17:05:55.883000,1638289355.0891278
6,13,19,19,Random,-9999,ee8c00e8a0d83f99,2.9779999256134033,0.1549999713897705,1638291959.027,13,happy,watermelon,below,watermelon,happy,happy,watermelon,below,watermelon,happy,2603.937872171402,2021-11-30T17:05:59.027000,1638289355.0891278
24,6,11,6,Random,-9999,ee8c00e8a0d83f99,3.4179999828338623,0.14400005340576172,1638291962.589,11,below,disgust,sunset,below,disgust,below,disgust,sunset,below,disgust,2607.4998722076416,2021-11-30T17:06:02.589000,1638289355.0891278
11,6,9,6,Random,-9999,ee8c00e8a0d83f99,3.2950000762939453,0.15000009536743164,1638291966.021,9,below,near,disgust,below,near,below,near,disgust,below,near,2610.9318721294403,2021-11-30T17:06:06.021000,1638289355.0891278
10,5,18,18,Random,-9999,ee8c00e8a0d83f99,3.944000005722046,0.1359999179840088,1638291970.215,5,above,strawberry,angry,strawberry,above,above,strawberry,angry,strawberry,above,2615.1258721351624,2021-11-30T17:06:10.215000,1638289355.0891278
19,17,8,17,Random,-9999,ee8c00e8a0d83f99,2.5199999809265137,0.24900007247924805,1638291972.896,8,mango,far,watermelon,mango,far,mango,far,watermelon,mango,far,2617.8068721294403,2021-11-30T17:06:12.896000,1638289355.0891278
26,14,5,5,Random,-9999,ee8c00e8a0d83f99,5.121999979019165,0.15899991989135742,1638291978.156,14,sad,above,day,above,sad,sad,above,day,above,sad,2623.0668721199036,2021-11-30T17:06:18.156000,1638289355.0891278
7,3,10,10,Random,-9999,ee8c00e8a0d83f99,10.029000043869019,0.17799997329711914,1638291988.377,3,shoes,angry,beside,angry,shoes,shoes,angry,beside,angry,shoes,2633.287872314453,2021-11-30T17:06:28.377000,1638289355.0891278
19,18,3,18,Random,-9999,ee8c00e8a0d83f99,3.609999895095825,0.1770000457763672,1638291992.234,3,strawberry,shoes,watermelon,strawberry,shoes,strawberry,shoes,watermelon,strawberry,shoes,2637.144872188568,2021-11-30T17:06:32.234000,1638289355.0891278
13,28,23,23,Random,-9999,ee8c00e8a0d83f99,3.934999942779541,0.29799985885620117,1638291996.387,28,night,sky,happy,sky,night,night,sky,happy,sky,night,2641.2978723049164,2021-11-30T17:06:36.387000,1638289355.0891278
20,0,10,0,Random,-9999,ee8c00e8a0d83f99,2.132999897003174,0.14600014686584473,1638291998.667,10,dress,angry,beach,dress,angry,dress,angry,beach,dress,angry,2643.577872276306,2021-11-30T17:06:38.667000,1638289355.0891278
28,17,23,23,Random,-9999,ee8c00e8a0d83f99,1.7070000171661377,0.16499996185302734,1638292000.471,17,mango,sky,night,sky,mango,mango,sky,night,sky,mango,2645.381872177124,2021-11-30T17:06:40.471000,1638289355.0891278
5,11,12,12,Random,-9999,ee8c00e8a0d83f99,4.495999813079834,0.08600020408630371,1638292005.302,11,disgust,fearful,above,fearful,disgust,disgust,fearful,above,fearful,disgust,2650.2128722667694,2021-11-30T17:06:45.302000,1638289355.0891278
4,28,18,28,Random,-9999,ee8c00e8a0d83f99,3.1500000953674316,0.4049999713897705,1638292008.685,18,night,strawberry,socks,night,strawberry,night,strawberry,socks,night,strawberry,2653.5958721637726,2021-11-30T17:06:48.685000,1638289355.0891278
9,28,1,28,Random,-9999,ee8c00e8a0d83f99,3.7130000591278076,0.16899991035461426,1638292012.55,1,night,pants,near,night,pants,night,pants,near,night,pants,2657.4608721733093,2021-11-30T17:06:52.550000,1638289355.0891278
20,12,29,29,Random,-9999,ee8c00e8a0d83f99,2.0980000495910645,0.1529998779296875,1638292014.795,12,fearful,noon,beach,noon,fearful,fearful,noon,beach,noon,fearful,2659.705872297287,2021-11-30T17:06:54.795000,1638289355.0891278
1,15,19,19,Random,-9999,ee8c00e8a0d83f99,5.437000036239624,0.13700008392333984,1638292020.389,15,blueberry,watermelon,pants,watermelon,blueberry,blueberry,watermelon,pants,watermelon,blueberry,2665.299872159958,2021-11-30T17:07:00.389000,1638289355.0891278
25,9,10,9,Random,-9999,ee8c00e8a0d83f99,22.078999996185303,0.16199994087219238,1638292042.636,10,near,angry,dawn,near,angry,near,angry,dawn,near,angry,2687.546872138977,2021-11-30T17:07:22.636000,1638289355.0891278
21,20,29,20,Random,-9999,ee8c00e8a0d83f99,2.9710001945495605,0.18899989128112793,1638292045.785,29,beach,noon,field,beach,noon,beach,noon,field,beach,noon,2690.6958723068237,2021-11-30T17:07:25.785000,1638289355.0891278
23,5,12,5,Random,-9999,ee8c00e8a0d83f99,1.7409999370574951,0.15999984741210938,1638292047.619,12,above,fearful,sky,above,fearful,above,fearful,sky,above,fearful,2692.5298721790314,2021-11-30T17:07:27.619000,1638289355.0891278
18,13,19,19,Random,-9999,ee8c00e8a0d83f99,3.5199999809265137,0.08700013160705566,1638292051.303,13,happy,watermelon,strawberry,watermelon,happy,happy,watermelon,strawberry,watermelon,happy,2696.21387219429,2021-11-30T17:07:31.303000,1638289355.0891278
13,16,22,22,Random,-9999,ee8c00e8a0d83f99,2.375999927520752,0.1790001392364502,1638292053.838,16,lemon,ocean,happy,ocean,lemon,lemon,ocean,happy,ocean,lemon,2698.748872280121,2021-11-30T17:07:33.838000,1638289355.0891278
25,11,15,15,Random,-9999,ee8c00e8a0d83f99,4.310999870300293,0.1530001163482666,1638292058.304,11,disgust,blueberry,dawn,blueberry,disgust,disgust,blueberry,dawn,blueberry,disgust,2703.214872121811,2021-11-30T17:07:38.304000,1638289355.0891278
0,19,2,2,Random,-9999,ee8c00e8a0d83f99,2.0189998149871826,0.14600014686584473,1638292060.475,19,watermelon,shirt,dress,shirt,watermelon,watermelon,shirt,dress,shirt,watermelon,2705.3858721256256,2021-11-30T17:07:40.475000,1638289355.0891278
4,3,12,3,Random,-9999,ee8c00e8a0d83f99,1.8279998302459717,0.18200016021728516,1638292062.421,12,shoes,fearful,socks,shoes,fearful,shoes,fearful,socks,shoes,fearful,2707.3318722248077,2021-11-30T17:07:42.421000,1638289355.0891278
26,8,0,8,Random,-9999,ee8c00e8a0d83f99,2.5809998512268066,0.08300018310546875,1638292065.351,0,far,dress,day,far,dress,far,dress,day,far,dress,2710.261872291565,2021-11-30T17:07:45.351000,1638289355.0891278
13,16,18,16,Random,-9999,ee8c00e8a0d83f99,1.9599997997283936,0.4290001392364502,1638292067.471,18,lemon,strawberry,happy,lemon,strawberry,lemon,strawberry,happy,lemon,strawberry,2712.381872177124,2021-11-30T17:07:47.471000,1638289355.0891278
24,2,20,20,Random,-9999,ee8c00e8a0d83f99,1.9529998302459717,0.14500021934509277,1638292069.652,2,shirt,beach,sunset,beach,shirt,shirt,beach,sunset,beach,shirt,2714.562872171402,2021-11-30T17:07:49.652000,1638289355.0891278
19,14,12,12,Random,-9999,ee8c00e8a0d83f99,3.4060001373291016,0.1549999713897705,1638292073.199,14,sad,fearful,watermelon,fearful,sad,sad,fearful,watermelon,fearful,sad,2718.1098721027374,2021-11-30T17:07:53.199000,1638289355.0891278
4,7,21,21,Random,-9999,ee8c00e8a0d83f99,3.111999988555908,0.1510000228881836,1638292076.456,7,beside,field,socks,field,beside,beside,field,socks,field,beside,2721.3668723106384,2021-11-30T17:07:56.456000,1638289355.0891278
23,13,17,13,Random,-9999,ee8c00e8a0d83f99,1.6759998798370361,0.1510000228881836,1638292078.213,17,happy,mango,sky,happy,mango,happy,mango,sky,happy,mango,2723.123872280121,2021-11-30T17:07:58.213000,1638289355.0891278
25,19,28,28,Random,-9999,ee8c00e8a0d83f99,5.289999961853027,0.07800006866455078,1638292083.647,19,watermelon,night,dawn,night,watermelon,watermelon,night,dawn,night,watermelon,2728.5578722953796,2021-11-30T17:08:03.647000,1638289355.0891278
17,12,10,12,Random,-9999,ee8c00e8a0d83f99,3.8320000171661377,0.16000008583068848,1638292087.638,10,fearful,angry,mango,fearful,angry,fearful,angry,mango,fearful,angry,2732.548872232437,2021-11-30T17:08:07.638000,1638289355.0891278
18,0,10,10,Random,-9999,ee8c00e8a0d83f99,2.5420000553131104,0.16700005531311035,1638292090.362,0,dress,angry,strawberry,angry,dress,dress,angry,strawberry,angry,dress,2735.272872209549,2021-11-30T17:08:10.362000,1638289355.0891278
11,21,6,6,Random,-9999,ee8c00e8a0d83f99,2.746999979019165,0.15799999237060547,1638292093.253,21,field,below,disgust,below,field,field,below,disgust,below,field,2738.163872241974,2021-11-30T17:08:13.253000,1638289355.0891278
16,28,2,28,Random,-9999,ee8c00e8a0d83f99,4.053999900817871,0.14700007438659668,1638292097.45,2,night,shirt,lemon,night,shirt,night,shirt,lemon,night,shirt,2742.3608722686768,2021-11-30T17:08:17.450000,1638289355.0891278
24,29,23,23,Random,-9999,ee8c00e8a0d83f99,2.939000129699707,0.15799999237060547,1638292100.677,29,noon,sky,sunset,sky,noon,noon,sky,sunset,sky,noon,2745.5878722667694,2021-11-30T17:08:20.677000,1638289355.0891278
26,8,11,8,Random,-9999,ee8c00e8a0d83f99,1.5090000629425049,0.26599979400634766,1638292102.261,11,far,disgust,day,far,disgust,far,disgust,day,far,disgust,2747.171872138977,2021-11-30T17:08:22.261000,1638289355.0891278
11,5,7,7,Random,-9999,ee8c00e8a0d83f99,1.9489998817443848,0.11100006103515625,1638292104.405,5,above,beside,disgust,beside,above,above,beside,disgust,beside,above,2749.315872192383,2021-11-30T17:08:24.405000,1638289355.0891278
2,5,4,4,Random,-9999,ee8c00e8a0d83f99,2.078000068664551,0.13700008392333984,1638292106.611,5,above,socks,shirt,socks,above,above,socks,shirt,socks,above,2751.521872282028,2021-11-30T17:08:26.611000,1638289355.0891278
19,13,18,18,Random,-9999,ee8c00e8a0d83f99,1.8420000076293945,0.15199995040893555,1638292108.542,13,happy,strawberry,watermelon,strawberry,happy,happy,strawberry,watermelon,strawberry,happy,2753.452872276306,2021-11-30T17:08:28.542000,1638289355.0891278
18,8,15,15,Random,-9999,ee8c00e8a0d83f99,1.5810000896453857,0.07999992370605469,1638292110.202,8,far,blueberry,strawberry,blueberry,far,far,blueberry,strawberry,blueberry,far,2755.1128721237183,2021-11-30T17:08:30.202000,1638289355.0891278
21,8,29,29,Random,-9999,ee8c00e8a0d83f99,2.187999963760376,0.08299994468688965,1638292112.53,8,far,noon,field,noon,far,far,noon,field,noon,far,2757.440872192383,2021-11-30T17:08:32.530000,1638289355.0891278
4,21,15,21,Random,-9999,ee8c00e8a0d83f99,5.452000141143799,0.14800000190734863,1638292118.126,15,field,blueberry,socks,field,blueberry,field,blueberry,socks,field,blueberry,2763.036872148514,2021-11-30T17:08:38.126000,1638289355.0891278
14,6,15,15,Random,-9999,ee8c00e8a0d83f99,2.2639999389648438,0.13899993896484375,1638292120.535,6,below,blueberry,sad,blueberry,below,below,blueberry,sad,blueberry,below,2765.4458723068237,2021-11-30T17:08:40.535000,1638289355.0891278
12,9,24,9,Random,-9999,ee8c00e8a0d83f99,4.623000144958496,0.16899991035461426,1638292125.326,24,near,sunset,fearful,near,sunset,near,sunset,fearful,near,sunset,2770.2368721961975,2021-11-30T17:08:45.326000,1638289355.0891278
11,20,27,27,Random,-9999,ee8c00e8a0d83f99,5.121999979019165,0.15899991989135742,1638292131.498,20,beach,dusk,disgust,dusk,beach,beach,dusk,disgust,dusk,beach,2776.408872127533,2021-11-30T17:08:51.498000,1638289355.0891278
11,25,17,17,Random,-9999,ee8c00e8a0d83f99,3.82099986076355,1.0780000686645508,1638292136.902,25,dawn,mango,disgust,mango,dawn,dawn,mango,disgust,mango,dawn,2781.812872171402,2021-11-30T17:08:56.902000,1638289355.0891278
19,14,4,4,Random,-9999,ee8c00e8a0d83f99,5.131999969482422,1.6030001640319824,1638292142.236,14,sad,socks,watermelon,socks,sad,sad,socks,watermelon,socks,sad,2787.146872282028,2021-11-30T17:09:02.236000,1638289355.0891278
15,12,7,12,Random,-9999,ee8c00e8a0d83f99,4.78600001335144,0.15199995040893555,1638292147.175,7,fearful,beside,blueberry,fearful,beside,fearful,beside,blueberry,fearful,beside,2792.0858721733093,2021-11-30T17:09:07.175000,1638289355.0891278
11,14,12,12,Random,-9999,ee8c00e8a0d83f99,2.5339999198913574,0.14400005340576172,1638292149.857,14,sad,fearful,disgust,fearful,sad,sad,fearful,disgust,fearful,sad,2794.7678723335266,2021-11-30T17:09:09.857000,1638289355.0891278
2,24,10,24,Random,-9999,ee8c00e8a0d83f99,4.314000129699707,0.14899992942810059,1638292154.323,10,sunset,angry,shirt,sunset,angry,sunset,angry,shirt,sunset,angry,2799.2338721752167,2021-11-30T17:09:14.323000,1638289355.0891278
24,27,0,0,Random,-9999,ee8c00e8a0d83f99,5.39900016784668,0.14999985694885254,1638292159.948,27,dusk,dress,sunset,dress,dusk,dusk,dress,sunset,dress,dusk,2804.8588721752167,2021-11-30T17:09:19.948000,1638289355.0891278
0,14,12,14,Random,-9999,ee8c00e8a0d83f99,5.0249998569488525,0.2840001583099365,1638292165.168,12,sad,fearful,dress,sad,fearful,sad,fearful,dress,sad,fearful,2810.078872203827,2021-11-30T17:09:25.168000,1638289355.0891278
3,18,15,18,Random,-9999,ee8c00e8a0d83f99,2.691999912261963,0.1400001049041748,1638292168.007,15,strawberry,blueberry,shoes,strawberry,blueberry,strawberry,blueberry,shoes,strawberry,blueberry,2812.9178721904755,2021-11-30T17:09:28.007000,1638289355.0891278
5,0,25,25,Random,-9999,ee8c00e8a0d83f99,2.6540000438690186,0.15700006484985352,1638292170.817,0,dress,dawn,above,dawn,dress,dress,dawn,above,dawn,dress,2815.727872133255,2021-11-30T17:09:30.817000,1638289355.0891278
8,28,26,28,Random,-9999,ee8c00e8a0d83f99,3.953000068664551,0.15999984741210938,1638292174.946,26,night,day,far,night,day,night,day,far,night,day,2819.856872320175,2021-11-30T17:09:34.946000,1638289355.0891278
23,22,26,26,Random,-9999,ee8c00e8a0d83f99,3.7790000438690186,0.16100001335144043,1638292178.862,22,ocean,day,sky,day,ocean,ocean,day,sky,day,ocean,2823.772872209549,2021-11-30T17:09:38.862000,1638289355.0891278
16,17,25,17,Random,-9999,ee8c00e8a0d83f99,3.6110000610351562,0.13899993896484375,1638292182.621,25,mango,dawn,lemon,mango,dawn,mango,dawn,lemon,mango,dawn,2827.5318722724915,2021-11-30T17:09:42.621000,1638289355.0891278
0,15,22,22,Random,-9999,ee8c00e8a0d83f99,2.389000177383423,0.1529998779296875,1638292185.294,15,blueberry,ocean,dress,ocean,blueberry,blueberry,ocean,dress,ocean,blueberry,2830.2048721313477,2021-11-30T17:09:45.294000,1638289355.0891278
0,5,4,4,Random,-9999,ee8c00e8a0d83f99,15.79699993133545,0.3560001850128174,1638292201.314,5,above,socks,dress,socks,above,above,socks,dress,socks,above,2846.224872112274,2021-11-30T17:10:01.314000,1638289355.0891278
20,28,4,28,Random,-9999,ee8c00e8a0d83f99,1.5959999561309814,0.1419999599456787,1638292202.994,4,night,socks,beach,night,socks,night,socks,beach,night,socks,2847.9048721790314,2021-11-30T17:10:02.994000,1638289355.0891278
17,2,8,8,Random,-9999,ee8c00e8a0d83f99,3.760999917984009,0.07800006866455078,1638292206.911,2,shirt,far,mango,far,shirt,shirt,far,mango,far,shirt,2851.8218722343445,2021-11-30T17:10:06.911000,1638289355.0891278
0,19,28,28,Random,-9999,ee8c00e8a0d83f99,2.11899995803833,0.1660001277923584,1638292209.243,19,watermelon,night,dress,night,watermelon,watermelon,night,dress,night,watermelon,2854.1538722515106,2021-11-30T17:10:09.243000,1638289355.0891278
18,17,29,17,Random,-9999,ee8c00e8a0d83f99,1.9219999313354492,0.32899999618530273,1638292211.452,29,mango,noon,strawberry,mango,noon,mango,noon,strawberry,mango,noon,2856.3628721237183,2021-11-30T17:10:11.452000,1638289355.0891278
22,3,4,4,Random,-9999,ee8c00e8a0d83f99,3.5299999713897705,0.16700005531311035,1638292215.124,3,shoes,socks,ocean,socks,shoes,shoes,socks,ocean,socks,shoes,2860.0348722934723,2021-11-30T17:10:15.124000,1638289355.0891278
21,17,13,13,Random,-9999,ee8c00e8a0d83f99,3.0420000553131104,0.1549999713897705,1638292218.324,17,mango,happy,field,happy,mango,mango,happy,field,happy,mango,2863.2348721027374,2021-11-30T17:10:18.324000,1638289355.0891278
26,5,23,23,Random,-9999,0adf8c8da601639c,3.0859999656677246,0.15000009536743164,1638292220.826,5,above,sky,day,sky,above,above,sky,day,sky,above,2865.7368721961975,2021-11-30T17:10:20.826000,1638289355.0891278
6,29,12,12,Random,-9999,ee8c00e8a0d83f99,2.569000005722046,0.16100001335144043,1638292221.176,29,noon,fearful,below,fearful,noon,noon,fearful,below,fearful,noon,2866.0868723392487,2021-11-30T17:10:21.176000,1638289355.0891278
14,1,19,1,Random,-9999,0adf8c8da601639c,3.0380001068115234,0.15799999237060547,1638292224.091,19,pants,watermelon,sad,pants,watermelon,pants,watermelon,sad,pants,watermelon,2869.0018723011017,2021-11-30T17:10:24.091000,1638289355.0891278
4,7,18,7,Random,-9999,ee8c00e8a0d83f99,3.248999834060669,0.29600000381469727,1638292224.601,18,beside,strawberry,socks,beside,strawberry,beside,strawberry,socks,beside,strawberry,2869.511872291565,2021-11-30T17:10:24.601000,1638289355.0891278
24,3,23,23,Random,-9999,0adf8c8da601639c,2.13100004196167,0.15399980545043945,1638292226.363,3,shoes,sky,sunset,sky,shoes,shoes,sky,sunset,sky,shoes,2871.2738721370697,2021-11-30T17:10:26.363000,1638289355.0891278
24,3,19,19,Random,-9999,0adf8c8da601639c,2.24399995803833,0.15700006484985352,1638292228.775,3,shoes,watermelon,sunset,watermelon,shoes,shoes,watermelon,sunset,watermelon,shoes,2873.6858723163605,2021-11-30T17:10:28.775000,1638289355.0891278
19,27,25,27,Random,-9999,ee8c00e8a0d83f99,4.783999919891357,0.14600014686584473,1638292229.53,25,dusk,dawn,watermelon,dusk,dawn,dusk,dawn,watermelon,dusk,dawn,2874.440872192383,2021-11-30T17:10:29.530000,1638289355.0891278
1,11,20,11,Random,-9999,0adf8c8da601639c,3.3969998359680176,0.15199995040893555,1638292232.312,20,disgust,beach,pants,disgust,beach,disgust,beach,pants,disgust,beach,2877.2228722572327,2021-11-30T17:10:32.312000,1638289355.0891278
28,9,22,22,Random,-9999,ee8c00e8a0d83f99,3.6009998321533203,0.14700007438659668,1638292233.393,9,near,ocean,night,ocean,near,near,ocean,night,ocean,near,2878.3038721084595,2021-11-30T17:10:33.393000,1638289355.0891278
12,22,15,15,Random,-9999,ee8c00e8a0d83f99,2.259999990463257,0.2590000629425049,1638292235.787,22,ocean,blueberry,fearful,blueberry,ocean,ocean,blueberry,fearful,blueberry,ocean,2880.6978721618652,2021-11-30T17:10:35.787000,1638289355.0891278
11,22,26,22,Random,-9999,0adf8c8da601639c,4.7829999923706055,0.17100000381469727,1638292237.262,26,ocean,day,disgust,ocean,day,ocean,day,disgust,ocean,day,2882.1728723049164,2021-11-30T17:10:37.262000,1638289355.0891278
27,7,0,7,Random,-9999,0adf8c8da601639c,2.3610000610351562,0.15600013732910156,1638292239.781,0,beside,dress,dusk,beside,dress,beside,dress,dusk,beside,dress,2884.6918721199036,2021-11-30T17:10:39.781000,1638289355.0891278
28,4,20,20,Random,-9999,0adf8c8da601639c,3.5310001373291016,0.15999984741210938,1638292243.478,4,socks,beach,night,beach,socks,socks,beach,night,beach,socks,2888.3888721466064,2021-11-30T17:10:43.478000,1638289355.0891278
7,3,29,3,Random,-9999,0adf8c8da601639c,3.3589999675750732,0.14300012588500977,1638292246.975,29,shoes,noon,beside,shoes,noon,shoes,noon,beside,shoes,noon,2891.8858721256256,2021-11-30T17:10:46.975000,1638289355.0891278
26,11,0,0,Random,-9999,0adf8c8da601639c,2.748000144958496,0.14899992942810059,1638292249.88,11,disgust,dress,day,dress,disgust,disgust,dress,day,dress,disgust,2894.790872335434,2021-11-30T17:10:49.880000,1638289355.0891278
8,1,4,4,Random,-9999,0adf8c8da601639c,3.989000082015991,0.16199994087219238,1638292254.033,1,pants,socks,far,socks,pants,pants,socks,far,socks,pants,2898.9438722133636,2021-11-30T17:10:54.033000,1638289355.0891278
14,1,9,1,Random,-9999,0adf8c8da601639c,3.6500000953674316,0.15399980545043945,1638292257.838,9,pants,near,sad,pants,near,pants,near,sad,pants,near,2902.748872280121,2021-11-30T17:10:57.838000,1638289355.0891278
3,8,19,8,Random,-9999,0adf8c8da601639c,2.572000026702881,0.14699983596801758,1638292260.558,19,far,watermelon,shoes,far,watermelon,far,watermelon,shoes,far,watermelon,2905.468872308731,2021-11-30T17:11:00.558000,1638289355.0891278
10,17,14,14,Random,-9999,0adf8c8da601639c,2.381999969482422,0.1359999179840088,1638292263.067,17,mango,sad,angry,sad,mango,mango,sad,angry,sad,mango,2907.977872133255,2021-11-30T17:11:03.067000,1638289355.0891278
13,15,14,15,Random,-9999,0adf8c8da601639c,1.6329998970031738,0.15700006484985352,1638292264.794,14,blueberry,sad,happy,blueberry,sad,blueberry,sad,happy,blueberry,sad,2909.7048721313477,2021-11-30T17:11:04.794000,1638289355.0891278
2,9,7,7,Random,-9999,0adf8c8da601639c,2.078000068664551,0.08999991416931152,1638292267.029,9,near,beside,shirt,beside,near,near,beside,shirt,beside,near,2911.939872264862,2021-11-30T17:11:07.029000,1638289355.0891278
11,7,28,28,Random,-9999,0adf8c8da601639c,3.3919999599456787,0.14599990844726562,1638292270.563,7,beside,night,disgust,night,beside,beside,night,disgust,night,beside,2915.4738721847534,2021-11-30T17:11:10.563000,1638289355.0891278
3,21,19,21,Random,-9999,0adf8c8da601639c,3.070000171661377,0.14499998092651367,1638292273.785,19,field,watermelon,shoes,field,watermelon,field,watermelon,shoes,field,watermelon,2918.6958723068237,2021-11-30T17:11:13.785000,1638289355.0891278
28,6,9,9,Random,-9999,0adf8c8da601639c,3.2039999961853027,0.16699981689453125,1638292277.154,6,below,near,night,near,below,below,near,night,near,below,2922.064872264862,2021-11-30T17:11:17.154000,1638289355.0891278
12,8,3,8,Random,-9999,0adf8c8da601639c,1.6540000438690186,0.16000008583068848,1638292278.898,3,far,shoes,fearful,far,shoes,far,shoes,fearful,far,shoes,2923.8088722229004,2021-11-30T17:11:18.898000,1638289355.0891278
25,7,4,7,Random,-9999,0adf8c8da601639c,1.8919999599456787,0.08899998664855957,1638292280.88,4,beside,socks,dawn,beside,socks,beside,socks,dawn,beside,socks,2925.790872335434,2021-11-30T17:11:20.880000,1638289355.0891278
19,6,27,27,Random,-9999,0adf8c8da601639c,3.238999843597412,0.09200000762939453,1638292284.279,6,below,dusk,watermelon,dusk,below,below,dusk,watermelon,dusk,below,2929.189872264862,2021-11-30T17:11:24.279000,1638289355.0891278
23,2,5,5,Random,-9999,0adf8c8da601639c,1.8400001525878906,0.14100003242492676,1638292286.186,2,shirt,above,sky,above,shirt,shirt,above,sky,above,shirt,2931.096872329712,2021-11-30T17:11:26.186000,1638289355.0891278
18,15,17,15,Random,-9999,0adf8c8da601639c,2.253000020980835,0.10699987411499023,1638292288.607,17,blueberry,mango,strawberry,blueberry,mango,blueberry,mango,strawberry,blueberry,mango,2933.5178723335266,2021-11-30T17:11:28.607000,1638289355.0891278
19,22,0,22,Random,-9999,0adf8c8da601639c,2.0450000762939453,0.15400004386901855,1638292290.799,0,ocean,dress,watermelon,ocean,dress,ocean,dress,watermelon,ocean,dress,2935.7098722457886,2021-11-30T17:11:30.799000,1638289355.0891278
6,28,20,20,Random,-9999,0adf8c8da601639c,2.4609999656677246,0.14599990844726562,1638292293.446,28,night,beach,below,beach,night,night,beach,below,beach,night,2938.356872320175,2021-11-30T17:11:33.446000,1638289355.0891278
16,13,20,13,Random,-9999,0adf8c8da601639c,2.240000009536743,0.18199992179870605,1638292295.829,20,happy,beach,lemon,happy,beach,happy,beach,lemon,happy,beach,2940.7398722171783,2021-11-30T17:11:35.829000,1638289355.0891278
19,27,26,26,Random,-9999,16264d9174a16b23,6.508000135421753,0.19299983978271484,1638292298.005,27,dusk,day,watermelon,day,dusk,dusk,day,watermelon,day,dusk,2942.915872335434,2021-11-30T17:11:38.005000,1638289355.0891278
13,23,24,24,Random,-9999,0adf8c8da601639c,2.6080000400543213,0.1490001678466797,1638292298.604,23,sky,sunset,happy,sunset,sky,sky,sunset,happy,sunset,sky,2943.514872312546,2021-11-30T17:11:38.604000,1638289355.0891278
16,6,20,20,Random,-9999,16264d9174a16b23,2.6040000915527344,0.2850000858306885,1638292300.914,6,below,beach,lemon,beach,below,below,beach,lemon,beach,below,2945.8248722553253,2021-11-30T17:11:40.914000,1638289355.0891278
25,4,7,7,Random,-9999,0adf8c8da601639c,3.6579999923706055,0.1659998893737793,1638292302.418,4,socks,beside,dawn,beside,socks,socks,beside,dawn,beside,socks,2947.328872203827,2021-11-30T17:11:42.418000,1638289355.0891278
1,26,13,26,Random,-9999,16264d9174a16b23,3.932000160217285,0.17299985885620117,1638292305.0,13,day,happy,pants,day,happy,day,happy,pants,day,happy,2949.910872220993,2021-11-30T17:11:45,1638289355.0891278
17,26,16,16,Random,-9999,0adf8c8da601639c,2.8369998931884766,0.1640000343322754,1638292305.424,26,day,lemon,mango,lemon,day,day,lemon,mango,lemon,day,2950.3348722457886,2021-11-30T17:11:45.424000,1638289355.0891278
11,21,6,6,Random,-9999,16264d9174a16b23,1.9930000305175781,0.15699982643127441,1638292307.158,21,field,below,disgust,below,field,field,below,disgust,below,field,2952.0688722133636,2021-11-30T17:11:47.158000,1638289355.0891278
21,2,25,25,Random,-9999,0adf8c8da601639c,3.3559999465942383,0.14299988746643066,1638292308.917,2,shirt,dawn,field,dawn,shirt,shirt,dawn,field,dawn,shirt,2953.827872276306,2021-11-30T17:11:48.917000,1638289355.0891278
24,23,2,23,Random,-9999,16264d9174a16b23,1.7869999408721924,0.1700000762939453,1638292309.09,2,sky,shirt,sunset,sky,shirt,sky,shirt,sunset,sky,shirt,2954.0008721351624,2021-11-30T17:11:49.090000,1638289355.0891278
0,16,28,28,Random,-9999,16264d9174a16b23,1.6959998607635498,0.2330000400543213,1638292310.978,16,lemon,night,dress,night,lemon,lemon,night,dress,night,lemon,2955.8888721466064,2021-11-30T17:11:50.978000,1638289355.0891278
1,13,15,13,Random,-9999,0adf8c8da601639c,3.177999973297119,0.15700006484985352,1638292312.242,15,happy,blueberry,pants,happy,blueberry,happy,blueberry,pants,happy,blueberry,2957.15287232399,2021-11-30T17:11:52.242000,1638289355.0891278
16,2,28,2,Random,-9999,0adf8c8da601639c,2.490000009536743,0.13700008392333984,1638292314.875,28,shirt,night,lemon,shirt,night,shirt,night,lemon,shirt,night,2959.785872220993,2021-11-30T17:11:54.875000,1638289355.0891278
5,0,19,0,Random,-9999,16264d9174a16b23,3.760999917984009,0.09800004959106445,1638292314.893,19,dress,watermelon,above,dress,watermelon,dress,watermelon,above,dress,watermelon,2959.8038721084595,2021-11-30T17:11:54.893000,1638289355.0891278
21,11,8,8,Random,-9999,16264d9174a16b23,3.078000068664551,0.16700005531311035,1638292318.14,11,disgust,far,field,far,disgust,disgust,far,field,far,disgust,2963.050872325897,2021-11-30T17:11:58.140000,1638289355.0891278
1,16,14,14,Random,-9999,0adf8c8da601639c,3.296999931335449,0.1640000343322754,1638292320.549,16,lemon,sad,pants,sad,lemon,lemon,sad,pants,sad,lemon,2965.4598722457886,2021-11-30T17:12:00.549000,1638289355.0891278
28,2,24,24,Random,-9999,16264d9174a16b23,4.38100004196167,0.16100001335144043,1638292322.707,2,shirt,sunset,night,sunset,shirt,shirt,sunset,night,sunset,shirt,2967.617872238159,2021-11-30T17:12:02.707000,1638289355.0891278
12,26,23,23,Random,-9999,0adf8c8da601639c,2.3319997787475586,0.1550002098083496,1638292323.043,26,day,sky,fearful,sky,day,day,sky,fearful,sky,day,2967.953872203827,2021-11-30T17:12:03.043000,1638289355.0891278
22,13,9,13,Random,-9999,16264d9174a16b23,1.8989999294281006,0.17599987983703613,1638292324.698,9,happy,near,ocean,happy,near,happy,near,ocean,happy,near,2969.6088721752167,2021-11-30T17:12:04.698000,1638289355.0891278
17,28,11,28,Random,-9999,0adf8c8da601639c,2.177999973297119,0.16300010681152344,1638292325.373,11,night,disgust,mango,night,disgust,night,disgust,mango,night,disgust,2970.283872127533,2021-11-30T17:12:05.373000,1638289355.0891278
17,3,0,0,Random,-9999,0adf8c8da601639c,1.866999864578247,0.14800000190734863,1638292327.327,3,shoes,dress,mango,dress,shoes,shoes,dress,mango,dress,shoes,2972.2378721237183,2021-11-30T17:12:07.327000,1638289355.0891278
25,5,6,5,Random,-9999,16264d9174a16b23,3.6080000400543213,0.0970001220703125,1638292328.461,6,above,below,dawn,above,below,above,below,dawn,above,below,2973.3718721866608,2021-11-30T17:12:08.461000,1638289355.0891278
9,1,3,3,Random,-9999,0adf8c8da601639c,1.690000057220459,0.08800005912780762,1638292329.103,1,pants,shoes,near,shoes,pants,pants,shoes,near,shoes,pants,2974.0138721466064,2021-11-30T17:12:09.103000,1638289355.0891278
5,20,23,23,Random,-9999,16264d9174a16b23,2.638000011444092,0.15699982643127441,1638292331.266,20,beach,sky,above,sky,beach,beach,sky,above,sky,beach,2976.176872253418,2021-11-30T17:12:11.266000,1638289355.0891278
4,1,26,1,Random,-9999,16264d9174a16b23,1.684999942779541,0.15700006484985352,1638292333.034,26,pants,day,socks,pants,day,pants,day,socks,pants,day,2977.9448721408844,2021-11-30T17:12:13.034000,1638289355.0891278
8,29,7,29,Random,-9999,0adf8c8da601639c,6.322000026702881,0.08499979972839355,1638292335.573,7,noon,beside,far,noon,beside,noon,beside,far,noon,beside,2980.4838721752167,2021-11-30T17:12:15.573000,1638289355.0891278
18,28,21,21,Random,-9999,16264d9174a16b23,4.947000026702881,0.0820000171661377,1638292338.19,28,night,field,strawberry,field,night,night,field,strawberry,field,night,2983.1008722782135,2021-11-30T17:12:18.190000,1638289355.0891278
21,12,16,12,Random,-9999,0adf8c8da601639c,3.119999885559082,0.15200018882751465,1638292338.837,16,fearful,lemon,field,fearful,lemon,fearful,lemon,field,fearful,lemon,2983.7478721141815,2021-11-30T17:12:18.837000,1638289355.0891278
18,22,27,22,Random,-9999,0adf8c8da601639c,2.5830001831054688,0.14599990844726562,1638292341.572,27,ocean,dusk,strawberry,ocean,dusk,ocean,dusk,strawberry,ocean,dusk,2986.482872247696,2021-11-30T17:12:21.572000,1638289355.0891278
4,18,23,18,Random,-9999,0adf8c8da601639c,4.450000047683716,0.15199995040893555,1638292346.188,23,strawberry,sky,socks,strawberry,sky,strawberry,sky,socks,strawberry,sky,2991.0988721847534,2021-11-30T17:12:26.188000,1638289355.0891278
9,4,29,29,Random,-9999,16264d9174a16b23,8.898000001907349,0.2090001106262207,1638292347.24,4,socks,noon,near,noon,socks,socks,noon,near,noon,socks,2992.15087223053,2021-11-30T17:12:27.240000,1638289355.0891278
21,8,9,8,Random,-9999,0adf8c8da601639c,2.427000045776367,0.15199995040893555,1638292348.762,9,far,near,field,far,near,far,near,field,far,near,2993.6728723049164,2021-11-30T17:12:28.762000,1638289355.0891278
19,20,24,20,Random,-9999,16264d9174a16b23,3.1389999389648438,0.15899991989135742,1638292350.551,24,beach,sunset,watermelon,beach,sunset,beach,sunset,watermelon,beach,sunset,2995.4618723392487,2021-11-30T17:12:30.551000,1638289355.0891278
0,8,6,6,Random,-9999,0adf8c8da601639c,2.1449999809265137,0.15599989891052246,1638292351.053,8,far,below,dress,below,far,far,below,dress,below,far,2995.96387219429,2021-11-30T17:12:31.053000,1638289355.0891278
15,3,18,18,Random,-9999,0adf8c8da601639c,1.4130001068115234,0.14499998092651367,1638292352.549,3,shoes,strawberry,blueberry,strawberry,shoes,shoes,strawberry,blueberry,strawberry,shoes,2997.4598722457886,2021-11-30T17:12:32.549000,1638289355.0891278
27,26,25,25,Random,-9999,0adf8c8da601639c,2.765000104904175,0.08099985122680664,1638292355.459,26,day,dawn,dusk,dawn,day,day,dawn,dusk,dawn,day,3000.3698723316193,2021-11-30T17:12:35.459000,1638289355.0891278
9,5,21,5,Random,-9999,0adf8c8da601639c,3.248999834060669,0.14400005340576172,1638292358.847,21,above,field,near,above,field,above,field,near,above,field,3003.757872104645,2021-11-30T17:12:38.847000,1638289355.0891278
8,23,25,25,Random,-9999,0adf8c8da601639c,3.5939998626708984,0.16200017929077148,1638292362.608,23,sky,dawn,far,dawn,sky,sky,dawn,far,dawn,sky,3007.5188722610474,2021-11-30T17:12:42.608000,1638289355.0891278
29,6,17,6,Random,-9999,0adf8c8da601639c,3.9489998817443848,0.14700007438659668,1638292366.705,17,below,mango,noon,below,mango,below,mango,noon,below,mango,3011.615872144699,2021-11-30T17:12:46.705000,1638289355.0891278
11,12,4,12,Random,-9999,0adf8c8da601639c,1.3439998626708984,0.1530001163482666,1638292368.139,4,fearful,socks,disgust,fearful,socks,fearful,socks,disgust,fearful,socks,3013.049872159958,2021-11-30T17:12:48.139000,1638289355.0891278
25,24,7,24,Random,-9999,0adf8c8da601639c,2.3360002040863037,0.08599996566772461,1638292370.622,7,sunset,beside,dawn,sunset,beside,sunset,beside,dawn,sunset,beside,3015.532872200012,2021-11-30T17:12:50.622000,1638289355.0891278
24,19,27,27,Random,-9999,0adf8c8da601639c,1.5329999923706055,0.15600013732910156,1638292372.247,19,watermelon,dusk,sunset,dusk,watermelon,watermelon,dusk,sunset,dusk,watermelon,3017.157872200012,2021-11-30T17:12:52.247000,1638289355.0891278
24,5,16,5,Random,-9999,0adf8c8da601639c,2.857999801635742,0.08600020408630371,1638292375.264,16,above,lemon,sunset,above,lemon,above,lemon,sunset,above,lemon,3020.174872159958,2021-11-30T17:12:55.264000,1638289355.0891278
12,10,6,10,Random,-9999,0adf8c8da601639c,3.1640000343322754,0.15400004386901855,1638292378.579,6,angry,below,fearful,angry,below,angry,below,fearful,angry,below,3023.4898722171783,2021-11-30T17:12:58.579000,1638289355.0891278
29,4,26,26,Random,-9999,0adf8c8da601639c,1.3970000743865967,0.16199994087219238,1638292380.071,4,socks,day,noon,day,socks,socks,day,noon,day,socks,3024.981872320175,2021-11-30T17:13:00.071000,1638289355.0891278
24,19,4,19,Random,-9999,0adf8c8da601639c,3.2009999752044678,0.08699989318847656,1638292383.421,4,watermelon,socks,sunset,watermelon,socks,watermelon,socks,sunset,watermelon,socks,3028.3318722248077,2021-11-30T17:13:03.421000,1638289355.0891278
8,11,5,11,Random,-9999,0adf8c8da601639c,2.5329999923706055,0.1510000228881836,1638292386.112,5,disgust,above,far,disgust,above,disgust,above,far,disgust,above,3031.022872209549,2021-11-30T17:13:06.112000,1638289355.0891278
26,11,0,0,Random,-9999,16264d9174a16b23,36.043999910354614,0.16300010681152344,1638292386.737,11,disgust,dress,day,dress,disgust,disgust,dress,day,dress,disgust,3031.647872209549,2021-11-30T17:13:06.737000,1638289355.0891278
17,7,29,29,Random,-9999,0adf8c8da601639c,2.444999933242798,0.16100001335144043,1638292388.705,7,beside,noon,mango,noon,beside,beside,noon,mango,noon,beside,3033.615872144699,2021-11-30T17:13:08.705000,1638289355.0891278
19,11,13,13,Random,-9999,16264d9174a16b23,1.9910001754760742,0.1419999599456787,1638292388.888,11,disgust,happy,watermelon,happy,disgust,disgust,happy,watermelon,happy,disgust,3033.798872232437,2021-11-30T17:13:08.888000,1638289355.0891278
0,25,22,22,Random,-9999,0adf8c8da601639c,1.820000171661377,0.14499998092651367,1638292390.598,25,dawn,ocean,dress,ocean,dawn,dawn,ocean,dress,ocean,dawn,3035.508872270584,2021-11-30T17:13:10.598000,1638289355.0891278
8,13,9,9,Random,-9999,16264d9174a16b23,2.3450000286102295,0.14399981498718262,1638292391.364,13,happy,near,far,near,happy,happy,near,far,near,happy,3036.274872303009,2021-11-30T17:13:11.364000,1638289355.0891278
15,9,6,9,Random,-9999,0adf8c8da601639c,2.419999837875366,0.07500004768371582,1638292393.179,6,near,below,blueberry,near,below,near,below,blueberry,near,below,3038.089872121811,2021-11-30T17:13:13.179000,1638289355.0891278
22,23,26,23,Random,-9999,16264d9174a16b23,1.8819999694824219,0.15700006484985352,1638292393.621,26,sky,day,ocean,sky,day,sky,day,ocean,sky,day,3038.5318722724915,2021-11-30T17:13:13.621000,1638289355.0891278
7,12,24,12,Random,-9999,16264d9174a16b23,2.4130001068115234,0.2890000343322754,1638292396.11,24,fearful,sunset,beside,fearful,sunset,fearful,sunset,beside,fearful,sunset,3041.020872116089,2021-11-30T17:13:16.110000,1638289355.0891278
8,22,15,22,Random,-9999,0adf8c8da601639c,4.755000114440918,0.1679999828338623,1638292398.084,15,ocean,blueberry,far,ocean,blueberry,ocean,blueberry,far,ocean,blueberry,3042.9948723316193,2021-11-30T17:13:18.084000,1638289355.0891278
16,4,27,27,Random,-9999,16264d9174a16b23,3.0119998455047607,0.18400001525878906,1638292399.314,4,socks,dusk,lemon,dusk,socks,socks,dusk,lemon,dusk,socks,3044.224872112274,2021-11-30T17:13:19.314000,1638289355.0891278
23,16,7,7,Random,-9999,0adf8c8da601639c,3.9060001373291016,0.14899992942810059,1638292402.198,16,lemon,beside,sky,beside,lemon,lemon,beside,sky,beside,lemon,3047.1088721752167,2021-11-30T17:13:22.198000,1638289355.0891278
9,1,5,5,Random,-9999,16264d9174a16b23,3.372999906539917,0.16300010681152344,1638292402.842,1,pants,above,near,above,pants,pants,above,near,above,pants,3047.7528722286224,2021-11-30T17:13:22.842000,1638289355.0891278
16,3,8,3,Random,-9999,0adf8c8da601639c,2.7100000381469727,0.20299983024597168,1638292405.061,8,shoes,far,lemon,shoes,far,shoes,far,lemon,shoes,far,3049.971872329712,2021-11-30T17:13:25.061000,1638289355.0891278
25,11,18,18,Random,-9999,16264d9174a16b23,3.2889997959136963,0.14600014686584473,1638292406.267,11,disgust,strawberry,dawn,strawberry,disgust,disgust,strawberry,dawn,strawberry,disgust,3051.1778721809387,2021-11-30T17:13:26.267000,1638289355.0891278
13,22,26,22,Random,-9999,16264d9174a16b23,2.617000102996826,0.14100003242492676,1638292409.028,26,ocean,day,happy,ocean,day,ocean,day,happy,ocean,day,3053.9388723373413,2021-11-30T17:13:29.028000,1638289355.0891278
3,25,17,25,Random,-9999,0adf8c8da601639c,3.8530001640319824,0.16299986839294434,1638292409.077,17,dawn,mango,shoes,dawn,mango,dawn,mango,shoes,dawn,mango,3053.9878721237183,2021-11-30T17:13:29.077000,1638289355.0891278
20,29,1,29,Random,-9999,0adf8c8da601639c,1.9260001182556152,0.14399981498718262,1638292411.077,1,noon,pants,beach,noon,pants,noon,pants,beach,noon,pants,3055.9878721237183,2021-11-30T17:13:31.077000,1638289355.0891278
7,22,3,3,Random,-9999,16264d9174a16b23,2.3610000610351562,0.15899991989135742,1638292411.545,22,ocean,shoes,beside,shoes,ocean,ocean,shoes,beside,shoes,ocean,3056.455872297287,2021-11-30T17:13:31.545000,1638289355.0891278
28,18,13,13,Random,-9999,0adf8c8da601639c,2.494000196456909,0.0839998722076416,1638292413.731,18,strawberry,happy,night,happy,strawberry,strawberry,happy,night,happy,strawberry,3058.6418721675873,2021-11-30T17:13:33.731000,1638289355.0891278
9,23,11,11,Random,-9999,16264d9174a16b23,3.3469998836517334,0.16000008583068848,1638292415.062,23,sky,disgust,near,disgust,sky,sky,disgust,near,disgust,sky,3059.9728722572327,2021-11-30T17:13:35.062000,1638289355.0891278
10,21,23,21,Random,-9999,0adf8c8da601639c,2.251000165939331,0.22899985313415527,1638292416.216,23,field,sky,angry,field,sky,field,sky,angry,field,sky,3061.1268723011017,2021-11-30T17:13:36.216000,1638289355.0891278
20,2,22,22,Random,-9999,16264d9174a16b23,1.8559999465942383,0.1530001163482666,1638292417.024,2,shirt,ocean,beach,ocean,shirt,shirt,ocean,beach,ocean,shirt,3061.934872150421,2021-11-30T17:13:37.024000,1638289355.0891278
27,25,1,25,Random,-9999,0adf8c8da601639c,1.5959999561309814,0.14700007438659668,1638292420.037,1,dawn,pants,dusk,dawn,pants,dawn,pants,dusk,dawn,pants,3064.9478721618652,2021-11-30T17:13:40.037000,1638289355.0891278
19,8,16,16,Random,-9999,0adf8c8da601639c,1.2850000858306885,0.14299988746643066,1638292421.461,8,far,lemon,watermelon,lemon,far,far,lemon,watermelon,lemon,far,3066.3718721866608,2021-11-30T17:13:41.461000,1638289355.0891278
8,0,26,26,Random,-9999,16264d9174a16b23,4.291999816894531,0.1770000457763672,1638292421.54,0,dress,day,far,day,dress,dress,day,far,day,dress,3066.450872182846,2021-11-30T17:13:41.540000,1638289355.0891278
19,7,22,22,Random,-9999,0adf8c8da601639c,1.746000051498413,0.07599997520446777,1638292423.288,7,beside,ocean,watermelon,ocean,beside,beside,ocean,watermelon,ocean,beside,3068.1988723278046,2021-11-30T17:13:43.288000,1638289355.0891278
24,13,18,13,Random,-9999,16264d9174a16b23,2.871000051498413,0.16499996185302734,1638292424.573,18,happy,strawberry,sunset,happy,strawberry,happy,strawberry,sunset,happy,strawberry,3069.4838721752167,2021-11-30T17:13:44.573000,1638289355.0891278
17,15,14,15,Random,-9999,0adf8c8da601639c,1.6550002098083496,0.08099985122680664,1638292425.023,14,blueberry,sad,mango,blueberry,sad,blueberry,sad,mango,blueberry,sad,3069.9338722229004,2021-11-30T17:13:45.023000,1638289355.0891278
20,8,24,24,Random,-9999,16264d9174a16b23,1.680999994277954,0.16000008583068848,1638292426.351,8,far,sunset,beach,sunset,far,far,sunset,beach,sunset,far,3071.261872291565,2021-11-30T17:13:46.351000,1638289355.0891278
28,9,26,26,Random,-9999,0adf8c8da601639c,1.4760000705718994,0.07999992370605469,1638292426.578,9,near,day,night,day,near,near,day,night,day,near,3071.4888722896576,2021-11-30T17:13:46.578000,1638289355.0891278
28,23,7,23,Random,-9999,16264d9174a16b23,1.9469997882843018,0.09100008010864258,1638292428.491,7,sky,beside,night,sky,beside,sky,beside,night,sky,beside,3073.4018721580505,2021-11-30T17:13:48.491000,1638289355.0891278
13,6,1,6,Random,-9999,0adf8c8da601639c,2.3400001525878906,0.07799983024597168,1638292429.057,1,below,pants,happy,below,pants,below,pants,happy,below,pants,3073.9678721427917,2021-11-30T17:13:49.057000,1638289355.0891278
18,24,16,16,Random,-9999,0adf8c8da601639c,1.371000051498413,0.14499998092651367,1638292430.512,24,sunset,lemon,strawberry,lemon,sunset,sunset,lemon,strawberry,lemon,sunset,3075.4228723049164,2021-11-30T17:13:50.512000,1638289355.0891278
1,8,4,4,Random,-9999,16264d9174a16b23,2.069000005722046,0.19800019264221191,1638292430.806,8,far,socks,pants,socks,far,far,socks,pants,socks,far,3075.716872215271,2021-11-30T17:13:50.806000,1638289355.0891278
24,16,15,16,Random,-9999,16264d9174a16b23,3.4050002098083496,0.38499999046325684,1638292434.508,15,lemon,blueberry,sunset,lemon,blueberry,lemon,blueberry,sunset,lemon,blueberry,3079.418872117996,2021-11-30T17:13:54.508000,1638289355.0891278
12,19,29,29,Random,-9999,0adf8c8da601639c,4.730999946594238,0.16199994087219238,1638292437.585,19,watermelon,noon,fearful,noon,watermelon,watermelon,noon,fearful,noon,watermelon,3082.49587225914,2021-11-30T17:13:57.585000,1638289355.0891278
21,1,3,3,Random,-9999,16264d9174a16b23,4.619000196456909,0.1509997844696045,1638292439.29,1,pants,shoes,field,shoes,pants,pants,shoes,field,shoes,pants,3084.200872182846,2021-11-30T17:13:59.290000,1638289355.0891278
7,26,19,26,Random,-9999,0adf8c8da601639c,2.560999870300293,0.15400004386901855,1638292440.309,19,day,watermelon,beside,day,watermelon,day,watermelon,beside,day,watermelon,3085.219872236252,2021-11-30T17:14:00.309000,1638289355.0891278
3,17,24,24,Random,-9999,16264d9174a16b23,2.7149999141693115,0.15900015830993652,1638292442.257,17,mango,sunset,shoes,sunset,mango,mango,sunset,shoes,sunset,mango,3087.1678721904755,2021-11-30T17:14:02.257000,1638289355.0891278
21,10,6,6,Random,-9999,16264d9174a16b23,3.069000005722046,0.32200002670288086,1638292445.531,10,angry,below,field,below,angry,angry,below,field,below,angry,3090.4418721199036,2021-11-30T17:14:05.531000,1638289355.0891278
8,12,11,12,Random,-9999,0adf8c8da601639c,5.578999996185303,0.14400005340576172,1638292446.03,11,fearful,disgust,far,fearful,disgust,fearful,disgust,far,fearful,disgust,3090.940872192383,2021-11-30T17:14:06.030000,1638289355.0891278
19,18,7,18,Random,-9999,0adf8c8da601639c,1.24399995803833,0.16100001335144043,1638292447.362,7,strawberry,beside,watermelon,strawberry,beside,strawberry,beside,watermelon,strawberry,beside,3092.272872209549,2021-11-30T17:14:07.362000,1638289355.0891278
13,8,25,25,Random,-9999,16264d9174a16b23,2.428999900817871,0.14700007438659668,1638292448.122,8,far,dawn,happy,dawn,far,far,dawn,happy,dawn,far,3093.032872200012,2021-11-30T17:14:08.122000,1638289355.0891278
16,18,13,13,Random,-9999,16264d9174a16b23,2.555999994277954,0.15199995040893555,1638292450.825,18,strawberry,happy,lemon,happy,strawberry,strawberry,happy,lemon,happy,strawberry,3095.7358722686768,2021-11-30T17:14:10.825000,1638289355.0891278
21,5,20,20,Random,-9999,0adf8c8da601639c,3.4059998989105225,0.09000015258789062,1638292450.928,5,above,beach,field,beach,above,above,beach,field,beach,above,3095.83887219429,2021-11-30T17:14:10.928000,1638289355.0891278
23,17,7,7,Random,-9999,0adf8c8da601639c,1.621000051498413,0.14899992942810059,1638292452.623,17,mango,beside,sky,beside,mango,mango,beside,sky,beside,mango,3097.533872127533,2021-11-30T17:14:12.623000,1638289355.0891278
25,8,27,27,Random,-9999,16264d9174a16b23,2.740000009536743,0.15700006484985352,1638292453.794,8,far,dusk,dawn,dusk,far,far,dusk,dawn,dusk,far,3098.7048721313477,2021-11-30T17:14:13.794000,1638289355.0891278
1,14,3,3,Random,-9999,16264d9174a16b23,2.245000123977661,0.2869999408721924,1638292456.257,14,sad,shoes,pants,shoes,sad,sad,shoes,pants,shoes,sad,3101.1678721904755,2021-11-30T17:14:16.257000,1638289355.0891278
17,7,3,7,Random,-9999,0adf8c8da601639c,2.2960000038146973,0.1700000762939453,1638292457.202,3,beside,shoes,mango,beside,shoes,beside,shoes,mango,beside,shoes,3102.1128721237183,2021-11-30T17:14:17.202000,1638289355.0891278
17,3,4,4,Random,-9999,16264d9174a16b23,2.574000120162964,0.15599989891052246,1638292458.971,3,shoes,socks,mango,socks,shoes,shoes,socks,mango,socks,shoes,3103.881872177124,2021-11-30T17:14:18.971000,1638289355.0891278
20,12,16,16,Random,-9999,0adf8c8da601639c,3.4200000762939453,0.14299988746643066,1638292460.785,12,fearful,lemon,beach,lemon,fearful,fearful,lemon,beach,lemon,fearful,3105.6958723068237,2021-11-30T17:14:20.785000,1638289355.0891278
4,7,28,7,Random,-9999,16264d9174a16b23,3.2150001525878906,0.15399980545043945,1638292462.35,28,beside,night,socks,beside,night,beside,night,socks,beside,night,3107.2608721256256,2021-11-30T17:14:22.350000,1638289355.0891278
8,17,18,17,Random,-9999,0adf8c8da601639c,2.5420000553131104,0.13899993896484375,1638292463.477,18,mango,strawberry,far,mango,strawberry,mango,strawberry,far,mango,strawberry,3108.3878722190857,2021-11-30T17:14:23.477000,1638289355.0891278
26,17,13,13,Random,-9999,16264d9174a16b23,2.4579999446868896,0.14100003242492676,1638292464.943,17,mango,happy,day,happy,mango,mango,happy,day,happy,mango,3109.8538722991943,2021-11-30T17:14:24.943000,1638289355.0891278
11,27,24,27,Random,-9999,0adf8c8da601639c,2.2150001525878906,0.16199994087219238,1638292465.83,24,dusk,sunset,disgust,dusk,sunset,dusk,sunset,disgust,dusk,sunset,3110.740872144699,2021-11-30T17:14:25.830000,1638289355.0891278
15,0,14,0,Random,-9999,0adf8c8da601639c,1.9249999523162842,0.14299988746643066,1638292467.833,14,dress,sad,blueberry,dress,sad,dress,sad,blueberry,dress,sad,3112.74387216568,2021-11-30T17:14:27.833000,1638289355.0891278
9,2,23,23,Random,-9999,16264d9174a16b23,3.1999998092651367,0.15400004386901855,1638292468.315,2,shirt,sky,near,sky,shirt,shirt,sky,near,sky,shirt,3113.2258722782135,2021-11-30T17:14:28.315000,1638289355.0891278
27,25,0,25,Random,-9999,0adf8c8da601639c,2.244000196456909,0.07599997520446777,1638292470.227,0,dawn,dress,dusk,dawn,dress,dawn,dress,dusk,dawn,dress,3115.1378722190857,2021-11-30T17:14:30.227000,1638289355.0891278
0,29,16,29,Random,-9999,16264d9174a16b23,2.7880001068115234,0.16700005531311035,1638292471.265,16,noon,lemon,dress,noon,lemon,noon,lemon,dress,noon,lemon,3116.175872325897,2021-11-30T17:14:31.265000,1638289355.0891278
16,20,8,20,Random,-9999,0adf8c8da601639c,2.2909998893737793,0.15199995040893555,1638292472.663,8,beach,far,lemon,beach,far,beach,far,lemon,beach,far,3117.5738723278046,2021-11-30T17:14:32.663000,1638289355.0891278
3,7,29,29,Random,-9999,16264d9174a16b23,2.63700008392334,0.14299988746643066,1638292474.08,7,beside,noon,shoes,noon,beside,beside,noon,shoes,noon,beside,3118.990872144699,2021-11-30T17:14:34.080000,1638289355.0891278
12,1,14,14,Random,-9999,0adf8c8da601639c,1.6700000762939453,0.14499998092651367,1638292474.417,1,pants,sad,fearful,sad,pants,pants,sad,fearful,sad,pants,3119.327872276306,2021-11-30T17:14:34.417000,1638289355.0891278
25,18,9,9,Random,-9999,0adf8c8da601639c,1.8299999237060547,0.08100008964538574,1638292476.322,18,strawberry,near,dawn,near,strawberry,strawberry,near,dawn,near,strawberry,3121.232872247696,2021-11-30T17:14:36.322000,1638289355.0891278
26,28,14,28,Random,-9999,16264d9174a16b23,2.5889999866485596,0.19099998474121094,1638292476.813,14,night,sad,day,night,sad,night,sad,day,night,sad,3121.7238721847534,2021-11-30T17:14:36.813000,1638289355.0891278
22,7,28,28,Random,-9999,16264d9174a16b23,1.5299999713897705,0.14400005340576172,1638292478.55,7,beside,night,ocean,night,beside,beside,night,ocean,night,beside,3123.4608721733093,2021-11-30T17:14:38.550000,1638289355.0891278
25,19,12,12,Random,-9999,0adf8c8da601639c,2.190999984741211,0.07599997520446777,1638292478.656,19,watermelon,fearful,dawn,fearful,watermelon,watermelon,fearful,dawn,fearful,watermelon,3123.5668721199036,2021-11-30T17:14:38.656000,1638289355.0891278
12,0,19,19,Random,-9999,16264d9174a16b23,2.129999876022339,0.2720000743865967,1638292480.993,0,dress,watermelon,fearful,watermelon,dress,dress,watermelon,fearful,watermelon,dress,3125.9038722515106,2021-11-30T17:14:40.993000,1638289355.0891278
25,11,20,20,Random,-9999,0adf8c8da601639c,3.3299999237060547,0.14800000190734863,1638292482.18,11,disgust,beach,dawn,beach,disgust,disgust,beach,dawn,beach,disgust,3127.0908722877502,2021-11-30T17:14:42.180000,1638289355.0891278
20,24,11,24,Random,-9999,16264d9174a16b23,1.4879999160766602,0.26600003242492676,1638292482.588,11,sunset,disgust,beach,sunset,disgust,sunset,disgust,beach,sunset,disgust,3127.498872280121,2021-11-30T17:14:42.588000,1638289355.0891278
2,1,16,1,Random,-9999,0adf8c8da601639c,1.3389999866485596,0.18700003623962402,1638292483.607,16,pants,lemon,shirt,pants,lemon,pants,lemon,shirt,pants,lemon,3128.5178723335266,2021-11-30T17:14:43.607000,1638289355.0891278
9,29,13,29,Random,-9999,0adf8c8da601639c,1.6319999694824219,0.08500003814697266,1638292485.323,13,noon,happy,near,noon,happy,noon,happy,near,noon,happy,3130.2338721752167,2021-11-30T17:14:45.323000,1638289355.0891278
12,11,8,11,Random,-9999,0adf8c8da601639c,1.4119999408721924,0.08300018310546875,1638292486.817,8,disgust,far,fearful,disgust,far,disgust,far,fearful,disgust,far,3131.727872133255,2021-11-30T17:14:46.817000,1638289355.0891278
10,13,3,13,Random,-9999,0adf8c8da601639c,1.6159999370574951,0.0820000171661377,1638292488.514,3,happy,shoes,angry,happy,shoes,happy,shoes,angry,happy,shoes,3133.424872159958,2021-11-30T17:14:48.514000,1638289355.0891278
24,17,22,22,Random,-9999,0adf8c8da601639c,1.3199999332427979,0.08299994468688965,1638292489.924,17,mango,ocean,sunset,ocean,mango,mango,ocean,sunset,ocean,mango,3134.8348722457886,2021-11-30T17:14:49.924000,1638289355.0891278
9,10,17,10,Random,-9999,0adf8c8da601639c,4.079999923706055,0.0840001106262207,1638292494.154,17,angry,mango,near,angry,mango,angry,mango,near,angry,mango,3139.064872264862,2021-11-30T17:14:54.154000,1638289355.0891278
21,10,2,10,Random,-9999,0adf8c8da601639c,1.818000078201294,0.16899991035461426,1638292498.29,2,angry,shirt,field,angry,shirt,angry,shirt,field,angry,shirt,3143.200872182846,2021-11-30T17:14:58.290000,1638289355.0891278
2,22,4,4,Random,-9999,0adf8c8da601639c,1.4459998607635498,0.13100004196166992,1638292499.876,22,ocean,socks,shirt,socks,ocean,ocean,socks,shirt,socks,ocean,3144.786872148514,2021-11-30T17:14:59.876000,1638289355.0891278
26,10,3,3,Random,-9999,0adf8c8da601639c,2.880000114440918,0.07899999618530273,1638292502.909,10,angry,shoes,day,shoes,angry,angry,shoes,day,shoes,angry,3147.8198721408844,2021-11-30T17:15:02.909000,1638289355.0891278
7,2,16,16,Random,-9999,16264d9174a16b23,25.667999982833862,0.09400010108947754,1638292508.434,2,shirt,lemon,beside,lemon,shirt,shirt,lemon,beside,lemon,shirt,3153.344872236252,2021-11-30T17:15:08.434000,1638289355.0891278
1,22,18,22,Random,-9999,0adf8c8da601639c,8.77899980545044,0.15000009536743164,1638292511.819,18,ocean,strawberry,pants,ocean,strawberry,ocean,strawberry,pants,ocean,strawberry,3156.729872226715,2021-11-30T17:15:11.819000,1638289355.0891278
16,29,2,29,Random,-9999,0adf8c8da601639c,2.878999948501587,0.13400006294250488,1638292514.831,2,noon,shirt,lemon,noon,shirt,noon,shirt,lemon,noon,shirt,3159.7418723106384,2021-11-30T17:15:14.831000,1638289355.0891278
21,24,26,26,Random,-9999,0adf8c8da601639c,1.7339999675750732,0.15600013732910156,1638292516.66,24,sunset,day,field,day,sunset,sunset,day,field,day,sunset,3161.5708723068237,2021-11-30T17:15:16.660000,1638289355.0891278
7,3,8,8,Random,-9999,0adf8c8da601639c,2.0379998683929443,0.15199995040893555,1638292520.991,3,shoes,far,beside,far,shoes,shoes,far,beside,far,shoes,3165.9018721580505,2021-11-30T17:15:20.991000,1638289355.0891278
5,27,6,6,Random,-9999,0adf8c8da601639c,1.7749998569488525,0.16300010681152344,1638292522.863,27,dusk,below,above,below,dusk,dusk,below,above,below,dusk,3167.7738721370697,2021-11-30T17:15:22.863000,1638289355.0891278
2,7,27,7,Random,-9999,0adf8c8da601639c,2.9059998989105225,0.09400010108947754,1638292525.933,27,beside,dusk,shirt,beside,dusk,beside,dusk,shirt,beside,dusk,3170.843872308731,2021-11-30T17:15:25.933000,1638289355.0891278
1,10,3,3,Random,-9999,0adf8c8da601639c,1.5479998588562012,0.16500020027160645,1638292527.581,10,angry,shoes,pants,shoes,angry,angry,shoes,pants,shoes,angry,3172.4918723106384,2021-11-30T17:15:27.581000,1638289355.0891278
12,25,29,29,Random,-9999,0adf8c8da601639c,3.0420000553131104,0.08899998664855957,1638292530.771,25,dawn,noon,fearful,noon,dawn,dawn,noon,fearful,noon,dawn,3175.6818721294403,2021-11-30T17:15:30.771000,1638289355.0891278
5,4,6,6,Random,-9999,0adf8c8da601639c,1.6519999504089355,0.16000008583068848,1638292532.514,4,socks,below,above,below,socks,socks,below,above,below,socks,3177.424872159958,2021-11-30T17:15:32.514000,1638289355.0891278
24,7,23,23,Random,-9999,0adf8c8da601639c,1.4119999408721924,0.18400001525878906,1638292536.15,7,beside,sky,sunset,sky,beside,beside,sky,sunset,sky,beside,3181.0608723163605,2021-11-30T17:15:36.150000,1638289355.0891278
20,28,18,28,Random,-9999,16264d9174a16b23,28.418999910354614,0.20399999618530273,1638292537.049,18,night,strawberry,beach,night,strawberry,night,strawberry,beach,night,strawberry,3181.9598722457886,2021-11-30T17:15:37.049000,1638289355.0891278
20,22,13,22,Random,-9999,0adf8c8da601639c,1.5759999752044678,0.14400005340576172,1638292537.874,13,ocean,happy,beach,ocean,happy,ocean,happy,beach,ocean,happy,3182.7848722934723,2021-11-30T17:15:37.874000,1638289355.0891278
27,20,18,20,Random,-9999,0adf8c8da601639c,2.5289998054504395,0.0820000171661377,1638292540.543,18,beach,strawberry,dusk,beach,strawberry,beach,strawberry,dusk,beach,strawberry,3185.453872203827,2021-11-30T17:15:40.543000,1638289355.0891278
28,27,11,27,Random,-9999,0adf8c8da601639c,1.4040000438690186,0.14700007438659668,1638292542.035,11,dusk,disgust,night,dusk,disgust,dusk,disgust,night,dusk,disgust,3186.9458723068237,2021-11-30T17:15:42.035000,1638289355.0891278
9,16,21,21,Random,-9999,16264d9174a16b23,6.109999895095825,0.17100000381469727,1638292543.307,16,lemon,field,near,field,lemon,lemon,field,near,field,lemon,3188.2178721427917,2021-11-30T17:15:43.307000,1638289355.0891278
13,28,12,28,Random,-9999,0adf8c8da601639c,1.6690001487731934,0.08299994468688965,1638292543.787,12,night,fearful,happy,night,fearful,night,fearful,happy,night,fearful,3188.6978721618652,2021-11-30T17:15:43.787000,1638289355.0891278
28,13,22,13,Random,-9999,0adf8c8da601639c,1.4500000476837158,0.0839998722076416,1638292545.32,22,happy,ocean,night,happy,ocean,happy,ocean,night,happy,ocean,3190.230872154236,2021-11-30T17:15:45.320000,1638289355.0891278
24,18,22,22,Random,-9999,0adf8c8da601639c,3.2910001277923584,0.08299994468688965,1638292548.774,18,strawberry,ocean,sunset,ocean,strawberry,strawberry,ocean,sunset,ocean,strawberry,3193.684872150421,2021-11-30T17:15:48.774000,1638289355.0891278
3,1,15,1,Random,-9999,16264d9174a16b23,6.897000074386597,0.14100003242492676,1638292550.359,15,pants,blueberry,shoes,pants,blueberry,pants,blueberry,shoes,pants,blueberry,3195.269872188568,2021-11-30T17:15:50.359000,1638289355.0891278
23,29,7,29,Random,-9999,0adf8c8da601639c,2.8329999446868896,0.1399998664855957,1638292551.721,7,noon,beside,sky,noon,beside,noon,beside,sky,noon,beside,3196.631872177124,2021-11-30T17:15:51.721000,1638289355.0891278
2,14,0,0,Random,-9999,16264d9174a16b23,2.3359999656677246,0.19000005722045898,1638292552.93,14,sad,dress,shirt,dress,sad,sad,dress,shirt,dress,sad,3197.8408722877502,2021-11-30T17:15:52.930000,1638289355.0891278
23,17,28,28,Random,-9999,0adf8c8da601639c,1.6160001754760742,0.14100003242492676,1638292553.423,17,mango,night,sky,night,mango,mango,night,sky,night,mango,3198.333872318268,2021-11-30T17:15:53.423000,1638289355.0891278
14,21,20,21,Random,-9999,0adf8c8da601639c,2.365000009536743,0.08299994468688965,1638292555.946,20,field,beach,sad,field,beach,field,beach,sad,field,beach,3200.856872320175,2021-11-30T17:15:55.946000,1638289355.0891278
16,9,22,22,Random,-9999,0adf8c8da601639c,2.441999912261963,0.17100000381469727,1638292558.548,9,near,ocean,lemon,ocean,near,near,ocean,lemon,ocean,near,3203.458872318268,2021-11-30T17:15:58.548000,1638289355.0891278
16,0,27,0,Random,-9999,0adf8c8da601639c,2.447000026702881,0.1359999179840088,1638292561.13,27,dress,dusk,lemon,dress,dusk,dress,dusk,lemon,dress,dusk,3206.040872335434,2021-11-30T17:16:01.130000,1638289355.0891278
19,8,12,8,Random,-9999,16264d9174a16b23,9.404000043869019,0.20399999618530273,1638292562.509,12,far,fearful,watermelon,far,fearful,far,fearful,watermelon,far,fearful,3207.4198722839355,2021-11-30T17:16:02.509000,1638289355.0891278
19,29,24,29,Random,-9999,0adf8c8da601639c,2.4820001125335693,0.1640000343322754,1638292563.795,24,noon,sunset,watermelon,noon,sunset,noon,sunset,watermelon,noon,sunset,3208.705872297287,2021-11-30T17:16:03.795000,1638289355.0891278
17,3,20,3,Random,-9999,16264d9174a16b23,3.742000102996826,0.2049999237060547,1638292566.439,20,shoes,beach,mango,shoes,beach,shoes,beach,mango,shoes,beach,3211.349872112274,2021-11-30T17:16:06.439000,1638289355.0891278
15,1,18,18,Random,-9999,0adf8c8da601639c,4.328000068664551,0.15199995040893555,1638292568.272,1,pants,strawberry,blueberry,strawberry,pants,pants,strawberry,blueberry,strawberry,pants,3213.1828722953796,2021-11-30T17:16:08.272000,1638289355.0891278
15,26,7,26,Random,-9999,16264d9174a16b23,1.7980000972747803,0.17799997329711914,1638292568.348,7,day,beside,blueberry,day,beside,day,beside,blueberry,day,beside,3213.258872270584,2021-11-30T17:16:08.348000,1638289355.0891278
14,1,11,11,Random,-9999,0adf8c8da601639c,1.5520000457763672,0.1510000228881836,1638292569.901,1,pants,disgust,sad,disgust,pants,pants,disgust,sad,disgust,pants,3214.811872243881,2021-11-30T17:16:09.901000,1638289355.0891278
14,29,10,10,Random,-9999,0adf8c8da601639c,1.366999864578247,0.08899998664855957,1638292571.356,29,noon,angry,sad,angry,noon,noon,angry,sad,angry,noon,3216.2668721675873,2021-11-30T17:16:11.356000,1638289355.0891278
1,22,17,22,Random,-9999,16264d9174a16b23,3.7190001010894775,0.07299995422363281,1638292572.213,17,ocean,mango,pants,ocean,mango,ocean,mango,pants,ocean,mango,3217.123872280121,2021-11-30T17:16:12.213000,1638289355.0891278
6,18,2,2,Random,-9999,0adf8c8da601639c,2.9119999408721924,0.08800005912780762,1638292574.419,18,strawberry,shirt,below,shirt,strawberry,strawberry,shirt,below,shirt,strawberry,3219.3298721313477,2021-11-30T17:16:14.419000,1638289355.0891278
16,5,9,9,Random,-9999,16264d9174a16b23,3.114000082015991,0.1549999713897705,1638292575.489,5,above,near,lemon,near,above,above,near,lemon,near,above,3220.399872303009,2021-11-30T17:16:15.489000,1638289355.0891278
6,29,21,21,Random,-9999,0adf8c8da601639c,2.0799999237060547,0.14499998092651367,1638292576.639,29,noon,field,below,field,noon,noon,field,below,field,noon,3221.549872159958,2021-11-30T17:16:16.639000,1638289355.0891278
20,7,21,21,Random,-9999,16264d9174a16b23,2.8320000171661377,0.1679999828338623,1638292578.467,7,beside,field,beach,field,beside,beside,field,beach,field,beside,3223.3778722286224,2021-11-30T17:16:18.467000,1638289355.0891278
2,17,22,22,Random,-9999,0adf8c8da601639c,2.240999937057495,0.1490001678466797,1638292579.041,17,mango,ocean,shirt,ocean,mango,mango,ocean,shirt,ocean,mango,3223.951872110367,2021-11-30T17:16:19.041000,1638289355.0891278
14,17,27,27,Random,-9999,0adf8c8da601639c,1.8400001525878906,0.15599989891052246,1638292580.967,17,mango,dusk,sad,dusk,mango,mango,dusk,sad,dusk,mango,3225.8778722286224,2021-11-30T17:16:20.967000,1638289355.0891278
5,21,11,21,Random,-9999,16264d9174a16b23,2.6740000247955322,0.14999985694885254,1638292581.308,11,field,disgust,above,field,disgust,field,disgust,above,field,disgust,3226.218872308731,2021-11-30T17:16:21.308000,1638289355.0891278
10,5,28,28,Random,-9999,16264d9174a16b23,3.1669998168945312,0.17400002479553223,1638292584.648,5,above,night,angry,night,above,above,night,angry,night,above,3229.5588722229004,2021-11-30T17:16:24.648000,1638289355.0891278
29,25,5,5,Random,-9999,0adf8c8da601639c,5.359999895095825,0.08299994468688965,1638292586.471,25,dawn,above,noon,above,dawn,dawn,above,noon,above,dawn,3231.381872177124,2021-11-30T17:16:26.471000,1638289355.0891278
22,12,15,15,Random,-9999,16264d9174a16b23,3.7129998207092285,0.17200016975402832,1638292588.518,12,fearful,blueberry,ocean,blueberry,fearful,fearful,blueberry,ocean,blueberry,fearful,3233.4288721084595,2021-11-30T17:16:28.518000,1638289355.0891278
11,23,9,9,Random,-9999,0adf8c8da601639c,2.8470001220703125,0.1510000228881836,1638292589.472,23,sky,near,disgust,near,sky,sky,near,disgust,near,sky,3234.382872104645,2021-11-30T17:16:29.472000,1638289355.0891278
1,18,7,7,Random,-9999,0adf8c8da601639c,1.6619999408721924,0.15199995040893555,1638292591.223,18,strawberry,beside,pants,beside,strawberry,strawberry,beside,pants,beside,strawberry,3236.133872270584,2021-11-30T17:16:31.223000,1638289355.0891278
29,3,8,3,Random,-9999,0adf8c8da601639c,3.5379998683929443,0.08500003814697266,1638292594.913,8,shoes,far,noon,shoes,far,shoes,far,noon,shoes,far,3239.8238723278046,2021-11-30T17:16:34.913000,1638289355.0891278
6,28,22,22,Random,-9999,16264d9174a16b23,8.337000131607056,0.1510000228881836,1638292597.014,28,night,ocean,below,ocean,night,night,ocean,below,ocean,night,3241.924872159958,2021-11-30T17:16:37.014000,1638289355.0891278
7,11,12,11,Random,-9999,0adf8c8da601639c,3.642000198364258,0.14899992942810059,1638292598.691,12,disgust,fearful,beside,disgust,fearful,disgust,fearful,beside,disgust,fearful,3243.6018722057343,2021-11-30T17:16:38.691000,1638289355.0891278
16,15,7,15,Random,-9999,16264d9174a16b23,1.8280000686645508,0.1659998893737793,1638292598.965,7,blueberry,beside,lemon,blueberry,beside,blueberry,beside,lemon,blueberry,beside,3243.8758721351624,2021-11-30T17:16:38.965000,1638289355.0891278
6,13,24,13,Random,-9999,0adf8c8da601639c,2.61299991607666,0.13299989700317383,1638292601.456,24,happy,sunset,below,happy,sunset,happy,sunset,below,happy,sunset,3246.3668723106384,2021-11-30T17:16:41.456000,1638289355.0891278
26,14,25,25,Random,-9999,0adf8c8da601639c,1.371000051498413,0.14600014686584473,1638292602.893,14,sad,dawn,day,dawn,sad,sad,dawn,day,dawn,sad,3247.8038721084595,2021-11-30T17:16:42.893000,1638289355.0891278
28,12,9,9,Random,-9999,16264d9174a16b23,4.813999891281128,0.09800004959106445,1638292603.908,12,fearful,near,night,near,fearful,fearful,near,night,near,fearful,3248.8188722133636,2021-11-30T17:16:43.908000,1638289355.0891278
3,29,11,29,Random,-9999,ef083c79c13402d2,4.574000120162964,0.25499987602233887,1638292605.199,11,noon,disgust,shoes,noon,disgust,noon,disgust,shoes,noon,disgust,3250.1098721027374,2021-11-30T17:16:45.199000,1638289355.0891278
4,11,17,17,Random,-9999,0adf8c8da601639c,3.25,0.08599996566772461,1638292606.294,11,disgust,mango,socks,mango,disgust,disgust,mango,socks,mango,disgust,3251.2048721313477,2021-11-30T17:16:46.294000,1638289355.0891278
14,0,20,0,Random,-9999,16264d9174a16b23,3.5810000896453857,0.16899991035461426,1638292607.716,20,dress,beach,sad,dress,beach,dress,beach,sad,dress,beach,3252.6268723011017,2021-11-30T17:16:47.716000,1638289355.0891278
1,13,18,13,Random,-9999,ef083c79c13402d2,2.7170000076293945,0.3710000514984131,1638292608.111,18,happy,strawberry,pants,happy,strawberry,happy,strawberry,pants,happy,strawberry,3253.021872282028,2021-11-30T17:16:48.111000,1638289355.0891278
24,18,8,18,Random,-9999,0adf8c8da601639c,2.1510000228881836,0.1399998664855957,1638292608.592,8,strawberry,far,sunset,strawberry,far,strawberry,far,sunset,strawberry,far,3253.5028722286224,2021-11-30T17:16:48.592000,1638289355.0891278
11,29,7,29,Random,-9999,ef083c79c13402d2,2.555999994277954,0.3689999580383301,1638292611.079,7,noon,beside,disgust,noon,beside,noon,beside,disgust,noon,beside,3255.9898722171783,2021-11-30T17:16:51.079000,1638289355.0891278
29,1,17,1,Random,-9999,0adf8c8da601639c,2.5989999771118164,0.1549999713897705,1638292611.335,17,pants,mango,noon,pants,mango,pants,mango,noon,pants,mango,3256.24587225914,2021-11-30T17:16:51.335000,1638289355.0891278
29,3,21,21,Random,-9999,16264d9174a16b23,4.415999889373779,0.19700002670288086,1638292612.389,3,shoes,field,noon,field,shoes,shoes,field,noon,field,shoes,3257.299872159958,2021-11-30T17:16:52.389000,1638289355.0891278
17,10,15,10,Random,-9999,ef083c79c13402d2,1.7369999885559082,0.4100000858306885,1638292613.064,15,angry,blueberry,mango,angry,blueberry,angry,blueberry,mango,angry,blueberry,3257.974872112274,2021-11-30T17:16:53.064000,1638289355.0891278
25,9,28,9,Random,-9999,0adf8c8da601639c,2.252999782562256,0.13000011444091797,1638292613.719,28,near,night,dawn,near,night,near,night,dawn,near,night,3258.6298723220825,2021-11-30T17:16:53.719000,1638289355.0891278
20,11,14,14,Random,-9999,ef083c79c13402d2,2.5830001831054688,0.19999980926513672,1638292615.991,11,disgust,sad,beach,sad,disgust,disgust,sad,beach,sad,disgust,3260.9018721580505,2021-11-30T17:16:55.991000,1638289355.0891278
18,25,1,25,Random,-9999,16264d9174a16b23,4.444000005722046,0.3530001640319824,1638292617.071,1,dawn,pants,strawberry,dawn,pants,dawn,pants,strawberry,dawn,pants,3261.981872320175,2021-11-30T17:16:57.071000,1638289355.0891278
22,25,29,29,Random,-9999,0adf8c8da601639c,3.692999839782715,0.15900015830993652,1638292617.583,25,dawn,noon,ocean,noon,dawn,dawn,noon,ocean,noon,dawn,3262.49387216568,2021-11-30T17:16:57.583000,1638289355.0891278
1,15,19,19,Random,-9999,ef083c79c13402d2,2.607999801635742,0.38900017738342285,1638292618.98,15,blueberry,watermelon,pants,watermelon,blueberry,blueberry,watermelon,pants,watermelon,blueberry,3263.8908722400665,2021-11-30T17:16:58.980000,1638289355.0891278
22,14,6,6,Random,-9999,0adf8c8da601639c,1.6340000629425049,0.14700007438659668,1638292619.288,14,sad,below,ocean,below,sad,sad,below,ocean,below,sad,3264.1988723278046,2021-11-30T17:16:59.288000,1638289355.0891278
21,1,20,20,Random,-9999,16264d9174a16b23,2.9090001583099365,0.14699983596801758,1638292620.144,1,pants,beach,field,beach,pants,pants,beach,field,beach,pants,3265.054872274399,2021-11-30T17:17:00.144000,1638289355.0891278
15,10,18,10,Random,-9999,ef083c79c13402d2,2.0959999561309814,0.26000022888183594,1638292621.325,18,angry,strawberry,blueberry,angry,strawberry,angry,strawberry,blueberry,angry,strawberry,3266.2358722686768,2021-11-30T17:17:01.325000,1638289355.0891278
28,6,15,15,Random,-9999,ef083c79c13402d2,2.9590001106262207,0.36099982261657715,1638292624.7,6,below,blueberry,night,blueberry,below,below,blueberry,night,blueberry,below,3269.6108722686768,2021-11-30T17:17:04.700000,1638289355.0891278
14,5,11,11,Random,-9999,0adf8c8da601639c,6.306999921798706,0.08699989318847656,1638292625.751,5,above,disgust,sad,disgust,above,above,disgust,sad,disgust,above,3270.661872148514,2021-11-30T17:17:05.751000,1638289355.0891278
10,8,2,8,Random,-9999,0adf8c8da601639c,1.5699999332427979,0.14300012588500977,1638292627.398,2,far,shirt,angry,far,shirt,far,shirt,angry,far,shirt,3272.3088722229004,2021-11-30T17:17:07.398000,1638289355.0891278
22,19,11,19,Random,-9999,ef083c79c13402d2,3.3580000400543213,0.5069999694824219,1638292628.593,11,watermelon,disgust,ocean,watermelon,disgust,watermelon,disgust,ocean,watermelon,disgust,3273.503872156143,2021-11-30T17:17:08.593000,1638289355.0891278
16,6,15,15,Random,-9999,0adf8c8da601639c,1.873999834060669,0.0840001106262207,1638292629.356,6,below,blueberry,lemon,blueberry,below,below,blueberry,lemon,blueberry,below,3274.2668721675873,2021-11-30T17:17:09.356000,1638289355.0891278
4,23,3,3,Random,-9999,ef083c79c13402d2,2.4079999923706055,0.6399998664855957,1638292631.557,23,sky,shoes,socks,shoes,sky,sky,shoes,socks,shoes,sky,3276.4678721427917,2021-11-30T17:17:11.557000,1638289355.0891278
25,2,12,12,Random,-9999,0adf8c8da601639c,2.177999973297119,0.08600020408630371,1638292631.692,2,shirt,fearful,dawn,fearful,shirt,shirt,fearful,dawn,fearful,shirt,3276.602872133255,2021-11-30T17:17:11.692000,1638289355.0891278
12,14,11,11,Random,-9999,16264d9174a16b23,12.00600004196167,0.16299986839294434,1638292632.302,14,sad,disgust,fearful,disgust,sad,sad,disgust,fearful,disgust,sad,3277.2128722667694,2021-11-30T17:17:12.302000,1638289355.0891278
13,28,19,19,Random,-9999,0adf8c8da601639c,1.821000099182129,0.14999985694885254,1638292633.599,28,night,watermelon,happy,watermelon,night,night,watermelon,happy,watermelon,night,3278.509872198105,2021-11-30T17:17:13.599000,1638289355.0891278
18,21,29,29,Random,-9999,0adf8c8da601639c,1.684999942779541,0.08899998664855957,1638292635.376,21,field,noon,strawberry,noon,field,field,noon,strawberry,noon,field,3280.286872148514,2021-11-30T17:17:15.376000,1638289355.0891278
26,10,16,16,Random,-9999,0adf8c8da601639c,1.8690001964569092,0.09299993515014648,1638292637.336,10,angry,lemon,day,lemon,angry,angry,lemon,day,lemon,angry,3282.2468721866608,2021-11-30T17:17:17.336000,1638289355.0891278
22,6,19,19,Random,-9999,ef083c79c13402d2,6.335999965667725,0.36500000953674316,1638292638.347,6,below,watermelon,ocean,watermelon,below,below,watermelon,ocean,watermelon,below,3283.257872104645,2021-11-30T17:17:18.347000,1638289355.0891278
5,25,7,7,Random,-9999,0adf8c8da601639c,2.0839998722076416,0.08999991416931152,1638292639.552,25,dawn,beside,above,beside,dawn,dawn,beside,above,beside,dawn,3284.4628722667694,2021-11-30T17:17:19.552000,1638289355.0891278
27,23,10,23,Random,-9999,ef083c79c13402d2,2.9049999713897705,0.4220001697540283,1638292641.593,10,sky,angry,dusk,sky,angry,sky,angry,dusk,sky,angry,3286.503872156143,2021-11-30T17:17:21.593000,1638289355.0891278
27,7,26,26,Random,-9999,0adf8c8da601639c,2.4589998722076416,0.14300012588500977,1638292642.168,7,beside,day,dusk,day,beside,beside,day,dusk,day,beside,3287.078872203827,2021-11-30T17:17:22.168000,1638289355.0891278
9,1,21,21,Random,-9999,ef083c79c13402d2,3.0230000019073486,0.3639998435974121,1638292645.073,1,pants,field,near,field,pants,pants,field,near,field,pants,3289.9838721752167,2021-11-30T17:17:25.073000,1638289355.0891278
12,7,20,7,Random,-9999,0adf8c8da601639c,4.063999891281128,0.14800000190734863,1638292646.391,20,beside,beach,fearful,beside,beach,beside,beach,fearful,beside,beach,3291.301872253418,2021-11-30T17:17:26.391000,1638289355.0891278
7,20,6,6,Random,-9999,16264d9174a16b23,15.514999866485596,0.15000009536743164,1638292647.972,20,beach,below,beside,below,beach,beach,below,beside,below,beach,3292.882872104645,2021-11-30T17:17:27.972000,1638289355.0891278
16,20,25,20,Random,-9999,ef083c79c13402d2,3.4130001068115234,0.45799994468688965,1638292648.867,25,beach,dawn,lemon,beach,dawn,beach,dawn,lemon,beach,dawn,3293.77787232399,2021-11-30T17:17:28.867000,1638289355.0891278
29,28,7,28,Random,-9999,0adf8c8da601639c,3.5950000286102295,0.1510000228881836,1638292650.13,7,night,beside,noon,night,beside,night,beside,noon,night,beside,3295.040872335434,2021-11-30T17:17:30.130000,1638289355.0891278
15,4,26,26,Random,-9999,16264d9174a16b23,4.06499981880188,0.17600011825561523,1638292652.209,4,socks,day,blueberry,day,socks,socks,day,blueberry,day,socks,3297.1198723316193,2021-11-30T17:17:32.209000,1638289355.0891278
16,13,26,13,Random,-9999,57fb79cdc76041f8,22.680999994277954,0.21399998664855957,1638292652.287,26,happy,day,lemon,happy,day,happy,day,lemon,happy,day,3297.1978721618652,2021-11-30T17:17:32.287000,1638289355.0891278
3,11,26,26,Random,-9999,ef083c79c13402d2,3.13700008392334,0.3819999694824219,1638292652.345,11,disgust,day,shoes,day,disgust,disgust,day,shoes,day,disgust,3297.2558722496033,2021-11-30T17:17:32.345000,1638289355.0891278
10,24,15,24,Random,-9999,ef083c79c13402d2,2.6600000858306885,0.3399999141693115,1638292655.415,15,sunset,blueberry,angry,sunset,blueberry,sunset,blueberry,angry,sunset,blueberry,3300.325872182846,2021-11-30T17:17:35.415000,1638289355.0891278
16,2,3,2,Random,-9999,16264d9174a16b23,3.4010000228881836,0.1510000228881836,1638292655.752,3,shirt,shoes,lemon,shirt,shoes,shirt,shoes,lemon,shirt,shoes,3300.662872314453,2021-11-30T17:17:35.752000,1638289355.0891278
4,8,27,8,Random,-9999,0adf8c8da601639c,6.246000051498413,0.17999982833862305,1638292656.552,27,far,dusk,socks,far,dusk,far,dusk,socks,far,dusk,3301.4628722667694,2021-11-30T17:17:36.552000,1638289355.0891278
19,6,9,9,Random,-9999,57fb79cdc76041f8,4.539999961853027,0.15999984741210938,1638292656.978,6,below,near,watermelon,near,below,below,near,watermelon,near,below,3301.8888721466064,2021-11-30T17:17:36.978000,1638289355.0891278
24,0,2,0,Random,-9999,ef083c79c13402d2,2.7839999198913574,0.6189999580383301,1638292658.801,2,dress,shirt,sunset,dress,shirt,dress,shirt,sunset,dress,shirt,3303.7118723392487,2021-11-30T17:17:38.801000,1638289355.0891278
19,3,27,27,Random,-9999,57fb79cdc76041f8,2.819000005722046,0.14700007438659668,1638292659.952,3,shoes,dusk,watermelon,dusk,shoes,shoes,dusk,watermelon,dusk,shoes,3304.8628721237183,2021-11-30T17:17:39.952000,1638289355.0891278
14,29,11,11,Random,-9999,0adf8c8da601639c,4.394999980926514,0.15400004386901855,1638292661.096,29,noon,disgust,sad,disgust,noon,noon,disgust,sad,disgust,noon,3306.006872177124,2021-11-30T17:17:41.096000,1638289355.0891278
8,13,16,16,Random,-9999,16264d9174a16b23,5.412999868392944,0.16000008583068848,1638292661.323,13,happy,lemon,far,lemon,happy,happy,lemon,far,lemon,happy,3306.2338721752167,2021-11-30T17:17:41.323000,1638289355.0891278
5,7,27,7,Random,-9999,ef083c79c13402d2,3.1529998779296875,0.39300012588500977,1638292662.277,27,beside,dusk,above,beside,dusk,beside,dusk,above,beside,dusk,3307.187872171402,2021-11-30T17:17:42.277000,1638289355.0891278
0,8,7,7,Random,-9999,0adf8c8da601639c,1.6499998569488525,0.15000009536743164,1638292662.839,8,far,beside,dress,beside,far,far,beside,dress,beside,far,3307.7498722076416,2021-11-30T17:17:42.839000,1638289355.0891278
3,22,4,4,Random,-9999,57fb79cdc76041f8,3.239000082015991,0.15599989891052246,1638292663.336,22,ocean,socks,shoes,socks,ocean,ocean,socks,shoes,socks,ocean,3308.2468721866608,2021-11-30T17:17:43.336000,1638289355.0891278
12,11,14,11,Random,-9999,0adf8c8da601639c,1.18399977684021,0.08800005912780762,1638292664.106,14,disgust,sad,fearful,disgust,sad,disgust,sad,fearful,disgust,sad,3309.0168721675873,2021-11-30T17:17:44.106000,1638289355.0891278
26,7,8,8,Random,-9999,16264d9174a16b23,3.065000057220459,0.18900012969970703,1638292664.587,7,beside,far,day,far,beside,beside,far,day,far,beside,3309.4978721141815,2021-11-30T17:17:44.587000,1638289355.0891278
15,20,5,20,Random,-9999,ef083c79c13402d2,3.009000062942505,0.3299999237060547,1638292665.653,5,beach,above,blueberry,beach,above,beach,above,blueberry,beach,above,3310.5638723373413,2021-11-30T17:17:45.653000,1638289355.0891278
4,19,1,1,Random,-9999,0adf8c8da601639c,2.6089999675750732,0.08300018310546875,1638292666.857,19,watermelon,pants,socks,pants,watermelon,watermelon,pants,socks,pants,watermelon,3311.7678723335266,2021-11-30T17:17:46.857000,1638289355.0891278
19,5,20,20,Random,-9999,16264d9174a16b23,2.1780002117156982,0.14399981498718262,1638292666.92,5,above,beach,watermelon,beach,above,above,beach,watermelon,beach,above,3311.830872297287,2021-11-30T17:17:46.920000,1638289355.0891278
0,3,19,3,Random,-9999,0adf8c8da601639c,1.3250000476837158,0.13899993896484375,1638292668.259,19,shoes,watermelon,dress,shoes,watermelon,shoes,watermelon,dress,shoes,watermelon,3313.1698722839355,2021-11-30T17:17:48.259000,1638289355.0891278
17,28,11,28,Random,-9999,ef083c79c13402d2,2.684000015258789,0.3659999370574951,1638292668.737,11,night,disgust,mango,night,disgust,night,disgust,mango,night,disgust,3313.647872209549,2021-11-30T17:17:48.737000,1638289355.0891278
26,17,18,18,Random,-9999,16264d9174a16b23,2.7730000019073486,0.15899991989135742,1638292669.849,17,mango,strawberry,day,strawberry,mango,mango,strawberry,day,strawberry,mango,3314.759872198105,2021-11-30T17:17:49.849000,1638289355.0891278
25,22,9,22,Random,-9999,0adf8c8da601639c,1.5429999828338623,0.08099985122680664,1638292669.882,9,ocean,near,dawn,ocean,near,ocean,near,dawn,ocean,near,3314.7928721904755,2021-11-30T17:17:49.882000,1638289355.0891278
14,5,29,29,Random,-9999,57fb79cdc76041f8,8.026000022888184,0.14499998092651367,1638292671.514,5,above,noon,sad,noon,above,above,noon,sad,noon,above,3316.424872159958,2021-11-30T17:17:51.514000,1638289355.0891278
17,12,9,12,Random,-9999,ef083c79c13402d2,2.506999969482422,0.40000009536743164,1638292671.595,9,fearful,near,mango,fearful,near,fearful,near,mango,fearful,near,3316.5058722496033,2021-11-30T17:17:51.595000,1638289355.0891278
20,24,7,24,Random,-9999,16264d9174a16b23,1.6649999618530273,0.16899991035461426,1638292671.611,7,sunset,beside,beach,sunset,beside,sunset,beside,beach,sunset,beside,3316.521872282028,2021-11-30T17:17:51.611000,1638289355.0891278
16,13,27,13,Random,-9999,0adf8c8da601639c,1.8420000076293945,0.08100008964538574,1638292671.804,27,happy,dusk,lemon,happy,dusk,happy,dusk,lemon,happy,dusk,3316.714872121811,2021-11-30T17:17:51.804000,1638289355.0891278
9,11,24,11,Random,-9999,0adf8c8da601639c,2.5199999809265137,0.07799983024597168,1638292674.479,24,disgust,sunset,near,disgust,sunset,disgust,sunset,near,disgust,sunset,3319.389872312546,2021-11-30T17:17:54.479000,1638289355.0891278
22,9,5,9,Random,-9999,16264d9174a16b23,2.753999948501587,0.1420001983642578,1638292674.566,5,near,above,ocean,near,above,near,above,ocean,near,above,3319.4768722057343,2021-11-30T17:17:54.566000,1638289355.0891278
11,4,5,4,Random,-9999,ef083c79c13402d2,2.803999900817871,0.34599995613098145,1638292674.767,5,socks,above,disgust,socks,above,socks,above,disgust,socks,above,3319.6778721809387,2021-11-30T17:17:54.767000,1638289355.0891278
12,20,13,20,Random,-9999,57fb79cdc76041f8,3.875,0.14499998092651367,1638292675.529,13,beach,happy,fearful,beach,happy,beach,happy,fearful,beach,happy,3320.439872264862,2021-11-30T17:17:55.529000,1638289355.0891278
7,28,3,3,Random,-9999,0adf8c8da601639c,2.686000108718872,0.15400004386901855,1638292677.318,28,night,shoes,beside,shoes,night,night,shoes,beside,shoes,night,3322.2288722991943,2021-11-30T17:17:57.318000,1638289355.0891278
20,19,27,27,Random,-9999,57fb79cdc76041f8,2.1610000133514404,0.14299988746643066,1638292677.837,19,watermelon,dusk,beach,dusk,watermelon,watermelon,dusk,beach,dusk,watermelon,3322.7478721141815,2021-11-30T17:17:57.837000,1638289355.0891278
17,28,3,3,Random,-9999,16264d9174a16b23,3.1530001163482666,0.14299988746643066,1638292677.88,28,night,shoes,mango,shoes,night,night,shoes,mango,shoes,night,3322.790872335434,2021-11-30T17:17:57.880000,1638289355.0891278
25,7,8,8,Random,-9999,ef083c79c13402d2,3.0190000534057617,0.3940000534057617,1638292678.254,7,beside,far,dawn,far,beside,beside,far,dawn,far,beside,3323.1648721694946,2021-11-30T17:17:58.254000,1638289355.0891278
1,24,17,24,Random,-9999,57fb79cdc76041f8,2.571000099182129,0.15400004386901855,1638292680.554,17,sunset,mango,pants,sunset,mango,sunset,mango,pants,sunset,mango,3325.464872121811,2021-11-30T17:18:00.554000,1638289355.0891278
4,17,2,2,Random,-9999,16264d9174a16b23,2.739000082015991,0.16499996185302734,1638292680.765,17,mango,shirt,socks,shirt,mango,mango,shirt,socks,shirt,mango,3325.675872325897,2021-11-30T17:18:00.765000,1638289355.0891278
2,7,29,7,Random,-9999,ef083c79c13402d2,2.500999927520752,0.4480001926422119,1638292681.122,29,beside,noon,shirt,beside,noon,beside,noon,shirt,beside,noon,3326.032872200012,2021-11-30T17:18:01.122000,1638289355.0891278
28,18,26,26,Random,-9999,0adf8c8da601639c,1.6159999370574951,0.15799999237060547,1638292681.166,18,strawberry,day,night,day,strawberry,strawberry,day,night,day,strawberry,3326.076872110367,2021-11-30T17:18:01.166000,1638289355.0891278
17,25,12,25,Random,-9999,57fb79cdc76041f8,2.434000015258789,0.15199995040893555,1638292683.145,12,dawn,fearful,mango,dawn,fearful,dawn,fearful,mango,dawn,fearful,3328.0558722019196,2021-11-30T17:18:03.145000,1638289355.0891278
3,9,15,9,Random,-9999,0adf8c8da601639c,2.623999834060669,0.15000009536743164,1638292684.004,15,near,blueberry,shoes,near,blueberry,near,blueberry,shoes,near,blueberry,3328.9148721694946,2021-11-30T17:18:04.004000,1638289355.0891278
9,22,1,1,Random,-9999,0adf8c8da601639c,1.7130000591278076,0.1419999599456787,1638292685.799,22,ocean,pants,near,pants,ocean,ocean,pants,near,pants,ocean,3330.7098722457886,2021-11-30T17:18:05.799000,1638289355.0891278
29,0,8,0,Random,-9999,16264d9174a16b23,4.91700005531311,0.14599990844726562,1638292685.832,8,dress,far,noon,dress,far,dress,far,noon,dress,far,3330.742872238159,2021-11-30T17:18:05.832000,1638289355.0891278
8,2,12,12,Random,-9999,57fb79cdc76041f8,2.742000102996826,0.15999984741210938,1638292686.047,2,shirt,fearful,far,fearful,shirt,shirt,fearful,far,fearful,shirt,3330.9578721523285,2021-11-30T17:18:06.047000,1638289355.0891278
22,18,6,6,Random,-9999,ef083c79c13402d2,4.818000078201294,0.372999906539917,1638292686.301,18,strawberry,below,ocean,below,strawberry,strawberry,below,ocean,below,strawberry,3331.2118723392487,2021-11-30T17:18:06.301000,1638289355.0891278
7,15,5,5,Random,-9999,0adf8c8da601639c,1.9110000133514404,0.07999992370605469,1638292687.791,15,blueberry,above,beside,above,blueberry,blueberry,above,beside,above,blueberry,3332.701872110367,2021-11-30T17:18:07.791000,1638289355.0891278
14,9,22,9,Random,-9999,16264d9174a16b23,2.73799991607666,0.1510000228881836,1638292688.73,22,near,ocean,sad,near,ocean,near,ocean,sad,near,ocean,3333.6408722400665,2021-11-30T17:18:08.730000,1638289355.0891278
28,15,29,15,Random,-9999,ef083c79c13402d2,2.812999963760376,0.3209998607635498,1638292689.456,29,blueberry,noon,night,blueberry,noon,blueberry,noon,night,blueberry,noon,3334.3668723106384,2021-11-30T17:18:09.456000,1638289355.0891278
12,13,16,16,Random,-9999,57fb79cdc76041f8,4.275000095367432,0.15599989891052246,1638292690.486,13,happy,lemon,fearful,lemon,happy,happy,lemon,fearful,lemon,happy,3335.396872282028,2021-11-30T17:18:10.486000,1638289355.0891278
5,0,16,0,Random,-9999,0adf8c8da601639c,2.6439998149871826,0.08700013160705566,1638292690.578,16,dress,lemon,above,dress,lemon,dress,lemon,above,dress,lemon,3335.4888722896576,2021-11-30T17:18:10.578000,1638289355.0891278
5,10,23,23,Random,-9999,16264d9174a16b23,2.7980000972747803,0.16499996185302734,1638292691.721,10,angry,sky,above,sky,angry,angry,sky,above,sky,angry,3336.631872177124,2021-11-30T17:18:11.721000,1638289355.0891278
7,8,0,8,Random,-9999,57fb79cdc76041f8,1.7649998664855957,0.1549999713897705,1638292692.338,0,far,dress,beside,far,dress,far,dress,beside,far,dress,3337.248872280121,2021-11-30T17:18:12.338000,1638289355.0891278
8,18,2,18,Random,-9999,ef083c79c13402d2,3.367000102996826,0.38700008392333984,1638292693.202,2,strawberry,shirt,far,strawberry,shirt,strawberry,shirt,far,strawberry,shirt,3338.1128721237183,2021-11-30T17:18:13.202000,1638289355.0891278
14,23,10,10,Random,-9999,0adf8c8da601639c,2.694000005722046,0.14800000190734863,1638292693.44,23,sky,angry,sad,angry,sky,sky,angry,sad,angry,sky,3338.3508722782135,2021-11-30T17:18:13.440000,1638289355.0891278
11,3,25,3,Random,-9999,57fb79cdc76041f8,2.2049999237060547,0.08000016212463379,1638292694.68,25,shoes,dawn,disgust,shoes,dawn,shoes,dawn,disgust,shoes,dawn,3339.5908722877502,2021-11-30T17:18:14.680000,1638289355.0891278
10,8,6,6,Random,-9999,16264d9174a16b23,3.1689999103546143,0.19300007820129395,1638292695.237,8,far,below,angry,below,far,far,below,angry,below,far,3340.147872209549,2021-11-30T17:18:15.237000,1638289355.0891278
13,8,17,17,Random,-9999,ef083c79c13402d2,2.4659998416900635,0.37199997901916504,1638292696.073,8,far,mango,happy,mango,far,far,mango,happy,mango,far,3340.9838721752167,2021-11-30T17:18:16.073000,1638289355.0891278
3,0,5,0,Random,-9999,57fb79cdc76041f8,1.6370000839233398,0.15400004386901855,1638292696.414,5,dress,above,shoes,dress,above,dress,above,shoes,dress,above,3341.3248722553253,2021-11-30T17:18:16.414000,1638289355.0891278
15,24,17,17,Random,-9999,16264d9174a16b23,2.11899995803833,0.44099998474121094,1638292697.602,24,sunset,mango,blueberry,mango,sunset,sunset,mango,blueberry,mango,sunset,3342.5128722190857,2021-11-30T17:18:17.602000,1638289355.0891278
9,12,1,12,Random,-9999,0adf8c8da601639c,2.677999973297119,0.16100001335144043,1638292698.415,1,fearful,pants,near,fearful,pants,fearful,pants,near,fearful,pants,3343.325872182846,2021-11-30T17:18:18.415000,1638289355.0891278
13,1,19,19,Random,-9999,ef083c79c13402d2,2.0900001525878906,0.4049999713897705,1638292698.527,1,pants,watermelon,happy,watermelon,pants,pants,watermelon,happy,watermelon,pants,3343.437872171402,2021-11-30T17:18:18.527000,1638289355.0891278
5,24,16,24,Random,-9999,57fb79cdc76041f8,2.114000082015991,0.07399988174438477,1638292698.655,16,sunset,lemon,above,sunset,lemon,sunset,lemon,above,sunset,lemon,3343.565872192383,2021-11-30T17:18:18.655000,1638289355.0891278
23,12,18,18,Random,-9999,0adf8c8da601639c,1.7669999599456787,0.16100001335144043,1638292700.27,12,fearful,strawberry,sky,strawberry,fearful,fearful,strawberry,sky,strawberry,fearful,3345.1808722019196,2021-11-30T17:18:20.270000,1638289355.0891278
1,13,7,7,Random,-9999,16264d9174a16b23,2.7990000247955322,0.14100003242492676,1638292700.557,13,happy,beside,pants,beside,happy,happy,beside,pants,beside,happy,3345.4678721427917,2021-11-30T17:18:20.557000,1638289355.0891278
13,14,3,14,Random,-9999,ef083c79c13402d2,2.4779999256134033,0.37199997901916504,1638292701.403,3,sad,shoes,happy,sad,shoes,sad,shoes,happy,sad,shoes,3346.3138723373413,2021-11-30T17:18:21.403000,1638289355.0891278
16,22,12,22,Random,-9999,57fb79cdc76041f8,3.4230000972747803,0.14999985694885254,1638292702.269,12,ocean,fearful,lemon,ocean,fearful,ocean,fearful,lemon,ocean,fearful,3347.179872274399,2021-11-30T17:18:22.269000,1638289355.0891278
0,2,26,2,Random,-9999,0adf8c8da601639c,2.3470001220703125,0.08899998664855957,1638292702.771,26,shirt,day,dress,shirt,day,shirt,day,dress,shirt,day,3347.6818721294403,2021-11-30T17:18:22.771000,1638289355.0891278
0,20,22,20,Random,-9999,16264d9174a16b23,2.9210000038146973,0.15700006484985352,1638292703.63,22,beach,ocean,dress,beach,ocean,beach,ocean,dress,beach,ocean,3348.540872335434,2021-11-30T17:18:23.630000,1638289355.0891278
27,25,24,25,Random,-9999,0adf8c8da601639c,1.2590000629425049,0.18799996376037598,1638292704.151,24,dawn,sunset,dusk,dawn,sunset,dawn,sunset,dusk,dawn,sunset,3349.061872243881,2021-11-30T17:18:24.151000,1638289355.0891278
24,25,7,25,Random,-9999,57fb79cdc76041f8,2.8439998626708984,0.17499995231628418,1638292705.259,7,dawn,beside,sunset,dawn,beside,dawn,beside,sunset,dawn,beside,3350.1698722839355,2021-11-30T17:18:25.259000,1638289355.0891278
19,18,21,21,Random,-9999,ef083c79c13402d2,3.996999979019165,0.38700008392333984,1638292705.804,18,strawberry,field,watermelon,field,strawberry,strawberry,field,watermelon,field,strawberry,3350.714872121811,2021-11-30T17:18:25.804000,1638289355.0891278
25,7,3,3,Random,-9999,57fb79cdc76041f8,2.375999927520752,0.15700006484985352,1638292707.798,7,beside,shoes,dawn,shoes,beside,beside,shoes,dawn,shoes,beside,3352.708872318268,2021-11-30T17:18:27.798000,1638289355.0891278
21,10,15,15,Random,-9999,0adf8c8da601639c,4.134999990463257,0.0820000171661377,1638292708.435,10,angry,blueberry,field,blueberry,angry,angry,blueberry,field,blueberry,angry,3353.3458721637726,2021-11-30T17:18:28.435000,1638289355.0891278
10,0,29,0,Random,-9999,ef083c79c13402d2,3.7109999656677246,0.40400004386901855,1638292709.893,29,dress,noon,angry,dress,noon,dress,noon,angry,dress,noon,3354.8038721084595,2021-11-30T17:18:29.893000,1638289355.0891278
25,15,22,22,Random,-9999,57fb79cdc76041f8,2.631999969482422,0.16100001335144043,1638292710.584,15,blueberry,ocean,dawn,ocean,blueberry,blueberry,ocean,dawn,ocean,blueberry,3355.4948723316193,2021-11-30T17:18:30.584000,1638289355.0891278
23,19,9,19,Random,-9999,57fb79cdc76041f8,1.8970000743865967,0.15199995040893555,1638292712.567,9,watermelon,near,sky,watermelon,near,watermelon,near,sky,watermelon,near,3357.477872133255,2021-11-30T17:18:32.567000,1638289355.0891278
0,15,7,15,Random,-9999,0adf8c8da601639c,4.226999998092651,0.16100001335144043,1638292712.824,7,blueberry,beside,dress,blueberry,beside,blueberry,beside,dress,blueberry,beside,3357.7348721027374,2021-11-30T17:18:32.824000,1638289355.0891278
18,28,29,29,Random,-9999,ef083c79c13402d2,2.996999979019165,0.3840000629425049,1638292713.367,28,night,noon,strawberry,noon,night,night,noon,strawberry,noon,night,3358.27787232399,2021-11-30T17:18:33.367000,1638289355.0891278
22,17,18,18,Random,-9999,57fb79cdc76041f8,2.010999917984009,0.08100008964538574,1638292714.755,17,mango,strawberry,ocean,strawberry,mango,mango,strawberry,ocean,strawberry,mango,3359.665872335434,2021-11-30T17:18:34.755000,1638289355.0891278
17,2,3,2,Random,-9999,16264d9174a16b23,11.52999997138977,0.1419999599456787,1638292715.311,3,shirt,shoes,mango,shirt,shoes,shirt,shoes,mango,shirt,shoes,3360.221872329712,2021-11-30T17:18:35.311000,1638289355.0891278
9,6,19,6,Random,-9999,0adf8c8da601639c,2.366999864578247,0.14499998092651367,1638292715.333,19,below,watermelon,near,below,watermelon,below,watermelon,near,below,watermelon,3360.24387216568,2021-11-30T17:18:35.333000,1638289355.0891278
18,2,0,0,Random,-9999,0adf8c8da601639c,2.1750001907348633,0.15799999237060547,1638292717.67,2,shirt,dress,strawberry,dress,shirt,shirt,dress,strawberry,dress,shirt,3362.580872297287,2021-11-30T17:18:37.670000,1638289355.0891278
9,4,23,4,Random,-9999,57fb79cdc76041f8,3.4619998931884766,0.18400001525878906,1638292718.369,23,socks,sky,near,socks,sky,socks,sky,near,socks,sky,3363.2798721790314,2021-11-30T17:18:38.369000,1638289355.0891278
2,10,16,16,Random,-9999,16264d9174a16b23,3.046999931335449,0.1830000877380371,1638292718.583,10,angry,lemon,shirt,lemon,angry,angry,lemon,shirt,lemon,angry,3363.49387216568,2021-11-30T17:18:38.583000,1638289355.0891278
20,1,27,1,Random,-9999,ef083c79c13402d2,5.2129998207092285,0.37800002098083496,1638292718.808,27,pants,dusk,beach,pants,dusk,pants,dusk,beach,pants,dusk,3363.718872308731,2021-11-30T17:18:38.808000,1638289355.0891278
29,6,27,27,Random,-9999,0adf8c8da601639c,1.5049998760223389,0.1419999599456787,1638292719.248,6,below,dusk,noon,dusk,below,below,dusk,noon,dusk,below,3364.158872127533,2021-11-30T17:18:39.248000,1638289355.0891278
26,22,13,13,Random,-9999,57fb79cdc76041f8,2.86299991607666,0.14700007438659668,1638292721.365,22,ocean,happy,day,happy,ocean,ocean,happy,day,happy,ocean,3366.27587223053,2021-11-30T17:18:41.365000,1638289355.0891278
11,20,1,1,Random,-9999,0adf8c8da601639c,2.2200000286102295,0.08800005912780762,1638292721.626,20,beach,pants,disgust,pants,beach,beach,pants,disgust,pants,beach,3366.536872148514,2021-11-30T17:18:41.626000,1638289355.0891278
2,21,29,29,Random,-9999,16264d9174a16b23,3.2080001831054688,0.4219999313354492,1638292722.102,21,field,noon,shirt,noon,field,field,noon,shirt,noon,field,3367.0128722190857,2021-11-30T17:18:42.102000,1638289355.0891278
15,4,9,9,Random,-9999,ef083c79c13402d2,2.9830000400543213,0.32000017166137695,1638292722.181,4,socks,near,blueberry,near,socks,socks,near,blueberry,near,socks,3367.091872215271,2021-11-30T17:18:42.181000,1638289355.0891278
0,18,27,18,Random,-9999,57fb79cdc76041f8,1.8380000591278076,0.13400006294250488,1638292723.28,27,strawberry,dusk,dress,strawberry,dusk,strawberry,dusk,dress,strawberry,dusk,3368.190872192383,2021-11-30T17:18:43.280000,1638289355.0891278
4,10,6,6,Random,-9999,0adf8c8da601639c,1.5809998512268066,0.1510000228881836,1638292723.29,10,angry,below,socks,below,angry,angry,below,socks,below,angry,3368.200872182846,2021-11-30T17:18:43.290000,1638289355.0891278
16,7,27,27,Random,-9999,16264d9174a16b23,2.124000072479248,0.14699983596801758,1638292724.418,7,beside,dusk,lemon,dusk,beside,beside,dusk,lemon,dusk,beside,3369.328872203827,2021-11-30T17:18:44.418000,1638289355.0891278
3,9,11,11,Random,-9999,ef083c79c13402d2,2.130000114440918,0.3969998359680176,1638292724.74,9,near,disgust,shoes,disgust,near,near,disgust,shoes,disgust,near,3369.65087223053,2021-11-30T17:18:44.740000,1638289355.0891278
14,28,22,28,Random,-9999,57fb79cdc76041f8,1.5759999752044678,0.07899999618530273,1638292724.942,22,night,ocean,sad,night,ocean,night,ocean,sad,night,ocean,3369.852872133255,2021-11-30T17:18:44.942000,1638289355.0891278
8,2,23,23,Random,-9999,0adf8c8da601639c,2.3489999771118164,0.08900022506713867,1638292725.796,2,shirt,sky,far,sky,shirt,shirt,sky,far,sky,shirt,3370.7068722248077,2021-11-30T17:18:45.796000,1638289355.0891278
11,27,9,27,Random,-9999,57fb79cdc76041f8,2.364000082015991,0.08099985122680664,1638292727.437,9,dusk,near,disgust,dusk,near,dusk,near,disgust,dusk,near,3372.3478722572327,2021-11-30T17:18:47.437000,1638289355.0891278
0,8,18,18,Random,-9999,16264d9174a16b23,3.0119998455047607,0.13100004196166992,1638292727.569,8,far,strawberry,dress,strawberry,far,far,strawberry,dress,strawberry,far,3372.479872226715,2021-11-30T17:18:47.569000,1638289355.0891278
28,12,13,13,Random,-9999,0adf8c8da601639c,1.7719998359680176,0.14400005340576172,1638292727.637,12,fearful,happy,night,happy,fearful,fearful,happy,night,happy,fearful,3372.5478723049164,2021-11-30T17:18:47.637000,1638289355.0891278
28,21,27,27,Random,-9999,ef083c79c13402d2,2.9579999446868896,0.4200000762939453,1638292728.147,21,field,dusk,night,dusk,field,field,dusk,night,dusk,field,3373.0578722953796,2021-11-30T17:18:48.147000,1638289355.0891278
19,5,22,22,Random,-9999,57fb79cdc76041f8,2.5360000133514404,0.14499998092651367,1638292730.126,5,above,ocean,watermelon,ocean,above,above,ocean,watermelon,ocean,above,3375.036872148514,2021-11-30T17:18:50.126000,1638289355.0891278
7,15,10,10,Random,-9999,16264d9174a16b23,3.263000011444092,0.14300012588500977,1638292730.977,15,blueberry,angry,beside,angry,blueberry,blueberry,angry,beside,angry,blueberry,3375.8878722190857,2021-11-30T17:18:50.977000,1638289355.0891278
15,21,23,21,Random,-9999,ef083c79c13402d2,2.9090001583099365,0.43199992179870605,1638292731.398,23,field,sky,blueberry,field,sky,field,sky,blueberry,field,sky,3376.3088722229004,2021-11-30T17:18:51.398000,1638289355.0891278
3,1,29,1,Random,-9999,57fb79cdc76041f8,1.7999999523162842,0.14800000190734863,1638292732.015,29,pants,noon,shoes,pants,noon,pants,noon,shoes,pants,noon,3376.925872325897,2021-11-30T17:18:52.015000,1638289355.0891278
1,19,28,28,Random,-9999,16264d9174a16b23,2.7019999027252197,0.15800023078918457,1638292733.838,19,watermelon,night,pants,night,watermelon,watermelon,night,pants,night,watermelon,3378.748872280121,2021-11-30T17:18:53.838000,1638289355.0891278
10,28,0,28,Random,-9999,0adf8c8da601639c,3.9670000076293945,0.15899991989135742,1638292733.98,0,night,dress,angry,night,dress,night,dress,angry,night,dress,3378.8908722400665,2021-11-30T17:18:53.980000,1638289355.0891278
16,27,14,27,Random,-9999,57fb79cdc76041f8,2.115999937057495,0.0840001106262207,1638292734.28,14,dusk,sad,lemon,dusk,sad,dusk,sad,lemon,dusk,sad,3379.190872192383,2021-11-30T17:18:54.280000,1638289355.0891278
24,7,21,21,Random,-9999,ef083c79c13402d2,3.3899998664855957,0.37000012397766113,1638292735.288,7,beside,field,sunset,field,beside,beside,field,sunset,field,beside,3380.1988723278046,2021-11-30T17:18:55.288000,1638289355.0891278
28,24,1,24,Random,-9999,0adf8c8da601639c,1.5870001316070557,0.14899992942810059,1638292735.649,1,sunset,pants,night,sunset,pants,sunset,pants,night,sunset,pants,3380.559872150421,2021-11-30T17:18:55.649000,1638289355.0891278
0,21,22,21,Random,-9999,57fb79cdc76041f8,2.006999969482422,0.15799999237060547,1638292736.434,22,field,ocean,dress,field,ocean,field,ocean,dress,field,ocean,3381.344872236252,2021-11-30T17:18:56.434000,1638289355.0891278
0,13,4,4,Random,-9999,16264d9174a16b23,2.49399995803833,0.14599990844726562,1638292736.481,13,happy,socks,dress,socks,happy,happy,socks,dress,socks,happy,3381.3918721675873,2021-11-30T17:18:56.481000,1638289355.0891278
5,9,28,9,Random,-9999,ef083c79c13402d2,2.4700000286102295,0.32700014114379883,1638292737.958,28,near,night,above,near,night,near,night,above,near,night,3382.86887216568,2021-11-30T17:18:57.958000,1638289355.0891278
10,0,27,27,Random,-9999,0adf8c8da601639c,2.814000129699707,0.08099985122680664,1638292738.619,0,dress,dusk,angry,dusk,dress,dress,dusk,angry,dusk,dress,3383.5298721790314,2021-11-30T17:18:58.619000,1638289355.0891278
5,27,8,27,Random,-9999,16264d9174a16b23,2.931000232696533,0.14800000190734863,1638292739.548,8,dusk,far,above,dusk,far,dusk,far,above,dusk,far,3384.458872318268,2021-11-30T17:18:59.548000,1638289355.0891278
23,28,24,28,Random,-9999,0adf8c8da601639c,1.3640000820159912,0.14899992942810059,1638292740.058,24,night,sunset,sky,night,sunset,night,sunset,sky,night,sunset,3384.968872308731,2021-11-30T17:19:00.058000,1638289355.0891278
7,5,27,5,Random,-9999,57fb79cdc76041f8,3.9049999713897705,0.1640000343322754,1638292740.506,27,above,dusk,beside,above,dusk,above,dusk,beside,above,dusk,3385.4168722629547,2021-11-30T17:19:00.506000,1638289355.0891278
17,21,19,21,Random,-9999,ef083c79c13402d2,2.8469998836517334,0.3559999465942383,1638292741.233,19,field,watermelon,mango,field,watermelon,field,watermelon,mango,field,watermelon,3386.1438722610474,2021-11-30T17:19:01.233000,1638289355.0891278
25,22,23,23,Random,-9999,0adf8c8da601639c,1.7369999885559082,0.0989999771118164,1638292741.895,22,ocean,sky,dawn,sky,ocean,ocean,sky,dawn,sky,ocean,3386.8058722019196,2021-11-30T17:19:01.895000,1638289355.0891278
11,5,2,5,Random,-9999,16264d9174a16b23,2.2239999771118164,0.14099979400634766,1638292741.923,2,above,shirt,disgust,above,shirt,above,shirt,disgust,above,shirt,3386.833872318268,2021-11-30T17:19:01.923000,1638289355.0891278
24,21,27,27,Random,-9999,57fb79cdc76041f8,2.7920000553131104,0.1509997844696045,1638292743.44,21,field,dusk,sunset,dusk,field,field,dusk,sunset,dusk,field,3388.3508722782135,2021-11-30T17:19:03.440000,1638289355.0891278
17,2,29,29,Random,-9999,ef083c79c13402d2,2.328000068664551,0.44700002670288086,1638292744.002,2,shirt,noon,mango,noon,shirt,shirt,noon,mango,noon,shirt,3388.912872314453,2021-11-30T17:19:04.002000,1638289355.0891278
13,8,14,8,Random,-9999,16264d9174a16b23,2.9220001697540283,0.14899992942810059,1638292745.089,14,far,sad,happy,far,sad,far,sad,happy,far,sad,3389.9998722076416,2021-11-30T17:19:05.089000,1638289355.0891278
7,29,14,29,Random,-9999,57fb79cdc76041f8,1.999000072479248,0.15700006484985352,1638292745.62,14,noon,sad,beside,noon,sad,noon,sad,beside,noon,sad,3390.530872106552,2021-11-30T17:19:05.620000,1638289355.0891278
1,4,5,4,Random,-9999,0adf8c8da601639c,2.188999891281128,0.1640000343322754,1638292746.44,5,socks,above,pants,socks,above,socks,above,pants,socks,above,3391.3508722782135,2021-11-30T17:19:06.440000,1638289355.0891278
4,26,6,26,Random,-9999,57fb79cdc76041f8,1.7350001335144043,0.13699984550476074,1638292747.418,6,day,below,socks,day,below,day,below,socks,day,below,3392.328872203827,2021-11-30T17:19:07.418000,1638289355.0891278
15,25,19,25,Random,-9999,ef083c79c13402d2,3.5390000343322754,0.4309999942779541,1638292747.884,19,dawn,watermelon,blueberry,dawn,watermelon,dawn,watermelon,blueberry,dawn,watermelon,3392.7948722839355,2021-11-30T17:19:07.884000,1638289355.0891278
19,12,17,17,Random,-9999,16264d9174a16b23,2.9570000171661377,0.24399995803833008,1638292748.193,12,fearful,mango,watermelon,mango,fearful,fearful,mango,watermelon,mango,fearful,3393.1038722991943,2021-11-30T17:19:08.193000,1638289355.0891278
8,24,15,24,Random,-9999,57fb79cdc76041f8,1.812000036239624,0.07999992370605469,1638292749.31,15,sunset,blueberry,far,sunset,blueberry,sunset,blueberry,far,sunset,blueberry,3394.2208721637726,2021-11-30T17:19:09.310000,1638289355.0891278
7,29,6,6,Random,-9999,0adf8c8da601639c,3.421999931335449,0.1530001163482666,1638292750.014,29,noon,below,beside,below,noon,noon,below,beside,below,noon,3394.924872159958,2021-11-30T17:19:10.014000,1638289355.0891278
21,13,28,28,Random,-9999,ef083c79c13402d2,2.7260000705718994,0.34399986267089844,1638292751.046,13,happy,night,field,night,happy,happy,night,field,night,happy,3395.9568722248077,2021-11-30T17:19:11.046000,1638289355.0891278
10,7,20,7,Random,-9999,57fb79cdc76041f8,1.8289999961853027,0.07899999618530273,1638292751.217,20,beside,beach,angry,beside,beach,beside,beach,angry,beside,beach,3396.1278722286224,2021-11-30T17:19:11.217000,1638289355.0891278
21,12,6,12,Random,-9999,16264d9174a16b23,5.123000144958496,0.15999984741210938,1638292753.483,6,fearful,below,field,fearful,below,fearful,below,field,fearful,below,3398.3938722610474,2021-11-30T17:19:13.483000,1638289355.0891278
14,21,10,10,Random,-9999,ef083c79c13402d2,2.5429999828338623,0.26600003242492676,1638292753.826,21,field,angry,sad,angry,field,field,angry,sad,angry,field,3398.7368721961975,2021-11-30T17:19:13.826000,1638289355.0891278
5,19,2,2,Random,-9999,57fb79cdc76041f8,2.4799997806549072,0.08100008964538574,1638292753.837,19,watermelon,shirt,above,shirt,watermelon,watermelon,shirt,above,shirt,watermelon,3398.7478721141815,2021-11-30T17:19:13.837000,1638289355.0891278
21,17,0,17,Random,-9999,16264d9174a16b23,2.312000036239624,0.14800000190734863,1638292756.089,0,mango,dress,field,mango,dress,mango,dress,field,mango,dress,3400.9998722076416,2021-11-30T17:19:16.089000,1638289355.0891278
26,1,14,1,Random,-9999,57fb79cdc76041f8,2.6429998874664307,0.1550002098083496,1638292756.634,14,pants,sad,day,pants,sad,pants,sad,day,pants,sad,3401.5448722839355,2021-11-30T17:19:16.634000,1638289355.0891278
16,19,9,19,Random,-9999,ef083c79c13402d2,2.989000082015991,0.40199995040893555,1638292757.202,9,watermelon,near,lemon,watermelon,near,watermelon,near,lemon,watermelon,near,3402.1128721237183,2021-11-30T17:19:17.202000,1638289355.0891278
5,23,8,8,Random,-9999,57fb79cdc76041f8,1.6540000438690186,0.1380000114440918,1638292758.362,23,sky,far,above,far,sky,sky,far,above,far,sky,3403.272872209549,2021-11-30T17:19:18.362000,1638289355.0891278
19,18,23,18,Random,-9999,16264d9174a16b23,2.428999900817871,0.37800002098083496,1638292758.743,23,strawberry,sky,watermelon,strawberry,sky,strawberry,sky,watermelon,strawberry,sky,3403.6538722515106,2021-11-30T17:19:18.743000,1638289355.0891278
5,1,23,23,Random,-9999,16264d9174a16b23,2.2960000038146973,0.14400005340576172,1638292761.185,1,pants,sky,above,sky,pants,pants,sky,above,sky,pants,3406.0958721637726,2021-11-30T17:19:21.185000,1638289355.0891278
20,7,10,10,Random,-9999,ef083c79c13402d2,3.616000175476074,0.5979998111724854,1638292761.401,7,beside,angry,beach,angry,beside,beside,angry,beach,angry,beside,3406.311872243881,2021-11-30T17:19:21.401000,1638289355.0891278
1,19,9,9,Random,-9999,57fb79cdc76041f8,3.7709999084472656,0.07399988174438477,1638292762.272,19,watermelon,near,pants,near,watermelon,watermelon,near,pants,near,watermelon,3407.1828722953796,2021-11-30T17:19:22.272000,1638289355.0891278
19,27,21,21,Random,-9999,16264d9174a16b23,1.6640000343322754,0.16100001335144043,1638292762.953,27,dusk,field,watermelon,field,dusk,dusk,field,watermelon,field,dusk,3407.8638722896576,2021-11-30T17:19:22.953000,1638289355.0891278
6,10,29,29,Random,-9999,ef083c79c13402d2,2.2760000228881836,0.37199997901916504,1638292764.064,10,angry,noon,below,noon,angry,angry,noon,below,noon,angry,3408.974872112274,2021-11-30T17:19:24.064000,1638289355.0891278
19,17,5,17,Random,-9999,57fb79cdc76041f8,1.7269999980926514,0.15700006484985352,1638292764.092,5,mango,above,watermelon,mango,above,mango,above,watermelon,mango,above,3409.0028722286224,2021-11-30T17:19:24.092000,1638289355.0891278
17,23,16,16,Random,-9999,16264d9174a16b23,1.8179998397827148,0.0820000171661377,1638292764.842,23,sky,lemon,mango,lemon,sky,sky,lemon,mango,lemon,sky,3409.7528722286224,2021-11-30T17:19:24.842000,1638289355.0891278
23,28,20,28,Random,-9999,ef083c79c13402d2,2.5399999618530273,0.3959999084472656,1638292767.134,20,night,beach,sky,night,beach,night,beach,sky,night,beach,3412.0448722839355,2021-11-30T17:19:27.134000,1638289355.0891278
2,7,18,7,Random,-9999,16264d9174a16b23,2.1969997882843018,0.08000016212463379,1638292767.179,18,beside,strawberry,shirt,beside,strawberry,beside,strawberry,shirt,beside,strawberry,3412.089872121811,2021-11-30T17:19:27.179000,1638289355.0891278
25,21,24,21,Random,-9999,57fb79cdc76041f8,3.072000026702881,0.0820000171661377,1638292767.311,24,field,sunset,dawn,field,sunset,field,sunset,dawn,field,sunset,3412.221872329712,2021-11-30T17:19:27.311000,1638289355.0891278
20,4,25,25,Random,-9999,16264d9174a16b23,2.4129998683929443,0.3300001621246338,1638292769.942,4,socks,dawn,beach,dawn,socks,socks,dawn,beach,dawn,socks,3414.852872133255,2021-11-30T17:19:29.942000,1638289355.0891278
25,19,12,12,Random,-9999,ef083c79c13402d2,2.865999937057495,0.3540000915527344,1638292770.204,19,watermelon,fearful,dawn,fearful,watermelon,watermelon,fearful,dawn,fearful,watermelon,3415.1148722171783,2021-11-30T17:19:30.204000,1638289355.0891278
12,2,16,16,Random,-9999,57fb79cdc76041f8,3.2360000610351562,0.14100003242492676,1638292770.688,2,shirt,lemon,fearful,lemon,shirt,shirt,lemon,fearful,lemon,shirt,3415.5988721847534,2021-11-30T17:19:30.688000,1638289355.0891278
25,23,9,23,Random,-9999,16264d9174a16b23,3.1410000324249268,0.16100001335144043,1638292773.238,9,sky,near,dawn,sky,near,sky,near,dawn,sky,near,3418.1488721370697,2021-11-30T17:19:33.238000,1638289355.0891278
1,27,4,4,Random,-9999,16264d9174a16b23,2.4019999504089355,0.16000008583068848,1638292776.056,27,dusk,socks,pants,socks,dusk,dusk,socks,pants,socks,dusk,3420.966872215271,2021-11-30T17:19:36.056000,1638289355.0891278
6,15,24,15,Random,-9999,ef083c79c13402d2,8.160999774932861,0.3960001468658447,1638292778.799,24,blueberry,sunset,below,blueberry,sunset,blueberry,sunset,below,blueberry,sunset,3423.7098722457886,2021-11-30T17:19:38.799000,1638289355.0891278
23,14,0,0,Random,-9999,16264d9174a16b23,4.319000005722046,0.30099987983703613,1638292783.614,14,sad,dress,sky,dress,sad,sad,dress,sky,dress,sad,3428.524872303009,2021-11-30T17:19:43.614000,1638289355.0891278
6,0,28,0,Random,-9999,ef083c79c13402d2,4.601999998092651,0.440000057220459,1638292783.828,28,dress,night,below,dress,night,dress,night,below,dress,night,3428.7388722896576,2021-11-30T17:19:43.828000,1638289355.0891278
0,9,29,29,Random,-9999,ef083c79c13402d2,3.050999879837036,0.3990001678466797,1638292787.31,9,near,noon,dress,noon,near,near,noon,dress,noon,near,3432.2208721637726,2021-11-30T17:19:47.310000,1638289355.0891278
7,12,4,12,Random,-9999,16264d9174a16b23,4.91100001335144,0.12800002098083496,1638292788.714,4,fearful,socks,beside,fearful,socks,fearful,socks,beside,fearful,socks,3433.6248722076416,2021-11-30T17:19:48.714000,1638289355.0891278
26,9,5,5,Random,-9999,ef083c79c13402d2,3.06000018119812,0.4289999008178711,1638292790.703,9,near,above,day,above,near,near,above,day,above,near,3435.6138722896576,2021-11-30T17:19:50.703000,1638289355.0891278
13,16,28,16,Random,-9999,16264d9174a16b23,4.331000089645386,0.14699983596801758,1638292793.286,28,lemon,night,happy,lemon,night,lemon,night,happy,lemon,night,3438.1968722343445,2021-11-30T17:19:53.286000,1638289355.0891278
9,10,6,6,Random,-9999,ef083c79c13402d2,2.8299999237060547,0.4270000457763672,1638292793.958,10,angry,below,near,below,angry,angry,below,near,below,angry,3438.86887216568,2021-11-30T17:19:53.958000,1638289355.0891278
5,7,12,7,Random,-9999,ef083c79c13402d2,2.4580001831054688,0.3449997901916504,1638292796.834,12,beside,fearful,above,beside,fearful,beside,fearful,above,beside,fearful,3441.7448723316193,2021-11-30T17:19:56.834000,1638289355.0891278
12,22,26,22,Random,-9999,16264d9174a16b23,4.598999977111816,0.2980000972747803,1638292798.078,26,ocean,day,fearful,ocean,day,ocean,day,fearful,ocean,day,3442.9888722896576,2021-11-30T17:19:58.078000,1638289355.0891278
12,5,7,5,Random,-9999,ef083c79c13402d2,3.3289999961853027,0.4029998779296875,1638292800.521,7,above,beside,fearful,above,beside,above,beside,fearful,above,beside,3445.4318721294403,2021-11-30T17:20:00.521000,1638289355.0891278
25,6,23,23,Random,-9999,16264d9174a16b23,2.3429999351501465,0.1529998779296875,1638292800.584,6,below,sky,dawn,sky,below,below,sky,dawn,sky,below,3445.4948723316193,2021-11-30T17:20:00.584000,1638289355.0891278
20,9,15,9,Random,-9999,16264d9174a16b23,2.7899999618530273,0.46900010108947754,1638292800.657,15,near,blueberry,beach,near,blueberry,near,blueberry,beach,near,blueberry,3445.567872285843,2021-11-30T17:20:00.657000,1638289355.0891278
10,22,29,29,Random,-9999,ef083c79c13402d2,2.9170000553131104,0.3680000305175781,1638292803.794,22,ocean,noon,angry,noon,ocean,ocean,noon,angry,noon,ocean,3448.7048721313477,2021-11-30T17:20:03.794000,1638289355.0891278
2,15,19,19,Random,-9999,16264d9174a16b23,4.075999975204468,0.16499996185302734,1638292804.785,15,blueberry,watermelon,shirt,watermelon,blueberry,blueberry,watermelon,shirt,watermelon,blueberry,3449.6958723068237,2021-11-30T17:20:04.785000,1638289355.0891278
18,19,2,19,Random,-9999,16264d9174a16b23,1.8869998455047607,0.18800020217895508,1638292806.831,2,watermelon,shirt,strawberry,watermelon,shirt,watermelon,shirt,strawberry,watermelon,shirt,3451.7418723106384,2021-11-30T17:20:06.831000,1638289355.0891278
25,14,13,13,Random,-9999,ef083c79c13402d2,2.8630001544952393,0.35899996757507324,1638292807.065,14,sad,happy,dawn,happy,sad,sad,happy,dawn,happy,sad,3451.9758722782135,2021-11-30T17:20:07.065000,1638289355.0891278
2,5,7,7,Random,-9999,16264d9174a16b23,1.8900001049041748,0.14700007438659668,1638292808.868,5,above,beside,shirt,beside,above,above,beside,shirt,beside,above,3453.7788722515106,2021-11-30T17:20:08.868000,1638289355.0891278
1,10,20,20,Random,-9999,16264d9174a16b23,1.9769999980926514,0.08299994468688965,1638292811.005,10,angry,beach,pants,beach,angry,angry,beach,pants,beach,angry,3455.915872335434,2021-11-30T17:20:11.005000,1638289355.0891278
7,24,18,24,Random,-9999,ef083c79c13402d2,3.568000078201294,0.4100000858306885,1638292811.066,18,sunset,strawberry,beside,sunset,strawberry,sunset,strawberry,beside,sunset,strawberry,3455.9768722057343,2021-11-30T17:20:11.066000,1638289355.0891278
27,1,8,8,Random,-9999,16264d9174a16b23,2.7230000495910645,0.1510000228881836,1638292813.865,1,pants,far,dusk,far,pants,pants,far,dusk,far,pants,3458.77587223053,2021-11-30T17:20:13.865000,1638289355.0891278
1,2,3,2,Random,-9999,ef083c79c13402d2,3.990000009536743,0.4309999942779541,1638292815.47,3,shirt,shoes,pants,shirt,shoes,shirt,shoes,pants,shirt,shoes,3460.3808722496033,2021-11-30T17:20:15.470000,1638289355.0891278
13,23,27,23,Random,-9999,16264d9174a16b23,2.25,0.14300012588500977,1638292816.33,27,sky,dusk,happy,sky,dusk,sky,dusk,happy,sky,dusk,3461.240872144699,2021-11-30T17:20:16.330000,1638289355.0891278
14,0,11,11,Random,-9999,16264d9174a16b23,2.635999917984009,0.23099994659423828,1638292819.124,0,dress,disgust,sad,disgust,dress,dress,disgust,sad,disgust,dress,3464.0348722934723,2021-11-30T17:20:19.124000,1638289355.0891278
9,28,18,28,Random,-9999,ef083c79c13402d2,4.250999927520752,0.4090001583099365,1638292820.08,18,night,strawberry,near,night,strawberry,night,strawberry,near,night,strawberry,3464.990872144699,2021-11-30T17:20:20.080000,1638289355.0891278
18,24,16,16,Random,-9999,16264d9174a16b23,3.3540000915527344,0.15400004386901855,1638292822.635,24,sunset,lemon,strawberry,lemon,sunset,sunset,lemon,strawberry,lemon,sunset,3467.5458722114563,2021-11-30T17:20:22.635000,1638289355.0891278
24,16,8,8,Random,-9999,ef083c79c13402d2,3.1369998455047607,0.4590001106262207,1638292823.662,16,lemon,far,sunset,far,lemon,lemon,far,sunset,far,lemon,3468.5728721618652,2021-11-30T17:20:23.662000,1638289355.0891278
1,11,22,22,Random,-9999,16264d9174a16b23,2.617000102996826,0.15399980545043945,1638292825.401,11,disgust,ocean,pants,ocean,disgust,disgust,ocean,pants,ocean,disgust,3470.311872243881,2021-11-30T17:20:25.401000,1638289355.0891278
27,1,4,4,Random,-9999,ef083c79c13402d2,4.644999980926514,0.4780001640319824,1638292828.782,1,pants,socks,dusk,socks,pants,pants,socks,dusk,socks,pants,3473.692872285843,2021-11-30T17:20:28.782000,1638289355.0891278
16,15,4,15,Random,-9999,ef083c79c13402d2,2.6419999599456787,0.3469998836517334,1638292831.864,4,blueberry,socks,lemon,blueberry,socks,blueberry,socks,lemon,blueberry,socks,3476.774872303009,2021-11-30T17:20:31.864000,1638289355.0891278
14,22,21,21,Random,-9999,ef083c79c13402d2,3.4739999771118164,0.42100000381469727,1638292835.744,22,ocean,field,sad,field,ocean,ocean,field,sad,field,ocean,3480.6548721790314,2021-11-30T17:20:35.744000,1638289355.0891278
5,22,2,2,Random,-9999,16264d9174a16b23,12.485000133514404,0.14599990844726562,1638292838.048,22,ocean,shirt,above,shirt,ocean,ocean,shirt,above,shirt,ocean,3482.958872318268,2021-11-30T17:20:38.048000,1638289355.0891278
22,26,10,26,Random,-9999,57fb79cdc76041f8,68.04200005531311,0.15199995040893555,1638292838.88,10,day,angry,ocean,day,angry,day,angry,ocean,day,angry,3483.790872335434,2021-11-30T17:20:38.880000,1638289355.0891278
22,8,11,8,Random,-9999,16264d9174a16b23,1.7940001487731934,0.14999985694885254,1638292839.921,11,far,disgust,ocean,far,disgust,far,disgust,ocean,far,disgust,3484.8318722248077,2021-11-30T17:20:39.921000,1638289355.0891278
20,27,24,24,Random,-9999,ef083c79c13402d2,3.7940001487731934,0.4240000247955322,1638292839.949,27,dusk,sunset,beach,sunset,dusk,dusk,sunset,beach,sunset,dusk,3484.8598721027374,2021-11-30T17:20:39.949000,1638289355.0891278
13,15,11,15,Random,-9999,57fb79cdc76041f8,1.6110000610351562,0.16100001335144043,1638292840.596,11,blueberry,disgust,happy,blueberry,disgust,blueberry,disgust,happy,blueberry,disgust,3485.506872177124,2021-11-30T17:20:40.596000,1638289355.0891278
28,1,22,22,Random,-9999,57fb79cdc76041f8,2.200000047683716,0.07599997520446777,1638292842.934,1,pants,ocean,night,ocean,pants,pants,ocean,night,ocean,pants,3487.844872236252,2021-11-30T17:20:42.934000,1638289355.0891278
20,9,28,28,Random,-9999,16264d9174a16b23,2.748000144958496,0.2049999237060547,1638292842.947,9,near,night,beach,night,near,near,night,beach,night,near,3487.857872247696,2021-11-30T17:20:42.947000,1638289355.0891278
16,15,27,15,Random,-9999,ef083c79c13402d2,2.7780001163482666,0.4049999713897705,1638292843.118,27,blueberry,dusk,lemon,blueberry,dusk,blueberry,dusk,lemon,blueberry,dusk,3488.0288722515106,2021-11-30T17:20:43.118000,1638289355.0891278
6,28,19,28,Random,-9999,57fb79cdc76041f8,1.5269999504089355,0.1640000343322754,1638292844.564,19,night,watermelon,below,night,watermelon,night,watermelon,below,night,watermelon,3489.474872112274,2021-11-30T17:20:44.564000,1638289355.0891278
21,24,15,24,Random,-9999,16264d9174a16b23,2.567999839782715,0.1549999713897705,1638292845.663,15,sunset,blueberry,field,sunset,blueberry,sunset,blueberry,field,sunset,blueberry,3490.5738723278046,2021-11-30T17:20:45.663000,1638289355.0891278
4,12,23,23,Random,-9999,57fb79cdc76041f8,1.5450000762939453,0.08999991416931152,1638292846.196,12,fearful,sky,socks,sky,fearful,fearful,sky,socks,sky,fearful,3491.106872320175,2021-11-30T17:20:46.196000,1638289355.0891278
0,24,3,3,Random,-9999,ef083c79c13402d2,2.571000099182129,0.3969998359680176,1638292846.428,24,sunset,shoes,dress,shoes,sunset,sunset,shoes,dress,shoes,sunset,3491.33887219429,2021-11-30T17:20:46.428000,1638289355.0891278
5,23,0,23,Random,-9999,57fb79cdc76041f8,1.4839999675750732,0.08299994468688965,1638292847.762,0,sky,dress,above,sky,dress,sky,dress,above,sky,dress,3492.6728723049164,2021-11-30T17:20:47.762000,1638289355.0891278
20,17,25,25,Random,-9999,16264d9174a16b23,2.7200000286102295,0.15400004386901855,1638292848.558,17,mango,dawn,beach,dawn,mango,mango,dawn,beach,dawn,mango,3493.468872308731,2021-11-30T17:20:48.558000,1638289355.0891278
24,9,20,20,Random,-9999,57fb79cdc76041f8,1.4579999446868896,0.08100008964538574,1638292849.302,9,near,beach,sunset,beach,near,near,beach,sunset,beach,near,3494.2128722667694,2021-11-30T17:20:49.302000,1638289355.0891278
25,24,20,24,Random,-9999,ef083c79c13402d2,2.866999864578247,0.4010000228881836,1638292849.367,20,sunset,beach,dawn,sunset,beach,sunset,beach,dawn,sunset,beach,3494.27787232399,2021-11-30T17:20:49.367000,1638289355.0891278
13,17,1,17,Random,-9999,16264d9174a16b23,2.0220000743865967,0.18199992179870605,1638292850.745,1,mango,pants,happy,mango,pants,mango,pants,happy,mango,pants,3495.655872106552,2021-11-30T17:20:50.745000,1638289355.0891278
1,22,4,4,Random,-9999,57fb79cdc76041f8,1.7810001373291016,0.0820000171661377,1638292851.166,22,ocean,socks,pants,socks,ocean,ocean,socks,pants,socks,ocean,3496.076872110367,2021-11-30T17:20:51.166000,1638289355.0891278
19,14,29,29,Random,-9999,ef083c79c13402d2,2.7780001163482666,0.4049999713897705,1638292852.539,14,sad,noon,watermelon,noon,sad,sad,noon,watermelon,noon,sad,3497.4498722553253,2021-11-30T17:20:52.539000,1638289355.0891278
5,27,4,27,Random,-9999,57fb79cdc76041f8,1.7309999465942383,0.08099985122680664,1638292852.976,4,dusk,socks,above,dusk,socks,dusk,socks,above,dusk,socks,3497.886872291565,2021-11-30T17:20:52.976000,1638289355.0891278
2,16,18,18,Random,-9999,16264d9174a16b23,2.2909998893737793,0.16100001335144043,1638292853.303,16,lemon,strawberry,shirt,strawberry,lemon,lemon,strawberry,shirt,strawberry,lemon,3498.21387219429,2021-11-30T17:20:53.303000,1638289355.0891278
22,7,23,23,Random,-9999,57fb79cdc76041f8,1.61899995803833,0.08000016212463379,1638292854.676,7,beside,sky,ocean,sky,beside,beside,sky,ocean,sky,beside,3499.5868723392487,2021-11-30T17:20:54.676000,1638289355.0891278
4,9,17,17,Random,-9999,ef083c79c13402d2,2.8269999027252197,0.3970000743865967,1638292855.713,9,near,mango,socks,mango,near,near,mango,socks,mango,near,3500.623872280121,2021-11-30T17:20:55.713000,1638289355.0891278
13,9,23,23,Random,-9999,57fb79cdc76041f8,1.371000051498413,0.08299994468688965,1638292856.131,9,near,sky,happy,sky,near,near,sky,happy,sky,near,3501.0418722629547,2021-11-30T17:20:56.131000,1638289355.0891278
7,24,26,26,Random,-9999,16264d9174a16b23,2.8399999141693115,0.3250000476837158,1638292856.356,24,sunset,day,beside,day,sunset,sunset,day,beside,day,sunset,3501.2668721675873,2021-11-30T17:20:56.356000,1638289355.0891278
29,14,13,13,Random,-9999,57fb79cdc76041f8,1.998000144958496,0.07999992370605469,1638292858.278,14,sad,happy,noon,happy,sad,sad,happy,noon,happy,sad,3503.1888723373413,2021-11-30T17:20:58.278000,1638289355.0891278
14,13,4,13,Random,-9999,ef083c79c13402d2,2.2309999465942383,0.35000014305114746,1638292858.393,4,happy,socks,sad,happy,socks,happy,socks,sad,happy,socks,3503.3038721084595,2021-11-30T17:20:58.393000,1638289355.0891278
25,9,2,9,Random,-9999,16264d9174a16b23,3.190000057220459,0.17100000381469727,1638292859.728,2,near,shirt,dawn,near,shirt,near,shirt,dawn,near,shirt,3504.6388721466064,2021-11-30T17:20:59.728000,1638289355.0891278
7,26,0,26,Random,-9999,57fb79cdc76041f8,1.6679999828338623,0.15900015830993652,1638292860.035,0,day,dress,beside,day,dress,day,dress,beside,day,dress,3504.9458723068237,2021-11-30T17:21:00.035000,1638289355.0891278
27,26,4,4,Random,-9999,57fb79cdc76041f8,1.4559998512268066,0.07899999618530273,1638292861.574,26,day,socks,dusk,socks,day,day,socks,dusk,socks,day,3506.4848721027374,2021-11-30T17:21:01.574000,1638289355.0891278
16,13,28,13,Random,-9999,16264d9174a16b23,2.115000009536743,0.1700000762939453,1638292862.011,28,happy,night,lemon,happy,night,happy,night,lemon,happy,night,3506.921872138977,2021-11-30T17:21:02.011000,1638289355.0891278
13,3,4,3,Random,-9999,ef083c79c13402d2,3.2699999809265137,0.43900012969970703,1638292862.149,4,shoes,socks,happy,shoes,socks,shoes,socks,happy,shoes,socks,3507.059872150421,2021-11-30T17:21:02.149000,1638289355.0891278
18,20,16,16,Random,-9999,57fb79cdc76041f8,1.8959999084472656,0.0840001106262207,1638292863.55,20,beach,lemon,strawberry,lemon,beach,beach,lemon,strawberry,lemon,beach,3508.4608721733093,2021-11-30T17:21:03.550000,1638289355.0891278
3,0,10,0,Random,-9999,16264d9174a16b23,1.8840000629425049,0.1659998893737793,1638292863.988,10,dress,angry,shoes,dress,angry,dress,angry,shoes,dress,angry,3508.8988721370697,2021-11-30T17:21:03.988000,1638289355.0891278
8,16,25,25,Random,-9999,ef083c79c13402d2,3.2860000133514404,0.4179999828338623,1638292865.577,16,lemon,dawn,far,dawn,lemon,lemon,dawn,far,dawn,lemon,3510.4878721237183,2021-11-30T17:21:05.577000,1638289355.0891278
23,17,5,5,Random,-9999,16264d9174a16b23,1.5390000343322754,0.08299994468688965,1638292865.672,17,mango,above,sky,above,mango,mango,above,sky,above,mango,3510.5828721523285,2021-11-30T17:21:05.672000,1638289355.0891278
26,24,29,29,Random,-9999,57fb79cdc76041f8,2.190000057220459,0.08299994468688965,1638292865.884,24,sunset,noon,day,noon,sunset,sunset,noon,day,noon,sunset,3510.7948722839355,2021-11-30T17:21:05.884000,1638289355.0891278
6,8,29,8,Random,-9999,16264d9174a16b23,1.6559998989105225,0.1640000343322754,1638292867.438,29,far,noon,below,far,noon,far,noon,below,far,noon,3512.3488721847534,2021-11-30T17:21:07.438000,1638289355.0891278
9,22,23,23,Random,-9999,57fb79cdc76041f8,2.6710000038146973,0.15799999237060547,1638292869.023,22,ocean,sky,near,sky,ocean,ocean,sky,near,sky,ocean,3513.9338722229004,2021-11-30T17:21:09.023000,1638289355.0891278
10,0,29,29,Random,-9999,ef083c79c13402d2,3.5399999618530273,0.5929999351501465,1638292869.859,0,dress,noon,angry,noon,dress,dress,noon,angry,noon,dress,3514.769872188568,2021-11-30T17:21:09.859000,1638289355.0891278
15,12,27,27,Random,-9999,16264d9174a16b23,2.6480000019073486,0.09400010108947754,1638292870.25,12,fearful,dusk,blueberry,dusk,fearful,fearful,dusk,blueberry,dusk,fearful,3515.160872220993,2021-11-30T17:21:10.250000,1638289355.0891278
3,27,29,27,Random,-9999,57fb79cdc76041f8,1.8409998416900635,0.4630000591278076,1638292871.264,29,dusk,noon,shoes,dusk,noon,dusk,noon,shoes,dusk,noon,3516.174872159958,2021-11-30T17:21:11.264000,1638289355.0891278
8,5,26,5,Random,-9999,ef083c79c13402d2,2.884000062942505,0.3510000705718994,1638292873.119,26,above,day,far,above,day,above,day,far,above,day,3518.0298721790314,2021-11-30T17:21:13.119000,1638289355.0891278
26,2,10,2,Random,-9999,57fb79cdc76041f8,2.7139999866485596,0.315000057220459,1638292874.241,10,shirt,angry,day,shirt,angry,shirt,angry,day,shirt,angry,3519.1518721580505,2021-11-30T17:21:14.241000,1638289355.0891278
9,4,26,26,Random,-9999,16264d9174a16b23,3.8560001850128174,0.15999984741210938,1638292874.256,4,socks,day,near,day,socks,socks,day,near,day,socks,3519.1668722629547,2021-11-30T17:21:14.256000,1638289355.0891278
1,18,25,18,Random,-9999,57fb79cdc76041f8,2.0450000762939453,0.3410000801086426,1638292876.366,25,strawberry,dawn,pants,strawberry,dawn,strawberry,dawn,pants,strawberry,dawn,3521.2768721580505,2021-11-30T17:21:16.366000,1638289355.0891278
7,21,23,21,Random,-9999,16264d9174a16b23,2.196000099182129,0.15399980545043945,1638292876.776,23,field,sky,beside,field,sky,field,sky,beside,field,sky,3521.686872243881,2021-11-30T17:21:16.776000,1638289355.0891278
28,10,27,27,Random,-9999,57fb79cdc76041f8,1.437000036239624,0.13299989700317383,1638292877.934,10,angry,dusk,night,dusk,angry,angry,dusk,night,dusk,angry,3522.844872236252,2021-11-30T17:21:17.934000,1638289355.0891278
11,16,2,16,Random,-9999,ef083c79c13402d2,4.536999940872192,0.4049999713897705,1638292878.038,2,lemon,shirt,disgust,lemon,shirt,lemon,shirt,disgust,lemon,shirt,3522.9488723278046,2021-11-30T17:21:18.038000,1638289355.0891278
3,15,4,4,Random,-9999,16264d9174a16b23,1.9700000286102295,0.3280000686645508,1638292878.923,15,blueberry,socks,shoes,socks,blueberry,blueberry,socks,shoes,socks,blueberry,3523.833872318268,2021-11-30T17:21:18.923000,1638289355.0891278
6,2,13,2,Random,-9999,57fb79cdc76041f8,2.549999952316284,0.0820000171661377,1638292880.654,13,shirt,happy,below,shirt,happy,shirt,happy,below,shirt,happy,3525.564872264862,2021-11-30T17:21:20.654000,1638289355.0891278
19,29,10,29,Random,-9999,ef083c79c13402d2,3.48799991607666,0.37800002098083496,1638292881.932,10,noon,angry,watermelon,noon,angry,noon,angry,watermelon,noon,angry,3526.8428721427917,2021-11-30T17:21:21.932000,1638289355.0891278
27,20,16,20,Random,-9999,16264d9174a16b23,3.4820001125335693,0.16299986839294434,1638292882.55,16,beach,lemon,dusk,beach,lemon,beach,lemon,dusk,beach,lemon,3527.4608721733093,2021-11-30T17:21:22.550000,1638289355.0891278
13,11,15,11,Random,-9999,ef083c79c13402d2,2.88100004196167,0.4010000228881836,1638292885.219,15,disgust,blueberry,happy,disgust,blueberry,disgust,blueberry,happy,disgust,blueberry,3530.1298723220825,2021-11-30T17:21:25.219000,1638289355.0891278
8,13,1,1,Random,-9999,57fb79cdc76041f8,5.150000095367432,0.17199993133544922,1638292885.946,13,happy,pants,far,pants,happy,happy,pants,far,pants,happy,3530.856872320175,2021-11-30T17:21:25.946000,1638289355.0891278
14,11,12,12,Random,-9999,16264d9174a16b23,4.064000129699707,0.15599989891052246,1638292886.773,11,disgust,fearful,sad,fearful,disgust,disgust,fearful,sad,fearful,disgust,3531.6838722229004,2021-11-30T17:21:26.773000,1638289355.0891278
20,21,6,21,Random,-9999,ef083c79c13402d2,2.6560001373291016,0.38899993896484375,1638292888.277,6,field,below,beach,field,below,field,below,beach,field,below,3533.187872171402,2021-11-30T17:21:28.277000,1638289355.0891278
27,6,7,6,Random,-9999,57fb79cdc76041f8,2.3980000019073486,0.18700003623962402,1638292888.535,7,below,beside,dusk,below,beside,below,beside,dusk,below,beside,3533.4458723068237,2021-11-30T17:21:28.535000,1638289355.0891278
8,13,27,27,Random,-9999,16264d9174a16b23,2.122000217437744,0.19699978828430176,1638292889.134,13,happy,dusk,far,dusk,happy,happy,dusk,far,dusk,happy,3534.0448722839355,2021-11-30T17:21:29.134000,1638289355.0891278
17,20,24,20,Random,-9999,ef083c79c13402d2,2.5950000286102295,0.4219999313354492,1638292891.257,24,beach,sunset,mango,beach,sunset,beach,sunset,mango,beach,sunset,3536.1678721904755,2021-11-30T17:21:31.257000,1638289355.0891278
0,16,11,16,Random,-9999,16264d9174a16b23,2.067000150680542,0.18999981880187988,1638292891.353,11,lemon,disgust,dress,lemon,disgust,lemon,disgust,dress,lemon,disgust,3536.2638721466064,2021-11-30T17:21:31.353000,1638289355.0891278
0,22,24,24,Random,-9999,57fb79cdc76041f8,5.230000019073486,0.3529999256134033,1638292894.132,22,ocean,sunset,dress,sunset,ocean,ocean,sunset,dress,sunset,ocean,3539.0428721904755,2021-11-30T17:21:34.132000,1638289355.0891278
28,18,14,14,Random,-9999,ef083c79c13402d2,3.25600004196167,0.49199986457824707,1638292895.033,18,strawberry,sad,night,sad,strawberry,strawberry,sad,night,sad,strawberry,3539.9438722133636,2021-11-30T17:21:35.033000,1638289355.0891278
15,23,5,23,Random,-9999,16264d9174a16b23,4.412999868392944,0.1550002098083496,1638292895.912,5,sky,above,blueberry,sky,above,sky,above,blueberry,sky,above,3540.8228721618652,2021-11-30T17:21:35.912000,1638289355.0891278
6,22,23,22,Random,-9999,57fb79cdc76041f8,2.4059998989105225,0.1549999713897705,1638292896.679,23,ocean,sky,below,ocean,sky,ocean,sky,below,ocean,sky,3541.589872121811,2021-11-30T17:21:36.679000,1638289355.0891278
1,24,18,24,Random,-9999,ef083c79c13402d2,3.701000213623047,0.39999985694885254,1638292899.129,18,sunset,strawberry,pants,sunset,strawberry,sunset,strawberry,pants,sunset,strawberry,3544.0398721694946,2021-11-30T17:21:39.129000,1638289355.0891278
6,15,13,15,Random,-9999,57fb79cdc76041f8,3.1570000648498535,0.14499998092651367,1638292899.983,13,blueberry,happy,below,blueberry,happy,blueberry,happy,below,blueberry,happy,3544.8938722610474,2021-11-30T17:21:39.983000,1638289355.0891278
4,20,9,20,Random,-9999,16264d9174a16b23,4.043999910354614,0.16000008583068848,1638292900.208,9,beach,near,socks,beach,near,beach,near,socks,beach,near,3545.11887216568,2021-11-30T17:21:40.208000,1638289355.0891278
25,18,3,3,Random,-9999,57fb79cdc76041f8,2.5429999828338623,0.20300006866455078,1638292902.742,18,strawberry,shoes,dawn,shoes,strawberry,strawberry,shoes,dawn,shoes,strawberry,3547.65287232399,2021-11-30T17:21:42.742000,1638289355.0891278
13,22,8,8,Random,-9999,ef083c79c13402d2,3.246999979019165,0.4070000648498535,1638292902.817,22,ocean,far,happy,far,ocean,ocean,far,happy,far,ocean,3547.727872133255,2021-11-30T17:21:42.817000,1638289355.0891278
15,29,10,10,Random,-9999,16264d9174a16b23,3.859999895095825,0.3380000591278076,1638292904.301,29,noon,angry,blueberry,angry,noon,noon,angry,blueberry,angry,noon,3549.2118723392487,2021-11-30T17:21:44.301000,1638289355.0891278
29,24,14,14,Random,-9999,57fb79cdc76041f8,3.322000026702881,0.16100001335144043,1638292906.212,24,sunset,sad,noon,sad,sunset,sunset,sad,noon,sad,sunset,3551.1228721141815,2021-11-30T17:21:46.212000,1638289355.0891278
21,15,11,15,Random,-9999,ef083c79c13402d2,4.289000034332275,0.4440000057220459,1638292907.527,11,blueberry,disgust,field,blueberry,disgust,blueberry,disgust,field,blueberry,disgust,3552.437872171402,2021-11-30T17:21:47.527000,1638289355.0891278
14,10,13,10,Random,-9999,57fb79cdc76041f8,2.5,0.14499998092651367,1638292908.858,13,angry,happy,sad,angry,happy,angry,happy,sad,angry,happy,3553.7688722610474,2021-11-30T17:21:48.858000,1638289355.0891278
27,3,20,20,Random,-9999,16264d9174a16b23,5.236999988555908,0.1679999828338623,1638292909.705,3,shoes,beach,dusk,beach,shoes,shoes,beach,dusk,beach,shoes,3554.615872144699,2021-11-30T17:21:49.705000,1638289355.0891278
14,0,6,6,Random,-9999,57fb79cdc76041f8,1.6660001277923584,0.14599990844726562,1638292910.607,0,dress,below,sad,below,dress,dress,below,sad,below,dress,3555.5178723335266,2021-11-30T17:21:50.607000,1638289355.0891278
19,29,7,29,Random,-9999,ef083c79c13402d2,2.7690000534057617,0.4159998893737793,1638292910.709,7,noon,beside,watermelon,noon,beside,noon,beside,watermelon,noon,beside,3555.6198723316193,2021-11-30T17:21:50.709000,1638289355.0891278
25,5,20,20,Random,-9999,16264d9174a16b23,2.4610002040863037,0.1380000114440918,1638292912.32,5,above,beach,dawn,beach,above,above,beach,dawn,beach,above,3557.230872154236,2021-11-30T17:21:52.320000,1638289355.0891278
8,26,6,6,Random,-9999,57fb79cdc76041f8,1.941999912261963,0.0820000171661377,1638292912.739,26,day,below,far,below,day,day,below,far,below,day,3557.649872303009,2021-11-30T17:21:52.739000,1638289355.0891278
9,17,0,0,Random,-9999,ef083c79c13402d2,3.632999897003174,0.4030001163482666,1638292914.699,17,mango,dress,near,dress,mango,mango,dress,near,dress,mango,3559.6098721027374,2021-11-30T17:21:54.699000,1638289355.0891278
3,5,6,5,Random,-9999,16264d9174a16b23,2.2120001316070557,0.16499996185302734,1638292914.82,6,above,below,shoes,above,below,above,below,shoes,above,below,3559.730872154236,2021-11-30T17:21:54.820000,1638289355.0891278
7,11,4,11,Random,-9999,57fb79cdc76041f8,2.802000045776367,0.19099998474121094,1638292915.687,4,disgust,socks,beside,disgust,socks,disgust,socks,beside,disgust,socks,3560.5978722572327,2021-11-30T17:21:55.687000,1638289355.0891278
25,9,0,9,Random,-9999,16264d9174a16b23,2.574000120162964,0.30099987983703613,1638292917.583,0,near,dress,dawn,near,dress,near,dress,dawn,near,dress,3562.49387216568,2021-11-30T17:21:57.583000,1638289355.0891278
4,24,15,15,Random,-9999,ef083c79c13402d2,2.9149999618530273,0.26999998092651367,1638292917.978,24,sunset,blueberry,socks,blueberry,sunset,sunset,blueberry,socks,blueberry,sunset,3562.8888721466064,2021-11-30T17:21:57.978000,1638289355.0891278
12,18,11,11,Random,-9999,16264d9174a16b23,1.8340001106262207,0.1659998893737793,1638292919.504,18,strawberry,disgust,fearful,disgust,strawberry,strawberry,disgust,fearful,disgust,strawberry,3564.4148721694946,2021-11-30T17:21:59.504000,1638289355.0891278
4,1,16,1,Random,-9999,57fb79cdc76041f8,4.572999954223633,0.14400005340576172,1638292920.403,16,pants,lemon,socks,pants,lemon,pants,lemon,socks,pants,lemon,3565.3138723373413,2021-11-30T17:22:00.403000,1638289355.0891278
9,26,21,26,Random,-9999,ef083c79c13402d2,3.115000009536743,0.4630000591278076,1638292921.455,21,day,field,near,day,field,day,field,near,day,field,3566.365872144699,2021-11-30T17:22:01.455000,1638289355.0891278
17,19,6,19,Random,-9999,16264d9174a16b23,2.2170000076293945,0.08099985122680664,1638292921.85,6,watermelon,below,mango,watermelon,below,watermelon,below,mango,watermelon,below,3566.7608721256256,2021-11-30T17:22:01.850000,1638289355.0891278
5,8,21,8,Random,-9999,57fb79cdc76041f8,1.816999912261963,0.1510000228881836,1638292922.311,21,far,field,above,far,field,far,field,above,far,field,3567.221872329712,2021-11-30T17:22:02.311000,1638289355.0891278
12,11,26,11,Random,-9999,16264d9174a16b23,1.7740001678466797,0.1549999713897705,1638292923.735,26,disgust,day,fearful,disgust,day,disgust,day,fearful,disgust,day,3568.645872116089,2021-11-30T17:22:03.735000,1638289355.0891278
8,16,27,27,Random,-9999,ef083c79c13402d2,2.7709999084472656,0.3600001335144043,1638292924.627,16,lemon,dusk,far,dusk,lemon,lemon,dusk,far,dusk,lemon,3569.537872314453,2021-11-30T17:22:04.627000,1638289355.0891278
13,5,29,5,Random,-9999,57fb79cdc76041f8,2.61899995803833,0.0820000171661377,1638292925.073,29,above,noon,happy,above,noon,above,noon,happy,above,noon,3569.9838721752167,2021-11-30T17:22:05.073000,1638289355.0891278
22,2,17,2,Random,-9999,16264d9174a16b23,1.7309999465942383,0.08699989318847656,1638292925.652,17,shirt,mango,ocean,shirt,mango,shirt,mango,ocean,shirt,mango,3570.562872171402,2021-11-30T17:22:05.652000,1638289355.0891278
20,22,26,22,Random,-9999,57fb79cdc76041f8,1.7039999961853027,0.15600013732910156,1638292926.874,26,ocean,day,beach,ocean,day,ocean,day,beach,ocean,day,3571.7848722934723,2021-11-30T17:22:06.874000,1638289355.0891278
13,24,29,24,Random,-9999,ef083c79c13402d2,2.4570000171661377,0.4030001163482666,1638292927.5,29,sunset,noon,happy,sunset,noon,sunset,noon,happy,sunset,noon,3572.410872220993,2021-11-30T17:22:07.500000,1638289355.0891278
23,25,8,8,Random,-9999,16264d9174a16b23,2.3540000915527344,0.2649998664855957,1638292928.234,25,dawn,far,sky,far,dawn,dawn,far,sky,far,dawn,3573.144872188568,2021-11-30T17:22:08.234000,1638289355.0891278
8,1,19,19,Random,-9999,57fb79cdc76041f8,2.3320000171661377,0.07599997520446777,1638292929.339,1,pants,watermelon,far,watermelon,pants,pants,watermelon,far,watermelon,pants,3574.2498722076416,2021-11-30T17:22:09.339000,1638289355.0891278
13,3,17,17,Random,-9999,57fb79cdc76041f8,2.069999933242798,0.15799999237060547,1638292931.613,3,shoes,mango,happy,mango,shoes,shoes,mango,happy,mango,shoes,3576.5238721370697,2021-11-30T17:22:11.613000,1638289355.0891278
10,26,5,26,Random,-9999,ef083c79c13402d2,4.482999801635742,0.5130000114440918,1638292932.519,5,day,above,angry,day,above,day,above,angry,day,above,3577.429872274399,2021-11-30T17:22:12.519000,1638289355.0891278
7,12,29,12,Random,-9999,16264d9174a16b23,4.396000146865845,0.15899991989135742,1638292932.803,29,fearful,noon,beside,fearful,noon,fearful,noon,beside,fearful,noon,3577.71387219429,2021-11-30T17:22:12.803000,1638289355.0891278
21,10,7,7,Random,-9999,57fb79cdc76041f8,1.4070000648498535,0.21700000762939453,1638292933.133,10,angry,beside,field,beside,angry,angry,beside,field,beside,angry,3578.043872117996,2021-11-30T17:22:13.133000,1638289355.0891278
2,8,24,24,Random,-9999,ef083c79c13402d2,3.191999912261963,0.6360001564025879,1638292936.23,8,far,sunset,shirt,sunset,far,far,sunset,shirt,sunset,far,3581.1408722400665,2021-11-30T17:22:16.230000,1638289355.0891278
5,6,10,6,Random,-9999,57fb79cdc76041f8,3.5789999961853027,0.0840001106262207,1638292936.854,10,below,angry,above,below,angry,below,angry,above,below,angry,3581.764872312546,2021-11-30T17:22:16.854000,1638289355.0891278
17,6,2,2,Random,-9999,57fb79cdc76041f8,2.421999931335449,0.14700007438659668,1638292939.416,6,below,shirt,mango,shirt,below,below,shirt,mango,shirt,below,3584.326872110367,2021-11-30T17:22:19.416000,1638289355.0891278
24,18,2,2,Random,-9999,ef083c79c13402d2,3.9040000438690186,0.2999999523162842,1638292940.508,18,strawberry,shirt,sunset,shirt,strawberry,strawberry,shirt,sunset,shirt,strawberry,3585.418872117996,2021-11-30T17:22:20.508000,1638289355.0891278
15,3,11,3,Random,-9999,57fb79cdc76041f8,1.8929998874664307,0.14299988746643066,1638292941.392,11,shoes,disgust,blueberry,shoes,disgust,shoes,disgust,blueberry,shoes,disgust,3586.3028721809387,2021-11-30T17:22:21.392000,1638289355.0891278
15,4,12,4,Random,-9999,57fb79cdc76041f8,1.5939998626708984,0.07700014114379883,1638292943.062,12,socks,fearful,blueberry,socks,fearful,socks,fearful,blueberry,socks,fearful,3587.9728722572327,2021-11-30T17:22:23.062000,1638289355.0891278
9,25,1,25,Random,-9999,16264d9174a16b23,11.7739999294281,0.1679999828338623,1638292944.715,1,dawn,pants,near,dawn,pants,dawn,pants,near,dawn,pants,3589.6258721351624,2021-11-30T17:22:24.715000,1638289355.0891278
3,28,16,28,Random,-9999,ef083c79c13402d2,3.815999984741211,0.3989999294281006,1638292944.756,16,night,lemon,shoes,night,lemon,night,lemon,shoes,night,lemon,3589.6668722629547,2021-11-30T17:22:24.756000,1638289355.0891278
20,15,1,15,Random,-9999,57fb79cdc76041f8,1.7990000247955322,0.07700014114379883,1638292944.937,1,blueberry,pants,beach,blueberry,pants,blueberry,pants,beach,blueberry,pants,3589.8478722572327,2021-11-30T17:22:24.937000,1638289355.0891278
9,17,11,11,Random,-9999,57fb79cdc76041f8,2.621000051498413,0.07899999618530273,1638292947.706,17,mango,disgust,near,disgust,mango,mango,disgust,near,disgust,mango,3592.6168723106384,2021-11-30T17:22:27.706000,1638289355.0891278
13,21,11,11,Random,-9999,ef083c79c13402d2,3.115000009536743,0.34400010108947754,1638292948.095,21,field,disgust,happy,disgust,field,field,disgust,happy,disgust,field,3593.0058722496033,2021-11-30T17:22:28.095000,1638289355.0891278
11,0,1,1,Random,-9999,57fb79cdc76041f8,2.5999999046325684,0.15000009536743164,1638292950.456,0,dress,pants,disgust,pants,dress,dress,pants,disgust,pants,dress,3595.3668723106384,2021-11-30T17:22:30.456000,1638289355.0891278
18,12,9,12,Random,-9999,16264d9174a16b23,5.648999929428101,0.15000009536743164,1638292950.54,9,fearful,near,strawberry,fearful,near,fearful,near,strawberry,fearful,near,3595.450872182846,2021-11-30T17:22:30.540000,1638289355.0891278
9,19,21,19,Random,-9999,ef083c79c13402d2,3.881999969482422,0.4399998188018799,1638292952.469,21,watermelon,field,near,watermelon,field,watermelon,field,near,watermelon,field,3597.3798723220825,2021-11-30T17:22:32.469000,1638289355.0891278
17,11,15,15,Random,-9999,57fb79cdc76041f8,2.5939998626708984,0.15199995040893555,1638292953.195,11,disgust,blueberry,mango,blueberry,disgust,disgust,blueberry,mango,blueberry,disgust,3598.105872154236,2021-11-30T17:22:33.195000,1638289355.0891278
7,19,27,27,Random,-9999,16264d9174a16b23,3.2009999752044678,0.2609999179840088,1638292954.0,19,watermelon,dusk,beside,dusk,watermelon,watermelon,dusk,beside,dusk,watermelon,3598.910872220993,2021-11-30T17:22:34,1638289355.0891278
7,11,20,11,Random,-9999,57fb79cdc76041f8,1.8989999294281006,0.15400004386901855,1638292955.192,20,disgust,beach,beside,disgust,beach,disgust,beach,beside,disgust,beach,3600.102872133255,2021-11-30T17:22:35.192000,1638289355.0891278
4,26,24,24,Random,-9999,57fb79cdc76041f8,1.3589999675750732,0.07999992370605469,1638292956.629,26,day,sunset,socks,sunset,day,day,sunset,socks,sunset,day,3601.5398721694946,2021-11-30T17:22:36.629000,1638289355.0891278
29,1,27,27,Random,-9999,16264d9174a16b23,2.807999849319458,0.17500019073486328,1638292956.986,1,pants,dusk,noon,dusk,pants,pants,dusk,noon,dusk,pants,3601.896872282028,2021-11-30T17:22:36.986000,1638289355.0891278
10,7,24,7,Random,-9999,57fb79cdc76041f8,0.9230000972747803,0.07800006866455078,1638292957.629,24,beside,sunset,angry,beside,sunset,beside,sunset,angry,beside,sunset,3602.5398721694946,2021-11-30T17:22:37.629000,1638289355.0891278
11,18,22,22,Random,-9999,ef083c79c13402d2,5.313999891281128,0.3900001049041748,1638292958.216,18,strawberry,ocean,disgust,ocean,strawberry,strawberry,ocean,disgust,ocean,strawberry,3603.1268723011017,2021-11-30T17:22:38.216000,1638289355.0891278
5,15,9,9,Random,-9999,57fb79cdc76041f8,0.6790001392364502,0.07499980926513672,1638292958.382,15,blueberry,near,above,near,blueberry,blueberry,near,above,near,blueberry,3603.2928721904755,2021-11-30T17:22:38.382000,1638289355.0891278
24,5,23,5,Random,-9999,57fb79cdc76041f8,0.5119998455047607,0.12100005149841309,1638292959.015,23,above,sky,sunset,above,sky,above,sky,sunset,above,sky,3603.925872325897,2021-11-30T17:22:39.015000,1638289355.0891278
11,24,9,9,Random,-9999,57fb79cdc76041f8,0.7190001010894775,0.07500004768371582,1638292959.81,24,sunset,near,disgust,near,sunset,sunset,near,disgust,near,sunset,3604.7208721637726,2021-11-30T17:22:39.810000,1638289355.0891278
26,28,8,28,Random,-9999,57fb79cdc76041f8,0.6390001773834229,0.07899999618530273,1638292960.526,8,night,far,day,night,far,night,far,day,night,far,3605.436872243881,2021-11-30T17:22:40.526000,1638289355.0891278
3,23,10,23,Random,-9999,16264d9174a16b23,3.5809998512268066,0.1660001277923584,1638292960.72,10,sky,angry,shoes,sky,angry,sky,angry,shoes,sky,angry,3605.6308722496033,2021-11-30T17:22:40.720000,1638289355.0891278
24,22,28,28,Random,-9999,57fb79cdc76041f8,0.6519999504089355,0.07800006866455078,1638292961.256,22,ocean,night,sunset,night,ocean,ocean,night,sunset,night,ocean,3606.1668722629547,2021-11-30T17:22:41.256000,1638289355.0891278
22,25,27,25,Random,-9999,57fb79cdc76041f8,0.7100000381469727,0.07500004768371582,1638292962.045,27,dawn,dusk,ocean,dawn,dusk,dawn,dusk,ocean,dawn,dusk,3606.955872297287,2021-11-30T17:22:42.045000,1638289355.0891278
2,1,3,1,Random,-9999,ef083c79c13402d2,3.552999973297119,0.4200000762939453,1638292962.211,3,pants,shoes,shirt,pants,shoes,pants,shoes,shirt,pants,shoes,3607.1218721866608,2021-11-30T17:22:42.211000,1638289355.0891278
18,4,19,19,Random,-9999,57fb79cdc76041f8,0.9060001373291016,0.07999992370605469,1638292963.026,4,socks,watermelon,strawberry,watermelon,socks,socks,watermelon,strawberry,watermelon,socks,3607.936872243881,2021-11-30T17:22:43.026000,1638289355.0891278
15,25,4,4,Random,-9999,57fb79cdc76041f8,1.0250000953674316,0.08099985122680664,1638292964.134,25,dawn,socks,blueberry,socks,dawn,dawn,socks,blueberry,socks,dawn,3609.0448722839355,2021-11-30T17:22:44.134000,1638289355.0891278
29,4,14,4,Random,-9999,16264d9174a16b23,3.5990002155303955,0.18199992179870605,1638292964.671,14,socks,sad,noon,socks,sad,socks,sad,noon,socks,sad,3609.5818722248077,2021-11-30T17:22:44.671000,1638289355.0891278
10,24,26,24,Random,-9999,57fb79cdc76041f8,0.623999834060669,0.07899999618530273,1638292964.839,26,sunset,day,angry,sunset,day,sunset,day,angry,sunset,day,3609.7498722076416,2021-11-30T17:22:44.839000,1638289355.0891278
3,24,0,0,Random,-9999,57fb79cdc76041f8,0.6979999542236328,0.08000016212463379,1638292965.616,24,sunset,dress,shoes,dress,sunset,sunset,dress,shoes,dress,sunset,3610.5268721580505,2021-11-30T17:22:45.616000,1638289355.0891278
22,29,24,24,Random,-9999,ef083c79c13402d2,3.432000160217285,0.4289999008178711,1638292966.0,29,noon,sunset,ocean,sunset,noon,noon,sunset,ocean,sunset,noon,3610.910872220993,2021-11-30T17:22:46,1638289355.0891278
17,24,13,24,Random,-9999,57fb79cdc76041f8,1.004000186920166,0.07899999618530273,1638292966.701,13,sunset,happy,mango,sunset,happy,sunset,happy,mango,sunset,happy,3611.6118721961975,2021-11-30T17:22:46.701000,1638289355.0891278
6,0,18,18,Random,-9999,16264d9174a16b23,2.4220001697540283,0.370999813079834,1638292967.28,0,dress,strawberry,below,strawberry,dress,dress,strawberry,below,strawberry,dress,3612.190872192383,2021-11-30T17:22:47.280000,1638289355.0891278
25,15,7,15,Random,-9999,57fb79cdc76041f8,1.814000129699707,0.08099985122680664,1638292968.594,7,blueberry,beside,dawn,blueberry,beside,blueberry,beside,dawn,blueberry,beside,3613.5048723220825,2021-11-30T17:22:48.594000,1638289355.0891278
4,26,23,26,Random,-9999,57fb79cdc76041f8,0.6089999675750732,0.07999992370605469,1638292969.283,23,day,sky,socks,day,sky,day,sky,socks,day,sky,3614.1938722133636,2021-11-30T17:22:49.283000,1638289355.0891278
15,18,22,22,Random,-9999,57fb79cdc76041f8,1.001999855041504,0.08000016212463379,1638292970.365,18,strawberry,ocean,blueberry,ocean,strawberry,strawberry,ocean,blueberry,ocean,strawberry,3615.27587223053,2021-11-30T17:22:50.365000,1638289355.0891278
0,4,5,4,Random,-9999,16264d9174a16b23,3.001999855041504,0.14800000190734863,1638292970.44,5,socks,above,dress,socks,above,socks,above,dress,socks,above,3615.3508722782135,2021-11-30T17:22:50.440000,1638289355.0891278
1,3,15,3,Random,-9999,ef083c79c13402d2,4.453000068664551,0.3559999465942383,1638292970.813,15,shoes,blueberry,pants,shoes,blueberry,shoes,blueberry,pants,shoes,blueberry,3615.7238721847534,2021-11-30T17:22:50.813000,1638289355.0891278
9,0,17,0,Random,-9999,57fb79cdc76041f8,0.5570001602172852,0.07599997520446777,1638292970.997,17,dress,mango,near,dress,mango,dress,mango,near,dress,mango,3615.907872200012,2021-11-30T17:22:50.997000,1638289355.0891278
9,29,17,17,Random,-9999,57fb79cdc76041f8,0.5840001106262207,0.07399988174438477,1638292971.655,29,noon,mango,near,mango,noon,noon,mango,near,mango,noon,3616.565872192383,2021-11-30T17:22:51.655000,1638289355.0891278
25,5,15,5,Random,-9999,57fb79cdc76041f8,0.5550000667572021,0.07899999618530273,1638292972.29,15,above,blueberry,dawn,above,blueberry,above,blueberry,dawn,above,blueberry,3617.200872182846,2021-11-30T17:22:52.290000,1638289355.0891278
18,8,9,9,Random,-9999,16264d9174a16b23,2.2029998302459717,0.14600014686584473,1638292972.787,8,far,near,strawberry,near,far,far,near,strawberry,near,far,3617.6978721618652,2021-11-30T17:22:52.787000,1638289355.0891278
28,21,2,21,Random,-9999,57fb79cdc76041f8,0.562999963760376,0.07800006866455078,1638292972.928,2,field,shirt,night,field,shirt,field,shirt,night,field,shirt,3617.83887219429,2021-11-30T17:22:52.928000,1638289355.0891278
26,25,18,25,Random,-9999,ef083c79c13402d2,2.1480000019073486,0.3640000820159912,1638292973.379,18,dawn,strawberry,day,dawn,strawberry,dawn,strawberry,day,dawn,strawberry,3618.2898721694946,2021-11-30T17:22:53.379000,1638289355.0891278
1,6,0,6,Random,-9999,57fb79cdc76041f8,0.556999921798706,0.07699990272521973,1638292973.561,0,below,dress,pants,below,dress,below,dress,pants,below,dress,3618.471872329712,2021-11-30T17:22:53.561000,1638289355.0891278
19,25,1,25,Random,-9999,57fb79cdc76041f8,0.6130001544952393,0.07699990272521973,1638292974.25,1,dawn,pants,watermelon,dawn,pants,dawn,pants,watermelon,dawn,pants,3619.160872220993,2021-11-30T17:22:54.250000,1638289355.0891278
21,12,20,12,Random,-9999,57fb79cdc76041f8,0.8020000457763672,0.08699989318847656,1638292975.14,20,fearful,beach,field,fearful,beach,fearful,beach,field,fearful,beach,3620.050872325897,2021-11-30T17:22:55.140000,1638289355.0891278
25,12,22,12,Random,-9999,57fb79cdc76041f8,0.6449999809265137,0.08500003814697266,1638292975.869,22,fearful,ocean,dawn,fearful,ocean,fearful,ocean,dawn,fearful,ocean,3620.7798721790314,2021-11-30T17:22:55.869000,1638289355.0891278
17,24,23,24,Random,-9999,16264d9174a16b23,3.2320001125335693,0.15799999237060547,1638292976.294,23,sunset,sky,mango,sunset,sky,sunset,sky,mango,sunset,sky,3621.2048721313477,2021-11-30T17:22:56.294000,1638289355.0891278
24,9,2,9,Random,-9999,57fb79cdc76041f8,0.6170001029968262,0.07999992370605469,1638292976.566,2,near,shirt,sunset,near,shirt,near,shirt,sunset,near,shirt,3621.4768722057343,2021-11-30T17:22:56.566000,1638289355.0891278
20,3,24,3,Random,-9999,57fb79cdc76041f8,0.681999921798706,0.07899999618530273,1638292977.326,24,shoes,sunset,beach,shoes,sunset,shoes,sunset,beach,shoes,sunset,3622.2368721961975,2021-11-30T17:22:57.326000,1638289355.0891278
28,24,21,24,Random,-9999,57fb79cdc76041f8,0.5310001373291016,0.08599996566772461,1638292977.944,21,sunset,field,night,sunset,field,sunset,field,night,sunset,field,3622.854872226715,2021-11-30T17:22:57.944000,1638289355.0891278
0,21,4,4,Random,-9999,57fb79cdc76041f8,0.6410000324249268,0.08099985122680664,1638292978.667,21,field,socks,dress,socks,field,field,socks,dress,socks,field,3623.577872276306,2021-11-30T17:22:58.667000,1638289355.0891278
2,13,4,13,Random,-9999,57fb79cdc76041f8,0.8159999847412109,0.0820000171661377,1638292979.564,4,happy,socks,shirt,happy,socks,happy,socks,shirt,happy,socks,3624.474872112274,2021-11-30T17:22:59.564000,1638289355.0891278
15,26,11,11,Random,-9999,57fb79cdc76041f8,0.6230001449584961,0.0820000171661377,1638292980.269,26,day,disgust,blueberry,disgust,day,day,disgust,blueberry,disgust,day,3625.179872274399,2021-11-30T17:23:00.269000,1638289355.0891278
20,7,24,7,Random,-9999,ef083c79c13402d2,6.547999858856201,0.4100000858306885,1638292980.324,24,beside,sunset,beach,beside,sunset,beside,sunset,beach,beside,sunset,3625.2348721027374,2021-11-30T17:23:00.324000,1638289355.0891278
10,19,0,0,Random,-9999,57fb79cdc76041f8,0.4960000514984131,0.07999992370605469,1638292980.846,19,watermelon,dress,angry,dress,watermelon,watermelon,dress,angry,dress,watermelon,3625.756872177124,2021-11-30T17:23:00.846000,1638289355.0891278
22,13,0,0,Random,-9999,57fb79cdc76041f8,0.5920000076293945,0.0820000171661377,1638292981.521,13,happy,dress,ocean,dress,happy,happy,dress,ocean,dress,happy,3626.4318721294403,2021-11-30T17:23:01.521000,1638289355.0891278
12,14,10,14,Random,-9999,57fb79cdc76041f8,0.5559999942779541,0.08499979972839355,1638292982.16,10,sad,angry,fearful,sad,angry,sad,angry,fearful,sad,angry,3627.0708723068237,2021-11-30T17:23:02.160000,1638289355.0891278
17,15,12,12,Random,-9999,57fb79cdc76041f8,0.931999921798706,0.09400010108947754,1638292983.187,15,blueberry,fearful,mango,fearful,blueberry,blueberry,fearful,mango,fearful,blueberry,3628.0978722572327,2021-11-30T17:23:03.187000,1638289355.0891278
11,24,19,24,Random,-9999,57fb79cdc76041f8,0.6200001239776611,0.08500003814697266,1638292983.891,19,sunset,watermelon,disgust,sunset,watermelon,sunset,watermelon,disgust,sunset,watermelon,3628.801872253418,2021-11-30T17:23:03.891000,1638289355.0891278
2,0,29,29,Random,-9999,16264d9174a16b23,7.545000076293945,0.26799988746643066,1638292983.982,0,dress,noon,shirt,noon,dress,dress,noon,shirt,noon,dress,3628.8928723335266,2021-11-30T17:23:03.982000,1638289355.0891278
2,15,3,3,Random,-9999,ef083c79c13402d2,3.6480000019073486,0.41300010681152344,1638292984.329,15,blueberry,shoes,shirt,shoes,blueberry,blueberry,shoes,shirt,shoes,blueberry,3629.2398722171783,2021-11-30T17:23:04.329000,1638289355.0891278
20,26,23,23,Random,-9999,57fb79cdc76041f8,0.9010000228881836,0.08099985122680664,1638292984.872,26,day,sky,beach,sky,day,day,sky,beach,sky,day,3629.782872200012,2021-11-30T17:23:04.872000,1638289355.0891278
15,25,28,25,Random,-9999,57fb79cdc76041f8,0.4719998836517334,0.08100008964538574,1638292985.426,28,dawn,night,blueberry,dawn,night,dawn,night,blueberry,dawn,night,3630.3368723392487,2021-11-30T17:23:05.426000,1638289355.0891278
26,1,4,4,Random,-9999,57fb79cdc76041f8,0.5399999618530273,0.08500003814697266,1638292986.053,1,pants,socks,day,socks,pants,pants,socks,day,socks,pants,3630.96387219429,2021-11-30T17:23:06.053000,1638289355.0891278
11,20,6,6,Random,-9999,16264d9174a16b23,2.4110000133514404,0.14999985694885254,1638292986.549,20,beach,below,disgust,below,beach,beach,below,disgust,below,beach,3631.4598722457886,2021-11-30T17:23:06.549000,1638289355.0891278
26,29,2,29,Random,-9999,ef083c79c13402d2,1.9930000305175781,0.35899996757507324,1638292986.686,2,noon,shirt,day,noon,shirt,noon,shirt,day,noon,shirt,3631.596872329712,2021-11-30T17:23:06.686000,1638289355.0891278
25,23,22,22,Random,-9999,57fb79cdc76041f8,0.6529998779296875,0.0840001106262207,1638292986.788,23,sky,ocean,dawn,ocean,sky,sky,ocean,dawn,ocean,sky,3631.6988723278046,2021-11-30T17:23:06.788000,1638289355.0891278
6,20,28,28,Random,-9999,57fb79cdc76041f8,0.5699999332427979,0.08800005912780762,1638292987.446,20,beach,night,below,night,beach,beach,night,below,night,beach,3632.356872320175,2021-11-30T17:23:07.446000,1638289355.0891278
13,14,23,23,Random,-9999,57fb79cdc76041f8,0.5969998836517334,0.0840001106262207,1638292988.127,14,sad,sky,happy,sky,sad,sad,sky,happy,sky,sad,3633.037872314453,2021-11-30T17:23:08.127000,1638289355.0891278
19,28,20,20,Random,-9999,57fb79cdc76041f8,0.504000186920166,0.08899998664855957,1638292988.72,28,night,beach,watermelon,beach,night,night,beach,watermelon,beach,night,3633.6308722496033,2021-11-30T17:23:08.720000,1638289355.0891278
24,20,0,20,Random,-9999,16264d9174a16b23,1.9459998607635498,0.15000009536743164,1638292988.806,0,beach,dress,sunset,beach,dress,beach,dress,sunset,beach,dress,3633.716872215271,2021-11-30T17:23:08.806000,1638289355.0891278
19,11,8,8,Random,-9999,57fb79cdc76041f8,0.437999963760376,0.08299994468688965,1638292989.241,11,disgust,far,watermelon,far,disgust,disgust,far,watermelon,far,disgust,3634.1518721580505,2021-11-30T17:23:09.241000,1638289355.0891278
10,26,17,17,Random,-9999,57fb79cdc76041f8,0.44499993324279785,0.0840001106262207,1638292989.77,26,day,mango,angry,mango,day,day,mango,angry,mango,day,3634.6808722019196,2021-11-30T17:23:09.770000,1638289355.0891278
0,20,15,15,Random,-9999,ef083c79c13402d2,3.190999984741211,0.36299991607666016,1638292990.271,20,beach,blueberry,dress,blueberry,beach,beach,blueberry,dress,blueberry,beach,3635.1818721294403,2021-11-30T17:23:10.271000,1638289355.0891278
17,20,5,5,Random,-9999,57fb79cdc76041f8,0.503000020980835,0.0820000171661377,1638292990.355,20,beach,above,mango,above,beach,beach,above,mango,above,beach,3635.2658722400665,2021-11-30T17:23:10.355000,1638289355.0891278
23,4,8,8,Random,-9999,57fb79cdc76041f8,0.3600001335144043,0.08099985122680664,1638292990.797,4,socks,far,sky,far,socks,socks,far,sky,far,socks,3635.7078721523285,2021-11-30T17:23:10.797000,1638289355.0891278
3,1,21,1,Random,-9999,57fb79cdc76041f8,0.4739999771118164,0.08800005912780762,1638292991.357,21,pants,field,shoes,pants,field,pants,field,shoes,pants,field,3636.2678723335266,2021-11-30T17:23:11.357000,1638289355.0891278
24,27,11,27,Random,-9999,16264d9174a16b23,2.9650001525878906,0.3229999542236328,1638292991.943,11,dusk,disgust,sunset,dusk,disgust,dusk,disgust,sunset,dusk,disgust,3636.8538722991943,2021-11-30T17:23:11.943000,1638289355.0891278
12,22,7,7,Random,-9999,57fb79cdc76041f8,0.5510001182556152,0.0820000171661377,1638292991.99,22,ocean,beside,fearful,beside,ocean,ocean,beside,fearful,beside,ocean,3636.90087223053,2021-11-30T17:23:11.990000,1638289355.0891278
3,20,4,20,Random,-9999,57fb79cdc76041f8,0.5520000457763672,0.08899998664855957,1638292992.631,4,beach,socks,shoes,beach,socks,beach,socks,shoes,beach,socks,3637.5418722629547,2021-11-30T17:23:12.631000,1638289355.0891278
13,15,16,15,Random,-9999,ef083c79c13402d2,2.5980000495910645,0.3840000629425049,1638292993.264,16,blueberry,lemon,happy,blueberry,lemon,blueberry,lemon,happy,blueberry,lemon,3638.174872159958,2021-11-30T17:23:13.264000,1638289355.0891278
2,3,25,3,Random,-9999,16264d9174a16b23,1.557999849319458,0.15200018882751465,1638292993.577,25,shoes,dawn,shirt,shoes,dawn,shoes,dawn,shirt,shoes,dawn,3638.4878721237183,2021-11-30T17:23:13.577000,1638289355.0891278
9,14,20,14,Random,-9999,57fb79cdc76041f8,1.3299999237060547,0.0839998722076416,1638292994.045,20,sad,beach,near,sad,beach,sad,beach,near,sad,beach,3638.955872297287,2021-11-30T17:23:14.045000,1638289355.0891278
2,1,23,1,Random,-9999,16264d9174a16b23,1.1770000457763672,0.08100008964538574,1638292994.831,23,pants,sky,shirt,pants,sky,pants,sky,shirt,pants,sky,3639.7418723106384,2021-11-30T17:23:14.831000,1638289355.0891278
2,6,27,27,Random,-9999,57fb79cdc76041f8,1.5360000133514404,0.08300018310546875,1638292995.663,6,below,dusk,shirt,dusk,below,below,dusk,shirt,dusk,below,3640.5738723278046,2021-11-30T17:23:15.663000,1638289355.0891278
13,10,9,9,Random,-9999,16264d9174a16b23,1.4350001811981201,0.07799983024597168,1638292996.344,10,angry,near,happy,near,angry,angry,near,happy,near,angry,3641.2548723220825,2021-11-30T17:23:16.344000,1638289355.0891278
0,28,1,1,Random,-9999,ef083c79c13402d2,2.805000066757202,0.3769998550415039,1638292996.456,28,night,pants,dress,pants,night,night,pants,dress,pants,night,3641.3668723106384,2021-11-30T17:23:16.456000,1638289355.0891278
3,25,26,26,Random,-9999,57fb79cdc76041f8,1.4660000801086426,0.08099985122680664,1638292997.21,25,dawn,day,shoes,day,dawn,dawn,day,shoes,day,dawn,3642.12087225914,2021-11-30T17:23:17.210000,1638289355.0891278
17,0,22,0,Random,-9999,16264d9174a16b23,1.7089998722076416,0.07299995422363281,1638292998.135,22,dress,ocean,mango,dress,ocean,dress,ocean,mango,dress,ocean,3643.0458722114563,2021-11-30T17:23:18.135000,1638289355.0891278
14,12,7,12,Random,-9999,57fb79cdc76041f8,1.559000015258789,0.0839998722076416,1638292998.854,7,fearful,beside,sad,fearful,beside,fearful,beside,sad,fearful,beside,3643.764872312546,2021-11-30T17:23:18.854000,1638289355.0891278
19,11,15,15,Random,-9999,ef083c79c13402d2,2.550999879837036,0.3540000915527344,1638292999.38,11,disgust,blueberry,watermelon,blueberry,disgust,disgust,blueberry,watermelon,blueberry,disgust,3644.290872335434,2021-11-30T17:23:19.380000,1638289355.0891278
16,21,28,21,Random,-9999,57fb79cdc76041f8,1.6050000190734863,0.0820000171661377,1638293000.542,28,field,night,lemon,field,night,field,night,lemon,field,night,3645.452872276306,2021-11-30T17:23:20.542000,1638289355.0891278
24,15,4,4,Random,-9999,16264d9174a16b23,3.2279999256134033,0.08100008964538574,1638293001.533,15,blueberry,socks,sunset,socks,blueberry,blueberry,socks,sunset,socks,blueberry,3646.4438722133636,2021-11-30T17:23:21.533000,1638289355.0891278
12,16,10,10,Random,-9999,ef083c79c13402d2,1.9059998989105225,0.437000036239624,1638293001.839,16,lemon,angry,fearful,angry,lemon,lemon,angry,fearful,angry,lemon,3646.7498722076416,2021-11-30T17:23:21.839000,1638289355.0891278
25,5,10,5,Random,-9999,57fb79cdc76041f8,2.2690000534057617,0.07899999618530273,1638293002.998,10,above,angry,dawn,above,angry,above,angry,dawn,above,angry,3647.908872127533,2021-11-30T17:23:22.998000,1638289355.0891278
14,7,1,7,Random,-9999,57fb79cdc76041f8,1.6700000762939453,0.19700002670288086,1638293004.751,1,beside,pants,sad,beside,pants,beside,pants,sad,beside,pants,3649.661872148514,2021-11-30T17:23:24.751000,1638289355.0891278
5,12,10,12,Random,-9999,ef083c79c13402d2,3.117000102996826,0.5529999732971191,1638293005.348,10,fearful,angry,above,fearful,angry,fearful,angry,above,fearful,angry,3650.258872270584,2021-11-30T17:23:25.348000,1638289355.0891278
25,9,21,9,Random,-9999,57fb79cdc76041f8,1.9589998722076416,0.09299993515014648,1638293006.904,21,near,field,dawn,near,field,near,field,dawn,near,field,3651.814872264862,2021-11-30T17:23:26.904000,1638289355.0891278
21,12,0,0,Random,-9999,16264d9174a16b23,5.564000129699707,0.19700002670288086,1638293007.269,12,fearful,dress,field,dress,fearful,fearful,dress,field,dress,fearful,3652.179872274399,2021-11-30T17:23:27.269000,1638289355.0891278
6,7,22,7,Random,-9999,ef083c79c13402d2,1.8400001525878906,0.35699987411499023,1638293007.766,22,beside,ocean,below,beside,ocean,beside,ocean,below,beside,ocean,3652.676872253418,2021-11-30T17:23:27.766000,1638289355.0891278
21,9,3,3,Random,-9999,57fb79cdc76041f8,1.5940001010894775,0.17300009727478027,1638293008.579,9,near,shoes,field,shoes,near,near,shoes,field,shoes,near,3653.4898722171783,2021-11-30T17:23:28.579000,1638289355.0891278
10,21,17,21,Random,-9999,57fb79cdc76041f8,0.502000093460083,0.09099984169006348,1638293009.165,17,field,mango,angry,field,mango,field,mango,angry,field,mango,3654.075872182846,2021-11-30T17:23:29.165000,1638289355.0891278
14,7,3,3,Random,-9999,57fb79cdc76041f8,0.5879998207092285,0.08500003814697266,1638293009.842,7,beside,shoes,sad,shoes,beside,beside,shoes,sad,shoes,beside,3654.7528722286224,2021-11-30T17:23:29.842000,1638289355.0891278
27,15,25,15,Random,-9999,57fb79cdc76041f8,0.5169999599456787,0.07700014114379883,1638293010.436,25,blueberry,dawn,dusk,blueberry,dawn,blueberry,dawn,dusk,blueberry,dawn,3655.346872329712,2021-11-30T17:23:30.436000,1638289355.0891278
11,6,14,14,Random,-9999,ef083c79c13402d2,2.390000104904175,0.5079998970031738,1638293010.444,6,below,sad,disgust,sad,below,below,sad,disgust,sad,below,3655.354872226715,2021-11-30T17:23:30.444000,1638289355.0891278
22,9,21,21,Random,-9999,16264d9174a16b23,3.0319998264312744,0.1549999713897705,1638293010.457,9,near,field,ocean,field,near,near,field,ocean,field,near,3655.367872238159,2021-11-30T17:23:30.457000,1638289355.0891278
10,13,4,4,Random,-9999,57fb79cdc76041f8,0.49200010299682617,0.07599997520446777,1638293011.006,13,happy,socks,angry,socks,happy,happy,socks,angry,socks,happy,3655.9168722629547,2021-11-30T17:23:31.006000,1638289355.0891278
27,1,20,20,Random,-9999,57fb79cdc76041f8,0.5829999446868896,0.08299994468688965,1638293011.67,1,pants,beach,dusk,beach,pants,pants,beach,dusk,beach,pants,3656.580872297287,2021-11-30T17:23:31.670000,1638289355.0891278
9,6,23,23,Random,-9999,57fb79cdc76041f8,0.6439998149871826,0.07700014114379883,1638293012.39,6,below,sky,near,sky,below,below,sky,near,sky,below,3657.300872325897,2021-11-30T17:23:32.390000,1638289355.0891278
29,9,17,17,Random,-9999,57fb79cdc76041f8,1.0169999599456787,0.07700014114379883,1638293013.486,9,near,mango,noon,mango,near,near,mango,noon,mango,near,3658.396872282028,2021-11-30T17:23:33.486000,1638289355.0891278
8,4,17,17,Random,-9999,ef083c79c13402d2,2.746000051498413,0.3769998550415039,1638293013.506,4,socks,mango,far,mango,socks,socks,mango,far,mango,socks,3658.4168722629547,2021-11-30T17:23:33.506000,1638289355.0891278
11,15,0,0,Random,-9999,16264d9174a16b23,3.630000114440918,0.15799999237060547,1638293014.239,15,blueberry,dress,disgust,dress,blueberry,blueberry,dress,disgust,dress,blueberry,3659.149872303009,2021-11-30T17:23:34.239000,1638289355.0891278
3,26,15,15,Random,-9999,57fb79cdc76041f8,0.6989998817443848,0.07899999618530273,1638293014.264,26,day,blueberry,shoes,blueberry,day,day,blueberry,shoes,blueberry,day,3659.174872159958,2021-11-30T17:23:34.264000,1638289355.0891278
13,8,11,8,Random,-9999,57fb79cdc76041f8,0.7169997692108154,0.07600021362304688,1638293015.058,11,far,disgust,happy,far,disgust,far,disgust,happy,far,disgust,3659.968872308731,2021-11-30T17:23:35.058000,1638289355.0891278
20,0,26,26,Random,-9999,57fb79cdc76041f8,1.9719998836517334,0.08000016212463379,1638293017.193,0,dress,day,beach,day,dress,dress,day,beach,day,dress,3662.1038722991943,2021-11-30T17:23:37.193000,1638289355.0891278
19,15,11,15,Random,-9999,ef083c79c13402d2,4.4040000438690186,0.2239999771118164,1638293018.254,11,blueberry,disgust,watermelon,blueberry,disgust,blueberry,disgust,watermelon,blueberry,disgust,3663.1648721694946,2021-11-30T17:23:38.254000,1638289355.0891278
11,12,29,12,Random,-9999,57fb79cdc76041f8,1.305999994277954,0.17300009727478027,1638293018.59,29,fearful,noon,disgust,fearful,noon,fearful,noon,disgust,fearful,noon,3663.5008721351624,2021-11-30T17:23:38.590000,1638289355.0891278
14,23,6,6,Random,-9999,57fb79cdc76041f8,1.6740000247955322,0.08899998664855957,1638293020.351,23,sky,below,sad,below,sky,sky,below,sad,below,sky,3665.261872291565,2021-11-30T17:23:40.351000,1638289355.0891278
23,8,26,8,Random,-9999,ef083c79c13402d2,2.5399999618530273,0.41100001335144043,1638293021.2,26,far,day,sky,far,day,far,day,sky,far,day,3666.1108722686768,2021-11-30T17:23:41.200000,1638289355.0891278
9,5,18,5,Random,-9999,57fb79cdc76041f8,1.75600004196167,0.0839998722076416,1638293022.185,18,above,strawberry,near,above,strawberry,above,strawberry,near,above,strawberry,3667.0958721637726,2021-11-30T17:23:42.185000,1638289355.0891278
17,1,0,0,Random,-9999,16264d9174a16b23,9.223000049591064,0.16100001335144043,1638293023.691,1,pants,dress,mango,dress,pants,pants,dress,mango,dress,pants,3668.6018722057343,2021-11-30T17:23:43.691000,1638289355.0891278
26,17,16,17,Random,-9999,57fb79cdc76041f8,1.494999885559082,0.10000014305114746,1638293023.791,16,mango,lemon,day,mango,lemon,mango,lemon,day,mango,lemon,3668.701872110367,2021-11-30T17:23:43.791000,1638289355.0891278
19,25,28,25,Random,-9999,ef083c79c13402d2,3.509999990463257,0.4289999008178711,1638293025.087,28,dawn,night,watermelon,dawn,night,dawn,night,watermelon,dawn,night,3669.9978721141815,2021-11-30T17:23:45.087000,1638289355.0891278
4,20,1,1,Random,-9999,16264d9174a16b23,1.8299999237060547,0.27699995040893555,1638293025.67,20,beach,pants,socks,pants,beach,beach,pants,socks,pants,beach,3670.580872297287,2021-11-30T17:23:45.670000,1638289355.0891278
17,2,18,18,Random,-9999,57fb79cdc76041f8,1.9670000076293945,0.09200000762939453,1638293025.941,2,shirt,strawberry,mango,strawberry,shirt,shirt,strawberry,mango,strawberry,shirt,3670.8518722057343,2021-11-30T17:23:45.941000,1638289355.0891278
3,6,26,26,Random,-9999,57fb79cdc76041f8,1.1070001125335693,0.1549999713897705,1638293027.11,6,below,day,shoes,day,below,below,day,shoes,day,below,3672.020872116089,2021-11-30T17:23:47.110000,1638289355.0891278
26,18,3,3,Random,-9999,16264d9174a16b23,1.8010001182556152,0.07599997520446777,1638293027.54,18,strawberry,shoes,day,shoes,strawberry,strawberry,shoes,day,shoes,strawberry,3672.450872182846,2021-11-30T17:23:47.540000,1638289355.0891278
12,22,29,22,Random,-9999,57fb79cdc76041f8,0.9270000457763672,0.07500004768371582,1638293028.111,29,ocean,noon,fearful,ocean,noon,ocean,noon,fearful,ocean,noon,3673.021872282028,2021-11-30T17:23:48.111000,1638289355.0891278
19,11,21,11,Random,-9999,57fb79cdc76041f8,0.6299998760223389,0.07599997520446777,1638293028.816,21,disgust,field,watermelon,disgust,field,disgust,field,watermelon,disgust,field,3673.7268722057343,2021-11-30T17:23:48.816000,1638289355.0891278
25,23,21,23,Random,-9999,57fb79cdc76041f8,0.5410001277923584,0.07599997520446777,1638293029.434,21,sky,field,dawn,sky,field,sky,field,dawn,sky,field,3674.344872236252,2021-11-30T17:23:49.434000,1638289355.0891278
6,22,29,22,Random,-9999,57fb79cdc76041f8,0.5729999542236328,0.07599997520446777,1638293030.082,29,ocean,noon,below,ocean,noon,ocean,noon,below,ocean,noon,3674.992872238159,2021-11-30T17:23:50.082000,1638289355.0891278
26,2,12,2,Random,-9999,57fb79cdc76041f8,1.5269999504089355,0.07599997520446777,1638293031.686,12,shirt,fearful,day,shirt,fearful,shirt,fearful,day,shirt,fearful,3676.596872329712,2021-11-30T17:23:51.686000,1638289355.0891278
26,14,9,14,Random,-9999,ef083c79c13402d2,6.127000093460083,0.3919999599456787,1638293031.728,9,sad,near,day,sad,near,sad,near,day,sad,near,3676.6388721466064,2021-11-30T17:23:51.728000,1638289355.0891278
11,15,7,7,Random,-9999,57fb79cdc76041f8,1.3930001258850098,0.0820000171661377,1638293033.161,15,blueberry,beside,disgust,beside,blueberry,blueberry,beside,disgust,beside,blueberry,3678.0718722343445,2021-11-30T17:23:53.161000,1638289355.0891278
10,7,13,13,Random,-9999,ef083c79c13402d2,2.067000150680542,0.6169998645782471,1638293034.122,7,beside,happy,angry,happy,beside,beside,happy,angry,happy,beside,3679.032872200012,2021-11-30T17:23:54.122000,1638289355.0891278
11,1,2,1,Random,-9999,57fb79cdc76041f8,2.243000030517578,0.08099985122680664,1638293035.555,2,pants,shirt,disgust,pants,shirt,pants,shirt,disgust,pants,shirt,3680.4658722877502,2021-11-30T17:23:55.555000,1638289355.0891278
22,28,2,2,Random,-9999,ef083c79c13402d2,1.9210000038146973,0.4089999198913574,1638293036.664,28,night,shirt,ocean,shirt,night,night,shirt,ocean,shirt,night,3681.5748722553253,2021-11-30T17:23:56.664000,1638289355.0891278
16,22,29,29,Random,-9999,57fb79cdc76041f8,1.74399995803833,0.15600013732910156,1638293037.383,22,ocean,noon,lemon,noon,ocean,ocean,noon,lemon,noon,ocean,3682.293872117996,2021-11-30T17:23:57.383000,1638289355.0891278
15,13,25,13,Random,-9999,ef083c79c13402d2,2.6019999980926514,0.3259999752044678,1638293039.528,25,happy,dawn,blueberry,happy,dawn,happy,dawn,blueberry,happy,dawn,3684.4388723373413,2021-11-30T17:23:59.528000,1638289355.0891278
22,1,28,28,Random,-9999,16264d9174a16b23,11.89299988746643,0.07800006866455078,1638293039.591,1,pants,night,ocean,night,pants,pants,night,ocean,night,pants,3684.5018723011017,2021-11-30T17:23:59.591000,1638289355.0891278
29,25,20,25,Random,-9999,57fb79cdc76041f8,2.504999876022339,0.08899998664855957,1638293040.028,20,dawn,beach,noon,dawn,beach,dawn,beach,noon,dawn,beach,3684.9388723373413,2021-11-30T17:24:00.028000,1638289355.0891278
17,7,21,21,Random,-9999,57fb79cdc76041f8,1.4249999523162842,0.13000011444091797,1638293041.535,7,beside,field,mango,field,beside,beside,field,mango,field,beside,3686.4458723068237,2021-11-30T17:24:01.535000,1638289355.0891278
25,8,9,9,Random,-9999,ef083c79c13402d2,2.4019999504089355,0.36299991607666016,1638293042.25,8,far,near,dawn,near,far,far,near,dawn,near,far,3687.160872220993,2021-11-30T17:24:02.250000,1638289355.0891278
22,20,5,20,Random,-9999,57fb79cdc76041f8,2.0989999771118164,0.07399988174438477,1638293043.775,5,beach,above,ocean,beach,above,beach,above,ocean,beach,above,3688.6858723163605,2021-11-30T17:24:03.775000,1638289355.0891278
26,2,22,2,Random,-9999,ef083c79c13402d2,2.88700008392334,0.2690000534057617,1638293045.472,22,shirt,ocean,day,shirt,ocean,shirt,ocean,day,shirt,ocean,3690.382872104645,2021-11-30T17:24:05.472000,1638289355.0891278
15,25,1,1,Random,-9999,16264d9174a16b23,5.836000204086304,0.15899991989135742,1638293045.57,25,dawn,pants,blueberry,pants,dawn,dawn,pants,blueberry,pants,dawn,3690.480872154236,2021-11-30T17:24:05.570000,1638289355.0891278
18,25,13,13,Random,-9999,57fb79cdc76041f8,2.002000093460083,0.15899991989135742,1638293045.928,25,dawn,happy,strawberry,happy,dawn,dawn,happy,strawberry,happy,dawn,3690.83887219429,2021-11-30T17:24:05.928000,1638289355.0891278
9,16,5,16,Random,-9999,57fb79cdc76041f8,0.8550000190734863,0.14599990844726562,1638293046.863,5,lemon,above,near,lemon,above,lemon,above,near,lemon,above,3691.7738721370697,2021-11-30T17:24:06.863000,1638289355.0891278
3,1,15,1,Random,-9999,16264d9174a16b23,1.7750000953674316,0.1379997730255127,1638293047.427,15,pants,blueberry,shoes,pants,blueberry,pants,blueberry,shoes,pants,blueberry,3692.3378722667694,2021-11-30T17:24:07.427000,1638289355.0891278
1,19,11,19,Random,-9999,ef083c79c13402d2,2.2070000171661377,0.38499999046325684,1638293048.024,11,watermelon,disgust,pants,watermelon,disgust,watermelon,disgust,pants,watermelon,disgust,3692.934872150421,2021-11-30T17:24:08.024000,1638289355.0891278
25,13,21,21,Random,-9999,57fb79cdc76041f8,1.7599999904632568,0.08299994468688965,1638293048.703,13,happy,field,dawn,field,happy,happy,field,dawn,field,happy,3693.6138722896576,2021-11-30T17:24:08.703000,1638289355.0891278
28,29,25,25,Random,-9999,16264d9174a16b23,1.75,0.07500004768371582,1638293049.244,29,noon,dawn,night,dawn,noon,noon,dawn,night,dawn,noon,3694.1548721790314,2021-11-30T17:24:09.244000,1638289355.0891278
3,5,12,12,Random,-9999,57fb79cdc76041f8,2.7840001583099365,0.0820000171661377,1638293051.628,5,above,fearful,shoes,fearful,above,above,fearful,shoes,fearful,above,3696.538872241974,2021-11-30T17:24:11.628000,1638289355.0891278
13,16,24,24,Random,-9999,16264d9174a16b23,3.13100004196167,0.07699990272521973,1638293052.521,16,lemon,sunset,happy,sunset,lemon,lemon,sunset,happy,sunset,lemon,3697.4318721294403,2021-11-30T17:24:12.521000,1638289355.0891278
18,22,26,26,Random,-9999,ef083c79c13402d2,4.3399999141693115,0.34800004959106445,1638293052.736,22,ocean,day,strawberry,day,ocean,ocean,day,strawberry,day,ocean,3697.646872282028,2021-11-30T17:24:12.736000,1638289355.0891278
10,21,3,3,Random,-9999,57fb79cdc76041f8,1.1719999313354492,0.15799999237060547,1638293052.905,21,field,shoes,angry,shoes,field,field,shoes,angry,shoes,field,3697.815872192383,2021-11-30T17:24:12.905000,1638289355.0891278
1,12,11,11,Random,-9999,57fb79cdc76041f8,0.9300000667572021,0.07599997520446777,1638293053.911,12,fearful,disgust,pants,disgust,fearful,fearful,disgust,pants,disgust,fearful,3698.8218722343445,2021-11-30T17:24:13.911000,1638289355.0891278
21,16,28,16,Random,-9999,57fb79cdc76041f8,0.7419998645782471,0.07599997520446777,1638293054.729,28,lemon,night,field,lemon,night,lemon,night,field,lemon,night,3699.639872312546,2021-11-30T17:24:14.729000,1638289355.0891278
2,26,14,26,Random,-9999,57fb79cdc76041f8,0.6150000095367432,0.07400012016296387,1638293055.418,14,day,sad,shirt,day,sad,day,sad,shirt,day,sad,3700.328872203827,2021-11-30T17:24:15.418000,1638289355.0891278
28,7,1,1,Random,-9999,16264d9174a16b23,2.9019999504089355,0.14499998092651367,1638293055.574,7,beside,pants,night,pants,beside,beside,pants,night,pants,beside,3700.4848721027374,2021-11-30T17:24:15.574000,1638289355.0891278
0,6,28,6,Random,-9999,57fb79cdc76041f8,0.6540000438690186,0.07599997520446777,1638293056.148,28,below,night,dress,below,night,below,night,dress,below,night,3701.0588722229004,2021-11-30T17:24:16.148000,1638289355.0891278
13,4,16,4,Random,-9999,57fb79cdc76041f8,0.7190001010894775,0.07399988174438477,1638293056.941,16,socks,lemon,happy,socks,lemon,socks,lemon,happy,socks,lemon,3701.8518722057343,2021-11-30T17:24:16.941000,1638289355.0891278
1,16,5,16,Random,-9999,ef083c79c13402d2,3.890000104904175,0.3269999027252197,1638293057.033,5,lemon,above,pants,lemon,above,lemon,above,pants,lemon,above,3701.9438722133636,2021-11-30T17:24:17.033000,1638289355.0891278
8,21,16,21,Random,-9999,57fb79cdc76041f8,0.4939999580383301,0.07500004768371582,1638293057.51,16,field,lemon,far,field,lemon,field,lemon,far,field,lemon,3702.4208722114563,2021-11-30T17:24:17.510000,1638289355.0891278
15,17,8,17,Random,-9999,16264d9174a16b23,2.4070000648498535,0.16000008583068848,1638293058.131,8,mango,far,blueberry,mango,far,mango,far,blueberry,mango,far,3703.0418722629547,2021-11-30T17:24:18.131000,1638289355.0891278
22,26,5,5,Random,-9999,57fb79cdc76041f8,0.627000093460083,0.07399988174438477,1638293058.212,26,day,above,ocean,above,day,day,above,ocean,above,day,3703.1228721141815,2021-11-30T17:24:18.212000,1638289355.0891278
2,17,25,17,Random,-9999,57fb79cdc76041f8,0.6949999332427979,0.07500004768371582,1638293058.979,25,mango,dawn,shirt,mango,dawn,mango,dawn,shirt,mango,dawn,3703.889872312546,2021-11-30T17:24:18.979000,1638289355.0891278
28,25,15,15,Random,-9999,57fb79cdc76041f8,0.6480000019073486,0.07399988174438477,1638293059.703,25,dawn,blueberry,night,blueberry,dawn,dawn,blueberry,night,blueberry,dawn,3704.6138722896576,2021-11-30T17:24:19.703000,1638289355.0891278
18,21,7,21,Random,-9999,16264d9174a16b23,1.7159998416900635,0.15400004386901855,1638293059.948,7,field,beside,strawberry,field,beside,field,beside,strawberry,field,beside,3704.8588721752167,2021-11-30T17:24:19.948000,1638289355.0891278
5,11,26,26,Random,-9999,ef083c79c13402d2,2.4839999675750732,0.4479999542236328,1638293060.01,11,disgust,day,above,day,disgust,disgust,day,above,day,disgust,3704.9208722114563,2021-11-30T17:24:20.010000,1638289355.0891278
29,27,0,27,Random,-9999,57fb79cdc76041f8,0.624000072479248,0.07399988174438477,1638293060.402,0,dusk,dress,noon,dusk,dress,dusk,dress,noon,dusk,dress,3705.312872171402,2021-11-30T17:24:20.402000,1638289355.0891278
8,29,24,24,Random,-9999,57fb79cdc76041f8,0.8910000324249268,0.07800006866455078,1638293061.369,29,noon,sunset,far,sunset,noon,noon,sunset,far,sunset,noon,3706.2798721790314,2021-11-30T17:24:21.369000,1638289355.0891278
17,18,29,18,Random,-9999,16264d9174a16b23,1.564000129699707,0.07500004768371582,1638293061.615,29,strawberry,noon,mango,strawberry,noon,strawberry,noon,mango,strawberry,noon,3706.52587223053,2021-11-30T17:24:21.615000,1638289355.0891278
9,11,20,11,Random,-9999,57fb79cdc76041f8,0.8869998455047607,0.07599997520446777,1638293062.333,20,disgust,beach,near,disgust,beach,disgust,beach,near,disgust,beach,3707.24387216568,2021-11-30T17:24:22.333000,1638289355.0891278
13,9,18,18,Random,-9999,ef083c79c13402d2,2.949000120162964,0.4479999542236328,1638293063.131,9,near,strawberry,happy,strawberry,near,near,strawberry,happy,strawberry,near,3708.0418722629547,2021-11-30T17:24:23.131000,1638289355.0891278
29,12,15,15,Random,-9999,57fb79cdc76041f8,0.7139999866485596,0.0840001106262207,1638293063.13,12,fearful,blueberry,noon,blueberry,fearful,fearful,blueberry,noon,blueberry,fearful,3708.040872335434,2021-11-30T17:24:23.130000,1638289355.0891278
13,11,28,11,Random,-9999,57fb79cdc76041f8,0.8980000019073486,0.07999992370605469,1638293064.108,28,disgust,night,happy,disgust,night,disgust,night,happy,disgust,night,3709.0188722610474,2021-11-30T17:24:24.108000,1638289355.0891278
3,16,6,6,Random,-9999,16264d9174a16b23,2.5249998569488525,0.1790001392364502,1638293064.344,16,lemon,below,shoes,below,lemon,lemon,below,shoes,below,lemon,3709.2548723220825,2021-11-30T17:24:24.344000,1638289355.0891278
22,16,10,16,Random,-9999,57fb79cdc76041f8,0.7969999313354492,0.07699990272521973,1638293064.979,10,lemon,angry,ocean,lemon,angry,lemon,angry,ocean,lemon,angry,3709.889872312546,2021-11-30T17:24:24.979000,1638289355.0891278
20,12,16,16,Random,-9999,57fb79cdc76041f8,0.872999906539917,0.07400012016296387,1638293065.927,12,fearful,lemon,beach,lemon,fearful,fearful,lemon,beach,lemon,fearful,3710.8378722667694,2021-11-30T17:24:25.927000,1638289355.0891278
5,7,21,21,Random,-9999,16264d9174a16b23,1.558000087738037,0.14499998092651367,1638293065.988,7,beside,field,above,field,beside,beside,field,above,field,beside,3710.8988721370697,2021-11-30T17:24:25.988000,1638289355.0891278
3,5,18,18,Random,-9999,ef083c79c13402d2,2.503999948501587,0.37599992752075195,1638293066.29,5,above,strawberry,shoes,strawberry,above,above,strawberry,shoes,strawberry,above,3711.200872182846,2021-11-30T17:24:26.290000,1638289355.0891278
22,11,27,27,Random,-9999,16264d9174a16b23,2.047999858856201,0.08299994468688965,1638293068.186,11,disgust,dusk,ocean,dusk,disgust,disgust,dusk,ocean,dusk,disgust,3713.096872329712,2021-11-30T17:24:28.186000,1638289355.0891278
22,13,23,13,Random,-9999,57fb79cdc76041f8,2.6540000438690186,0.07500004768371582,1638293068.715,23,happy,sky,ocean,happy,sky,happy,sky,ocean,happy,sky,3713.6258721351624,2021-11-30T17:24:28.715000,1638289355.0891278
3,12,25,25,Random,-9999,ef083c79c13402d2,2.9639999866485596,0.46700000762939453,1638293069.446,12,fearful,dawn,shoes,dawn,fearful,fearful,dawn,shoes,dawn,fearful,3714.356872320175,2021-11-30T17:24:29.446000,1638289355.0891278
14,25,6,6,Random,-9999,16264d9174a16b23,2.508999824523926,0.1680002212524414,1638293070.909,25,dawn,below,sad,below,dawn,dawn,below,sad,below,dawn,3715.8198721408844,2021-11-30T17:24:30.909000,1638289355.0891278
8,15,27,27,Random,-9999,57fb79cdc76041f8,2.502000093460083,0.14299988746643066,1638293071.357,15,blueberry,dusk,far,dusk,blueberry,blueberry,dusk,far,dusk,blueberry,3716.2678723335266,2021-11-30T17:24:31.357000,1638289355.0891278
18,17,15,15,Random,-9999,ef083c79c13402d2,3.3440001010894775,0.41300010681152344,1638293073.418,17,mango,blueberry,strawberry,blueberry,mango,mango,blueberry,strawberry,blueberry,mango,3718.328872203827,2021-11-30T17:24:33.418000,1638289355.0891278
12,3,6,3,Random,-9999,ef083c79c13402d2,3.7860000133514404,0.44300007820129395,1638293077.618,6,shoes,below,fearful,shoes,below,shoes,below,fearful,shoes,below,3722.5288722515106,2021-11-30T17:24:37.618000,1638289355.0891278
9,13,24,24,Random,-9999,ef083c79c13402d2,4.51200008392334,0.4089999198913574,1638293082.448,13,happy,sunset,near,sunset,happy,happy,sunset,near,sunset,happy,3727.3588721752167,2021-11-30T17:24:42.448000,1638289355.0891278
23,17,15,15,Random,-9999,ef083c79c13402d2,3.7850000858306885,0.312000036239624,1638293086.648,17,mango,blueberry,sky,blueberry,mango,mango,blueberry,sky,blueberry,mango,3731.5588722229004,2021-11-30T17:24:46.648000,1638289355.0891278
23,25,14,25,Random,-9999,ef083c79c13402d2,2.2209999561309814,0.40400004386901855,1638293089.293,14,dawn,sad,sky,dawn,sad,dawn,sad,sky,dawn,sad,3734.203872203827,2021-11-30T17:24:49.293000,1638289355.0891278
1,12,27,27,Random,-9999,ef083c79c13402d2,2.9049999713897705,0.44099998474121094,1638293092.569,12,fearful,dusk,pants,dusk,fearful,fearful,dusk,pants,dusk,fearful,3737.479872226715,2021-11-30T17:24:52.569000,1638289355.0891278
29,12,5,12,Random,-9999,ef083c79c13402d2,3.427999973297119,0.37599992752075195,1638293096.459,5,fearful,above,noon,fearful,above,fearful,above,noon,fearful,above,3741.3698723316193,2021-11-30T17:24:56.459000,1638289355.0891278
22,15,17,17,Random,-9999,ef083c79c13402d2,3.421999931335449,0.4630000591278076,1638293100.254,15,blueberry,mango,ocean,mango,blueberry,blueberry,mango,ocean,mango,blueberry,3745.1648721694946,2021-11-30T17:25:00.254000,1638289355.0891278
21,10,25,25,Random,-9999,ef083c79c13402d2,2.6490001678466797,0.37199997901916504,1638293103.325,10,angry,dawn,field,dawn,angry,angry,dawn,field,dawn,angry,3748.2358722686768,2021-11-30T17:25:03.325000,1638289355.0891278
18,6,4,6,Random,-9999,ef083c79c13402d2,2.948000192642212,0.4240000247955322,1638293106.601,4,below,socks,strawberry,below,socks,below,socks,strawberry,below,socks,3751.511872291565,2021-11-30T17:25:06.601000,1638289355.0891278
27,8,18,8,Random,-9999,ef083c79c13402d2,2.7709999084472656,0.3280000686645508,1638293109.773,18,far,strawberry,dusk,far,strawberry,far,strawberry,dusk,far,strawberry,3754.6838722229004,2021-11-30T17:25:09.773000,1638289355.0891278
5,8,20,8,Random,-9999,ef083c79c13402d2,3.736999988555908,0.4049999713897705,1638293113.875,20,far,beach,above,far,beach,far,beach,above,far,beach,3758.785872220993,2021-11-30T17:25:13.875000,1638289355.0891278
11,13,9,13,Random,-9999,ef083c79c13402d2,2.2339999675750732,0.3560001850128174,1638293116.423,9,happy,near,disgust,happy,near,happy,near,disgust,happy,near,3761.333872318268,2021-11-30T17:25:16.423000,1638289355.0891278
11,26,18,26,Random,-9999,ef083c79c13402d2,3.6059999465942383,0.9300000667572021,1638293121.035,18,day,strawberry,disgust,day,strawberry,day,strawberry,disgust,day,strawberry,3765.9458723068237,2021-11-30T17:25:21.035000,1638289355.0891278
14,12,11,12,Random,-9999,ef083c79c13402d2,2.6089999675750732,0.40200018882751465,1638293123.98,11,fearful,disgust,sad,fearful,disgust,fearful,disgust,sad,fearful,disgust,3768.8908722400665,2021-11-30T17:25:23.980000,1638289355.0891278
14,23,19,23,Random,-9999,ef083c79c13402d2,4.430000066757202,0.2589998245239258,1638293128.733,19,sky,watermelon,sad,sky,watermelon,sky,watermelon,sad,sky,watermelon,3773.6438722610474,2021-11-30T17:25:28.733000,1638289355.0891278
2,8,4,4,Random,-9999,ef083c79c13402d2,3.499000072479248,0.3810000419616699,1638293132.551,8,far,socks,shirt,socks,far,far,socks,shirt,socks,far,3777.4618723392487,2021-11-30T17:25:32.551000,1638289355.0891278
14,8,25,8,Random,-9999,ef083c79c13402d2,3.444999933242798,0.28999996185302734,1638293136.454,25,far,dawn,sad,far,dawn,far,dawn,sad,far,dawn,3781.3648722171783,2021-11-30T17:25:36.454000,1638289355.0891278
18,19,29,19,Random,-9999,ef083c79c13402d2,1.8910000324249268,0.437999963760376,1638293138.566,29,watermelon,noon,strawberry,watermelon,noon,watermelon,noon,strawberry,watermelon,noon,3783.4768722057343,2021-11-30T17:25:38.566000,1638289355.0891278
5,9,3,9,Random,-9999,ef083c79c13402d2,2.562999963760376,0.4830000400543213,1638293141.645,3,near,shoes,above,near,shoes,near,shoes,above,near,shoes,3786.5558722019196,2021-11-30T17:25:41.645000,1638289355.0891278
7,17,29,29,Random,-9999,ef083c79c13402d2,4.730000019073486,0.29799985885620117,1638293146.731,17,mango,noon,beside,noon,mango,mango,noon,beside,noon,mango,3791.6418721675873,2021-11-30T17:25:46.731000,1638289355.0891278
6,7,17,7,Random,-9999,ef083c79c13402d2,3.238999843597412,0.38700008392333984,1638293150.323,17,beside,mango,below,beside,mango,beside,mango,below,beside,mango,3795.2338721752167,2021-11-30T17:25:50.323000,1638289355.0891278
9,29,15,15,Random,-9999,ef083c79c13402d2,2.6710000038146973,0.34800004959106445,1638293153.397,29,noon,blueberry,near,blueberry,noon,noon,blueberry,near,blueberry,noon,3798.3078722953796,2021-11-30T17:25:53.397000,1638289355.0891278
24,16,26,26,Random,-9999,ef083c79c13402d2,1.8630001544952393,0.3989999294281006,1638293155.642,16,lemon,day,sunset,day,lemon,lemon,day,sunset,day,lemon,3800.5528721809387,2021-11-30T17:25:55.642000,1638289355.0891278
1,7,8,8,Random,-9999,ef083c79c13402d2,3.0189998149871826,0.3819999694824219,1638293159.027,7,beside,far,pants,far,beside,beside,far,pants,far,beside,3803.937872171402,2021-11-30T17:25:59.027000,1638289355.0891278
28,7,24,24,Random,-9999,ef083c79c13402d2,3.050999879837036,0.3730001449584961,1638293162.611,7,beside,sunset,night,sunset,beside,beside,sunset,night,sunset,beside,3807.521872282028,2021-11-30T17:26:02.611000,1638289355.0891278
4,2,13,2,Random,-9999,ef083c79c13402d2,2.3489999771118164,0.5239999294281006,1638293165.377,13,shirt,happy,socks,shirt,happy,shirt,happy,socks,shirt,happy,3810.287872314453,2021-11-30T17:26:05.377000,1638289355.0891278
10,28,18,28,Random,-9999,ef083c79c13402d2,2.613999843597412,0.41500020027160645,1638293168.347,18,night,strawberry,angry,night,strawberry,night,strawberry,angry,night,strawberry,3813.257872104645,2021-11-30T17:26:08.347000,1638289355.0891278
11,26,29,29,Random,-9999,ef083c79c13402d2,2.9050002098083496,1.178999900817871,1638293172.567,26,day,noon,disgust,noon,day,day,noon,disgust,noon,day,3817.477872133255,2021-11-30T17:26:12.567000,1638289355.0891278
13,11,21,11,Random,-9999,ef083c79c13402d2,2.182999849319458,1.8010001182556152,1638293176.291,21,disgust,field,happy,disgust,field,disgust,field,happy,disgust,field,3821.201872110367,2021-11-30T17:26:16.291000,1638289355.0891278
23,16,10,10,Random,-9999,ef083c79c13402d2,2.2269999980926514,0.3840000629425049,1638293179.089,16,lemon,angry,sky,angry,lemon,lemon,angry,sky,angry,lemon,3823.9998722076416,2021-11-30T17:26:19.089000,1638289355.0891278
21,2,14,14,Random,-9999,ef083c79c13402d2,1.9520001411437988,0.4309999942779541,1638293181.452,2,shirt,sad,field,sad,shirt,shirt,sad,field,sad,shirt,3826.3628721237183,2021-11-30T17:26:21.452000,1638289355.0891278
20,21,2,21,Random,-9999,ef083c79c13402d2,2.4240000247955322,0.41299986839294434,1638293184.317,2,field,shirt,beach,field,shirt,field,shirt,beach,field,shirt,3829.227872133255,2021-11-30T17:26:24.317000,1638289355.0891278
21,18,23,23,Random,-9999,ef083c79c13402d2,2.2780001163482666,0.4269998073577881,1638293186.984,18,strawberry,sky,field,sky,strawberry,strawberry,sky,field,sky,strawberry,3831.894872188568,2021-11-30T17:26:26.984000,1638289355.0891278
18,2,22,2,Random,-9999,ef083c79c13402d2,3.9200000762939453,0.39100003242492676,1638293191.277,22,shirt,ocean,strawberry,shirt,ocean,shirt,ocean,strawberry,shirt,ocean,3836.187872171402,2021-11-30T17:26:31.277000,1638289355.0891278
26,0,27,27,Random,-9999,ef083c79c13402d2,2.2770001888275146,0.3919999599456787,1638293193.924,0,dress,dusk,day,dusk,dress,dress,dusk,day,dusk,dress,3838.8348722457886,2021-11-30T17:26:33.924000,1638289355.0891278
26,14,22,22,Random,-9999,ef083c79c13402d2,2.615999937057495,0.2870001792907715,1638293196.918,14,sad,ocean,day,ocean,sad,sad,ocean,day,ocean,sad,3841.828872203827,2021-11-30T17:26:36.918000,1638289355.0891278
12,2,8,8,Random,-9999,ef083c79c13402d2,2.868000030517578,0.4419999122619629,1638293200.102,2,shirt,far,fearful,far,shirt,shirt,far,fearful,far,shirt,3845.0128722190857,2021-11-30T17:26:40.102000,1638289355.0891278
29,9,12,12,Random,-9999,ef083c79c13402d2,3.8889999389648438,0.312999963760376,1638293204.384,9,near,fearful,noon,fearful,near,near,fearful,noon,fearful,near,3849.2948722839355,2021-11-30T17:26:44.384000,1638289355.0891278
27,22,5,22,Random,-9999,ef083c79c13402d2,2.734999895095825,0.4049999713897705,1638293207.48,5,ocean,above,dusk,ocean,above,ocean,above,dusk,ocean,above,3852.3908722400665,2021-11-30T17:26:47.480000,1638289355.0891278
21,7,26,7,Random,-9999,ef083c79c13402d2,2.7970001697540283,0.35899996757507324,1638293210.639,26,beside,day,field,beside,day,beside,day,field,beside,day,3855.549872159958,2021-11-30T17:26:50.639000,1638289355.0891278
22,20,29,20,Random,-9999,ef083c79c13402d2,2.633000135421753,0.3579998016357422,1638293213.611,29,beach,noon,ocean,beach,noon,beach,noon,ocean,beach,noon,3858.521872282028,2021-11-30T17:26:53.611000,1638289355.0891278
23,16,15,15,Random,-9999,ef083c79c13402d2,3.616000175476074,0.34399986267089844,1638293217.622,16,lemon,blueberry,sky,blueberry,lemon,lemon,blueberry,sky,blueberry,lemon,3862.532872200012,2021-11-30T17:26:57.622000,1638289355.0891278
22,6,3,6,Random,-9999,ef083c79c13402d2,4.565000057220459,0.5859999656677246,1638293222.725,3,below,shoes,ocean,below,shoes,below,shoes,ocean,below,shoes,3867.6358721256256,2021-11-30T17:27:02.725000,1638289355.0891278
26,20,12,12,Random,-9999,ef083c79c13402d2,3.5850000381469727,0.34800004959106445,1638293226.739,20,beach,fearful,day,fearful,beach,beach,fearful,day,fearful,beach,3871.649872303009,2021-11-30T17:27:06.739000,1638289355.0891278
4,21,12,21,Random,-9999,ef083c79c13402d2,2.5220000743865967,0.4049999713897705,1638293229.582,12,field,fearful,socks,field,fearful,field,fearful,socks,field,fearful,3874.492872238159,2021-11-30T17:27:09.582000,1638289355.0891278
13,2,14,14,Random,-9999,ef083c79c13402d2,3.065999984741211,0.35199999809265137,1638293233.062,2,shirt,sad,happy,sad,shirt,shirt,sad,happy,sad,shirt,3877.9728722572327,2021-11-30T17:27:13.062000,1638289355.0891278
2,11,6,11,Random,-9999,ef083c79c13402d2,4.073999881744385,0.4070000648498535,1638293237.569,6,disgust,below,shirt,disgust,below,disgust,below,shirt,disgust,below,3882.479872226715,2021-11-30T17:27:17.569000,1638289355.0891278
27,14,16,14,Random,-9999,ef083c79c13402d2,2.6100001335144043,0.43400001525878906,1638293240.544,16,sad,lemon,dusk,sad,lemon,sad,lemon,dusk,sad,lemon,3885.4548721313477,2021-11-30T17:27:20.544000,1638289355.0891278
19,21,26,21,Random,-9999,ef083c79c13402d2,2.309000015258789,0.3580000400543213,1638293243.203,26,field,day,watermelon,field,day,field,day,watermelon,field,day,3888.1138722896576,2021-11-30T17:27:23.203000,1638289355.0891278
14,25,13,13,Random,-9999,ef083c79c13402d2,2.7219998836517334,0.36300015449523926,1638293246.273,25,dawn,happy,sad,happy,dawn,dawn,happy,sad,happy,dawn,3891.1838722229004,2021-11-30T17:27:26.273000,1638289355.0891278
4,9,24,24,Random,-9999,ef083c79c13402d2,2.422999858856201,0.3410000801086426,1638293249.134,9,near,sunset,socks,sunset,near,near,sunset,socks,sunset,near,3894.0448722839355,2021-11-30T17:27:29.134000,1638289355.0891278
11,27,28,28,Random,-9999,ef083c79c13402d2,3.1059999465942383,0.6520001888275146,1638293252.778,27,dusk,night,disgust,night,dusk,dusk,night,disgust,night,dusk,3897.6888723373413,2021-11-30T17:27:32.778000,1638289355.0891278
27,1,10,10,Random,-9999,ef083c79c13402d2,2.9190001487731934,0.2779998779296875,1638293256.03,1,pants,angry,dusk,angry,pants,pants,angry,dusk,angry,pants,3900.940872192383,2021-11-30T17:27:36.030000,1638289355.0891278
19,13,25,13,Random,-9999,ef083c79c13402d2,2.6989998817443848,0.3529999256134033,1638293259.081,25,happy,dawn,watermelon,happy,dawn,happy,dawn,watermelon,happy,dawn,3903.9918723106384,2021-11-30T17:27:39.081000,1638289355.0891278
25,22,24,24,Random,-9999,ef083c79c13402d2,3.6710000038146973,0.37400007247924805,1638293263.171,22,ocean,sunset,dawn,sunset,ocean,ocean,sunset,dawn,sunset,ocean,3908.0818722248077,2021-11-30T17:27:43.171000,1638289355.0891278
13,27,22,27,Random,-9999,ef083c79c13402d2,3.142000198364258,0.5260000228881836,1638293266.764,22,dusk,ocean,happy,dusk,ocean,dusk,ocean,happy,dusk,ocean,3911.674872159958,2021-11-30T17:27:46.764000,1638289355.0891278
25,26,21,26,Random,-9999,ef083c79c13402d2,2.1630001068115234,0.3489999771118164,1638293269.416,21,day,field,dawn,day,field,day,field,dawn,day,field,3914.326872110367,2021-11-30T17:27:49.416000,1638289355.0891278
15,14,1,14,Random,-9999,ef083c79c13402d2,2.8399999141693115,0.5910000801086426,1638293272.572,1,sad,pants,blueberry,sad,pants,sad,pants,blueberry,sad,pants,3917.482872247696,2021-11-30T17:27:52.572000,1638289355.0891278
18,7,2,7,Random,-9999,ef083c79c13402d2,2.4019999504089355,0.44899988174438477,1638293275.563,2,beside,shirt,strawberry,beside,shirt,beside,shirt,strawberry,beside,shirt,3920.4738721847534,2021-11-30T17:27:55.563000,1638289355.0891278
15,5,21,21,Random,-9999,ef083c79c13402d2,2.739000082015991,0.3619999885559082,1638293278.688,5,above,field,blueberry,field,above,above,field,blueberry,field,above,3923.5988721847534,2021-11-30T17:27:58.688000,1638289355.0891278
21,15,16,15,Random,-9999,ef083c79c13402d2,3.11899995803833,0.3320000171661377,1638293282.226,16,blueberry,lemon,field,blueberry,lemon,blueberry,lemon,field,blueberry,lemon,3927.136872291565,2021-11-30T17:28:02.226000,1638289355.0891278
17,27,16,16,Random,-9999,ef083c79c13402d2,2.3340001106262207,0.45799994468688965,1638293284.983,27,dusk,lemon,mango,lemon,dusk,dusk,lemon,mango,lemon,dusk,3929.8938722610474,2021-11-30T17:28:04.983000,1638289355.0891278
0,23,18,23,Random,-9999,ef083c79c13402d2,2.619000196456909,0.43899989128112793,1638293288.052,18,sky,strawberry,dress,sky,strawberry,sky,strawberry,dress,sky,strawberry,3932.9628722667694,2021-11-30T17:28:08.052000,1638289355.0891278
5,13,4,13,Random,-9999,ef083c79c13402d2,3.0250000953674316,0.43899989128112793,1638293291.434,4,happy,socks,above,happy,socks,happy,socks,above,happy,socks,3936.344872236252,2021-11-30T17:28:11.434000,1638289355.0891278
26,17,4,17,Random,-9999,ef083c79c13402d2,3.0,0.367999792098999,1638293294.811,4,mango,socks,day,mango,socks,mango,socks,day,mango,socks,3939.721872329712,2021-11-30T17:28:14.811000,1638289355.0891278
28,10,13,13,Random,-9999,ef083c79c13402d2,3.3559999465942383,0.38000011444091797,1638293298.483,10,angry,happy,night,happy,angry,angry,happy,night,happy,angry,3943.3938722610474,2021-11-30T17:28:18.483000,1638289355.0891278
17,23,25,23,Random,-9999,ef083c79c13402d2,3.48799991607666,0.31999993324279785,1638293302.391,25,sky,dawn,mango,sky,dawn,sky,dawn,mango,sky,dawn,3947.301872253418,2021-11-30T17:28:22.391000,1638289355.0891278
15,16,26,16,Random,-9999,ef083c79c13402d2,1.7110002040863037,0.41499996185302734,1638293304.326,26,lemon,day,blueberry,lemon,day,lemon,day,blueberry,lemon,day,3949.2368721961975,2021-11-30T17:28:24.326000,1638289355.0891278
25,14,29,29,Random,-9999,63d0650529eaa9a3,2.615999937057495,0.4179999828338623,1638293401.975,14,sad,noon,dawn,noon,sad,sad,noon,dawn,noon,sad,4046.8858721256256,2021-11-30T17:30:01.975000,1638289355.0891278
6,1,0,1,Random,-9999,63d0650529eaa9a3,1.1779999732971191,0.1770000457763672,1638293403.544,0,pants,dress,below,pants,dress,pants,dress,below,pants,dress,4048.4548721313477,2021-11-30T17:30:03.544000,1638289355.0891278
9,18,13,13,Random,-9999,63d0650529eaa9a3,0.3259999752044678,0.315000057220459,1638293403.973,18,strawberry,happy,near,happy,strawberry,strawberry,happy,near,happy,strawberry,4048.883872270584,2021-11-30T17:30:03.973000,1638289355.0891278
17,25,10,10,Random,-9999,63d0650529eaa9a3,0.7860000133514404,0.08699989318847656,1638293404.843,25,dawn,angry,mango,angry,dawn,dawn,angry,mango,angry,dawn,4049.753872156143,2021-11-30T17:30:04.843000,1638289355.0891278
26,4,10,10,Random,-9999,63d0650529eaa9a3,0.5460000038146973,0.1510000228881836,1638293405.64,4,socks,angry,day,angry,socks,socks,angry,day,angry,socks,4050.550872325897,2021-11-30T17:30:05.640000,1638289355.0891278
12,26,9,9,Random,-9999,63d0650529eaa9a3,0.682999849319458,0.1830000877380371,1638293406.685,26,day,near,fearful,near,day,day,near,fearful,near,day,4051.5958721637726,2021-11-30T17:30:06.685000,1638289355.0891278
22,19,24,24,Random,-9999,63d0650529eaa9a3,0.9830000400543213,0.3619999885559082,1638293407.801,19,watermelon,sunset,ocean,sunset,watermelon,watermelon,sunset,ocean,sunset,watermelon,4052.7118723392487,2021-11-30T17:30:07.801000,1638289355.0891278
15,22,27,27,Random,-9999,63d0650529eaa9a3,0.9369997978210449,0.16900014877319336,1638293408.857,22,ocean,dusk,blueberry,dusk,ocean,ocean,dusk,blueberry,dusk,ocean,4053.7678723335266,2021-11-30T17:30:08.857000,1638289355.0891278
22,10,1,1,Random,-9999,63d0650529eaa9a3,0.5390000343322754,0.11100006103515625,1638293409.506,10,angry,pants,ocean,pants,angry,angry,pants,ocean,pants,angry,4054.4168722629547,2021-11-30T17:30:09.506000,1638289355.0891278
22,20,11,20,Random,-9999,63d0650529eaa9a3,0.8500001430511475,0.4659998416900635,1638293411.006,11,beach,disgust,ocean,beach,disgust,beach,disgust,ocean,beach,disgust,4055.9168722629547,2021-11-30T17:30:11.006000,1638289355.0891278
11,14,2,2,Random,-9999,63d0650529eaa9a3,0.5820000171661377,0.37199997901916504,1638293411.93,14,sad,shirt,disgust,shirt,sad,sad,shirt,disgust,shirt,sad,4056.8408722877502,2021-11-30T17:30:11.930000,1638289355.0891278
3,20,5,20,Random,-9999,63d0650529eaa9a3,0.5789999961853027,0.2389998435974121,1638293412.593,5,beach,above,shoes,beach,above,beach,above,shoes,beach,above,4057.503872156143,2021-11-30T17:30:12.593000,1638289355.0891278
22,11,17,17,Random,-9999,63d0650529eaa9a3,0.5980000495910645,0.0989999771118164,1638293413.371,11,disgust,mango,ocean,mango,disgust,disgust,mango,ocean,mango,disgust,4058.2818722724915,2021-11-30T17:30:13.371000,1638289355.0891278
17,27,11,27,Random,-9999,63d0650529eaa9a3,0.42100000381469727,0.18799996376037598,1638293414.026,11,dusk,disgust,mango,dusk,disgust,dusk,disgust,mango,dusk,disgust,4058.936872243881,2021-11-30T17:30:14.026000,1638289355.0891278
23,2,27,27,Random,-9999,63d0650529eaa9a3,0.3399999141693115,0.21300005912780762,1638293414.452,2,shirt,dusk,sky,dusk,shirt,shirt,dusk,sky,dusk,shirt,4059.3628721237183,2021-11-30T17:30:14.452000,1638289355.0891278
15,22,26,22,Random,-9999,63d0650529eaa9a3,0.46199989318847656,0.08300018310546875,1638293415.072,26,ocean,day,blueberry,ocean,day,ocean,day,blueberry,ocean,day,4059.982872247696,2021-11-30T17:30:15.072000,1638289355.0891278
4,14,27,14,Random,-9999,63d0650529eaa9a3,0.40600013732910156,0.1789999008178711,1638293415.583,27,sad,dusk,socks,sad,dusk,sad,dusk,socks,sad,dusk,4060.49387216568,2021-11-30T17:30:15.583000,1638289355.0891278
25,22,6,22,Random,-9999,63d0650529eaa9a3,0.6289999485015869,0.08500003814697266,1638293416.296,6,ocean,below,dawn,ocean,below,ocean,below,dawn,ocean,below,4061.2068722248077,2021-11-30T17:30:16.296000,1638289355.0891278
17,16,25,16,Random,-9999,63d0650529eaa9a3,0.6649999618530273,0.08899998664855957,1638293417.171,25,lemon,dawn,mango,lemon,dawn,lemon,dawn,mango,lemon,dawn,4062.0818722248077,2021-11-30T17:30:17.171000,1638289355.0891278
8,14,5,14,Random,-9999,63d0650529eaa9a3,0.6830000877380371,0.20599985122680664,1638293417.938,5,sad,above,far,sad,above,sad,above,far,sad,above,4062.8488721847534,2021-11-30T17:30:17.938000,1638289355.0891278
13,0,12,0,Random,-9999,63d0650529eaa9a3,0.6099998950958252,0.28800010681152344,1638293418.837,12,dress,fearful,happy,dress,fearful,dress,fearful,happy,dress,fearful,4063.7478721141815,2021-11-30T17:30:18.837000,1638289355.0891278
6,1,24,1,Random,-9999,63d0650529eaa9a3,0.562999963760376,0.08599996566772461,1638293419.485,24,pants,sunset,below,pants,sunset,pants,sunset,below,pants,sunset,4064.395872116089,2021-11-30T17:30:19.485000,1638289355.0891278
17,25,29,25,Random,-9999,63d0650529eaa9a3,0.562999963760376,0.08600020408630371,1638293420.314,29,dawn,noon,mango,dawn,noon,dawn,noon,mango,dawn,noon,4065.224872112274,2021-11-30T17:30:20.314000,1638289355.0891278
28,8,24,24,Random,-9999,63d0650529eaa9a3,0.41900014877319336,0.26199984550476074,1638293420.816,8,far,sunset,night,sunset,far,far,sunset,night,sunset,far,4065.7268722057343,2021-11-30T17:30:20.816000,1638289355.0891278
26,14,0,14,Random,-9999,63d0650529eaa9a3,0.5039999485015869,0.08899998664855957,1638293421.408,0,sad,dress,day,sad,dress,sad,dress,day,sad,dress,4066.3188722133636,2021-11-30T17:30:21.408000,1638289355.0891278
10,8,9,9,Random,-9999,63d0650529eaa9a3,0.7249999046325684,0.0840001106262207,1638293422.412,8,far,near,angry,near,far,far,near,angry,near,far,4067.3228721618652,2021-11-30T17:30:22.412000,1638289355.0891278
5,23,24,23,Random,-9999,63d0650529eaa9a3,1.8840000629425049,0.2799999713897705,1638293424.572,24,sky,sunset,above,sky,sunset,sky,sunset,above,sky,sunset,4069.482872247696,2021-11-30T17:30:24.572000,1638289355.0891278
3,1,24,1,Random,-9999,63d0650529eaa9a3,1.3440001010894775,0.25499987602233887,1638293425.981,24,pants,sunset,shoes,pants,sunset,pants,sunset,shoes,pants,sunset,4070.8918721675873,2021-11-30T17:30:25.981000,1638289355.0891278
9,5,0,5,Random,-9999,63d0650529eaa9a3,1.9539999961853027,0.07499980926513672,1638293428.14,0,above,dress,near,above,dress,above,dress,near,above,dress,4073.050872325897,2021-11-30T17:30:28.140000,1638289355.0891278
4,11,12,11,Random,-9999,63d0650529eaa9a3,1.3680000305175781,0.21399998664855957,1638293429.75,12,disgust,fearful,socks,disgust,fearful,disgust,fearful,socks,disgust,fearful,4074.660872220993,2021-11-30T17:30:29.750000,1638289355.0891278
7,19,11,11,Random,-9999,63d0650529eaa9a3,0.7349998950958252,0.2350001335144043,1638293430.566,19,watermelon,disgust,beside,disgust,watermelon,watermelon,disgust,beside,disgust,watermelon,4075.4768722057343,2021-11-30T17:30:30.566000,1638289355.0891278
18,24,16,24,Random,-9999,63d0650529eaa9a3,0.44500017166137695,0.24399995803833008,1638293431.254,16,sunset,lemon,strawberry,sunset,lemon,sunset,lemon,strawberry,sunset,lemon,4076.1648721694946,2021-11-30T17:30:31.254000,1638289355.0891278
12,5,9,9,Random,-9999,63d0650529eaa9a3,0.5929999351501465,0.08899998664855957,1638293431.932,5,above,near,fearful,near,above,above,near,fearful,near,above,4076.8428721427917,2021-11-30T17:30:31.932000,1638289355.0891278
19,15,10,15,Random,-9999,63d0650529eaa9a3,0.5889999866485596,0.08500003814697266,1638293432.6,10,blueberry,angry,watermelon,blueberry,angry,blueberry,angry,watermelon,blueberry,angry,4077.5108721256256,2021-11-30T17:30:32.600000,1638289355.0891278
9,4,18,18,Random,-9999,63d0650529eaa9a3,0.41100001335144043,0.3020000457763672,1638293433.319,4,socks,strawberry,near,strawberry,socks,socks,strawberry,near,strawberry,socks,4078.229872226715,2021-11-30T17:30:33.319000,1638289355.0891278
11,3,25,25,Random,-9999,63d0650529eaa9a3,0.5490000247955322,0.08500003814697266,1638293433.951,3,shoes,dawn,disgust,dawn,shoes,shoes,dawn,disgust,dawn,shoes,4078.8618721961975,2021-11-30T17:30:33.951000,1638289355.0891278
7,1,28,28,Random,-9999,63d0650529eaa9a3,0.5420000553131104,0.08299994468688965,1638293434.576,1,pants,night,beside,night,pants,pants,night,beside,night,pants,4079.4868721961975,2021-11-30T17:30:34.576000,1638289355.0891278
25,23,26,23,Random,-9999,63d0650529eaa9a3,0.628000020980835,0.0820000171661377,1638293435.286,26,sky,day,dawn,sky,day,sky,day,dawn,sky,day,4080.1968722343445,2021-11-30T17:30:35.286000,1638289355.0891278
20,7,13,13,Random,-9999,63d0650529eaa9a3,0.5160000324249268,0.10899996757507324,1638293436.035,7,beside,happy,beach,happy,beside,beside,happy,beach,happy,beside,4080.9458723068237,2021-11-30T17:30:36.035000,1638289355.0891278
2,11,23,11,Random,-9999,63d0650529eaa9a3,0.47699999809265137,0.21300005912780762,1638293436.604,23,disgust,sky,shirt,disgust,sky,disgust,sky,shirt,disgust,sky,4081.514872312546,2021-11-30T17:30:36.604000,1638289355.0891278
21,7,24,7,Random,-9999,63d0650529eaa9a3,0.47499990463256836,0.08599996566772461,1638293437.176,24,beside,sunset,field,beside,sunset,beside,sunset,field,beside,sunset,4082.0868723392487,2021-11-30T17:30:37.176000,1638289355.0891278
13,12,26,12,Random,-9999,63d0650529eaa9a3,0.5410001277923584,0.09299993515014648,1638293437.794,26,fearful,day,happy,fearful,day,fearful,day,happy,fearful,day,4082.7048721313477,2021-11-30T17:30:37.794000,1638289355.0891278
2,18,21,18,Random,-9999,63d0650529eaa9a3,0.7739999294281006,0.0840001106262207,1638293438.65,21,strawberry,field,shirt,strawberry,field,strawberry,field,shirt,strawberry,field,4083.5608723163605,2021-11-30T17:30:38.650000,1638289355.0891278
29,25,15,25,Random,-9999,63d0650529eaa9a3,0.5899999141693115,0.10700011253356934,1638293439.348,15,dawn,blueberry,noon,dawn,blueberry,dawn,blueberry,noon,dawn,blueberry,4084.258872270584,2021-11-30T17:30:39.348000,1638289355.0891278
26,28,5,28,Random,-9999,63d0650529eaa9a3,0.38899993896484375,0.09200000762939453,1638293439.824,5,night,above,day,night,above,night,above,day,night,above,4084.7348721027374,2021-11-30T17:30:39.824000,1638289355.0891278
2,26,8,26,Random,-9999,63d0650529eaa9a3,0.2890000343322754,0.08800005912780762,1638293440.234,8,day,far,shirt,day,far,day,far,shirt,day,far,4085.144872188568,2021-11-30T17:30:40.234000,1638289355.0891278
15,26,2,26,Random,-9999,63d0650529eaa9a3,0.40799999237060547,0.12899994850158691,1638293440.743,2,day,shirt,blueberry,day,shirt,day,shirt,blueberry,day,shirt,4085.6538722515106,2021-11-30T17:30:40.743000,1638289355.0891278
22,19,6,19,Random,-9999,63d0650529eaa9a3,0.5090000629425049,0.0839998722076416,1638293441.336,6,watermelon,below,ocean,watermelon,below,watermelon,below,ocean,watermelon,below,4086.2468721866608,2021-11-30T17:30:41.336000,1638289355.0891278
28,18,8,18,Random,-9999,63d0650529eaa9a3,0.8489999771118164,0.08500003814697266,1638293442.331,8,strawberry,far,night,strawberry,far,strawberry,far,night,strawberry,far,4087.2418723106384,2021-11-30T17:30:42.331000,1638289355.0891278
19,16,17,17,Random,-9999,63d0650529eaa9a3,0.6499998569488525,0.14400005340576172,1638293443.063,16,lemon,mango,watermelon,mango,lemon,lemon,mango,watermelon,mango,lemon,4087.9738721847534,2021-11-30T17:30:43.063000,1638289355.0891278
22,11,13,11,Random,-9999,63d0650529eaa9a3,0.6639997959136963,0.08900022506713867,1638293443.811,13,disgust,happy,ocean,disgust,happy,disgust,happy,ocean,disgust,happy,4088.721872329712,2021-11-30T17:30:43.811000,1638289355.0891278
4,24,13,13,Random,-9999,63d0650529eaa9a3,0.875,0.08800005912780762,1638293444.822,24,sunset,happy,socks,happy,sunset,sunset,happy,socks,happy,sunset,4089.732872247696,2021-11-30T17:30:44.822000,1638289355.0891278
27,0,13,0,Random,-9999,63d0650529eaa9a3,0.6049997806549072,0.12400007247924805,1638293445.517,13,dress,happy,dusk,dress,happy,dress,happy,dusk,dress,happy,4090.4278721809387,2021-11-30T17:30:45.517000,1638289355.0891278
0,9,15,15,Random,-9999,63d0650529eaa9a3,0.6490001678466797,0.08800005912780762,1638293446.244,9,near,blueberry,dress,blueberry,near,near,blueberry,dress,blueberry,near,4091.1548721790314,2021-11-30T17:30:46.244000,1638289355.0891278
16,1,0,0,Random,-9999,63d0650529eaa9a3,0.6150000095367432,0.28999996185302734,1638293447.149,1,pants,dress,lemon,dress,pants,pants,dress,lemon,dress,pants,4092.059872150421,2021-11-30T17:30:47.149000,1638289355.0891278
17,16,29,29,Random,-9999,63d0650529eaa9a3,0.6089999675750732,0.08899998664855957,1638293447.847,16,lemon,noon,mango,noon,lemon,lemon,noon,mango,noon,lemon,4092.757872104645,2021-11-30T17:30:47.847000,1638289355.0891278
15,11,19,19,Random,-9999,63d0650529eaa9a3,0.4980001449584961,0.19899988174438477,1638293448.615,11,disgust,watermelon,blueberry,watermelon,disgust,disgust,watermelon,blueberry,watermelon,disgust,4093.52587223053,2021-11-30T17:30:48.615000,1638289355.0891278
3,11,0,0,Random,-9999,63d0650529eaa9a3,0.5940001010894775,0.15899991989135742,1638293449.298,11,disgust,dress,shoes,dress,disgust,disgust,dress,shoes,dress,disgust,4094.208872318268,2021-11-30T17:30:49.298000,1638289355.0891278
8,18,21,21,Random,-9999,63d0650529eaa9a3,0.6180000305175781,0.08699989318847656,1638293450.069,18,strawberry,field,far,field,strawberry,strawberry,field,far,field,strawberry,4094.979872226715,2021-11-30T17:30:50.069000,1638289355.0891278
18,23,10,23,Random,-9999,63d0650529eaa9a3,0.565000057220459,0.14899992942810059,1638293450.719,10,sky,angry,strawberry,sky,angry,sky,angry,strawberry,sky,angry,4095.6298723220825,2021-11-30T17:30:50.719000,1638289355.0891278
28,5,8,8,Random,-9999,63d0650529eaa9a3,0.7590000629425049,0.0989999771118164,1638293451.765,5,above,far,night,far,above,above,far,night,far,above,4096.675872325897,2021-11-30T17:30:51.765000,1638289355.0891278
9,0,21,0,Random,-9999,63d0650529eaa9a3,0.3529999256134033,0.2720000743865967,1638293452.199,21,dress,field,near,dress,field,dress,field,near,dress,field,4097.109872102737,2021-11-30T17:30:52.199000,1638289355.0891278
22,4,27,27,Random,-9999,63d0650529eaa9a3,0.5319998264312744,0.08500003814697266,1638293452.811,4,socks,dusk,ocean,dusk,socks,socks,dusk,ocean,dusk,socks,4097.721872329712,2021-11-30T17:30:52.811000,1638289355.0891278
19,22,26,22,Random,-9999,63d0650529eaa9a3,0.46000003814697266,0.08500003814697266,1638293453.361,26,ocean,day,watermelon,ocean,day,ocean,day,watermelon,ocean,day,4098.271872282028,2021-11-30T17:30:53.361000,1638289355.0891278
27,6,13,13,Random,-9999,63d0650529eaa9a3,0.4909999370574951,0.08500003814697266,1638293453.953,6,below,happy,dusk,happy,below,below,happy,dusk,happy,below,4098.863872289658,2021-11-30T17:30:53.953000,1638289355.0891278
9,28,0,0,Random,-9999,63d0650529eaa9a3,0.4889998435974121,0.0970001220703125,1638293454.524,28,night,dress,near,dress,night,night,dress,near,dress,night,4099.434872150421,2021-11-30T17:30:54.524000,1638289355.0891278
5,12,7,7,Random,-9999,63d0650529eaa9a3,0.5499999523162842,0.10800004005432129,1638293455.185,12,fearful,beside,above,beside,fearful,fearful,beside,above,beside,fearful,4100.095872163773,2021-11-30T17:30:55.185000,1638289355.0891278
10,17,26,26,Random,-9999,63d0650529eaa9a3,2.3359999656677246,0.13199996948242188,1638293457.7,17,mango,day,angry,day,mango,mango,day,angry,day,mango,4102.610872268677,2021-11-30T17:30:57.700000,1638289355.0891278
1,29,5,29,Random,-9999,63d0650529eaa9a3,1.996999979019165,0.15900015830993652,1638293459.86,5,noon,above,pants,noon,above,noon,above,pants,noon,above,4104.770872116089,2021-11-30T17:30:59.860000,1638289355.0891278
14,18,1,1,Random,-9999,63d0650529eaa9a3,1.5849997997283936,0.3580000400543213,1638293461.753,18,strawberry,pants,sad,pants,strawberry,strawberry,pants,sad,pants,strawberry,4106.663872241974,2021-11-30T17:31:01.753000,1638289355.0891278
18,11,20,20,Random,-9999,63d0650529eaa9a3,0.9680001735687256,0.0820000171661377,1638293462.798,11,disgust,beach,strawberry,beach,disgust,disgust,beach,strawberry,beach,disgust,4107.708872318268,2021-11-30T17:31:02.798000,1638289355.0891278
24,21,4,4,Random,-9999,63d0650529eaa9a3,0.8419997692108154,0.07200002670288086,1638293463.726,21,field,socks,sunset,socks,field,field,socks,sunset,socks,field,4108.636872291565,2021-11-30T17:31:03.726000,1638289355.0891278
14,24,28,24,Random,-9999,63d0650529eaa9a3,4.187000036239624,0.09600019454956055,1638293468.048,28,sunset,night,sad,sunset,night,sunset,night,sad,sunset,night,4112.958872318268,2021-11-30T17:31:08.048000,1638289355.0891278
9,8,15,15,Random,-9999,63d0650529eaa9a3,0.9470000267028809,0.1509997844696045,1638293469.085,8,far,blueberry,near,blueberry,far,far,blueberry,near,blueberry,far,4113.99587225914,2021-11-30T17:31:09.085000,1638289355.0891278
10,20,25,20,Random,-9999,63d0650529eaa9a3,0.6449999809265137,0.07599997520446777,1638293469.827,25,beach,dawn,angry,beach,dawn,beach,dawn,angry,beach,dawn,4114.737872123718,2021-11-30T17:31:09.827000,1638289355.0891278
11,16,21,21,Random,-9999,63d0650529eaa9a3,0.684999942779541,0.17200016975402832,1638293470.664,16,lemon,field,disgust,field,lemon,lemon,field,disgust,field,lemon,4115.574872255325,2021-11-30T17:31:10.664000,1638289355.0891278
20,15,22,22,Random,-9999,63d0650529eaa9a3,1.6689999103546143,0.07800006866455078,1638293472.411,15,blueberry,ocean,beach,ocean,blueberry,blueberry,ocean,beach,ocean,blueberry,4117.3218722343445,2021-11-30T17:31:12.411000,1638289355.0891278
9,21,15,21,Random,-9999,e1f248a6b1a7009a,2.7639999389648438,0.1830000877380371,1638293474.679,15,field,blueberry,near,field,blueberry,field,blueberry,near,field,blueberry,4119.589872121811,2021-11-30T17:31:14.679000,1638289355.0891278
25,0,14,14,Random,-9999,63d0650529eaa9a3,2.1419999599456787,0.07899999618530273,1638293474.895,0,dress,sad,dawn,sad,dress,dress,sad,dawn,sad,dress,4119.80587220192,2021-11-30T17:31:14.895000,1638289355.0891278
25,16,0,0,Random,-9999,63d0650529eaa9a3,1.2829999923706055,0.34400010108947754,1638293476.269,16,lemon,dress,dawn,dress,lemon,lemon,dress,dawn,dress,lemon,4121.179872274399,2021-11-30T17:31:16.269000,1638289355.0891278
9,29,11,29,Random,-9999,e1f248a6b1a7009a,1.9249999523162842,0.16199994087219238,1638293476.918,11,noon,disgust,near,noon,disgust,noon,disgust,near,noon,disgust,4121.828872203827,2021-11-30T17:31:16.918000,1638289355.0891278
21,0,20,20,Random,-9999,63d0650529eaa9a3,0.6629998683929443,0.11500000953674316,1638293477.043,0,dress,beach,field,beach,dress,dress,beach,field,beach,dress,4121.953872203827,2021-11-30T17:31:17.043000,1638289355.0891278
20,25,21,21,Random,-9999,63d0650529eaa9a3,1.2109999656677246,0.08700013160705566,1638293478.366,25,dawn,field,beach,field,dawn,dawn,field,beach,field,dawn,4123.2768721580505,2021-11-30T17:31:18.366000,1638289355.0891278
13,17,22,17,Random,-9999,63d0650529eaa9a3,0.7150001525878906,0.11099982261657715,1638293479.187,22,mango,ocean,happy,mango,ocean,mango,ocean,happy,mango,ocean,4124.097872257233,2021-11-30T17:31:19.187000,1638289355.0891278
23,7,27,7,Random,-9999,63d0650529eaa9a3,0.7339999675750732,0.10699987411499023,1638293480.067,27,beside,dusk,sky,beside,dusk,beside,dusk,sky,beside,dusk,4124.977872133255,2021-11-30T17:31:20.067000,1638289355.0891278
29,8,21,8,Random,-9999,63d0650529eaa9a3,1.1150000095367432,0.24700021743774414,1638293481.371,21,far,field,noon,far,field,far,field,noon,far,field,4126.2818722724915,2021-11-30T17:31:21.371000,1638289355.0891278
13,6,11,11,Random,-9999,e1f248a6b1a7009a,4.4750001430511475,0.16199994087219238,1638293481.461,6,below,disgust,happy,disgust,below,below,disgust,happy,disgust,below,4126.371872186661,2021-11-30T17:31:21.461000,1638289355.0891278
21,1,23,1,Random,-9999,63d0650529eaa9a3,0.5710000991821289,0.1509997844696045,1638293482.166,23,pants,sky,field,pants,sky,pants,sky,field,pants,sky,4127.076872110367,2021-11-30T17:31:22.166000,1638289355.0891278
12,14,22,14,Random,-9999,63d0650529eaa9a3,0.6809999942779541,0.16000008583068848,1638293482.932,22,sad,ocean,fearful,sad,ocean,sad,ocean,fearful,sad,ocean,4127.842872142792,2021-11-30T17:31:22.932000,1638289355.0891278
20,1,12,1,Random,-9999,e1f248a6b1a7009a,2.2890000343322754,0.16699981689453125,1638293483.917,12,pants,fearful,beach,pants,fearful,pants,fearful,beach,pants,fearful,4128.827872276306,2021-11-30T17:31:23.917000,1638289355.0891278
4,25,2,25,Random,-9999,63d0650529eaa9a3,0.9750001430511475,0.2909998893737793,1638293484.263,2,dawn,shirt,socks,dawn,shirt,dawn,shirt,socks,dawn,shirt,4129.173872232437,2021-11-30T17:31:24.263000,1638289355.0891278
10,5,26,5,Random,-9999,63d0650529eaa9a3,0.7650001049041748,0.17299985885620117,1638293485.303,26,above,day,angry,above,day,above,day,angry,above,day,4130.21387219429,2021-11-30T17:31:25.303000,1638289355.0891278
11,3,15,3,Random,-9999,63d0650529eaa9a3,0.8090000152587891,0.2569999694824219,1638293486.358,15,shoes,blueberry,disgust,shoes,blueberry,shoes,blueberry,disgust,shoes,blueberry,4131.268872261047,2021-11-30T17:31:26.358000,1638289355.0891278
0,20,11,20,Random,-9999,e1f248a6b1a7009a,2.4539999961853027,0.15000009536743164,1638293486.521,11,beach,disgust,dress,beach,disgust,beach,disgust,dress,beach,disgust,4131.43187212944,2021-11-30T17:31:26.521000,1638289355.0891278
25,23,21,23,Random,-9999,63d0650529eaa9a3,0.5099999904632568,0.3000001907348633,1638293487.011,21,sky,field,dawn,sky,field,sky,field,dawn,sky,field,4131.921872138977,2021-11-30T17:31:27.011000,1638289355.0891278
21,11,16,11,Random,-9999,63d0650529eaa9a3,0.8229999542236328,0.0820000171661377,1638293487.919,16,disgust,lemon,field,disgust,lemon,disgust,lemon,field,disgust,lemon,4132.829872131348,2021-11-30T17:31:27.919000,1638289355.0891278
4,25,26,26,Random,-9999,63d0650529eaa9a3,0.6630001068115234,0.08299994468688965,1638293488.664,25,dawn,day,socks,day,dawn,dawn,day,socks,day,dawn,4133.574872255325,2021-11-30T17:31:28.664000,1638289355.0891278
10,20,26,26,Random,-9999,e1f248a6b1a7009a,1.940999984741211,0.1679999828338623,1638293488.681,20,beach,day,angry,day,beach,beach,day,angry,day,beach,4133.591872215271,2021-11-30T17:31:28.681000,1638289355.0891278
20,0,3,3,Random,-9999,63d0650529eaa9a3,1.1119999885559082,0.09100008010864258,1638293489.898,0,dress,shoes,beach,shoes,dress,dress,shoes,beach,shoes,dress,4134.8088722229,2021-11-30T17:31:29.898000,1638289355.0891278
1,2,6,2,Random,-9999,63d0650529eaa9a3,1.1000001430511475,0.12599992752075195,1638293491.117,6,shirt,below,pants,shirt,below,shirt,below,pants,shirt,below,4136.02787232399,2021-11-30T17:31:31.117000,1638289355.0891278
20,23,9,9,Random,-9999,63d0650529eaa9a3,0.7519998550415039,0.10500001907348633,1638293491.993,23,sky,near,beach,near,sky,sky,near,beach,near,sky,4136.903872251511,2021-11-30T17:31:31.993000,1638289355.0891278
0,4,21,4,Random,-9999,e1f248a6b1a7009a,3.2909998893737793,0.20000004768371582,1638293492.12,21,socks,field,dress,socks,field,socks,field,dress,socks,field,4137.030872106552,2021-11-30T17:31:32.120000,1638289355.0891278
16,11,9,11,Random,-9999,63d0650529eaa9a3,0.7349998950958252,0.1230001449584961,1638293492.807,9,disgust,near,lemon,disgust,near,disgust,near,lemon,disgust,near,4137.717872142792,2021-11-30T17:31:32.807000,1638289355.0891278
4,29,0,0,Random,-9999,e1f248a6b1a7009a,2.3999998569488525,0.1510000228881836,1638293494.669,29,noon,dress,socks,dress,noon,noon,dress,socks,dress,noon,4139.579872131348,2021-11-30T17:31:34.669000,1638289355.0891278
7,10,11,11,Random,-9999,63d0650529eaa9a3,1.691999912261963,0.07899999618530273,1638293494.745,10,angry,disgust,beside,disgust,angry,angry,disgust,beside,disgust,angry,4139.655872106552,2021-11-30T17:31:34.745000,1638289355.0891278
20,11,9,9,Random,-9999,e1f248a6b1a7009a,1.9730000495910645,0.1530001163482666,1638293496.816,11,disgust,near,beach,near,disgust,disgust,near,beach,near,disgust,4141.726872205734,2021-11-30T17:31:36.816000,1638289355.0891278
9,18,14,18,Random,-9999,63d0650529eaa9a3,1.7799999713897705,0.27900004386901855,1638293496.923,14,strawberry,sad,near,strawberry,sad,strawberry,sad,near,strawberry,sad,4141.833872318268,2021-11-30T17:31:36.923000,1638289355.0891278
13,9,10,9,Random,-9999,63d0650529eaa9a3,1.9839999675750732,0.3040001392364502,1638293498.917,10,near,angry,happy,near,angry,near,angry,happy,near,angry,4143.827872276306,2021-11-30T17:31:38.917000,1638289355.0891278
17,16,29,16,Random,-9999,e1f248a6b1a7009a,2.0510001182556152,0.16299986839294434,1638293499.014,29,lemon,noon,mango,lemon,noon,lemon,noon,mango,lemon,noon,4143.924872159958,2021-11-30T17:31:39.014000,1638289355.0891278
11,23,6,6,Random,-9999,63d0650529eaa9a3,1.3310000896453857,0.14399981498718262,1638293500.392,23,sky,below,disgust,below,sky,sky,below,disgust,below,sky,4145.302872180939,2021-11-30T17:31:40.392000,1638289355.0891278
25,9,23,23,Random,-9999,63d0650529eaa9a3,1.2969999313354492,0.0840001106262207,1638293501.782,9,near,sky,dawn,sky,near,near,sky,dawn,sky,near,4146.692872285843,2021-11-30T17:31:41.782000,1638289355.0891278
25,3,23,23,Random,-9999,e1f248a6b1a7009a,3.2249999046325684,0.15199995040893555,1638293502.395,3,shoes,sky,dawn,sky,shoes,shoes,sky,dawn,sky,shoes,4147.30587220192,2021-11-30T17:31:42.395000,1638289355.0891278
0,26,27,27,Random,-9999,63d0650529eaa9a3,4.0,0.08299994468688965,1638293505.918,26,day,dusk,dress,dusk,day,day,dusk,dress,dusk,day,4150.828872203827,2021-11-30T17:31:45.918000,1638289355.0891278
1,12,28,28,Random,-9999,e1f248a6b1a7009a,4.545000076293945,0.23600006103515625,1638293507.113,12,fearful,night,pants,night,fearful,fearful,night,pants,night,fearful,4152.02387213707,2021-11-30T17:31:47.113000,1638289355.0891278
11,15,28,28,Random,-9999,63d0650529eaa9a3,1.185999870300293,0.15600013732910156,1638293507.204,15,blueberry,night,disgust,night,blueberry,blueberry,night,disgust,night,blueberry,4152.114872217178,2021-11-30T17:31:47.204000,1638289355.0891278
17,19,0,19,Random,-9999,e1f248a6b1a7009a,1.7209999561309814,0.14800000190734863,1638293508.97,0,watermelon,dress,mango,watermelon,dress,watermelon,dress,mango,watermelon,dress,4153.880872249603,2021-11-30T17:31:48.970000,1638289355.0891278
1,20,10,20,Random,-9999,63d0650529eaa9a3,2.7190001010894775,0.07699990272521973,1638293510.052,10,beach,angry,pants,beach,angry,beach,angry,pants,beach,angry,4154.962872266769,2021-11-30T17:31:50.052000,1638289355.0891278
7,1,29,29,Random,-9999,63d0650529eaa9a3,0.7109999656677246,0.1510000228881836,1638293510.861,1,pants,noon,beside,noon,pants,pants,noon,beside,noon,pants,4155.771872282028,2021-11-30T17:31:50.861000,1638289355.0891278
20,0,15,0,Random,-9999,63d0650529eaa9a3,1.1440000534057617,0.07399988174438477,1638293512.079,15,dress,blueberry,beach,dress,blueberry,dress,blueberry,beach,dress,blueberry,4156.989872217178,2021-11-30T17:31:52.079000,1638289355.0891278
8,11,15,11,Random,-9999,63d0650529eaa9a3,0.7349998950958252,0.07400012016296387,1638293512.889,15,disgust,blueberry,far,disgust,blueberry,disgust,blueberry,far,disgust,blueberry,4157.799872159958,2021-11-30T17:31:52.889000,1638289355.0891278
22,23,24,24,Random,-9999,63d0650529eaa9a3,0.6560001373291016,0.07299995422363281,1638293513.618,23,sky,sunset,ocean,sunset,sky,sky,sunset,ocean,sunset,sky,4158.528872251511,2021-11-30T17:31:53.618000,1638289355.0891278
29,13,11,13,Random,-9999,e1f248a6b1a7009a,5.122999906539917,0.09400010108947754,1638293514.256,11,happy,disgust,noon,happy,disgust,happy,disgust,noon,happy,disgust,4159.166872262955,2021-11-30T17:31:54.256000,1638289355.0891278
19,15,17,15,Random,-9999,63d0650529eaa9a3,0.5820000171661377,0.07499980926513672,1638293514.275,17,blueberry,mango,watermelon,blueberry,mango,blueberry,mango,watermelon,blueberry,mango,4159.1858723163605,2021-11-30T17:31:54.275000,1638289355.0891278
7,1,10,1,Random,-9999,63d0650529eaa9a3,0.5840001106262207,0.07800006866455078,1638293514.936,10,pants,angry,beside,pants,angry,pants,angry,beside,pants,angry,4159.846872329712,2021-11-30T17:31:54.936000,1638289355.0891278
22,19,28,19,Random,-9999,63d0650529eaa9a3,0.6400001049041748,0.07299995422363281,1638293515.649,28,watermelon,night,ocean,watermelon,night,watermelon,night,ocean,watermelon,night,4160.559872150421,2021-11-30T17:31:55.649000,1638289355.0891278
2,1,19,1,Random,-9999,63d0650529eaa9a3,0.8239998817443848,0.07400012016296387,1638293516.555,19,pants,watermelon,shirt,pants,watermelon,pants,watermelon,shirt,pants,watermelon,4161.46587228775,2021-11-30T17:31:56.555000,1638289355.0891278
17,12,14,12,Random,-9999,63d0650529eaa9a3,0.5729999542236328,0.0840001106262207,1638293517.204,14,fearful,sad,mango,fearful,sad,fearful,sad,mango,fearful,sad,4162.114872217178,2021-11-30T17:31:57.204000,1638289355.0891278
23,21,11,21,Random,-9999,63d0650529eaa9a3,0.6150000095367432,0.07399988174438477,1638293517.892,11,field,disgust,sky,field,disgust,field,disgust,sky,field,disgust,4162.802872180939,2021-11-30T17:31:57.892000,1638289355.0891278
23,19,15,19,Random,-9999,63d0650529eaa9a3,0.4789998531341553,0.07400012016296387,1638293518.447,15,watermelon,blueberry,sky,watermelon,blueberry,watermelon,blueberry,sky,watermelon,blueberry,4163.357872247696,2021-11-30T17:31:58.447000,1638289355.0891278
25,20,12,12,Random,-9999,63d0650529eaa9a3,0.6459999084472656,0.07500004768371582,1638293519.166,20,beach,fearful,dawn,fearful,beach,beach,fearful,dawn,fearful,beach,4164.076872110367,2021-11-30T17:31:59.166000,1638289355.0891278
27,18,8,8,Random,-9999,63d0650529eaa9a3,0.5879998207092285,0.07300019264221191,1638293519.829,18,strawberry,far,dusk,far,strawberry,strawberry,far,dusk,far,strawberry,4164.739872217178,2021-11-30T17:31:59.829000,1638289355.0891278
23,2,12,2,Random,-9999,63d0650529eaa9a3,1.2790000438690186,0.07500004768371582,1638293521.183,12,shirt,fearful,sky,shirt,fearful,shirt,fearful,sky,shirt,fearful,4166.093872308731,2021-11-30T17:32:01.183000,1638289355.0891278
8,24,22,22,Random,-9999,63d0650529eaa9a3,0.9700000286102295,0.07999992370605469,1638293522.232,24,sunset,ocean,far,ocean,sunset,sunset,ocean,far,ocean,sunset,4167.142872333527,2021-11-30T17:32:02.232000,1638289355.0891278
2,7,10,7,Random,-9999,63d0650529eaa9a3,1.0880000591278076,0.07400012016296387,1638293523.393,10,beside,angry,shirt,beside,angry,beside,angry,shirt,beside,angry,4168.3038721084595,2021-11-30T17:32:03.393000,1638289355.0891278
8,0,1,1,Random,-9999,e1f248a6b1a7009a,9.378999948501587,0.1550002098083496,1638293523.788,0,dress,pants,far,pants,dress,dress,pants,far,pants,dress,4168.698872327805,2021-11-30T17:32:03.788000,1638289355.0891278
20,1,4,4,Random,-9999,63d0650529eaa9a3,1.375,0.07499980926513672,1638293524.85,1,pants,socks,beach,socks,pants,pants,socks,beach,socks,pants,4169.760872125626,2021-11-30T17:32:04.850000,1638289355.0891278
5,28,22,22,Random,-9999,e1f248a6b1a7009a,1.7369999885559082,0.14800000190734863,1638293525.606,28,night,ocean,above,ocean,night,night,ocean,above,ocean,night,4170.516872167587,2021-11-30T17:32:05.606000,1638289355.0891278
28,14,17,17,Random,-9999,63d0650529eaa9a3,0.7760000228881836,0.08100008964538574,1638293525.701,14,sad,mango,night,mango,sad,sad,mango,night,mango,sad,4170.6118721961975,2021-11-30T17:32:05.701000,1638289355.0891278
21,28,11,11,Random,-9999,63d0650529eaa9a3,0.5699999332427979,0.07899999618530273,1638293526.35,28,night,disgust,field,disgust,night,night,disgust,field,disgust,night,4171.260872125626,2021-11-30T17:32:06.350000,1638289355.0891278
11,7,20,7,Random,-9999,63d0650529eaa9a3,0.4779999256134033,0.07500004768371582,1638293526.903,20,beside,beach,disgust,beside,beach,beside,beach,disgust,beside,beach,4171.813872337341,2021-11-30T17:32:06.903000,1638289355.0891278
25,21,18,21,Random,-9999,63d0650529eaa9a3,0.5639998912811279,0.07700014114379883,1638293527.544,18,field,strawberry,dawn,field,strawberry,field,strawberry,dawn,field,strawberry,4172.454872131348,2021-11-30T17:32:07.544000,1638289355.0891278
19,7,27,7,Random,-9999,63d0650529eaa9a3,0.5970001220703125,0.07599997520446777,1638293528.217,27,beside,dusk,watermelon,beside,dusk,beside,dusk,watermelon,beside,dusk,4173.127872228622,2021-11-30T17:32:08.217000,1638289355.0891278
1,23,5,5,Random,-9999,63d0650529eaa9a3,0.5880000591278076,0.07399988174438477,1638293528.877,23,sky,above,pants,above,sky,sky,above,pants,above,sky,4173.787872314453,2021-11-30T17:32:08.877000,1638289355.0891278
11,29,9,9,Random,-9999,e1f248a6b1a7009a,3.2960000038146973,0.0839998722076416,1638293529.053,29,noon,near,disgust,near,noon,noon,near,disgust,near,noon,4173.96387219429,2021-11-30T17:32:09.053000,1638289355.0891278
24,5,8,5,Random,-9999,63d0650529eaa9a3,0.5049998760223389,0.07299995422363281,1638293529.455,8,above,far,sunset,above,far,above,far,sunset,above,far,4174.365872144699,2021-11-30T17:32:09.455000,1638289355.0891278
19,12,29,29,Random,-9999,63d0650529eaa9a3,0.6150000095367432,0.07500004768371582,1638293530.153,12,fearful,noon,watermelon,noon,fearful,fearful,noon,watermelon,noon,fearful,4175.063872337341,2021-11-30T17:32:10.153000,1638289355.0891278
17,29,16,16,Random,-9999,63d0650529eaa9a3,1.4780001640319824,0.0839998722076416,1638293531.708,29,noon,lemon,mango,lemon,noon,noon,lemon,mango,lemon,noon,4176.61887216568,2021-11-30T17:32:11.708000,1638289355.0891278
8,22,20,20,Random,-9999,63d0650529eaa9a3,2.618000030517578,0.07499980926513672,1638293534.456,22,ocean,beach,far,beach,ocean,ocean,beach,far,beach,ocean,4179.366872310638,2021-11-30T17:32:14.456000,1638289355.0891278
13,9,8,9,Random,-9999,e1f248a6b1a7009a,5.968000173568726,0.14899992942810059,1638293535.171,8,near,far,happy,near,far,near,far,happy,near,far,4180.081872224808,2021-11-30T17:32:15.171000,1638289355.0891278
28,15,22,22,Random,-9999,63d0650529eaa9a3,2.2769999504089355,0.14300012588500977,1638293536.868,15,blueberry,ocean,night,ocean,blueberry,blueberry,ocean,night,ocean,blueberry,4181.778872251511,2021-11-30T17:32:16.868000,1638289355.0891278
0,8,16,16,Random,-9999,e1f248a6b1a7009a,2.115000009536743,0.20399999618530273,1638293537.528,8,far,lemon,dress,lemon,far,far,lemon,dress,lemon,far,4182.438872337341,2021-11-30T17:32:17.528000,1638289355.0891278
0,18,7,7,Random,-9999,63d0650529eaa9a3,2.0380001068115234,0.15799999237060547,1638293539.079,18,strawberry,beside,dress,beside,strawberry,strawberry,beside,dress,beside,strawberry,4183.989872217178,2021-11-30T17:32:19.079000,1638289355.0891278
2,0,28,0,Random,-9999,e1f248a6b1a7009a,3.7230000495910645,0.18799996376037598,1638293541.405,28,dress,night,shirt,dress,night,dress,night,shirt,dress,night,4186.315872192383,2021-11-30T17:32:21.405000,1638289355.0891278
5,13,29,13,Random,-9999,63d0650529eaa9a3,3.0899999141693115,0.1549999713897705,1638293542.327,29,happy,noon,above,happy,noon,happy,noon,above,happy,noon,4187.237872123718,2021-11-30T17:32:22.327000,1638289355.0891278
7,21,19,21,Random,-9999,e1f248a6b1a7009a,2.885999917984009,0.1549999713897705,1638293544.442,19,field,watermelon,beside,field,watermelon,field,watermelon,beside,field,watermelon,4189.352872133255,2021-11-30T17:32:24.442000,1638289355.0891278
4,14,26,26,Random,-9999,63d0650529eaa9a3,2.2749998569488525,0.15700006484985352,1638293544.748,14,sad,day,socks,day,sad,sad,day,socks,day,sad,4189.658872127533,2021-11-30T17:32:24.748000,1638289355.0891278
1,18,19,19,Random,-9999,63d0650529eaa9a3,2.0959999561309814,0.15700006484985352,1638293546.998,18,strawberry,watermelon,pants,watermelon,strawberry,strawberry,watermelon,pants,watermelon,strawberry,4191.908872127533,2021-11-30T17:32:26.998000,1638289355.0891278
7,4,2,4,Random,-9999,e1f248a6b1a7009a,2.440999984741211,0.1549999713897705,1638293547.043,2,socks,shirt,beside,socks,shirt,socks,shirt,beside,socks,shirt,4191.953872203827,2021-11-30T17:32:27.043000,1638289355.0891278
29,19,5,5,Random,-9999,63d0650529eaa9a3,1.5150001049041748,0.1399998664855957,1638293548.598,19,watermelon,above,noon,above,watermelon,watermelon,above,noon,above,watermelon,4193.508872270584,2021-11-30T17:32:28.598000,1638289355.0891278
7,10,6,6,Random,-9999,e1f248a6b1a7009a,2.506999969482422,0.15700006484985352,1638293549.699,10,angry,below,beside,below,angry,angry,below,beside,below,angry,4194.609872102737,2021-11-30T17:32:29.699000,1638289355.0891278
4,2,29,2,Random,-9999,e1f248a6b1a7009a,1.7409999370574951,0.14800000190734863,1638293551.521,29,shirt,noon,socks,shirt,noon,shirt,noon,socks,shirt,noon,4196.43187212944,2021-11-30T17:32:31.521000,1638289355.0891278
3,28,22,28,Random,-9999,63d0650529eaa9a3,3.626000165939331,0.07699990272521973,1638293552.365,22,night,ocean,shoes,night,ocean,night,ocean,shoes,night,ocean,4197.27587223053,2021-11-30T17:32:32.365000,1638289355.0891278
27,1,6,1,Random,-9999,63d0650529eaa9a3,0.6840000152587891,0.1529998779296875,1638293553.138,6,pants,below,dusk,pants,below,pants,below,dusk,pants,below,4198.048872232437,2021-11-30T17:32:33.138000,1638289355.0891278
9,2,0,2,Random,-9999,63d0650529eaa9a3,0.9130001068115234,0.12899994850158691,1638293554.189,0,shirt,dress,near,shirt,dress,shirt,dress,near,shirt,dress,4199.099872112274,2021-11-30T17:32:34.189000,1638289355.0891278
25,11,16,11,Random,-9999,63d0650529eaa9a3,0.2999999523162842,0.08500003814697266,1638293554.567,16,disgust,lemon,dawn,disgust,lemon,disgust,lemon,dawn,disgust,lemon,4199.477872133255,2021-11-30T17:32:34.567000,1638289355.0891278
24,7,10,7,Random,-9999,e1f248a6b1a7009a,3.07099986076355,0.0820000171661377,1638293554.743,10,beside,angry,sunset,beside,angry,beside,angry,sunset,beside,angry,4199.653872251511,2021-11-30T17:32:34.743000,1638289355.0891278
16,10,22,10,Random,-9999,63d0650529eaa9a3,0.8320000171661377,0.0820000171661377,1638293555.48,22,angry,ocean,lemon,angry,ocean,angry,ocean,lemon,angry,ocean,4200.3908722400665,2021-11-30T17:32:35.480000,1638289355.0891278
23,20,2,2,Random,-9999,63d0650529eaa9a3,0.6200001239776611,0.08500003814697266,1638293556.183,20,beach,shirt,sky,shirt,beach,beach,shirt,sky,shirt,beach,4201.093872308731,2021-11-30T17:32:36.183000,1638289355.0891278
8,28,6,28,Random,-9999,e1f248a6b1a7009a,1.9029998779296875,0.15900015830993652,1638293556.736,6,night,below,far,night,below,night,below,far,night,below,4201.646872282028,2021-11-30T17:32:36.736000,1638289355.0891278
8,15,25,25,Random,-9999,63d0650529eaa9a3,0.8389999866485596,0.10300016403198242,1638293557.13,15,blueberry,dawn,far,dawn,blueberry,blueberry,dawn,far,dawn,blueberry,4202.040872335434,2021-11-30T17:32:37.130000,1638289355.0891278
23,20,12,20,Random,-9999,63d0650529eaa9a3,0.7679998874664307,0.0820000171661377,1638293557.979,12,beach,fearful,sky,beach,fearful,beach,fearful,sky,beach,fearful,4202.889872312546,2021-11-30T17:32:37.979000,1638289355.0891278
25,20,2,2,Random,-9999,63d0650529eaa9a3,0.7359998226165771,0.08100008964538574,1638293558.793,20,beach,shirt,dawn,shirt,beach,beach,shirt,dawn,shirt,beach,4203.703872203827,2021-11-30T17:32:38.793000,1638289355.0891278
21,19,0,19,Random,-9999,63d0650529eaa9a3,0.6150000095367432,0.08300018310546875,1638293559.49,0,watermelon,dress,field,watermelon,dress,watermelon,dress,field,watermelon,dress,4204.40087223053,2021-11-30T17:32:39.490000,1638289355.0891278
18,22,0,22,Random,-9999,e1f248a6b1a7009a,3.2790000438690186,0.08299994468688965,1638293560.164,0,ocean,dress,strawberry,ocean,dress,ocean,dress,strawberry,ocean,dress,4205.074872255325,2021-11-30T17:32:40.164000,1638289355.0891278
15,19,4,4,Random,-9999,63d0650529eaa9a3,0.624000072479248,0.0820000171661377,1638293560.195,19,watermelon,socks,blueberry,socks,watermelon,watermelon,socks,blueberry,socks,watermelon,4205.105872154236,2021-11-30T17:32:40.195000,1638289355.0891278
13,2,29,2,Random,-9999,63d0650529eaa9a3,1.4800000190734863,0.0839998722076416,1638293561.764,29,shirt,noon,happy,shirt,noon,shirt,noon,happy,shirt,noon,4206.674872159958,2021-11-30T17:32:41.764000,1638289355.0891278
22,13,27,13,Random,-9999,63d0650529eaa9a3,0.6559998989105225,0.0820000171661377,1638293562.5,27,happy,dusk,ocean,happy,dusk,happy,dusk,ocean,happy,dusk,4207.410872220993,2021-11-30T17:32:42.500000,1638289355.0891278
25,26,0,26,Random,-9999,63d0650529eaa9a3,0.693000078201294,0.08299994468688965,1638293563.277,0,day,dress,dawn,day,dress,day,dress,dawn,day,dress,4208.187872171402,2021-11-30T17:32:43.277000,1638289355.0891278
17,23,27,23,Random,-9999,63d0650529eaa9a3,0.6640000343322754,0.0820000171661377,1638293564.022,27,sky,dusk,mango,sky,dusk,sky,dusk,mango,sky,dusk,4208.93287229538,2021-11-30T17:32:44.022000,1638289355.0891278
13,22,18,22,Random,-9999,63d0650529eaa9a3,0.6050000190734863,0.08499979972839355,1638293564.706,18,ocean,strawberry,happy,ocean,strawberry,ocean,strawberry,happy,ocean,strawberry,4209.616872310638,2021-11-30T17:32:44.706000,1638289355.0891278
21,9,16,9,Random,-9999,63d0650529eaa9a3,0.7129998207092285,0.08000016212463379,1638293565.5,16,near,lemon,field,near,lemon,near,lemon,field,near,lemon,4210.410872220993,2021-11-30T17:32:45.500000,1638289355.0891278
20,19,12,19,Random,-9999,e1f248a6b1a7009a,5.716000080108643,0.14800000190734863,1638293566.028,12,watermelon,fearful,beach,watermelon,fearful,watermelon,fearful,beach,watermelon,fearful,4210.938872337341,2021-11-30T17:32:46.028000,1638289355.0891278
5,0,14,0,Random,-9999,63d0650529eaa9a3,0.624000072479248,0.08100008964538574,1638293566.204,14,dress,sad,above,dress,sad,dress,sad,above,dress,sad,4211.114872217178,2021-11-30T17:32:46.204000,1638289355.0891278
12,22,5,22,Random,-9999,63d0650529eaa9a3,0.6840000152587891,0.08500003814697266,1638293566.974,5,ocean,above,fearful,ocean,above,ocean,above,fearful,ocean,above,4211.884872198105,2021-11-30T17:32:46.974000,1638289355.0891278
24,29,27,29,Random,-9999,63d0650529eaa9a3,0.6459999084472656,0.0839998722076416,1638293567.708,27,noon,dusk,sunset,noon,dusk,noon,dusk,sunset,noon,dusk,4212.61887216568,2021-11-30T17:32:47.708000,1638289355.0891278
3,13,14,13,Random,-9999,e1f248a6b1a7009a,2.0369999408721924,0.1490001678466797,1638293568.212,14,happy,sad,shoes,happy,sad,happy,sad,shoes,happy,sad,4213.1228721141815,2021-11-30T17:32:48.212000,1638289355.0891278
19,22,9,22,Random,-9999,63d0650529eaa9a3,0.6089999675750732,0.08000016212463379,1638293568.392,9,ocean,near,watermelon,ocean,near,ocean,near,watermelon,ocean,near,4213.302872180939,2021-11-30T17:32:48.392000,1638289355.0891278
23,14,20,20,Random,-9999,63d0650529eaa9a3,1.6599998474121094,0.0820000171661377,1638293570.14,14,sad,beach,sky,beach,sad,sad,beach,sky,beach,sad,4215.050872325897,2021-11-30T17:32:50.140000,1638289355.0891278
29,11,5,5,Random,-9999,e1f248a6b1a7009a,2.186000108718872,0.14800000190734863,1638293570.553,11,disgust,above,noon,above,disgust,disgust,above,noon,above,disgust,4215.46387219429,2021-11-30T17:32:50.553000,1638289355.0891278
7,22,11,11,Random,-9999,63d0650529eaa9a3,0.624000072479248,0.0820000171661377,1638293570.84,22,ocean,disgust,beside,disgust,ocean,ocean,disgust,beside,disgust,ocean,4215.750872135162,2021-11-30T17:32:50.840000,1638289355.0891278
8,12,13,12,Random,-9999,63d0650529eaa9a3,0.6319999694824219,0.08100008964538574,1638293571.555,13,fearful,happy,far,fearful,happy,fearful,happy,far,fearful,happy,4216.46587228775,2021-11-30T17:32:51.555000,1638289355.0891278
23,4,9,9,Random,-9999,63d0650529eaa9a3,0.5760002136230469,0.08099985122680664,1638293572.217,4,socks,near,sky,near,socks,socks,near,sky,near,socks,4217.127872228622,2021-11-30T17:32:52.217000,1638289355.0891278
9,13,24,24,Random,-9999,e1f248a6b1a7009a,1.939000129699707,0.16299986839294434,1638293572.704,13,happy,sunset,near,sunset,happy,happy,sunset,near,sunset,happy,4217.614872217178,2021-11-30T17:32:52.704000,1638289355.0891278
17,12,22,22,Random,-9999,63d0650529eaa9a3,0.556999921798706,0.0839998722076416,1638293572.852,12,fearful,ocean,mango,ocean,fearful,fearful,ocean,mango,ocean,fearful,4217.762872219086,2021-11-30T17:32:52.852000,1638289355.0891278
14,24,5,24,Random,-9999,63d0650529eaa9a3,0.5590000152587891,0.0820000171661377,1638293573.494,5,sunset,above,sad,sunset,above,sunset,above,sad,sunset,above,4218.404872179031,2021-11-30T17:32:53.494000,1638289355.0891278
5,12,21,12,Random,-9999,63d0650529eaa9a3,0.7179999351501465,0.08300018310546875,1638293574.296,21,fearful,field,above,fearful,field,fearful,field,above,fearful,field,4219.206872224808,2021-11-30T17:32:54.296000,1638289355.0891278
15,17,5,17,Random,-9999,63d0650529eaa9a3,0.49699997901916504,0.09200000762939453,1638293574.888,5,mango,above,blueberry,mango,above,mango,above,blueberry,mango,above,4219.798872232437,2021-11-30T17:32:54.888000,1638289355.0891278
7,0,4,4,Random,-9999,e1f248a6b1a7009a,2.260000228881836,0.1939997673034668,1638293575.101,0,dress,socks,beside,socks,dress,dress,socks,beside,socks,dress,4220.011872291565,2021-11-30T17:32:55.101000,1638289355.0891278
0,3,17,3,Random,-9999,63d0650529eaa9a3,0.43899989128112793,0.0820000171661377,1638293575.404,17,shoes,mango,dress,shoes,mango,shoes,mango,dress,shoes,mango,4220.314872264862,2021-11-30T17:32:55.404000,1638289355.0891278
24,10,5,5,Random,-9999,63d0650529eaa9a3,0.5590000152587891,0.0820000171661377,1638293576.051,10,angry,above,sunset,above,angry,angry,above,sunset,above,angry,4220.961872339249,2021-11-30T17:32:56.051000,1638289355.0891278
14,13,25,13,Random,-9999,63d0650529eaa9a3,0.5120000839233398,0.0820000171661377,1638293576.638,25,happy,dawn,sad,happy,dawn,happy,dawn,sad,happy,dawn,4221.548872232437,2021-11-30T17:32:56.638000,1638289355.0891278
29,5,3,3,Random,-9999,63d0650529eaa9a3,0.568000078201294,0.07999992370605469,1638293577.286,5,above,shoes,noon,shoes,above,above,shoes,noon,shoes,above,4222.1968722343445,2021-11-30T17:32:57.286000,1638289355.0891278
8,6,18,6,Random,-9999,63d0650529eaa9a3,0.49699997901916504,0.08099985122680664,1638293577.865,18,below,strawberry,far,below,strawberry,below,strawberry,far,below,strawberry,4222.77587223053,2021-11-30T17:32:57.865000,1638289355.0891278
0,19,24,24,Random,-9999,63d0650529eaa9a3,0.5510001182556152,0.08299994468688965,1638293578.501,19,watermelon,sunset,dress,sunset,watermelon,watermelon,sunset,dress,sunset,watermelon,4223.411872148514,2021-11-30T17:32:58.501000,1638289355.0891278
13,19,24,19,Random,-9999,e1f248a6b1a7009a,3.566999912261963,0.14800000190734863,1638293578.819,24,watermelon,sunset,happy,watermelon,sunset,watermelon,sunset,happy,watermelon,sunset,4223.729872226715,2021-11-30T17:32:58.819000,1638289355.0891278
25,7,28,7,Random,-9999,63d0650529eaa9a3,0.5889999866485596,0.07999992370605469,1638293579.167,28,beside,night,dawn,beside,night,beside,night,dawn,beside,night,4224.077872276306,2021-11-30T17:32:59.167000,1638289355.0891278
12,10,9,9,Random,-9999,63d0650529eaa9a3,0.6640000343322754,0.08100008964538574,1638293579.916,10,angry,near,fearful,near,angry,angry,near,fearful,near,angry,4224.826872110367,2021-11-30T17:32:59.916000,1638289355.0891278
24,27,7,27,Random,-9999,63d0650529eaa9a3,0.6380000114440918,0.08299994468688965,1638293580.632,7,dusk,beside,sunset,dusk,beside,dusk,beside,sunset,dusk,beside,4225.5428721904755,2021-11-30T17:33:00.632000,1638289355.0891278
15,26,27,27,Random,-9999,63d0650529eaa9a3,0.6830000877380371,0.09399986267089844,1638293581.41,26,day,dusk,blueberry,dusk,day,day,dusk,blueberry,dusk,day,4226.320872306824,2021-11-30T17:33:01.410000,1638289355.0891278
12,25,17,25,Random,-9999,63d0650529eaa9a3,0.624000072479248,0.0820000171661377,1638293582.116,17,dawn,mango,fearful,dawn,mango,dawn,mango,fearful,dawn,mango,4227.0268721580505,2021-11-30T17:33:02.116000,1638289355.0891278
9,16,26,26,Random,-9999,e1f248a6b1a7009a,3.6619999408721924,0.14800000190734863,1638293582.63,16,lemon,day,near,day,lemon,lemon,day,near,day,lemon,4227.540872335434,2021-11-30T17:33:02.630000,1638289355.0891278
17,1,28,28,Random,-9999,63d0650529eaa9a3,0.6610000133514404,0.0839998722076416,1638293582.86,1,pants,night,mango,night,pants,pants,night,mango,night,pants,4227.770872116089,2021-11-30T17:33:02.860000,1638289355.0891278
29,19,25,19,Random,-9999,63d0650529eaa9a3,0.7439999580383301,0.08100008964538574,1638293583.692,25,watermelon,dawn,noon,watermelon,dawn,watermelon,dawn,noon,watermelon,dawn,4228.602872133255,2021-11-30T17:33:03.692000,1638289355.0891278
22,12,16,12,Random,-9999,63d0650529eaa9a3,0.8149998188018799,0.09100008010864258,1638293584.596,16,fearful,lemon,ocean,fearful,lemon,fearful,lemon,ocean,fearful,lemon,4229.506872177124,2021-11-30T17:33:04.596000,1638289355.0891278
4,14,16,16,Random,-9999,e1f248a6b1a7009a,2.1070001125335693,0.17100000381469727,1638293584.908,14,sad,lemon,socks,lemon,sad,sad,lemon,socks,lemon,sad,4229.818872213364,2021-11-30T17:33:04.908000,1638289355.0891278
18,6,0,6,Random,-9999,63d0650529eaa9a3,0.687000036239624,0.08299994468688965,1638293585.367,0,below,dress,strawberry,below,dress,below,dress,strawberry,below,dress,4230.27787232399,2021-11-30T17:33:05.367000,1638289355.0891278
22,8,13,13,Random,-9999,63d0650529eaa9a3,1.5120000839233398,0.0839998722076416,1638293586.956,8,far,happy,ocean,happy,far,far,happy,ocean,happy,far,4231.866872310638,2021-11-30T17:33:06.956000,1638289355.0891278
27,20,4,20,Random,-9999,e1f248a6b1a7009a,2.115000009536743,0.1510000228881836,1638293587.172,4,beach,socks,dusk,beach,socks,beach,socks,dusk,beach,socks,4232.0828721523285,2021-11-30T17:33:07.172000,1638289355.0891278
23,18,19,18,Random,-9999,63d0650529eaa9a3,1.306999921798706,0.09599995613098145,1638293588.358,19,strawberry,watermelon,sky,strawberry,watermelon,strawberry,watermelon,sky,strawberry,watermelon,4233.268872261047,2021-11-30T17:33:08.358000,1638289355.0891278
5,6,23,23,Random,-9999,63d0650529eaa9a3,1.4559998512268066,0.09000015258789062,1638293589.904,6,below,sky,above,sky,below,below,sky,above,sky,below,4234.814872264862,2021-11-30T17:33:09.904000,1638289355.0891278
9,17,14,17,Random,-9999,e1f248a6b1a7009a,3.056999921798706,0.1529998779296875,1638293590.383,14,mango,sad,near,mango,sad,mango,sad,near,mango,sad,4235.293872117996,2021-11-30T17:33:10.383000,1638289355.0891278
9,26,11,11,Random,-9999,63d0650529eaa9a3,1.88100004196167,0.08299994468688965,1638293591.866,26,day,disgust,near,disgust,day,day,disgust,near,disgust,day,4236.7768721580505,2021-11-30T17:33:11.866000,1638289355.0891278
16,15,25,15,Random,-9999,63d0650529eaa9a3,1.0820000171661377,0.07999992370605469,1638293593.036,25,blueberry,dawn,lemon,blueberry,dawn,blueberry,dawn,lemon,blueberry,dawn,4237.9468722343445,2021-11-30T17:33:13.036000,1638289355.0891278
21,24,28,28,Random,-9999,e1f248a6b1a7009a,3.0409998893737793,0.1530001163482666,1638293593.588,24,sunset,night,field,night,sunset,sunset,night,field,night,sunset,4238.498872280121,2021-11-30T17:33:13.588000,1638289355.0891278
17,24,26,26,Random,-9999,63d0650529eaa9a3,0.7419998645782471,0.0840001106262207,1638293593.858,24,sunset,day,mango,day,sunset,sunset,day,mango,day,sunset,4238.768872261047,2021-11-30T17:33:13.858000,1638289355.0891278
28,14,4,14,Random,-9999,63d0650529eaa9a3,0.8529999256134033,0.0840001106262207,1638293594.799,4,sad,socks,night,sad,socks,sad,socks,night,sad,socks,4239.709872245789,2021-11-30T17:33:14.799000,1638289355.0891278
18,4,29,29,Random,-9999,63d0650529eaa9a3,1.9040000438690186,0.0840001106262207,1638293596.785,4,socks,noon,strawberry,noon,socks,socks,noon,strawberry,noon,socks,4241.695872306824,2021-11-30T17:33:16.785000,1638289355.0891278
28,9,1,9,Random,-9999,e1f248a6b1a7009a,4.2129998207092285,0.15900015830993652,1638293597.971,1,near,pants,night,near,pants,near,pants,night,near,pants,4242.881872177124,2021-11-30T17:33:17.971000,1638289355.0891278
19,1,13,13,Random,-9999,63d0650529eaa9a3,1.815000057220459,0.08699989318847656,1638293598.687,1,pants,happy,watermelon,happy,pants,pants,happy,watermelon,happy,pants,4243.597872257233,2021-11-30T17:33:18.687000,1638289355.0891278
14,25,11,11,Random,-9999,63d0650529eaa9a3,1.625,0.08299994468688965,1638293600.389,25,dawn,disgust,sad,disgust,dawn,dawn,disgust,sad,disgust,dawn,4245.299872159958,2021-11-30T17:33:20.389000,1638289355.0891278
28,19,26,26,Random,-9999,e1f248a6b1a7009a,2.7850000858306885,0.1700000762939453,1638293600.959,19,watermelon,day,night,day,watermelon,watermelon,day,night,day,watermelon,4245.869872331619,2021-11-30T17:33:20.959000,1638289355.0891278
4,0,29,0,Random,-9999,63d0650529eaa9a3,1.5329999923706055,0.0820000171661377,1638293602.004,29,dress,noon,socks,dress,noon,dress,noon,socks,dress,noon,4246.914872169495,2021-11-30T17:33:22.004000,1638289355.0891278
5,14,24,24,Random,-9999,e1f248a6b1a7009a,3.381999969482422,0.20399999618530273,1638293604.49,14,sad,sunset,above,sunset,sad,sad,sunset,above,sunset,sad,4249.40087223053,2021-11-30T17:33:24.490000,1638289355.0891278
23,28,17,28,Random,-9999,63d0650529eaa9a3,2.424999952316284,0.0839998722076416,1638293604.577,17,night,mango,sky,night,mango,night,mango,sky,night,mango,4249.487872123718,2021-11-30T17:33:24.577000,1638289355.0891278
19,10,12,12,Random,-9999,63d0650529eaa9a3,2.0390000343322754,0.1530001163482666,1638293606.788,10,angry,fearful,watermelon,fearful,angry,angry,fearful,watermelon,fearful,angry,4251.698872327805,2021-11-30T17:33:26.788000,1638289355.0891278
19,29,25,29,Random,-9999,63d0650529eaa9a3,1.5740001201629639,0.14899992942810059,1638293608.43,25,noon,dawn,watermelon,noon,dawn,noon,dawn,watermelon,noon,dawn,4253.34087228775,2021-11-30T17:33:28.430000,1638289355.0891278
26,8,22,8,Random,-9999,e1f248a6b1a7009a,3.807000160217285,0.14899992942810059,1638293608.448,22,far,ocean,day,far,ocean,far,ocean,day,far,ocean,4253.358872175217,2021-11-30T17:33:28.448000,1638289355.0891278
1,4,13,4,Random,-9999,63d0650529eaa9a3,1.3269999027252197,0.0840001106262207,1638293609.837,13,socks,happy,pants,socks,happy,socks,happy,pants,socks,happy,4254.7478721141815,2021-11-30T17:33:29.837000,1638289355.0891278
29,25,21,25,Random,-9999,e1f248a6b1a7009a,1.8020000457763672,0.16699981689453125,1638293610.36,21,dawn,field,noon,dawn,field,dawn,field,noon,dawn,field,4255.270872116089,2021-11-30T17:33:30.360000,1638289355.0891278
8,29,3,29,Random,-9999,63d0650529eaa9a3,1.6779999732971191,0.08100008964538574,1638293611.596,3,noon,shoes,far,noon,shoes,noon,shoes,far,noon,shoes,4256.506872177124,2021-11-30T17:33:31.596000,1638289355.0891278
16,0,8,0,Random,-9999,e1f248a6b1a7009a,1.5290000438690186,0.08299994468688965,1638293611.971,8,dress,far,lemon,dress,far,dress,far,lemon,dress,far,4256.881872177124,2021-11-30T17:33:31.971000,1638289355.0891278
15,0,5,0,Random,-9999,63d0650529eaa9a3,1.5299999713897705,0.08100008964538574,1638293613.209,5,dress,above,blueberry,dress,above,dress,above,blueberry,dress,above,4258.119872331619,2021-11-30T17:33:33.209000,1638289355.0891278
6,11,7,7,Random,-9999,e1f248a6b1a7009a,2.0930001735687256,0.18199992179870605,1638293614.304,11,disgust,beside,below,beside,disgust,disgust,beside,below,beside,disgust,4259.214872121811,2021-11-30T17:33:34.304000,1638289355.0891278
21,4,12,12,Random,-9999,63d0650529eaa9a3,1.3889999389648438,0.14899992942810059,1638293614.744,4,socks,fearful,field,fearful,socks,socks,fearful,field,fearful,socks,4259.654872179031,2021-11-30T17:33:34.744000,1638289355.0891278
14,26,10,10,Random,-9999,63d0650529eaa9a3,1.309999942779541,0.08100008964538574,1638293616.134,26,day,angry,sad,angry,day,day,angry,sad,angry,day,4261.044872283936,2021-11-30T17:33:36.134000,1638289355.0891278
3,27,5,5,Random,-9999,e1f248a6b1a7009a,3.812000036239624,0.15199995040893555,1638293618.266,27,dusk,above,shoes,above,dusk,dusk,above,shoes,above,dusk,4263.176872253418,2021-11-30T17:33:38.266000,1638289355.0891278
14,21,10,10,Random,-9999,e1f248a6b1a7009a,1.556999921798706,0.15200018882751465,1638293619.904,21,field,angry,sad,angry,field,field,angry,sad,angry,field,4264.814872264862,2021-11-30T17:33:39.904000,1638289355.0891278
2,23,4,4,Random,-9999,e1f248a6b1a7009a,1.4599997997283936,0.08100008964538574,1638293621.448,23,sky,socks,shirt,socks,sky,sky,socks,shirt,socks,sky,4266.358872175217,2021-11-30T17:33:41.448000,1638289355.0891278
10,15,16,15,Random,-9999,e1f248a6b1a7009a,2.437999963760376,0.08500003814697266,1638293624.038,16,blueberry,lemon,angry,blueberry,lemon,blueberry,lemon,angry,blueberry,lemon,4268.948872327805,2021-11-30T17:33:44.038000,1638289355.0891278
15,6,2,6,Random,-9999,e1f248a6b1a7009a,2.505000114440918,0.15199995040893555,1638293626.694,2,below,shirt,blueberry,below,shirt,below,shirt,blueberry,below,shirt,4271.604872226715,2021-11-30T17:33:46.694000,1638289355.0891278
10,15,24,15,Random,-9999,e1f248a6b1a7009a,2.514000177383423,0.14999985694885254,1638293629.354,24,blueberry,sunset,angry,blueberry,sunset,blueberry,sunset,angry,blueberry,sunset,4274.264872312546,2021-11-30T17:33:49.354000,1638289355.0891278
23,13,19,13,Random,-9999,e1f248a6b1a7009a,2.245000123977661,0.15000009536743164,1638293631.751,19,happy,watermelon,sky,happy,watermelon,happy,watermelon,sky,happy,watermelon,4276.661872148514,2021-11-30T17:33:51.751000,1638289355.0891278
20,18,28,18,Random,-9999,e1f248a6b1a7009a,2.0269999504089355,0.22799992561340332,1638293634.003,28,strawberry,night,beach,strawberry,night,strawberry,night,beach,strawberry,night,4278.913872241974,2021-11-30T17:33:54.003000,1638289355.0891278
6,5,27,5,Random,-9999,e1f248a6b1a7009a,1.3420000076293945,0.15400004386901855,1638293635.434,27,above,dusk,below,above,dusk,above,dusk,below,above,dusk,4280.344872236252,2021-11-30T17:33:55.434000,1638289355.0891278
5,3,26,3,Random,-9999,e1f248a6b1a7009a,2.2760000228881836,0.09799981117248535,1638293637.871,26,shoes,day,above,shoes,day,shoes,day,above,shoes,day,4282.7818722724915,2021-11-30T17:33:57.871000,1638289355.0891278
1,16,7,7,Random,-9999,e1f248a6b1a7009a,2.055000066757202,0.1510000228881836,1638293640.081,16,lemon,beside,pants,beside,lemon,lemon,beside,pants,beside,lemon,4284.991872310638,2021-11-30T17:34:00.081000,1638289355.0891278
19,22,17,17,Random,-9999,e1f248a6b1a7009a,1.5420000553131104,0.1549999713897705,1638293641.706,22,ocean,mango,watermelon,mango,ocean,ocean,mango,watermelon,mango,ocean,4286.616872310638,2021-11-30T17:34:01.706000,1638289355.0891278
11,4,2,4,Random,-9999,e1f248a6b1a7009a,2.6440000534057617,0.08499979972839355,1638293644.516,2,socks,shirt,disgust,socks,shirt,socks,shirt,disgust,socks,shirt,4289.426872253418,2021-11-30T17:34:04.516000,1638289355.0891278
6,18,21,21,Random,-9999,e1f248a6b1a7009a,2.009000062942505,0.23399996757507324,1638293646.743,18,strawberry,field,below,field,strawberry,strawberry,field,below,field,strawberry,4291.653872251511,2021-11-30T17:34:06.743000,1638289355.0891278
15,25,28,25,Random,-9999,e1f248a6b1a7009a,2.953000068664551,0.2239999771118164,1638293649.918,28,dawn,night,blueberry,dawn,night,dawn,night,blueberry,dawn,night,4294.828872203827,2021-11-30T17:34:09.918000,1638289355.0891278
11,13,18,13,Random,-9999,e1f248a6b1a7009a,1.7319998741149902,0.14899992942810059,1638293651.74,18,happy,strawberry,disgust,happy,strawberry,happy,strawberry,disgust,happy,strawberry,4296.65087223053,2021-11-30T17:34:11.740000,1638289355.0891278
24,10,3,10,Random,-9999,e1f248a6b1a7009a,5.808000087738037,0.0840001106262207,1638293657.699,3,angry,shoes,sunset,angry,shoes,angry,shoes,sunset,angry,shoes,4302.609872102737,2021-11-30T17:34:17.699000,1638289355.0891278
4,3,27,3,Random,-9999,e1f248a6b1a7009a,1.7780001163482666,0.2200000286102295,1638293659.622,27,shoes,dusk,socks,shoes,dusk,shoes,dusk,socks,shoes,dusk,4304.532872200012,2021-11-30T17:34:19.622000,1638289355.0891278
23,22,27,27,Random,-9999,e1f248a6b1a7009a,3.3359999656677246,0.08299994468688965,1638293663.112,22,ocean,dusk,sky,dusk,ocean,ocean,dusk,sky,dusk,ocean,4308.022872209549,2021-11-30T17:34:23.112000,1638289355.0891278
29,14,18,18,Random,-9999,e1f248a6b1a7009a,2.069000005722046,0.15400004386901855,1638293665.334,14,sad,strawberry,noon,strawberry,sad,sad,strawberry,noon,strawberry,sad,4310.244872331619,2021-11-30T17:34:25.334000,1638289355.0891278
1,26,4,4,Random,-9999,e1f248a6b1a7009a,1.6050000190734863,0.17599987983703613,1638293667.046,26,day,socks,pants,socks,day,day,socks,pants,socks,day,4311.956872224808,2021-11-30T17:34:27.046000,1638289355.0891278
9,7,25,7,Random,-9999,e1f248a6b1a7009a,1.5360000133514404,0.08299994468688965,1638293668.665,25,beside,dawn,near,beside,dawn,beside,dawn,near,beside,dawn,4313.575872182846,2021-11-30T17:34:28.665000,1638289355.0891278
16,0,2,0,Random,-9999,e1f248a6b1a7009a,2.1030001640319824,0.08699989318847656,1638293670.919,2,dress,shirt,lemon,dress,shirt,dress,shirt,lemon,dress,shirt,4315.829872131348,2021-11-30T17:34:30.919000,1638289355.0891278
6,22,9,9,Random,-9999,e1f248a6b1a7009a,2.2159998416900635,0.1549999713897705,1638293673.301,22,ocean,near,below,near,ocean,ocean,near,below,near,ocean,4318.211872339249,2021-11-30T17:34:33.301000,1638289355.0891278
23,2,29,29,Random,-9999,e1f248a6b1a7009a,2.741999864578247,0.16200017929077148,1638293676.193,2,shirt,noon,sky,noon,shirt,shirt,noon,sky,noon,shirt,4321.103872299194,2021-11-30T17:34:36.193000,1638289355.0891278
4,5,21,5,Random,-9999,e1f248a6b1a7009a,2.4620001316070557,0.14800000190734863,1638293678.803,21,above,field,socks,above,field,above,field,socks,above,field,4323.71387219429,2021-11-30T17:34:38.803000,1638289355.0891278
10,11,17,11,Random,-9999,e1f248a6b1a7009a,1.683000087738037,0.17299985885620117,1638293680.592,17,disgust,mango,angry,disgust,mango,disgust,mango,angry,disgust,mango,4325.502872228622,2021-11-30T17:34:40.592000,1638289355.0891278
22,14,20,20,Random,-9999,e1f248a6b1a7009a,1.6480000019073486,0.08500003814697266,1638293682.325,14,sad,beach,ocean,beach,sad,sad,beach,ocean,beach,sad,4327.235872268677,2021-11-30T17:34:42.325000,1638289355.0891278
17,27,0,0,Random,-9999,e1f248a6b1a7009a,2.513000011444092,0.08599996566772461,1638293684.991,27,dusk,dress,mango,dress,dusk,dusk,dress,mango,dress,dusk,4329.9018721580505,2021-11-30T17:34:44.991000,1638289355.0891278
8,25,28,28,Random,-9999,e1f248a6b1a7009a,3.7100000381469727,0.14899992942810059,1638293688.851,25,dawn,night,far,night,dawn,dawn,night,far,night,dawn,4333.761872291565,2021-11-30T17:34:48.851000,1638289355.0891278
17,9,8,9,Random,-9999,e1f248a6b1a7009a,2.316999912261963,0.1789999008178711,1638293691.347,8,near,far,mango,near,far,near,far,mango,near,far,4336.257872104645,2021-11-30T17:34:51.347000,1638289355.0891278
6,12,7,7,Random,-9999,e1f248a6b1a7009a,2.697999954223633,0.16100001335144043,1638293694.203,12,fearful,beside,below,beside,fearful,fearful,beside,below,beside,fearful,4339.113872289658,2021-11-30T17:34:54.203000,1638289355.0891278
5,17,6,6,Random,-9999,e1f248a6b1a7009a,1.744999885559082,0.15700006484985352,1638293696.036,17,mango,below,above,below,mango,mango,below,above,below,mango,4340.9468722343445,2021-11-30T17:34:56.036000,1638289355.0891278
25,13,7,13,Random,-9999,e1f248a6b1a7009a,2.1459999084472656,0.0840001106262207,1638293698.335,7,happy,beside,dawn,happy,beside,happy,beside,dawn,happy,beside,4343.24587225914,2021-11-30T17:34:58.335000,1638289355.0891278
15,9,21,21,Random,-9999,e1f248a6b1a7009a,2.5420000553131104,0.15799999237060547,1638293701.037,9,near,field,blueberry,field,near,near,field,blueberry,field,near,4345.947872161865,2021-11-30T17:35:01.037000,1638289355.0891278
11,25,24,25,Random,-9999,e1f248a6b1a7009a,8.405999898910522,0.15400004386901855,1638293709.595,24,dawn,sunset,disgust,dawn,sunset,dawn,sunset,disgust,dawn,sunset,4354.505872249603,2021-11-30T17:35:09.595000,1638289355.0891278
22,10,13,13,Random,-9999,e1f248a6b1a7009a,1.7030000686645508,0.15400004386901855,1638293711.382,10,angry,happy,ocean,happy,angry,angry,happy,ocean,happy,angry,4356.2928721904755,2021-11-30T17:35:11.382000,1638289355.0891278
20,13,6,13,Random,-9999,e1f248a6b1a7009a,1.627000093460083,0.0819997787475586,1638293713.09,6,happy,below,beach,happy,below,happy,below,beach,happy,below,4358.000872135162,2021-11-30T17:35:13.090000,1638289355.0891278
18,2,9,2,Random,-9999,e1f248a6b1a7009a,4.335000038146973,0.08299994468688965,1638293717.575,9,shirt,near,strawberry,shirt,near,shirt,near,strawberry,shirt,near,4362.485872268677,2021-11-30T17:35:17.575000,1638289355.0891278
1,3,12,3,Random,-9999,e1f248a6b1a7009a,5.478000164031982,0.14899992942810059,1638293723.202,12,shoes,fearful,pants,shoes,fearful,shoes,fearful,pants,shoes,fearful,4368.112872123718,2021-11-30T17:35:23.202000,1638289355.0891278
11,10,15,10,Random,-9999,e1f248a6b1a7009a,1.4049999713897705,0.15199995040893555,1638293724.692,15,angry,blueberry,disgust,angry,blueberry,angry,blueberry,disgust,angry,blueberry,4369.602872133255,2021-11-30T17:35:24.692000,1638289355.0891278
7,22,27,22,Random,-9999,e1f248a6b1a7009a,1.9110000133514404,0.08299994468688965,1638293726.686,27,ocean,dusk,beside,ocean,dusk,ocean,dusk,beside,ocean,dusk,4371.596872329712,2021-11-30T17:35:26.686000,1638289355.0891278
8,26,27,27,Random,-9999,e1f248a6b1a7009a,2.8630001544952393,0.0839998722076416,1638293729.704,26,day,dusk,far,dusk,day,day,dusk,far,dusk,day,4374.614872217178,2021-11-30T17:35:29.704000,1638289355.0891278
28,10,29,29,Random,-9999,e1f248a6b1a7009a,1.7400000095367432,0.16299986839294434,1638293731.712,10,angry,noon,night,noon,angry,angry,noon,night,noon,angry,4376.6228721141815,2021-11-30T17:35:31.712000,1638289355.0891278
22,4,24,24,Random,-9999,e1f248a6b1a7009a,3.5279998779296875,0.5690000057220459,1638293735.445,4,socks,sunset,ocean,sunset,socks,socks,sunset,ocean,sunset,socks,4380.355872154236,2021-11-30T17:35:35.445000,1638289355.0891278
15,10,29,29,Random,-9999,e1f248a6b1a7009a,2.559999942779541,0.15900015830993652,1638293738.163,10,angry,noon,blueberry,noon,angry,angry,noon,blueberry,noon,angry,4383.073872327805,2021-11-30T17:35:38.163000,1638289355.0891278
25,2,1,2,Random,-9999,e1f248a6b1a7009a,2.753000020980835,0.1549999713897705,1638293741.208,1,shirt,pants,dawn,shirt,pants,shirt,pants,dawn,shirt,pants,4386.11887216568,2021-11-30T17:35:41.208000,1638289355.0891278
19,7,9,7,Random,-9999,e1f248a6b1a7009a,2.002000093460083,0.2630000114440918,1638293743.4,9,beside,near,watermelon,beside,near,beside,near,watermelon,beside,near,4388.3108723163605,2021-11-30T17:35:43.400000,1638289355.0891278
5,26,14,26,Random,-9999,e1f248a6b1a7009a,4.371000051498413,0.1510000228881836,1638293747.917,14,day,sad,above,day,sad,day,sad,above,day,sad,4392.827872276306,2021-11-30T17:35:47.917000,1638289355.0891278
20,23,11,23,Random,-9999,e1f248a6b1a7009a,2.4779999256134033,0.14800000190734863,1638293750.549,11,sky,disgust,beach,sky,disgust,sky,disgust,beach,sky,disgust,4395.459872245789,2021-11-30T17:35:50.549000,1638289355.0891278
26,28,10,28,Random,-9999,e1f248a6b1a7009a,1.3940000534057617,0.1549999713897705,1638293752.026,10,night,angry,day,night,angry,night,angry,day,night,angry,4396.936872243881,2021-11-30T17:35:52.026000,1638289355.0891278
29,20,7,20,Random,-9999,e1f248a6b1a7009a,1.8340001106262207,0.08299994468688965,1638293753.942,7,beach,beside,noon,beach,beside,beach,beside,noon,beach,beside,4398.852872133255,2021-11-30T17:35:53.942000,1638289355.0891278
17,26,3,26,Random,-9999,e1f248a6b1a7009a,3.0,0.0820000171661377,1638293757.092,3,day,shoes,mango,day,shoes,day,shoes,mango,day,shoes,4402.002872228622,2021-11-30T17:35:57.092000,1638289355.0891278
16,13,1,13,Random,-9999,e1f248a6b1a7009a,1.7949998378753662,0.1510000228881836,1638293758.972,1,happy,pants,lemon,happy,pants,happy,pants,lemon,happy,pants,4403.882872104645,2021-11-30T17:35:58.972000,1638289355.0891278
25,20,26,26,Random,-9999,e1f248a6b1a7009a,2.884999990463257,0.0820000171661377,1638293762.004,20,beach,day,dawn,day,beach,beach,day,dawn,day,beach,4406.914872169495,2021-11-30T17:36:02.004000,1638289355.0891278
0,1,6,1,Random,-9999,e1f248a6b1a7009a,1.6970000267028809,0.14899992942810059,1638293763.783,6,pants,below,dress,pants,below,pants,below,dress,pants,below,4408.693872213364,2021-11-30T17:36:03.783000,1638289355.0891278
18,0,20,0,Random,-9999,e1f248a6b1a7009a,2.1410000324249268,0.0820000171661377,1638293766.074,20,dress,beach,strawberry,dress,beach,dress,beach,strawberry,dress,beach,4410.984872102737,2021-11-30T17:36:06.074000,1638289355.0891278
10,2,6,6,Random,-9999,e1f248a6b1a7009a,3.202000141143799,0.15199995040893555,1638293769.43,2,shirt,below,angry,below,shirt,shirt,below,angry,below,shirt,4414.34087228775,2021-11-30T17:36:09.430000,1638289355.0891278
13,8,20,20,Random,-9999,e1f248a6b1a7009a,3.184999942779541,0.15599989891052246,1638293772.772,8,far,beach,happy,beach,far,far,beach,happy,beach,far,4417.68287229538,2021-11-30T17:36:12.772000,1638289355.0891278
19,16,2,16,Random,-9999,e1f248a6b1a7009a,1.5350000858306885,0.15400004386901855,1638293774.391,2,lemon,shirt,watermelon,lemon,shirt,lemon,shirt,watermelon,lemon,shirt,4419.301872253418,2021-11-30T17:36:14.391000,1638289355.0891278
8,11,29,29,Random,-9999,e1f248a6b1a7009a,2.619000196456909,0.0839998722076416,1638293777.252,11,disgust,noon,far,noon,disgust,disgust,noon,far,noon,disgust,4422.162872314453,2021-11-30T17:36:17.252000,1638289355.0891278
7,23,18,23,Random,-9999,e1f248a6b1a7009a,10.472000122070312,0.24499988555908203,1638293787.882,18,sky,strawberry,beside,sky,strawberry,sky,strawberry,beside,sky,strawberry,4432.7928721904755,2021-11-30T17:36:27.882000,1638289355.0891278
21,18,26,18,Random,-9999,e1f248a6b1a7009a,1.5810000896453857,0.15599989891052246,1638293789.548,26,strawberry,day,field,strawberry,day,strawberry,day,field,strawberry,day,4434.458872318268,2021-11-30T17:36:29.548000,1638289355.0891278
26,18,25,25,Random,-9999,e1f248a6b1a7009a,1.6579999923706055,0.08299994468688965,1638293791.287,18,strawberry,dawn,day,dawn,strawberry,strawberry,dawn,day,dawn,strawberry,4436.197872161865,2021-11-30T17:36:31.287000,1638289355.0891278
15,10,22,22,Random,-9999,e1f248a6b1a7009a,2.315999984741211,0.08299994468688965,1638293793.754,10,angry,ocean,blueberry,ocean,angry,angry,ocean,blueberry,ocean,angry,4438.664872169495,2021-11-30T17:36:33.754000,1638289355.0891278
26,24,29,29,Random,-9999,e1f248a6b1a7009a,3.322999954223633,0.1510000228881836,1638293797.226,24,sunset,noon,day,noon,sunset,sunset,noon,day,noon,sunset,4442.136872291565,2021-11-30T17:36:37.226000,1638289355.0891278
20,23,4,23,Random,-9999,e1f248a6b1a7009a,2.4019999504089355,0.15000009536743164,1638293799.778,4,sky,socks,beach,sky,socks,sky,socks,beach,sky,socks,4444.688872337341,2021-11-30T17:36:39.778000,1638289355.0891278
22,9,12,9,Random,-9999,e1f248a6b1a7009a,2.4190001487731934,0.14999985694885254,1638293802.347,12,near,fearful,ocean,near,fearful,near,fearful,ocean,near,fearful,4447.257872104645,2021-11-30T17:36:42.347000,1638289355.0891278
11,1,8,8,Random,-9999,e1f248a6b1a7009a,2.8299999237060547,0.14899992942810059,1638293805.331,1,pants,far,disgust,far,pants,pants,far,disgust,far,pants,4450.241872310638,2021-11-30T17:36:45.331000,1638289355.0891278
5,3,7,7,Random,-9999,e1f248a6b1a7009a,1.811999797821045,0.16200017929077148,1638293807.24,3,shoes,beside,above,beside,shoes,shoes,beside,above,beside,shoes,4452.15087223053,2021-11-30T17:36:47.240000,1638289355.0891278
10,24,6,6,Random,-9999,e1f248a6b1a7009a,2.447999954223633,0.08900022506713867,1638293809.836,24,sunset,below,angry,below,sunset,sunset,below,angry,below,sunset,4454.746872186661,2021-11-30T17:36:49.836000,1638289355.0891278
27,17,6,6,Random,-9999,e1f248a6b1a7009a,3.5159997940063477,0.1510000228881836,1638293813.507,17,mango,below,dusk,below,mango,mango,below,dusk,below,mango,4458.4178721904755,2021-11-30T17:36:53.507000,1638289355.0891278
6,10,0,0,Random,-9999,e1f248a6b1a7009a,3.3440001010894775,0.15400004386901855,1638293817.0,10,angry,dress,below,dress,angry,angry,dress,below,dress,angry,4461.910872220993,2021-11-30T17:36:57,1638289355.0891278
28,15,10,10,Random,-9999,e1f248a6b1a7009a,2.639000177383423,0.14599990844726562,1638293819.786,15,blueberry,angry,night,angry,blueberry,blueberry,angry,night,angry,blueberry,4464.6968722343445,2021-11-30T17:36:59.786000,1638289355.0891278
21,8,18,18,Random,-9999,e1f248a6b1a7009a,1.4670000076293945,0.14999985694885254,1638293821.337,8,far,strawberry,field,strawberry,far,far,strawberry,field,strawberry,far,4466.2478721141815,2021-11-30T17:37:01.337000,1638289355.0891278
1,15,14,15,Random,-9999,e1f248a6b1a7009a,2.449000120162964,0.0820000171661377,1638293823.936,14,blueberry,sad,pants,blueberry,sad,blueberry,sad,pants,blueberry,sad,4468.846872329712,2021-11-30T17:37:03.936000,1638289355.0891278
19,5,10,5,Random,-9999,e1f248a6b1a7009a,2.078000068664551,0.1549999713897705,1638293826.17,10,above,angry,watermelon,above,angry,above,angry,watermelon,above,angry,4471.080872297287,2021-11-30T17:37:06.170000,1638289355.0891278
1,6,7,7,Random,-9999,e1f248a6b1a7009a,3.3450000286102295,0.1549999713897705,1638293829.67,6,below,beside,pants,beside,below,below,beside,pants,beside,below,4474.580872297287,2021-11-30T17:37:09.670000,1638289355.0891278
0,17,22,22,Random,-9999,e1f248a6b1a7009a,3.7939999103546143,0.15400004386901855,1638293833.617,17,mango,ocean,dress,ocean,mango,mango,ocean,dress,ocean,mango,4478.52787232399,2021-11-30T17:37:13.617000,1638289355.0891278
6,23,28,23,Random,-9999,e1f248a6b1a7009a,3.569000005722046,0.15400004386901855,1638293837.337,28,sky,night,below,sky,night,sky,night,below,sky,night,4482.2478721141815,2021-11-30T17:37:17.337000,1638289355.0891278
7,28,6,6,Random,-9999,e1f248a6b1a7009a,2.200000047683716,0.15199995040893555,1638293839.719,28,night,below,beside,below,night,night,below,beside,below,night,4484.6298723220825,2021-11-30T17:37:19.719000,1638289355.0891278
8,4,16,16,Random,-9999,e1f248a6b1a7009a,2.739000082015991,0.24899983406066895,1638293842.68,4,socks,lemon,far,lemon,socks,socks,lemon,far,lemon,socks,4487.59087228775,2021-11-30T17:37:22.680000,1638289355.0891278
5,9,16,9,Random,-9999,e1f248a6b1a7009a,2.8369998931884766,0.17600011825561523,1638293845.693,16,near,lemon,above,near,lemon,near,lemon,above,near,lemon,4490.603872299194,2021-11-30T17:37:25.693000,1638289355.0891278
27,29,24,24,Random,-9999,e1f248a6b1a7009a,2.5429999828338623,0.15599989891052246,1638293848.388,29,noon,sunset,dusk,sunset,noon,noon,sunset,dusk,sunset,noon,4493.298872232437,2021-11-30T17:37:28.388000,1638289355.0891278
10,1,22,22,Random,-9999,e1f248a6b1a7009a,4.059000015258789,0.21600008010864258,1638293852.664,1,pants,ocean,angry,ocean,pants,pants,ocean,angry,ocean,pants,4497.574872255325,2021-11-30T17:37:32.664000,1638289355.0891278
11,25,22,25,Random,-9999,e1f248a6b1a7009a,3.7769999504089355,0.1549999713897705,1638293856.591,22,dawn,ocean,disgust,dawn,ocean,dawn,ocean,disgust,dawn,ocean,4501.501872301102,2021-11-30T17:37:36.591000,1638289355.0891278
5,20,12,20,Random,-9999,e1f248a6b1a7009a,2.757999897003174,0.14800000190734863,1638293859.504,12,beach,fearful,above,beach,fearful,beach,fearful,above,beach,fearful,4504.414872169495,2021-11-30T17:37:39.504000,1638289355.0891278
7,9,21,9,Random,-9999,e1f248a6b1a7009a,2.0310001373291016,0.15599989891052246,1638293861.69,21,near,field,beside,near,field,near,field,beside,near,field,4506.6008722782135,2021-11-30T17:37:41.690000,1638289355.0891278
25,14,2,14,Random,-9999,e1f248a6b1a7009a,2.693000078201294,0.15599989891052246,1638293864.53,2,sad,shirt,dawn,sad,shirt,sad,shirt,dawn,sad,shirt,4509.440872192383,2021-11-30T17:37:44.530000,1638289355.0891278
14,2,19,2,Random,-9999,e1f248a6b1a7009a,2.1519999504089355,0.14999985694885254,1638293866.834,19,shirt,watermelon,sad,shirt,watermelon,shirt,watermelon,sad,shirt,watermelon,4511.744872331619,2021-11-30T17:37:46.834000,1638289355.0891278
18,6,13,13,Random,-9999,e1f248a6b1a7009a,1.9950001239776611,0.14700007438659668,1638293868.982,6,below,happy,strawberry,happy,below,below,happy,strawberry,happy,below,4513.892872333527,2021-11-30T17:37:48.982000,1638289355.0891278
15,3,5,5,Random,-9999,e1f248a6b1a7009a,3.747999906539917,0.15199995040893555,1638293872.875,3,shoes,above,blueberry,above,shoes,shoes,above,blueberry,above,shoes,4517.785872220993,2021-11-30T17:37:52.875000,1638289355.0891278
8,1,25,25,Random,-9999,e1f248a6b1a7009a,2.0450000762939453,0.14999985694885254,1638293875.074,1,pants,dawn,far,dawn,pants,pants,dawn,far,dawn,pants,4519.984872102737,2021-11-30T17:37:55.074000,1638289355.0891278
18,28,29,28,Random,-9999,e1f248a6b1a7009a,3.36899995803833,0.23000001907348633,1638293878.673,29,night,noon,strawberry,night,noon,night,noon,strawberry,night,noon,4523.583872318268,2021-11-30T17:37:58.673000,1638289355.0891278
11,19,25,25,Random,-9999,e1f248a6b1a7009a,3.1110000610351562,0.15400004386901855,1638293881.934,19,watermelon,dawn,disgust,dawn,watermelon,watermelon,dawn,disgust,dawn,watermelon,4526.844872236252,2021-11-30T17:38:01.934000,1638289355.0891278
27,7,17,17,Random,-9999,e1f248a6b1a7009a,3.564000129699707,0.14999985694885254,1638293885.649,7,beside,mango,dusk,mango,beside,beside,mango,dusk,mango,beside,4530.559872150421,2021-11-30T17:38:05.649000,1638289355.0891278
0,24,10,24,Random,-9999,e1f248a6b1a7009a,3.432999849319458,0.15400004386901855,1638293889.255,10,sunset,angry,dress,sunset,angry,sunset,angry,dress,sunset,angry,4534.165872335434,2021-11-30T17:38:09.255000,1638289355.0891278
24,18,19,18,Random,-9999,e1f248a6b1a7009a,3.8420000076293945,0.1770000457763672,1638293893.254,19,strawberry,watermelon,sunset,strawberry,watermelon,strawberry,watermelon,sunset,strawberry,watermelon,4538.164872169495,2021-11-30T17:38:13.254000,1638289355.0891278
12,19,8,8,Random,-9999,e1f248a6b1a7009a,6.824000120162964,0.15199995040893555,1638293900.232,19,watermelon,far,fearful,far,watermelon,watermelon,far,fearful,far,watermelon,4545.142872333527,2021-11-30T17:38:20.232000,1638289355.0891278
14,12,20,12,Random,-9999,e1f248a6b1a7009a,1.6519999504089355,0.15800023078918457,1638293901.97,20,fearful,beach,sad,fearful,beach,fearful,beach,sad,fearful,beach,4546.880872249603,2021-11-30T17:38:21.970000,1638289355.0891278
13,28,16,16,Random,-9999,e1f248a6b1a7009a,4.683000087738037,0.08699989318847656,1638293906.808,28,night,lemon,happy,lemon,night,night,lemon,happy,lemon,night,4551.718872308731,2021-11-30T17:38:26.808000,1638289355.0891278
17,20,24,20,Random,-9999,e1f248a6b1a7009a,2.4680001735687256,0.14999985694885254,1638293909.427,24,beach,sunset,mango,beach,sunset,beach,sunset,mango,beach,sunset,4554.337872266769,2021-11-30T17:38:29.427000,1638289355.0891278
17,6,0,0,Random,-9999,e1f248a6b1a7009a,1.9449999332427979,0.1529998779296875,1638293911.678,6,below,dress,mango,dress,below,below,dress,mango,dress,below,4556.58887219429,2021-11-30T17:38:31.678000,1638289355.0891278
2,26,4,4,Random,-9999,e1f248a6b1a7009a,1.6160001754760742,0.3020000457763672,1638293913.375,26,day,socks,shirt,socks,day,day,socks,shirt,socks,day,4558.285872220993,2021-11-30T17:38:33.375000,1638289355.0891278
7,29,3,29,Random,-9999,e1f248a6b1a7009a,1.9090001583099365,0.08599996566772461,1638293915.367,3,noon,shoes,beside,noon,shoes,noon,shoes,beside,noon,shoes,4560.27787232399,2021-11-30T17:38:35.367000,1638289355.0891278
19,22,21,21,Random,-9999,e1f248a6b1a7009a,3.677999973297119,0.08099985122680664,1638293919.498,22,ocean,field,watermelon,field,ocean,ocean,field,watermelon,field,ocean,4564.408872127533,2021-11-30T17:38:39.498000,1638289355.0891278
1,13,6,6,Random,-9999,e1f248a6b1a7009a,2.121000051498413,0.16000008583068848,1638293921.406,13,happy,below,pants,below,happy,happy,below,pants,below,happy,4566.316872119904,2021-11-30T17:38:41.406000,1638289355.0891278
29,9,22,9,Random,-9999,e1f248a6b1a7009a,3.184000015258789,0.1509997844696045,1638293924.809,22,near,ocean,noon,near,ocean,near,ocean,noon,near,ocean,4569.719872236252,2021-11-30T17:38:44.809000,1638289355.0891278
28,18,19,18,Random,-9999,e1f248a6b1a7009a,6.680999994277954,0.17100000381469727,1638293931.664,19,strawberry,watermelon,night,strawberry,watermelon,strawberry,watermelon,night,strawberry,watermelon,4576.574872255325,2021-11-30T17:38:51.664000,1638289355.0891278
16,8,12,8,Random,-9999,e1f248a6b1a7009a,2.4750001430511475,0.15799999237060547,1638293934.292,12,far,fearful,lemon,far,fearful,far,fearful,lemon,far,fearful,4579.202872276306,2021-11-30T17:38:54.292000,1638289355.0891278
6,21,1,1,Random,-9999,e1f248a6b1a7009a,2.6389999389648438,0.14699983596801758,1638293937.079,21,field,pants,below,pants,field,field,pants,below,pants,field,4581.989872217178,2021-11-30T17:38:57.079000,1638289355.0891278
8,13,25,13,Random,-9999,e1f248a6b1a7009a,4.397000074386597,0.15000009536743164,1638293941.625,25,happy,dawn,far,happy,dawn,happy,dawn,far,happy,dawn,4586.535872220993,2021-11-30T17:39:01.625000,1638289355.0891278
8,25,6,6,Random,-9999,e1f248a6b1a7009a,6.81499981880188,0.15400004386901855,1638293948.597,25,dawn,below,far,below,dawn,dawn,below,far,below,dawn,4593.507872104645,2021-11-30T17:39:08.597000,1638289355.0891278
16,20,22,20,Random,-9999,e1f248a6b1a7009a,5.5920000076293945,0.1530001163482666,1638293954.338,22,beach,ocean,lemon,beach,ocean,beach,ocean,lemon,beach,ocean,4599.248872280121,2021-11-30T17:39:14.338000,1638289355.0891278
20,2,15,2,Random,-9999,e1f248a6b1a7009a,2.5950000286102295,0.15199995040893555,1638293957.084,15,shirt,blueberry,beach,shirt,blueberry,shirt,blueberry,beach,shirt,blueberry,4601.994872331619,2021-11-30T17:39:17.084000,1638289355.0891278
24,15,29,29,Random,-9999,e1f248a6b1a7009a,3.0870001316070557,0.14800000190734863,1638293960.324,15,blueberry,noon,sunset,noon,blueberry,blueberry,noon,sunset,noon,blueberry,4605.234872102737,2021-11-30T17:39:20.324000,1638289355.0891278
8,5,20,5,Random,-9999,e1f248a6b1a7009a,1.8619999885559082,0.15200018882751465,1638293962.265,20,above,beach,far,above,beach,above,beach,far,above,beach,4607.175872325897,2021-11-30T17:39:22.265000,1638289355.0891278
8,19,7,7,Random,-9999,e1f248a6b1a7009a,3.8929998874664307,0.08500003814697266,1638293966.314,19,watermelon,beside,far,beside,watermelon,watermelon,beside,far,beside,watermelon,4611.224872112274,2021-11-30T17:39:26.314000,1638289355.0891278
4,29,25,25,Random,-9999,e1f248a6b1a7009a,4.444999933242798,0.2239999771118164,1638293970.983,29,noon,dawn,socks,dawn,noon,noon,dawn,socks,dawn,noon,4615.893872261047,2021-11-30T17:39:30.983000,1638289355.0891278
3,8,28,8,Random,-9999,e1f248a6b1a7009a,6.247999906539917,0.15600013732910156,1638293977.385,28,far,night,shoes,far,night,far,night,shoes,far,night,4622.295872211456,2021-11-30T17:39:37.385000,1638289355.0891278
8,6,28,6,Random,-9999,e1f248a6b1a7009a,28.558000087738037,0.1940000057220459,1638294006.137,28,below,night,far,below,night,below,night,far,below,night,4651.047872304916,2021-11-30T17:40:06.137000,1638289355.0891278
23,28,19,28,Random,-9999,e1f248a6b1a7009a,7.730000019073486,0.21700000762939453,1638294014.087,19,night,watermelon,sky,night,watermelon,night,watermelon,sky,night,watermelon,4658.9978721141815,2021-11-30T17:40:14.087000,1638289355.0891278
21,25,1,25,Random,-9999,e1f248a6b1a7009a,9.708999872207642,0.15799999237060547,1638294023.949,1,dawn,pants,field,dawn,pants,dawn,pants,field,dawn,pants,4668.859872102737,2021-11-30T17:40:23.949000,1638289355.0891278
20,1,2,2,Random,-9999,e1f248a6b1a7009a,2.490000009536743,0.15400004386901855,1638294026.593,1,pants,shirt,beach,shirt,pants,pants,shirt,beach,shirt,pants,4671.503872156143,2021-11-30T17:40:26.593000,1638289355.0891278
26,14,1,14,Random,-9999,e1f248a6b1a7009a,2.489000082015991,0.15400004386901855,1638294029.232,1,sad,pants,day,sad,pants,sad,pants,day,sad,pants,4674.142872333527,2021-11-30T17:40:29.232000,1638289355.0891278
25,9,28,28,Random,-9999,e1f248a6b1a7009a,3.3259999752044678,0.17599987983703613,1638294032.738,9,near,night,dawn,night,near,near,night,dawn,night,near,4677.64887213707,2021-11-30T17:40:32.738000,1638289355.0891278
20,24,12,24,Random,-9999,e1f248a6b1a7009a,8.222000122070312,0.1529998779296875,1638294041.11,12,sunset,fearful,beach,sunset,fearful,sunset,fearful,beach,sunset,fearful,4686.020872116089,2021-11-30T17:40:41.110000,1638289355.0891278
24,22,20,22,Random,-9999,e1f248a6b1a7009a,1.6740000247955322,0.1510000228881836,1638294042.865,20,ocean,beach,sunset,ocean,beach,ocean,beach,sunset,ocean,beach,4687.77587223053,2021-11-30T17:40:42.865000,1638289355.0891278
2,5,11,5,Random,-9999,e1f248a6b1a7009a,2.07099986076355,0.07899999618530273,1638294045.09,11,above,disgust,shirt,above,disgust,above,disgust,shirt,above,disgust,4690.000872135162,2021-11-30T17:40:45.090000,1638289355.0891278
20,28,25,28,Random,-9999,e1f248a6b1a7009a,2.4170000553131104,0.15199995040893555,1638294047.654,25,night,dawn,beach,night,dawn,night,dawn,beach,night,dawn,4692.564872264862,2021-11-30T17:40:47.654000,1638289355.0891278
20,7,1,7,Random,-9999,e1f248a6b1a7009a,2.0350000858306885,0.14700007438659668,1638294049.84,1,beside,pants,beach,beside,pants,beside,pants,beach,beside,pants,4694.750872135162,2021-11-30T17:40:49.840000,1638289355.0891278
21,3,6,6,Random,-9999,e1f248a6b1a7009a,1.944000005722046,0.15399980545043945,1638294051.985,3,shoes,below,field,below,shoes,shoes,below,field,below,shoes,4696.895872116089,2021-11-30T17:40:51.985000,1638289355.0891278
8,6,15,6,Random,-9999,e1f248a6b1a7009a,2.075000047683716,0.20300006866455078,1638294054.225,15,below,blueberry,far,below,blueberry,below,blueberry,far,below,blueberry,4699.135872125626,2021-11-30T17:40:54.225000,1638289355.0891278
25,19,15,15,Random,-9999,e1f248a6b1a7009a,5.190000057220459,0.16899991035461426,1638294059.569,19,watermelon,blueberry,dawn,blueberry,watermelon,watermelon,blueberry,dawn,blueberry,watermelon,4704.479872226715,2021-11-30T17:40:59.569000,1638289355.0891278
19,25,28,28,Random,-9999,e1f248a6b1a7009a,2.2709999084472656,0.14800000190734863,1638294061.992,25,dawn,night,watermelon,night,dawn,dawn,night,watermelon,night,dawn,4706.90287232399,2021-11-30T17:41:01.992000,1638289355.0891278
19,16,4,16,Random,-9999,e1f248a6b1a7009a,1.7679998874664307,0.15700006484985352,1638294063.845,4,lemon,socks,watermelon,lemon,socks,lemon,socks,watermelon,lemon,socks,4708.755872249603,2021-11-30T17:41:03.845000,1638289355.0891278
5,22,20,22,Random,-9999,e1f248a6b1a7009a,2.884000062942505,0.08100008964538574,1638294066.878,20,ocean,beach,above,ocean,beach,ocean,beach,above,ocean,beach,4711.788872241974,2021-11-30T17:41:06.878000,1638289355.0891278
4,19,29,19,Random,-9999,e1f248a6b1a7009a,4.392999887466431,0.15600013732910156,1638294071.425,29,watermelon,noon,socks,watermelon,noon,watermelon,noon,socks,watermelon,noon,4716.335872173309,2021-11-30T17:41:11.425000,1638289355.0891278
10,22,29,22,Random,-9999,e1f248a6b1a7009a,2.570000171661377,0.17599987983703613,1638294074.177,29,ocean,noon,angry,ocean,noon,ocean,noon,angry,ocean,noon,4719.087872266769,2021-11-30T17:41:14.177000,1638289355.0891278
0,18,14,18,Random,-9999,e1f248a6b1a7009a,2.937000036239624,0.15999984741210938,1638294077.269,14,strawberry,sad,dress,strawberry,sad,strawberry,sad,dress,strawberry,sad,4722.179872274399,2021-11-30T17:41:17.269000,1638289355.0891278
29,8,25,25,Random,-9999,e1f248a6b1a7009a,3.0360000133514404,0.14999985694885254,1638294080.644,8,far,dawn,noon,dawn,far,far,dawn,noon,dawn,far,4725.554872274399,2021-11-30T17:41:20.644000,1638289355.0891278
23,28,18,28,Random,-9999,e1f248a6b1a7009a,1.4579999446868896,0.3430001735687256,1638294082.186,18,night,strawberry,sky,night,strawberry,night,strawberry,sky,night,strawberry,4727.096872329712,2021-11-30T17:41:22.186000,1638289355.0891278
9,26,16,26,Random,-9999,e1f248a6b1a7009a,2.0959999561309814,0.08599996566772461,1638294084.368,16,day,lemon,near,day,lemon,day,lemon,near,day,lemon,4729.278872251511,2021-11-30T17:41:24.368000,1638289355.0891278
5,18,6,6,Random,-9999,e1f248a6b1a7009a,3.0340001583099365,0.16100001335144043,1638294087.629,18,strawberry,below,above,below,strawberry,strawberry,below,above,below,strawberry,4732.539872169495,2021-11-30T17:41:27.629000,1638289355.0891278
26,21,6,6,Random,-9999,e1f248a6b1a7009a,2.6710000038146973,0.15000009536743164,1638294090.454,21,field,below,day,below,field,field,below,day,below,field,4735.364872217178,2021-11-30T17:41:30.454000,1638289355.0891278
12,1,13,13,Random,-9999,e1f248a6b1a7009a,2.25,0.22300004959106445,1638294092.922,1,pants,happy,fearful,happy,pants,pants,happy,fearful,happy,pants,4737.8328721523285,2021-11-30T17:41:32.922000,1638289355.0891278
0,20,3,3,Random,-9999,e1f248a6b1a7009a,1.630000114440918,0.14999985694885254,1638294094.638,20,beach,shoes,dress,shoes,beach,beach,shoes,dress,shoes,beach,4739.548872232437,2021-11-30T17:41:34.638000,1638289355.0891278
7,21,20,20,Random,-9999,e1f248a6b1a7009a,2.75,0.0839998722076416,1638294097.539,21,field,beach,beside,beach,field,field,beach,beside,beach,field,4742.449872255325,2021-11-30T17:41:37.539000,1638289355.0891278
19,22,10,22,Random,-9999,e1f248a6b1a7009a,2.188999891281128,0.17100000381469727,1638294099.9,10,ocean,angry,watermelon,ocean,angry,ocean,angry,watermelon,ocean,angry,4744.8108723163605,2021-11-30T17:41:39.900000,1638289355.0891278
28,10,24,24,Random,-9999,e1f248a6b1a7009a,2.502000093460083,0.2200000286102295,1638294102.618,10,angry,sunset,night,sunset,angry,angry,sunset,night,sunset,angry,4747.528872251511,2021-11-30T17:41:42.618000,1638289355.0891278
8,11,5,5,Random,-9999,e1f248a6b1a7009a,2.305999994277954,0.21399998664855957,1638294105.141,11,disgust,above,far,above,disgust,disgust,above,far,above,disgust,4750.051872253418,2021-11-30T17:41:45.141000,1638289355.0891278
0,5,20,20,Random,-9999,e1f248a6b1a7009a,2.0759999752044678,0.21799993515014648,1638294107.43,5,above,beach,dress,beach,above,above,beach,dress,beach,above,4752.34087228775,2021-11-30T17:41:47.430000,1638289355.0891278
8,5,29,29,Random,-9999,e1f248a6b1a7009a,4.561000108718872,0.14599990844726562,1638294112.138,5,above,noon,far,noon,above,above,noon,far,noon,above,4757.048872232437,2021-11-30T17:41:52.138000,1638289355.0891278
15,18,23,18,Random,-9999,e1f248a6b1a7009a,1.6419999599456787,0.1510000228881836,1638294113.865,23,strawberry,sky,blueberry,strawberry,sky,strawberry,sky,blueberry,strawberry,sky,4758.77587223053,2021-11-30T17:41:53.865000,1638289355.0891278
29,26,25,26,Random,-9999,e1f248a6b1a7009a,3.375,0.0820000171661377,1638294117.389,25,day,dawn,noon,day,dawn,day,dawn,noon,day,dawn,4762.299872159958,2021-11-30T17:41:57.389000,1638289355.0891278
7,1,5,5,Random,-9999,9fd4f3257642f507,0.687999963760376,0.4500000476837158,1638294919.405,1,pants,above,beside,above,pants,pants,above,beside,above,pants,5564.315872192383,2021-11-30T17:55:19.405000,1638289355.0891278
28,5,9,9,Random,-9999,9fd4f3257642f507,0.6480000019073486,0.3169999122619629,1638294920.531,5,above,near,night,near,above,above,near,night,near,above,5565.441872119904,2021-11-30T17:55:20.531000,1638289355.0891278
7,23,9,9,Random,-9999,9fd4f3257642f507,0.6449999809265137,0.34400010108947754,1638294921.448,23,sky,near,beside,near,sky,sky,near,beside,near,sky,5566.358872175217,2021-11-30T17:55:21.448000,1638289355.0891278
17,23,3,3,Random,-9999,9fd4f3257642f507,0.49500012397766113,0.34599995613098145,1638294922.086,23,sky,shoes,mango,shoes,sky,sky,shoes,mango,shoes,sky,5566.996872186661,2021-11-30T17:55:22.086000,1638289355.0891278
7,12,9,9,Random,-9999,9fd4f3257642f507,1.0099999904632568,0.0690000057220459,1638294923.171,12,fearful,near,beside,near,fearful,fearful,near,beside,near,fearful,5568.081872224808,2021-11-30T17:55:23.171000,1638289355.0891278
3,1,21,21,Random,-9999,9fd4f3257642f507,0.9279999732971191,0.07699990272521973,1638294924.177,1,pants,field,shoes,field,pants,pants,field,shoes,field,pants,5569.087872266769,2021-11-30T17:55:24.177000,1638289355.0891278
7,19,29,29,Random,-9999,9fd4f3257642f507,0.7279999256134033,0.07400012016296387,1638294924.972,19,watermelon,noon,beside,noon,watermelon,watermelon,noon,beside,noon,watermelon,5569.882872104645,2021-11-30T17:55:24.972000,1638289355.0891278
13,23,26,26,Random,-9999,9fd4f3257642f507,0.748999834060669,0.0690000057220459,1638294925.789,23,sky,day,happy,day,sky,sky,day,happy,day,sky,5570.699872255325,2021-11-30T17:55:25.789000,1638289355.0891278
5,28,7,7,Random,-9999,9fd4f3257642f507,0.6600000858306885,0.07500004768371582,1638294926.525,28,night,beside,above,beside,night,night,beside,above,beside,night,5571.4358723163605,2021-11-30T17:55:26.525000,1638289355.0891278
15,20,17,17,Random,-9999,9fd4f3257642f507,0.6529998779296875,0.07500004768371582,1638294927.252,20,beach,mango,blueberry,mango,beach,beach,mango,blueberry,mango,beach,5572.162872314453,2021-11-30T17:55:27.252000,1638289355.0891278
3,25,4,4,Random,-9999,9fd4f3257642f507,0.6030001640319824,0.07699990272521973,1638294927.959,25,dawn,socks,shoes,socks,dawn,dawn,socks,shoes,socks,dawn,5572.869872331619,2021-11-30T17:55:27.959000,1638289355.0891278
15,10,22,22,Random,-9999,9fd4f3257642f507,0.5370001792907715,0.17399978637695312,1638294928.679,10,angry,ocean,blueberry,ocean,angry,angry,ocean,blueberry,ocean,angry,5573.589872121811,2021-11-30T17:55:28.679000,1638289355.0891278
14,29,2,2,Random,-9999,9fd4f3257642f507,0.5509998798370361,0.13499999046325684,1638294929.329,29,noon,shirt,sad,shirt,noon,noon,shirt,sad,shirt,noon,5574.239872217178,2021-11-30T17:55:29.329000,1638289355.0891278
17,7,0,0,Random,-9999,9fd4f3257642f507,0.49899983406066895,0.0970001220703125,1638294929.952,7,beside,dress,mango,dress,beside,beside,dress,mango,dress,beside,5574.862872123718,2021-11-30T17:55:29.952000,1638289355.0891278
9,6,2,2,Random,-9999,9fd4f3257642f507,0.33100008964538574,0.21700000762939453,1638294930.53,6,below,shirt,near,shirt,below,below,shirt,near,shirt,below,5575.440872192383,2021-11-30T17:55:30.530000,1638289355.0891278
7,16,24,24,Random,-9999,9fd4f3257642f507,0.7250001430511475,0.23099994659423828,1638294931.487,16,lemon,sunset,beside,sunset,lemon,lemon,sunset,beside,sunset,lemon,5576.397872209549,2021-11-30T17:55:31.487000,1638289355.0891278
6,4,14,14,Random,-9999,9fd4f3257642f507,0.81600022315979,0.27899980545043945,1638294932.539,4,socks,sad,below,sad,socks,socks,sad,below,sad,socks,5577.449872255325,2021-11-30T17:55:32.539000,1638289355.0891278
11,19,9,9,Random,-9999,9fd4f3257642f507,0.37400007247924805,0.20599985122680664,1638294933.104,19,watermelon,near,disgust,near,watermelon,watermelon,near,disgust,near,watermelon,5578.014872312546,2021-11-30T17:55:33.104000,1638289355.0891278
15,13,21,21,Random,-9999,9fd4f3257642f507,0.5529999732971191,0.07699990272521973,1638294933.734,13,happy,field,blueberry,field,happy,happy,field,blueberry,field,happy,5578.644872188568,2021-11-30T17:55:33.734000,1638289355.0891278
28,16,19,19,Random,-9999,9fd4f3257642f507,0.5349998474121094,0.08600020408630371,1638294934.355,16,lemon,watermelon,night,watermelon,lemon,lemon,watermelon,night,watermelon,lemon,5579.2658722400665,2021-11-30T17:55:34.355000,1638289355.0891278
22,19,25,25,Random,-9999,9fd4f3257642f507,0.4499998092651367,0.07400012016296387,1638294934.885,19,watermelon,dawn,ocean,dawn,watermelon,watermelon,dawn,ocean,dawn,watermelon,5579.795872211456,2021-11-30T17:55:34.885000,1638289355.0891278
2,21,26,26,Random,-9999,9fd4f3257642f507,0.7679998874664307,0.1230001449584961,1638294935.768,21,field,day,shirt,day,field,field,day,shirt,day,field,5580.6788721084595,2021-11-30T17:55:35.768000,1638289355.0891278
28,20,11,11,Random,-9999,9fd4f3257642f507,0.5379998683929443,0.07500004768371582,1638294936.382,20,beach,disgust,night,disgust,beach,beach,disgust,night,disgust,beach,5581.2928721904755,2021-11-30T17:55:36.382000,1638289355.0891278
19,10,18,18,Random,-9999,9fd4f3257642f507,0.5109999179840088,0.07700014114379883,1638294936.97,10,angry,strawberry,watermelon,strawberry,angry,angry,strawberry,watermelon,strawberry,angry,5581.880872249603,2021-11-30T17:55:36.970000,1638289355.0891278
3,23,29,29,Random,-9999,9fd4f3257642f507,0.6110000610351562,0.07599997520446777,1638294937.657,23,sky,noon,shoes,noon,sky,sky,noon,shoes,noon,sky,5582.567872285843,2021-11-30T17:55:37.657000,1638289355.0891278
9,17,27,27,Random,-9999,9fd4f3257642f507,0.8230001926422119,0.07699990272521973,1638294938.557,17,mango,dusk,near,dusk,mango,mango,dusk,near,dusk,mango,5583.467872142792,2021-11-30T17:55:38.557000,1638289355.0891278
26,14,16,16,Random,-9999,9fd4f3257642f507,0.3489999771118164,0.07599997520446777,1638294938.989,14,sad,lemon,day,lemon,sad,sad,lemon,day,lemon,sad,5583.899872303009,2021-11-30T17:55:38.989000,1638289355.0891278
16,10,2,2,Random,-9999,9fd4f3257642f507,0.5209999084472656,0.08300018310546875,1638294939.591,10,angry,shirt,lemon,shirt,angry,angry,shirt,lemon,shirt,angry,5584.501872301102,2021-11-30T17:55:39.591000,1638289355.0891278
19,1,6,6,Random,-9999,9fd4f3257642f507,0.46000003814697266,0.08100008964538574,1638294940.131,1,pants,below,watermelon,below,pants,pants,below,watermelon,below,pants,5585.041872262955,2021-11-30T17:55:40.131000,1638289355.0891278
15,5,10,10,Random,-9999,9fd4f3257642f507,0.39100003242492676,0.08299994468688965,1638294940.608,5,above,angry,blueberry,angry,above,above,angry,blueberry,angry,above,5585.518872261047,2021-11-30T17:55:40.608000,1638289355.0891278
10,13,0,0,Random,-9999,9fd4f3257642f507,0.4479999542236328,0.08299994468688965,1638294941.131,13,happy,dress,angry,dress,happy,happy,dress,angry,dress,happy,5586.041872262955,2021-11-30T17:55:41.131000,1638289355.0891278
3,24,22,22,Random,-9999,9fd4f3257642f507,0.9130001068115234,0.07599997520446777,1638294942.127,24,sunset,ocean,shoes,ocean,sunset,sunset,ocean,shoes,ocean,sunset,5587.037872314453,2021-11-30T17:55:42.127000,1638289355.0891278
12,6,8,8,Random,-9999,9fd4f3257642f507,0.8519999980926514,0.07999992370605469,1638294943.059,6,below,far,fearful,far,below,below,far,fearful,far,below,5587.969872236252,2021-11-30T17:55:43.059000,1638289355.0891278
4,8,21,21,Random,-9999,9fd4f3257642f507,0.5279998779296875,0.08500003814697266,1638294943.672,8,far,field,socks,field,far,far,field,socks,field,far,5588.5828721523285,2021-11-30T17:55:43.672000,1638289355.0891278
16,21,6,6,Random,-9999,9fd4f3257642f507,0.7690000534057617,0.08100008964538574,1638294944.521,21,field,below,lemon,below,field,field,below,lemon,below,field,5589.43187212944,2021-11-30T17:55:44.521000,1638289355.0891278
11,12,2,2,Random,-9999,9fd4f3257642f507,1.4160001277923584,0.08100008964538574,1638294946.018,12,fearful,shirt,disgust,shirt,fearful,fearful,shirt,disgust,shirt,fearful,5590.9288721084595,2021-11-30T17:55:46.018000,1638289355.0891278
17,27,26,26,Random,-9999,9fd4f3257642f507,0.6359999179840088,0.0820000171661377,1638294946.736,27,dusk,day,mango,day,dusk,dusk,day,mango,day,dusk,5591.646872282028,2021-11-30T17:55:46.736000,1638289355.0891278
8,26,5,5,Random,-9999,9fd4f3257642f507,6.260999917984009,0.08299994468688965,1638294953.131,26,day,above,far,above,day,day,above,far,above,day,5598.041872262955,2021-11-30T17:55:53.131000,1638289355.0891278
0,20,6,6,Random,-9999,9fd4f3257642f507,0.48200011253356934,0.13899993896484375,1638294953.693,20,beach,below,dress,below,beach,beach,below,dress,below,beach,5598.603872299194,2021-11-30T17:55:53.693000,1638289355.0891278
3,27,1,1,Random,-9999,9fd4f3257642f507,0.39499998092651367,0.07800006866455078,1638294954.16,27,dusk,pants,shoes,pants,dusk,dusk,pants,shoes,pants,dusk,5599.070872306824,2021-11-30T17:55:54.160000,1638289355.0891278
14,11,3,3,Random,-9999,9fd4f3257642f507,0.44300007820129395,0.07299995422363281,1638294954.676,11,disgust,shoes,sad,shoes,disgust,disgust,shoes,sad,shoes,disgust,5599.586872339249,2021-11-30T17:55:54.676000,1638289355.0891278
25,2,13,13,Random,-9999,9fd4f3257642f507,0.4509999752044678,0.07299995422363281,1638294955.199,2,shirt,happy,dawn,happy,shirt,shirt,happy,dawn,happy,shirt,5600.109872102737,2021-11-30T17:55:55.199000,1638289355.0891278
10,3,12,12,Random,-9999,9fd4f3257642f507,0.4629998207092285,0.06800007820129395,1638294955.73,3,shoes,fearful,angry,fearful,shoes,shoes,fearful,angry,fearful,shoes,5600.6408722400665,2021-11-30T17:55:55.730000,1638289355.0891278
14,17,21,21,Validation,0,845093d33006b632,4.077999830245972,0.17100000381469727,1638294955.949,17,mango,field,sad,field,mango,mango,field,sad,field,mango,5600.859872102737,2021-11-30T17:55:55.949000,1638289355.0891278
11,1,27,27,Random,-9999,9fd4f3257642f507,0.4270000457763672,0.0710000991821289,1638294956.23,1,pants,dusk,disgust,dusk,pants,pants,dusk,disgust,dusk,pants,5601.1408722400665,2021-11-30T17:55:56.230000,1638289355.0891278
3,19,21,21,Random,-9999,9fd4f3257642f507,0.42100000381469727,0.06999993324279785,1638294956.726,19,watermelon,field,shoes,field,watermelon,watermelon,field,shoes,field,watermelon,5601.636872291565,2021-11-30T17:55:56.726000,1638289355.0891278
11,22,25,25,Random,-9999,9fd4f3257642f507,0.35500001907348633,0.07800006866455078,1638294957.159,22,ocean,dawn,disgust,dawn,ocean,ocean,dawn,disgust,dawn,ocean,5602.069872140884,2021-11-30T17:55:57.159000,1638289355.0891278
13,27,17,27,Validation,1,845093d33006b632,1.9179999828338623,0.1529998779296875,1638294957.969,17,dusk,mango,happy,dusk,mango,dusk,mango,happy,dusk,mango,5602.8798723220825,2021-11-30T17:55:57.969000,1638289355.0891278
17,7,22,22,Random,-9999,9fd4f3257642f507,0.753000020980835,0.07999992370605469,1638294957.992,7,beside,ocean,mango,ocean,beside,beside,ocean,mango,ocean,beside,5602.90287232399,2021-11-30T17:55:57.992000,1638289355.0891278
27,7,18,18,Random,-9999,9fd4f3257642f507,0.5160000324249268,0.1549999713897705,1638294958.657,7,beside,strawberry,dusk,strawberry,beside,beside,strawberry,dusk,strawberry,beside,5603.567872285843,2021-11-30T17:55:58.657000,1638289355.0891278
12,22,11,11,Random,-9999,9fd4f3257642f507,0.41100001335144043,0.0709998607635498,1638294959.145,22,ocean,disgust,fearful,disgust,ocean,ocean,disgust,fearful,disgust,ocean,5604.05587220192,2021-11-30T17:55:59.145000,1638289355.0891278
16,7,25,25,Random,-9999,9fd4f3257642f507,0.5350000858306885,0.07800006866455078,1638294959.751,7,beside,dawn,lemon,dawn,beside,beside,dawn,lemon,dawn,beside,5604.661872148514,2021-11-30T17:55:59.751000,1638289355.0891278
20,6,4,4,Random,-9999,9fd4f3257642f507,0.4779999256134033,0.06999993324279785,1638294960.3,6,below,socks,beach,socks,below,below,socks,beach,socks,below,5605.210872173309,2021-11-30T17:56:00.300000,1638289355.0891278
16,20,0,0,Random,-9999,9fd4f3257642f507,0.8560001850128174,0.07599997520446777,1638294961.233,20,beach,dress,lemon,dress,beach,beach,dress,lemon,dress,beach,5606.143872261047,2021-11-30T17:56:01.233000,1638289355.0891278
6,24,28,28,Validation,2,845093d33006b632,3.1570000648498535,0.16100001335144043,1638294961.282,24,sunset,night,below,night,sunset,sunset,night,below,night,sunset,5606.192872285843,2021-11-30T17:56:01.282000,1638289355.0891278
10,28,1,1,Random,-9999,9fd4f3257642f507,0.440000057220459,0.07499980926513672,1638294961.747,28,night,pants,angry,pants,night,night,pants,angry,pants,night,5606.657872200012,2021-11-30T17:56:01.747000,1638289355.0891278
7,5,18,18,Random,-9999,9fd4f3257642f507,0.5169999599456787,0.07200002670288086,1638294962.342,5,above,strawberry,beside,strawberry,above,above,strawberry,beside,strawberry,above,5607.252872228622,2021-11-30T17:56:02.342000,1638289355.0891278
23,13,11,13,Validation,4,6bce0992ca44b1ed,2.613999843597412,0.1530001163482666,1638294962.815,11,happy,disgust,sky,happy,disgust,happy,disgust,sky,happy,disgust,5607.7258722782135,2021-11-30T17:56:02.815000,1638289355.0891278
10,29,7,7,Random,-9999,9fd4f3257642f507,0.7060000896453857,0.07899999618530273,1638294963.126,29,noon,beside,angry,beside,noon,noon,beside,angry,beside,noon,5608.036872148514,2021-11-30T17:56:03.126000,1638289355.0891278
8,15,12,12,Random,-9999,9fd4f3257642f507,1.0439999103546143,0.07599997520446777,1638294964.247,15,blueberry,fearful,far,fearful,blueberry,blueberry,fearful,far,fearful,blueberry,5609.157872200012,2021-11-30T17:56:04.247000,1638289355.0891278
4,10,13,13,Random,-9999,9fd4f3257642f507,0.5529999732971191,0.07599997520446777,1638294964.876,10,angry,happy,socks,happy,angry,angry,happy,socks,happy,angry,5609.786872148514,2021-11-30T17:56:04.876000,1638289355.0891278
0,26,9,26,Validation,6,6bce0992ca44b1ed,2.4579999446868896,0.1530001163482666,1638294965.417,9,day,near,dress,day,near,day,near,dress,day,near,5610.327872276306,2021-11-30T17:56:05.417000,1638289355.0891278
11,26,17,17,Random,-9999,9fd4f3257642f507,0.5449998378753662,0.07700014114379883,1638294965.497,26,day,mango,disgust,mango,day,day,mango,disgust,mango,day,5610.407872200012,2021-11-30T17:56:05.497000,1638289355.0891278
6,15,7,7,Random,-9999,9fd4f3257642f507,0.5750000476837158,0.07899999618530273,1638294966.15,15,blueberry,beside,below,beside,blueberry,blueberry,beside,below,beside,blueberry,5611.0608723163605,2021-11-30T17:56:06.150000,1638289355.0891278
2,16,8,8,Random,-9999,9fd4f3257642f507,0.41499996185302734,0.07599997520446777,1638294966.641,16,lemon,far,shirt,far,lemon,lemon,far,shirt,far,lemon,5611.551872253418,2021-11-30T17:56:06.641000,1638289355.0891278
7,16,20,20,Validation,5,845093d33006b632,5.236000061035156,0.14599990844726562,1638294966.733,16,lemon,beach,beside,beach,lemon,lemon,beach,beside,beach,lemon,5611.643872261047,2021-11-30T17:56:06.733000,1638289355.0891278
28,7,11,11,Random,-9999,9fd4f3257642f507,0.44700002670288086,0.07599997520446777,1638294967.159,7,beside,disgust,night,disgust,beside,beside,disgust,night,disgust,beside,5612.069872140884,2021-11-30T17:56:07.159000,1638289355.0891278
28,10,14,14,Validation,7,6bce0992ca44b1ed,2.2760000228881836,0.14400005340576172,1638294967.842,10,angry,sad,night,sad,angry,angry,sad,night,sad,angry,5612.752872228622,2021-11-30T17:56:07.842000,1638289355.0891278
11,17,13,13,Random,-9999,9fd4f3257642f507,0.7759997844696045,0.07400012016296387,1638294968.014,17,mango,happy,disgust,happy,mango,mango,happy,disgust,happy,mango,5612.924872159958,2021-11-30T17:56:08.014000,1638289355.0891278
23,9,16,16,Random,-9999,9fd4f3257642f507,0.8860001564025879,0.07800006866455078,1638294968.979,9,near,lemon,sky,lemon,near,near,lemon,sky,lemon,near,5613.889872312546,2021-11-30T17:56:08.979000,1638289355.0891278
11,10,25,25,Random,-9999,9fd4f3257642f507,0.434999942779541,0.08099985122680664,1638294969.488,10,angry,dawn,disgust,dawn,angry,angry,dawn,disgust,dawn,angry,5614.39887213707,2021-11-30T17:56:09.488000,1638289355.0891278
9,4,16,16,Random,-9999,9fd4f3257642f507,0.48000001907348633,0.07599997520446777,1638294970.043,4,socks,lemon,near,lemon,socks,socks,lemon,near,lemon,socks,5614.953872203827,2021-11-30T17:56:10.043000,1638289355.0891278
14,16,5,5,Random,-9999,9fd4f3257642f507,0.39499998092651367,0.0710000991821289,1638294970.509,16,lemon,above,sad,above,lemon,lemon,above,sad,above,lemon,5615.419872283936,2021-11-30T17:56:10.509000,1638289355.0891278
2,12,23,23,Validation,8,845093d33006b632,3.9749999046325684,0.16700005531311035,1638294970.867,12,fearful,sky,shirt,sky,fearful,fearful,sky,shirt,sky,fearful,5615.77787232399,2021-11-30T17:56:10.867000,1638289355.0891278
4,6,23,23,Random,-9999,9fd4f3257642f507,0.8919999599456787,0.07200002670288086,1638294971.473,6,below,sky,socks,sky,below,below,sky,socks,sky,below,5616.383872270584,2021-11-30T17:56:11.473000,1638289355.0891278
16,15,20,15,Validation,9,6bce0992ca44b1ed,3.618000030517578,0.14100003242492676,1638294971.623,20,blueberry,beach,lemon,blueberry,beach,blueberry,beach,lemon,blueberry,beach,5616.533872127533,2021-11-30T17:56:11.623000,1638289355.0891278
8,17,13,13,Random,-9999,9fd4f3257642f507,0.45399999618530273,0.07399988174438477,1638294972.01,17,mango,happy,far,happy,mango,mango,happy,far,happy,mango,5616.920872211456,2021-11-30T17:56:12.010000,1638289355.0891278
25,10,7,7,Random,-9999,9fd4f3257642f507,0.49000000953674316,0.07700014114379883,1638294972.574,10,angry,beside,dawn,beside,angry,angry,beside,dawn,beside,angry,5617.484872102737,2021-11-30T17:56:12.574000,1638289355.0891278
4,29,13,13,Random,-9999,9fd4f3257642f507,0.4790000915527344,0.07699990272521973,1638294973.131,29,noon,happy,socks,happy,noon,noon,happy,socks,happy,noon,5618.041872262955,2021-11-30T17:56:13.131000,1638289355.0891278
29,7,19,19,Random,-9999,9fd4f3257642f507,0.5360000133514404,0.07699990272521973,1638294973.738,7,beside,watermelon,noon,watermelon,beside,beside,watermelon,noon,watermelon,beside,5618.64887213707,2021-11-30T17:56:13.738000,1638289355.0891278
8,6,25,6,Validation,10,845093d33006b632,2.7779998779296875,0.14700007438659668,1638294973.781,25,below,dawn,far,below,dawn,below,dawn,far,below,dawn,5618.691872119904,2021-11-30T17:56:13.781000,1638289355.0891278
8,16,21,21,Random,-9999,9fd4f3257642f507,0.3680000305175781,0.07299995422363281,1638294974.185,16,lemon,field,far,field,lemon,lemon,field,far,field,lemon,5619.095872163773,2021-11-30T17:56:14.185000,1638289355.0891278
28,10,0,10,Validation,11,6bce0992ca44b1ed,2.7350001335144043,0.17599987983703613,1638294974.508,0,angry,dress,night,angry,dress,angry,dress,night,angry,dress,5619.418872117996,2021-11-30T17:56:14.508000,1638289355.0891278
12,5,20,20,Random,-9999,9fd4f3257642f507,0.7950000762939453,0.07999992370605469,1638294975.059,5,above,beach,fearful,beach,above,above,beach,fearful,beach,above,5619.969872236252,2021-11-30T17:56:15.059000,1638289355.0891278
17,19,8,19,Validation,12,845093d33006b632,1.6490001678466797,0.14899992942810059,1638294975.531,8,watermelon,far,mango,watermelon,far,watermelon,far,mango,watermelon,far,5620.441872119904,2021-11-30T17:56:15.531000,1638289355.0891278
20,26,4,4,Random,-9999,9fd4f3257642f507,0.7119998931884766,0.08100008964538574,1638294975.853,26,day,socks,beach,socks,day,day,socks,beach,socks,day,5620.763872146606,2021-11-30T17:56:15.853000,1638289355.0891278
11,0,5,5,Random,-9999,9fd4f3257642f507,0.5169999599456787,0.08000016212463379,1638294976.449,0,dress,above,disgust,above,dress,dress,above,disgust,above,dress,5621.359872102737,2021-11-30T17:56:16.449000,1638289355.0891278
6,0,20,20,Random,-9999,9fd4f3257642f507,0.4700000286102295,0.07699990272521973,1638294976.992,0,dress,beach,below,beach,dress,dress,beach,below,beach,dress,5621.90287232399,2021-11-30T17:56:16.992000,1638289355.0891278
23,3,29,29,Validation,13,6bce0992ca44b1ed,2.6050000190734863,0.14599990844726562,1638294977.263,3,shoes,noon,sky,noon,shoes,shoes,noon,sky,noon,shoes,5622.173872232437,2021-11-30T17:56:17.263000,1638289355.0891278
4,26,11,11,Random,-9999,9fd4f3257642f507,0.46700000762939453,0.07299995422363281,1638294977.536,26,day,disgust,socks,disgust,day,day,disgust,socks,disgust,day,5622.4468722343445,2021-11-30T17:56:17.536000,1638289355.0891278
26,4,16,4,Validation,14,845093d33006b632,2.1670000553131104,0.07399988174438477,1638294977.827,16,socks,lemon,day,socks,lemon,socks,lemon,day,socks,lemon,5622.737872123718,2021-11-30T17:56:17.827000,1638289355.0891278
1,28,15,15,Random,-9999,9fd4f3257642f507,0.3880000114440918,0.07899999618530273,1638294977.996,28,night,blueberry,pants,blueberry,night,night,blueberry,pants,blueberry,night,5622.9068722724915,2021-11-30T17:56:17.996000,1638289355.0891278
3,17,26,26,Random,-9999,9fd4f3257642f507,0.5069999694824219,0.07399988174438477,1638294978.582,17,mango,day,shoes,day,mango,mango,day,shoes,day,mango,5623.492872238159,2021-11-30T17:56:18.582000,1638289355.0891278
17,27,15,15,Random,-9999,9fd4f3257642f507,0.5989999771118164,0.07899999618530273,1638294979.261,27,dusk,blueberry,mango,blueberry,dusk,dusk,blueberry,mango,blueberry,dusk,5624.171872138977,2021-11-30T17:56:19.261000,1638289355.0891278
2,4,5,4,Validation,16,845093d33006b632,1.741999864578247,0.14499998092651367,1638294979.661,5,socks,above,shirt,socks,above,socks,above,shirt,socks,above,5624.5718722343445,2021-11-30T17:56:19.661000,1638289355.0891278
6,20,12,12,Random,-9999,9fd4f3257642f507,0.9170000553131104,0.08100008964538574,1638294980.259,20,beach,fearful,below,fearful,beach,beach,fearful,below,fearful,beach,5625.169872283936,2021-11-30T17:56:20.259000,1638289355.0891278
14,5,24,24,Random,-9999,9fd4f3257642f507,0.6110000610351562,0.07599997520446777,1638294980.945,5,above,sunset,sad,sunset,above,above,sunset,sad,sunset,above,5625.855872154236,2021-11-30T17:56:20.945000,1638289355.0891278
26,14,21,21,Validation,17,6bce0992ca44b1ed,1.8570001125335693,0.2069997787475586,1638294981.347,14,sad,field,day,field,sad,sad,field,day,field,sad,5626.257872104645,2021-11-30T17:56:21.347000,1638289355.0891278
12,20,25,25,Random,-9999,9fd4f3257642f507,0.5159997940063477,0.07599997520446777,1638294981.537,20,beach,dawn,fearful,dawn,beach,beach,dawn,fearful,dawn,beach,5626.447872161865,2021-11-30T17:56:21.537000,1638289355.0891278
0,18,4,4,Validation,18,845093d33006b632,1.9210000038146973,0.08500003814697266,1638294981.651,18,strawberry,socks,dress,socks,strawberry,strawberry,socks,dress,socks,strawberry,5626.561872243881,2021-11-30T17:56:21.651000,1638289355.0891278
27,11,26,26,Random,-9999,9fd4f3257642f507,0.5279998779296875,0.07600021362304688,1638294982.143,11,disgust,day,dusk,day,disgust,disgust,day,dusk,day,disgust,5627.0538721084595,2021-11-30T17:56:22.143000,1638289355.0891278
10,12,3,3,Random,-9999,9fd4f3257642f507,0.5499999523162842,0.07899999618530273,1638294982.771,12,fearful,shoes,angry,shoes,fearful,fearful,shoes,angry,shoes,fearful,5627.68187212944,2021-11-30T17:56:22.771000,1638289355.0891278
2,13,9,13,Validation,19,6bce0992ca44b1ed,1.8289999961853027,0.16100001335144043,1638294983.342,9,happy,near,shirt,happy,near,happy,near,shirt,happy,near,5628.252872228622,2021-11-30T17:56:23.342000,1638289355.0891278
29,3,9,9,Random,-9999,9fd4f3257642f507,0.4960000514984131,0.07700014114379883,1638294983.348,3,shoes,near,noon,near,shoes,shoes,near,noon,near,shoes,5628.258872270584,2021-11-30T17:56:23.348000,1638289355.0891278
22,5,21,21,Random,-9999,9fd4f3257642f507,0.5039999485015869,0.07800006866455078,1638294983.925,5,above,field,ocean,field,above,above,field,ocean,field,above,5628.835872173309,2021-11-30T17:56:23.925000,1638289355.0891278
28,8,4,4,Random,-9999,9fd4f3257642f507,0.4779999256134033,0.07800006866455078,1638294984.48,8,far,socks,night,socks,far,far,socks,night,socks,far,5629.3908722400665,2021-11-30T17:56:24.480000,1638289355.0891278
2,13,9,13,Validation,0,845093d33006b632,3.2360000610351562,0.07799983024597168,1638294985.028,9,happy,near,shirt,happy,near,happy,near,shirt,happy,near,5629.938872337341,2021-11-30T17:56:25.028000,1638289355.0891278
14,25,16,16,Random,-9999,9fd4f3257642f507,0.5980000495910645,0.07999992370605469,1638294985.158,25,dawn,lemon,sad,lemon,dawn,dawn,lemon,sad,lemon,dawn,5630.068872213364,2021-11-30T17:56:25.158000,1638289355.0891278
12,19,29,29,Random,-9999,9fd4f3257642f507,0.4509999752044678,0.08100008964538574,1638294985.689,19,watermelon,noon,fearful,noon,watermelon,watermelon,noon,fearful,noon,watermelon,5630.599872112274,2021-11-30T17:56:25.689000,1638289355.0891278
19,27,29,29,Random,-9999,9fd4f3257642f507,0.5250000953674316,0.07699990272521973,1638294986.291,27,dusk,noon,watermelon,noon,dusk,dusk,noon,watermelon,noon,dusk,5631.201872110367,2021-11-30T17:56:26.291000,1638289355.0891278
26,9,8,8,Random,-9999,9fd4f3257642f507,0.4869999885559082,0.07799983024597168,1638294986.85,9,near,far,day,far,near,near,far,day,far,near,5631.760872125626,2021-11-30T17:56:26.850000,1638289355.0891278
26,14,21,21,Validation,2,845093d33006b632,1.9760000705718994,0.1510000228881836,1638294987.173,14,sad,field,day,field,sad,sad,field,day,field,sad,5632.083872318268,2021-11-30T17:56:27.173000,1638289355.0891278
0,29,13,13,Random,-9999,9fd4f3257642f507,0.8470001220703125,0.06999993324279785,1638294987.766,29,noon,happy,dress,happy,noon,noon,happy,dress,happy,noon,5632.676872253418,2021-11-30T17:56:27.766000,1638289355.0891278
22,13,1,1,Random,-9999,9fd4f3257642f507,0.6349999904632568,0.07500004768371582,1638294988.476,13,happy,pants,ocean,pants,happy,happy,pants,ocean,pants,happy,5633.386872291565,2021-11-30T17:56:28.476000,1638289355.0891278
2,23,12,23,Validation,1,6bce0992ca44b1ed,5.020999908447266,0.09400010108947754,1638294988.538,12,sky,fearful,shirt,sky,fearful,sky,fearful,shirt,sky,fearful,5633.448872327805,2021-11-30T17:56:28.538000,1638289355.0891278
7,10,25,25,Random,-9999,9fd4f3257642f507,0.500999927520752,0.07299995422363281,1638294989.05,10,angry,dawn,beside,dawn,angry,angry,dawn,beside,dawn,angry,5633.960872173309,2021-11-30T17:56:29.050000,1638289355.0891278
6,28,24,24,Validation,3,845093d33006b632,1.9449999332427979,0.1510000228881836,1638294989.316,28,night,sunset,below,sunset,night,night,sunset,below,sunset,night,5634.226872205734,2021-11-30T17:56:29.316000,1638289355.0891278
26,22,10,10,Random,-9999,9fd4f3257642f507,0.5179998874664307,0.0710000991821289,1638294989.645,22,ocean,angry,day,angry,ocean,ocean,angry,day,angry,ocean,5634.55587220192,2021-11-30T17:56:29.645000,1638289355.0891278
17,8,19,19,Validation,4,6bce0992ca44b1ed,1.5150001049041748,0.15999984741210938,1638294990.115,8,far,watermelon,mango,watermelon,far,far,watermelon,mango,watermelon,far,5635.02587223053,2021-11-30T17:56:30.115000,1638289355.0891278
24,8,2,2,Random,-9999,9fd4f3257642f507,0.6070001125335693,0.07899999618530273,1638294990.332,8,far,shirt,sunset,shirt,far,far,shirt,sunset,shirt,far,5635.242872238159,2021-11-30T17:56:30.332000,1638289355.0891278
4,16,17,17,Random,-9999,9fd4f3257642f507,0.9100000858306885,0.07899999618530273,1638294991.321,16,lemon,mango,socks,mango,lemon,lemon,mango,socks,mango,lemon,5636.231872320175,2021-11-30T17:56:31.321000,1638289355.0891278
14,21,17,21,Validation,5,845093d33006b632,2.0959999561309814,0.1770000457763672,1638294991.532,17,field,mango,sad,field,mango,field,mango,sad,field,mango,5636.442872285843,2021-11-30T17:56:31.532000,1638289355.0891278
0,26,9,26,Validation,6,6bce0992ca44b1ed,1.6100001335144043,0.08299994468688965,1638294991.811,9,day,near,dress,day,near,day,near,dress,day,near,5636.721872329712,2021-11-30T17:56:31.811000,1638289355.0891278
15,13,20,20,Random,-9999,9fd4f3257642f507,0.6599998474121094,0.07599997520446777,1638294992.056,13,happy,beach,blueberry,beach,happy,happy,beach,blueberry,beach,happy,5636.966872215271,2021-11-30T17:56:32.056000,1638289355.0891278
4,1,7,7,Random,-9999,9fd4f3257642f507,0.7070000171661377,0.07700014114379883,1638294992.842,1,pants,beside,socks,beside,pants,pants,beside,socks,beside,pants,5637.752872228622,2021-11-30T17:56:32.842000,1638289355.0891278
3,0,6,6,Random,-9999,9fd4f3257642f507,0.4930000305175781,0.07999992370605469,1638294993.414,0,dress,below,shoes,below,dress,dress,below,shoes,below,dress,5638.324872255325,2021-11-30T17:56:33.414000,1638289355.0891278
23,11,13,13,Validation,7,845093d33006b632,1.9199998378753662,0.16000008583068848,1638294993.687,11,disgust,happy,sky,happy,disgust,disgust,happy,sky,happy,disgust,5638.597872257233,2021-11-30T17:56:33.687000,1638289355.0891278
8,22,7,7,Random,-9999,9fd4f3257642f507,0.4630000591278076,0.07700014114379883,1638294993.946,22,ocean,beside,far,beside,ocean,ocean,beside,far,beside,ocean,5638.856872320175,2021-11-30T17:56:33.946000,1638289355.0891278
6,28,10,10,Random,-9999,9fd4f3257642f507,0.5130000114440918,0.07599997520446777,1638294994.536,28,night,angry,below,angry,night,night,angry,below,angry,night,5639.4468722343445,2021-11-30T17:56:34.536000,1638289355.0891278
7,28,9,9,Random,-9999,9fd4f3257642f507,0.5699999332427979,0.07599997520446777,1638294995.181,28,night,near,beside,near,night,night,near,beside,near,night,5640.091872215271,2021-11-30T17:56:35.181000,1638289355.0891278
8,25,6,6,Validation,8,6bce0992ca44b1ed,3.7710001468658447,0.08799982070922852,1638294995.733,25,dawn,below,far,below,dawn,dawn,below,far,below,dawn,5640.643872261047,2021-11-30T17:56:35.733000,1638289355.0891278
14,10,22,22,Random,-9999,9fd4f3257642f507,0.5429999828338623,0.0690000057220459,1638294995.8,10,angry,ocean,sad,ocean,angry,angry,ocean,sad,ocean,angry,5640.710872173309,2021-11-30T17:56:35.800000,1638289355.0891278
28,14,10,14,Validation,9,845093d33006b632,2.7730000019073486,0.1940000057220459,1638294996.577,10,sad,angry,night,sad,angry,sad,angry,night,sad,angry,5641.487872123718,2021-11-30T17:56:36.577000,1638289355.0891278
12,7,16,16,Random,-9999,9fd4f3257642f507,0.7190001010894775,0.0820000171661377,1638294996.601,7,beside,lemon,fearful,lemon,beside,beside,lemon,fearful,lemon,beside,5641.511872291565,2021-11-30T17:56:36.601000,1638289355.0891278
3,16,8,8,Random,-9999,9fd4f3257642f507,0.437000036239624,0.07799983024597168,1638294997.117,16,lemon,far,shoes,far,lemon,lemon,far,shoes,far,lemon,5642.02787232399,2021-11-30T17:56:37.117000,1638289355.0891278
19,10,11,11,Random,-9999,9fd4f3257642f507,0.6559998989105225,0.08800005912780762,1638294997.862,10,angry,disgust,watermelon,disgust,angry,angry,disgust,watermelon,disgust,angry,5642.772872209549,2021-11-30T17:56:37.862000,1638289355.0891278
28,0,10,10,Validation,10,6bce0992ca44b1ed,2.305000066757202,0.16299986839294434,1638294998.215,0,dress,angry,night,angry,dress,dress,angry,night,angry,dress,5643.125872135162,2021-11-30T17:56:38.215000,1638289355.0891278
0,25,13,13,Random,-9999,9fd4f3257642f507,0.5310001373291016,0.0820000171661377,1638294998.467,25,dawn,happy,dress,happy,dawn,dawn,happy,dress,happy,dawn,5643.377872228622,2021-11-30T17:56:38.467000,1638289355.0891278
23,29,3,29,Validation,11,845093d33006b632,2.0160000324249268,0.15900015830993652,1638294998.755,3,noon,shoes,sky,noon,shoes,noon,shoes,sky,noon,shoes,5643.665872335434,2021-11-30T17:56:38.755000,1638289355.0891278
23,6,4,4,Random,-9999,9fd4f3257642f507,0.5329999923706055,0.07200002670288086,1638294999.08,6,below,socks,sky,socks,below,below,socks,sky,socks,below,5643.990872144699,2021-11-30T17:56:39.080000,1638289355.0891278
2,5,7,7,Random,-9999,9fd4f3257642f507,0.5690000057220459,0.0839998722076416,1638294999.731,5,above,beside,shirt,beside,above,above,beside,shirt,beside,above,5644.641872167587,2021-11-30T17:56:39.731000,1638289355.0891278
18,21,14,14,Random,-9999,9fd4f3257642f507,0.565000057220459,0.08100008964538574,1638295000.377,21,field,sad,strawberry,sad,field,field,sad,strawberry,sad,field,5645.287872314453,2021-11-30T17:56:40.377000,1638289355.0891278
21,7,4,4,Random,-9999,9fd4f3257642f507,0.6340000629425049,0.07799983024597168,1638295001.089,7,beside,socks,field,socks,beside,beside,socks,field,socks,beside,5645.999872207642,2021-11-30T17:56:41.089000,1638289355.0891278
26,4,16,16,Validation,12,6bce0992ca44b1ed,3.0240001678466797,0.1659998893737793,1638295001.408,4,socks,lemon,day,lemon,socks,socks,lemon,day,lemon,socks,5646.318872213364,2021-11-30T17:56:41.408000,1638289355.0891278
20,2,5,5,Random,-9999,9fd4f3257642f507,0.6080000400543213,0.07800006866455078,1638295001.768,2,shirt,above,beach,above,shirt,shirt,above,beach,above,shirt,5646.6788721084595,2021-11-30T17:56:41.768000,1638289355.0891278
1,3,15,15,Random,-9999,9fd4f3257642f507,0.5170001983642578,0.07199978828430176,1638295002.363,3,shoes,blueberry,pants,blueberry,shoes,shoes,blueberry,pants,blueberry,shoes,5647.27387213707,2021-11-30T17:56:42.363000,1638289355.0891278
22,20,5,5,Random,-9999,9fd4f3257642f507,0.6760001182556152,0.0839998722076416,1638295003.123,20,beach,above,ocean,above,beach,beach,above,ocean,above,beach,5648.033872127533,2021-11-30T17:56:43.123000,1638289355.0891278
11,28,29,29,Validation,13,845093d33006b632,4.03600001335144,0.14800000190734863,1638295003.135,28,night,noon,disgust,noon,night,night,noon,disgust,noon,night,5648.045872211456,2021-11-30T17:56:43.135000,1638289355.0891278
16,20,15,15,Validation,14,6bce0992ca44b1ed,1.9140000343322754,0.16700005531311035,1638295003.41,20,beach,blueberry,lemon,blueberry,beach,beach,blueberry,lemon,blueberry,beach,5648.320872306824,2021-11-30T17:56:43.410000,1638289355.0891278
24,20,21,21,Random,-9999,9fd4f3257642f507,0.48399996757507324,0.07999992370605469,1638295003.688,20,beach,field,sunset,field,beach,beach,field,sunset,field,beach,5648.598872184753,2021-11-30T17:56:43.688000,1638289355.0891278
13,12,2,2,Random,-9999,9fd4f3257642f507,0.5570001602172852,0.07999992370605469,1638295004.325,12,fearful,shirt,happy,shirt,fearful,fearful,shirt,happy,shirt,fearful,5649.235872268677,2021-11-30T17:56:44.325000,1638289355.0891278
15,12,24,24,Random,-9999,9fd4f3257642f507,0.5840001106262207,0.07799983024597168,1638295004.987,12,fearful,sunset,blueberry,sunset,fearful,fearful,sunset,blueberry,sunset,fearful,5649.897872209549,2021-11-30T17:56:44.987000,1638289355.0891278
14,22,15,15,Random,-9999,9fd4f3257642f507,0.5309998989105225,0.0820000171661377,1638295005.597,22,ocean,blueberry,sad,blueberry,ocean,ocean,blueberry,sad,blueberry,ocean,5650.507872104645,2021-11-30T17:56:45.597000,1638289355.0891278
13,17,27,17,Validation,16,6bce0992ca44b1ed,2.505999803543091,0.0840001106262207,1638295006.083,27,mango,dusk,happy,mango,dusk,mango,dusk,happy,mango,dusk,5650.99387216568,2021-11-30T17:56:46.083000,1638289355.0891278
12,1,18,1,Validation,15,845093d33006b632,2.7829999923706055,0.35199999809265137,1638295006.194,18,pants,strawberry,fearful,pants,strawberry,pants,strawberry,fearful,pants,strawberry,5651.104872226715,2021-11-30T17:56:46.194000,1638289355.0891278
14,12,17,17,Random,-9999,9fd4f3257642f507,0.5690000057220459,0.07700014114379883,1638295006.245,12,fearful,mango,sad,mango,fearful,fearful,mango,sad,mango,fearful,5651.155872106552,2021-11-30T17:56:46.245000,1638289355.0891278
15,13,10,10,Random,-9999,9fd4f3257642f507,0.5539999008178711,0.07500004768371582,1638295006.875,13,happy,angry,blueberry,angry,happy,happy,angry,blueberry,angry,happy,5651.785872220993,2021-11-30T17:56:46.875000,1638289355.0891278
6,26,21,21,Random,-9999,9fd4f3257642f507,0.5710000991821289,0.08299994468688965,1638295007.532,26,day,field,below,field,day,day,field,below,field,day,5652.442872285843,2021-11-30T17:56:47.532000,1638289355.0891278
0,4,18,4,Validation,18,845093d33006b632,1.25,0.36100006103515625,1638295007.771,18,socks,strawberry,dress,socks,strawberry,socks,strawberry,dress,socks,strawberry,5652.68187212944,2021-11-30T17:56:47.771000,1638289355.0891278
2,9,1,1,Random,-9999,9fd4f3257642f507,0.560999870300293,0.08500003814697266,1638295008.168,9,near,pants,shirt,pants,near,near,pants,shirt,pants,near,5653.078872203827,2021-11-30T17:56:48.168000,1638289355.0891278
11,23,5,5,Random,-9999,9fd4f3257642f507,0.44300007820129395,0.07200002670288086,1638295008.69,23,sky,above,disgust,above,sky,sky,above,disgust,above,sky,5653.6008722782135,2021-11-30T17:56:48.690000,1638289355.0891278
13,23,7,7,Random,-9999,9fd4f3257642f507,0.41299986839294434,0.08599996566772461,1638295009.182,23,sky,beside,happy,beside,sky,sky,beside,happy,beside,sky,5654.092872142792,2021-11-30T17:56:49.182000,1638289355.0891278
2,4,5,4,Validation,19,845093d33006b632,1.3020000457763672,0.23099994659423828,1638295009.209,5,socks,above,shirt,socks,above,socks,above,shirt,socks,above,5654.119872331619,2021-11-30T17:56:49.209000,1638289355.0891278
1,27,13,13,Random,-9999,9fd4f3257642f507,0.4380002021789551,0.07699990272521973,1638295009.742,27,dusk,happy,pants,happy,dusk,dusk,happy,pants,happy,dusk,5654.65287232399,2021-11-30T17:56:49.742000,1638289355.0891278
18,13,2,2,Random,-9999,9fd4f3257642f507,0.8469998836517334,0.11599993705749512,1638295010.66,13,happy,shirt,strawberry,shirt,happy,happy,shirt,strawberry,shirt,happy,5655.570872306824,2021-11-30T17:56:50.660000,1638289355.0891278
16,15,20,15,Validation,0,845093d33006b632,1.625,0.13899993896484375,1638295010.921,20,blueberry,beach,lemon,blueberry,beach,blueberry,beach,lemon,blueberry,beach,5655.831872224808,2021-11-30T17:56:50.921000,1638289355.0891278
12,5,14,14,Random,-9999,9fd4f3257642f507,0.437000036239624,0.0710000991821289,1638295011.169,5,above,sad,fearful,sad,above,above,sad,fearful,sad,above,5656.079872131348,2021-11-30T17:56:51.169000,1638289355.0891278
26,5,25,25,Random,-9999,9fd4f3257642f507,0.6559998989105225,0.07200002670288086,1638295011.895,5,above,dawn,day,dawn,above,above,dawn,day,dawn,above,5656.80587220192,2021-11-30T17:56:51.895000,1638289355.0891278
7,20,16,20,Validation,17,6bce0992ca44b1ed,5.9120001792907715,0.15899991989135742,1638295012.225,16,beach,lemon,beside,beach,lemon,beach,lemon,beside,beach,lemon,5657.135872125626,2021-11-30T17:56:52.225000,1638289355.0891278
8,25,6,25,Validation,1,845093d33006b632,1.6470000743865967,0.08699989318847656,1638295012.653,6,dawn,below,far,dawn,below,dawn,below,far,dawn,below,5657.563872337341,2021-11-30T17:56:52.653000,1638289355.0891278
29,17,20,20,Random,-9999,9fd4f3257642f507,0.7390000820159912,0.0709998607635498,1638295012.705,17,mango,beach,noon,beach,mango,mango,beach,noon,beach,mango,5657.615872144699,2021-11-30T17:56:52.705000,1638289355.0891278
15,29,28,28,Random,-9999,9fd4f3257642f507,0.6540000438690186,0.07299995422363281,1638295013.438,29,noon,night,blueberry,night,noon,noon,night,blueberry,night,noon,5658.348872184753,2021-11-30T17:56:53.438000,1638289355.0891278
16,26,3,3,Random,-9999,9fd4f3257642f507,0.6840000152587891,0.07599997520446777,1638295014.196,26,day,shoes,lemon,shoes,day,day,shoes,lemon,shoes,day,5659.106872320175,2021-11-30T17:56:54.196000,1638289355.0891278
23,11,13,13,Validation,3,845093d33006b632,1.6729998588562012,0.08500003814697266,1638295014.422,11,disgust,happy,sky,happy,disgust,disgust,happy,sky,happy,disgust,5659.3328721523285,2021-11-30T17:56:54.422000,1638289355.0891278
26,19,2,2,Random,-9999,9fd4f3257642f507,0.5529999732971191,0.07700014114379883,1638295014.822,19,watermelon,shirt,day,shirt,watermelon,watermelon,shirt,day,shirt,watermelon,5659.732872247696,2021-11-30T17:56:54.822000,1638289355.0891278
14,19,2,2,Random,-9999,9fd4f3257642f507,0.5260000228881836,0.06999993324279785,1638295015.426,19,watermelon,shirt,sad,shirt,watermelon,watermelon,shirt,sad,shirt,watermelon,5660.336872339249,2021-11-30T17:56:55.426000,1638289355.0891278
6,28,24,28,Validation,2,6bce0992ca44b1ed,3.3529999256134033,0.2239999771118164,1638295015.74,24,night,sunset,below,night,sunset,night,sunset,below,night,sunset,5660.65087223053,2021-11-30T17:56:55.740000,1638289355.0891278
21,17,18,18,Random,-9999,9fd4f3257642f507,0.8310000896453857,0.07599997520446777,1638295016.331,17,mango,strawberry,field,strawberry,mango,mango,strawberry,field,strawberry,mango,5661.241872310638,2021-11-30T17:56:56.331000,1638289355.0891278
2,23,12,23,Validation,5,845093d33006b632,2.061000108718872,0.18600010871887207,1638295016.715,12,sky,fearful,shirt,sky,fearful,sky,fearful,shirt,sky,fearful,5661.625872135162,2021-11-30T17:56:56.715000,1638289355.0891278
9,0,23,23,Random,-9999,9fd4f3257642f507,0.6419999599456787,0.07599997520446777,1638295017.048,0,dress,sky,near,sky,dress,dress,sky,near,sky,dress,5661.958872318268,2021-11-30T17:56:57.048000,1638289355.0891278
21,7,6,6,Random,-9999,9fd4f3257642f507,0.48799991607666016,0.07599997520446777,1638295017.607,7,beside,below,field,below,beside,beside,below,field,below,beside,5662.517872333527,2021-11-30T17:56:57.607000,1638289355.0891278
2,13,9,13,Validation,7,845093d33006b632,1.4649999141693115,0.1549999713897705,1638295018.281,9,happy,near,shirt,happy,near,happy,near,shirt,happy,near,5663.191872119904,2021-11-30T17:56:58.281000,1638289355.0891278
5,29,3,3,Random,-9999,9fd4f3257642f507,0.7330000400543213,0.3470001220703125,1638295018.687,29,noon,shoes,above,shoes,noon,noon,shoes,above,shoes,noon,5663.597872257233,2021-11-30T17:56:58.687000,1638289355.0891278
0,4,18,4,Validation,8,845093d33006b632,1.071000099182129,0.08999991416931152,1638295019.441,18,socks,strawberry,dress,socks,strawberry,socks,strawberry,dress,socks,strawberry,5664.351872205734,2021-11-30T17:56:59.441000,1638289355.0891278
14,21,17,21,Validation,6,6bce0992ca44b1ed,4.20199990272522,0.1679999828338623,1638295020.084,17,field,mango,sad,field,mango,field,mango,sad,field,mango,5664.994872331619,2021-11-30T17:57:00.084000,1638289355.0891278
13,22,28,28,Random,-9999,9fd4f3257642f507,1.1010000705718994,0.31999993324279785,1638295020.109,22,ocean,night,happy,night,ocean,ocean,night,happy,night,ocean,5665.019872188568,2021-11-30T17:57:00.109000,1638289355.0891278
13,27,17,27,Validation,9,845093d33006b632,0.6739997863769531,0.0840001106262207,1638295020.192,17,dusk,mango,happy,dusk,mango,dusk,mango,happy,dusk,mango,5665.102872133255,2021-11-30T17:57:00.192000,1638289355.0891278
17,19,8,19,Validation,11,845093d33006b632,0.43899989128112793,0.08500003814697266,1638295020.715,8,watermelon,far,mango,watermelon,far,watermelon,far,mango,watermelon,far,5665.625872135162,2021-11-30T17:57:00.715000,1638289355.0891278
28,10,14,10,Validation,12,845093d33006b632,0.4680001735687256,0.0820000171661377,1638295021.271,14,angry,sad,night,angry,sad,angry,sad,night,angry,sad,5666.18187212944,2021-11-30T17:57:01.271000,1638289355.0891278
10,19,29,29,Random,-9999,9fd4f3257642f507,1.2209999561309814,0.09599995613098145,1638295021.548,19,watermelon,noon,angry,noon,watermelon,watermelon,noon,angry,noon,watermelon,5666.458872318268,2021-11-30T17:57:01.548000,1638289355.0891278
28,10,0,10,Validation,13,845093d33006b632,0.437999963760376,0.09200000762939453,1638295021.796,0,angry,dress,night,angry,dress,angry,dress,night,angry,dress,5666.706872224808,2021-11-30T17:57:01.796000,1638289355.0891278
0,26,9,26,Validation,10,6bce0992ca44b1ed,1.8509998321533203,0.15600013732910156,1638295022.018,9,day,near,dress,day,near,day,near,dress,day,near,5666.9288721084595,2021-11-30T17:57:02.018000,1638289355.0891278
8,10,4,4,Random,-9999,9fd4f3257642f507,0.6619999408721924,0.1960000991821289,1638295022.283,10,angry,socks,far,socks,angry,angry,socks,far,socks,angry,5667.193872213364,2021-11-30T17:57:02.283000,1638289355.0891278
23,3,29,3,Validation,14,845093d33006b632,0.44099998474121094,0.08299994468688965,1638295022.329,29,shoes,noon,sky,shoes,noon,shoes,noon,sky,shoes,noon,5667.239872217178,2021-11-30T17:57:02.329000,1638289355.0891278
7,20,16,20,Validation,16,845093d33006b632,0.3919999599456787,0.08299994468688965,1638295022.793,16,beach,lemon,beside,beach,lemon,beach,lemon,beside,beach,lemon,5667.703872203827,2021-11-30T17:57:02.793000,1638289355.0891278
8,2,25,25,Random,-9999,9fd4f3257642f507,0.4590001106262207,0.07299995422363281,1638295022.818,2,shirt,dawn,far,dawn,shirt,shirt,dawn,far,dawn,shirt,5667.728872299194,2021-11-30T17:57:02.818000,1638289355.0891278
12,18,1,18,Validation,17,845093d33006b632,0.33500003814697266,0.07700014114379883,1638295023.212,1,strawberry,pants,fearful,strawberry,pants,strawberry,pants,fearful,strawberry,pants,5668.1228721141815,2021-11-30T17:57:03.212000,1638289355.0891278
13,19,22,22,Random,-9999,9fd4f3257642f507,0.36999988555908203,0.07999992370605469,1638295023.265,19,watermelon,ocean,happy,ocean,watermelon,watermelon,ocean,happy,ocean,watermelon,5668.175872325897,2021-11-30T17:57:03.265000,1638289355.0891278
0,23,15,15,Random,-9999,9fd4f3257642f507,0.41900014877319336,0.07899999618530273,1638295023.762,23,sky,blueberry,dress,blueberry,sky,sky,blueberry,dress,blueberry,sky,5668.672872304916,2021-11-30T17:57:03.762000,1638289355.0891278
8,21,13,13,Random,-9999,9fd4f3257642f507,0.41900014877319336,0.07200002670288086,1638295024.254,21,field,happy,far,happy,field,field,happy,far,happy,field,5669.164872169495,2021-11-30T17:57:04.254000,1638289355.0891278
11,28,29,28,Validation,18,845093d33006b632,1.0930001735687256,0.17999982833862305,1638295024.481,29,night,noon,disgust,night,noon,night,noon,disgust,night,noon,5669.391872167587,2021-11-30T17:57:04.481000,1638289355.0891278
3,7,24,24,Random,-9999,9fd4f3257642f507,0.48799991607666016,0.07699990272521973,1638295024.818,7,beside,sunset,shoes,sunset,beside,beside,sunset,shoes,sunset,beside,5669.728872299194,2021-11-30T17:57:04.818000,1638289355.0891278
26,4,16,16,Validation,15,6bce0992ca44b1ed,2.6630001068115234,0.1380000114440918,1638295024.899,4,socks,lemon,day,lemon,socks,socks,lemon,day,lemon,socks,5669.809872150421,2021-11-30T17:57:04.899000,1638289355.0891278
26,14,21,14,Validation,19,845093d33006b632,0.6140000820159912,0.0969998836517334,1638295025.201,21,sad,field,day,sad,field,sad,field,day,sad,field,5670.1118721961975,2021-11-30T17:57:05.201000,1638289355.0891278
13,27,20,20,Random,-9999,9fd4f3257642f507,0.4099998474121094,0.09600019454956055,1638295025.324,27,dusk,beach,happy,beach,dusk,dusk,beach,happy,beach,dusk,5670.234872102737,2021-11-30T17:57:05.324000,1638289355.0891278
0,18,4,18,Validation,2,845093d33006b632,0.5090000629425049,0.15899991989135742,1638295025.858,4,strawberry,socks,dress,strawberry,socks,strawberry,socks,dress,strawberry,socks,5670.768872261047,2021-11-30T17:57:05.858000,1638289355.0891278
23,15,28,28,Random,-9999,9fd4f3257642f507,0.5420000553131104,0.0710000991821289,1638295025.937,15,blueberry,night,sky,night,blueberry,blueberry,night,sky,night,blueberry,5670.847872257233,2021-11-30T17:57:05.937000,1638289355.0891278
11,20,23,23,Random,-9999,9fd4f3257642f507,0.40599989891052246,0.0690000057220459,1638295026.412,20,beach,sky,disgust,sky,beach,beach,sky,disgust,sky,beach,5671.322872161865,2021-11-30T17:57:06.412000,1638289355.0891278
28,10,14,10,Validation,3,845093d33006b632,0.5829999446868896,0.08599996566772461,1638295026.537,14,angry,sad,night,angry,sad,angry,sad,night,angry,sad,5671.447872161865,2021-11-30T17:57:06.537000,1638289355.0891278
5,22,7,7,Random,-9999,9fd4f3257642f507,0.40400004386901855,0.06999993324279785,1638295026.886,22,ocean,beside,above,beside,ocean,ocean,beside,above,beside,ocean,5671.796872138977,2021-11-30T17:57:06.886000,1638289355.0891278
23,29,3,29,Validation,4,845093d33006b632,0.43200016021728516,0.0839998722076416,1638295027.048,3,noon,shoes,sky,noon,shoes,noon,shoes,sky,noon,shoes,5671.958872318268,2021-11-30T17:57:07.048000,1638289355.0891278
7,16,20,20,Validation,0,6bce0992ca44b1ed,2.0450000762939453,0.17300009727478027,1638295027.108,16,lemon,beach,beside,beach,lemon,lemon,beach,beside,beach,lemon,5672.018872261047,2021-11-30T17:57:07.108000,1638289355.0891278
4,0,12,12,Random,-9999,9fd4f3257642f507,0.32899999618530273,0.06999993324279785,1638295027.315,0,dress,fearful,socks,fearful,dress,dress,fearful,socks,fearful,dress,5672.2258722782135,2021-11-30T17:57:07.315000,1638289355.0891278
28,10,0,10,Validation,5,845093d33006b632,0.505000114440918,0.08299994468688965,1638295027.636,0,angry,dress,night,angry,dress,angry,dress,night,angry,dress,5672.546872138977,2021-11-30T17:57:07.636000,1638289355.0891278
16,28,2,2,Random,-9999,9fd4f3257642f507,0.504000186920166,0.10199999809265137,1638295027.891,28,night,shirt,lemon,shirt,night,night,shirt,lemon,shirt,night,5672.801872253418,2021-11-30T17:57:07.891000,1638289355.0891278
2,12,23,12,Validation,7,845093d33006b632,0.4649999141693115,0.08299994468688965,1638295028.186,23,fearful,sky,shirt,fearful,sky,fearful,sky,shirt,fearful,sky,5673.096872329712,2021-11-30T17:57:08.186000,1638289355.0891278
25,0,4,4,Random,-9999,9fd4f3257642f507,0.5479998588562012,0.07299995422363281,1638295028.511,0,dress,socks,dawn,socks,dress,dress,socks,dawn,socks,dress,5673.421872138977,2021-11-30T17:57:08.511000,1638289355.0891278
17,19,8,19,Validation,8,845093d33006b632,0.44700002670288086,0.08500003814697266,1638295028.714,8,watermelon,far,mango,watermelon,far,watermelon,far,mango,watermelon,far,5673.624872207642,2021-11-30T17:57:08.714000,1638289355.0891278
9,17,12,12,Random,-9999,9fd4f3257642f507,0.4869999885559082,0.0690000057220459,1638295029.068,17,mango,fearful,near,fearful,mango,mango,fearful,near,fearful,mango,5673.978872299194,2021-11-30T17:57:09.068000,1638289355.0891278
2,13,9,13,Validation,9,845093d33006b632,0.4649999141693115,0.08299994468688965,1638295029.268,9,happy,near,shirt,happy,near,happy,near,shirt,happy,near,5674.1788721084595,2021-11-30T17:57:09.268000,1638289355.0891278
26,16,4,16,Validation,6,6bce0992ca44b1ed,2.2839999198913574,0.15199995040893555,1638295029.561,4,lemon,socks,day,lemon,socks,lemon,socks,day,lemon,socks,5674.471872329712,2021-11-30T17:57:09.561000,1638289355.0891278
22,24,6,6,Random,-9999,9fd4f3257642f507,0.5750000476837158,0.0710000991821289,1638295029.714,24,sunset,below,ocean,below,sunset,sunset,below,ocean,below,sunset,5674.624872207642,2021-11-30T17:57:09.714000,1638289355.0891278
14,21,17,17,Validation,10,845093d33006b632,0.48000001907348633,0.10100007057189941,1638295029.839,21,field,mango,sad,mango,field,field,mango,sad,mango,field,5674.749872207642,2021-11-30T17:57:09.839000,1638289355.0891278
21,22,5,5,Random,-9999,9fd4f3257642f507,0.5160000324249268,0.09799981117248535,1638295030.462,22,ocean,above,field,above,ocean,ocean,above,field,above,ocean,5675.3728721141815,2021-11-30T17:57:10.462000,1638289355.0891278
13,27,17,27,Validation,12,845093d33006b632,0.9160001277923584,0.08299994468688965,1638295030.839,17,dusk,mango,happy,dusk,mango,dusk,mango,happy,dusk,mango,5675.749872207642,2021-11-30T17:57:10.839000,1638289355.0891278
28,19,22,22,Random,-9999,9fd4f3257642f507,0.35000014305114746,0.2049999237060547,1638295030.884,19,watermelon,ocean,night,ocean,watermelon,watermelon,ocean,night,ocean,watermelon,5675.794872283936,2021-11-30T17:57:10.884000,1638289355.0891278
6,28,24,24,Validation,13,845093d33006b632,0.497999906539917,0.0820000171661377,1638295031.423,28,night,sunset,below,sunset,night,night,sunset,below,sunset,night,5676.333872318268,2021-11-30T17:57:11.423000,1638289355.0891278
0,9,26,26,Validation,11,6bce0992ca44b1ed,1.8700001239776611,0.17799997329711914,1638295031.524,9,near,day,dress,day,near,near,day,dress,day,near,5676.434872150421,2021-11-30T17:57:11.524000,1638289355.0891278
12,7,25,25,Random,-9999,9fd4f3257642f507,0.5959999561309814,0.0820000171661377,1638295031.56,7,beside,dawn,fearful,dawn,beside,beside,dawn,fearful,dawn,beside,5676.470872163773,2021-11-30T17:57:11.560000,1638289355.0891278
2,5,4,5,Validation,14,845093d33006b632,0.48000001907348633,0.0840001106262207,1638295031.983,4,above,socks,shirt,above,socks,above,socks,shirt,above,socks,5676.893872261047,2021-11-30T17:57:11.983000,1638289355.0891278
27,26,24,24,Random,-9999,9fd4f3257642f507,0.3970000743865967,0.06999993324279785,1638295032.027,26,day,sunset,dusk,sunset,day,day,sunset,dusk,sunset,day,5676.937872171402,2021-11-30T17:57:12.027000,1638289355.0891278
23,11,13,13,Validation,16,845093d33006b632,0.44499993324279785,0.08699989318847656,1638295032.517,11,disgust,happy,sky,happy,disgust,disgust,happy,sky,happy,disgust,5677.427872180939,2021-11-30T17:57:12.517000,1638289355.0891278
1,19,3,3,Random,-9999,9fd4f3257642f507,0.5320000648498535,0.07299995422363281,1638295032.643,19,watermelon,shoes,pants,shoes,watermelon,watermelon,shoes,pants,shoes,watermelon,5677.5538721084595,2021-11-30T17:57:12.643000,1638289355.0891278
16,15,20,15,Validation,17,845093d33006b632,0.4809999465942383,0.0840001106262207,1638295033.084,20,blueberry,beach,lemon,blueberry,beach,blueberry,beach,lemon,blueberry,beach,5677.994872331619,2021-11-30T17:57:13.084000,1638289355.0891278
26,12,25,25,Random,-9999,9fd4f3257642f507,0.42799997329711914,0.08699989318847656,1638295033.147,12,fearful,dawn,day,dawn,fearful,fearful,dawn,day,dawn,fearful,5678.05787229538,2021-11-30T17:57:13.147000,1638289355.0891278
8,25,6,6,Validation,18,845093d33006b632,0.44700002670288086,0.09299993515014648,1638295033.634,25,dawn,below,far,below,dawn,dawn,below,far,below,dawn,5678.544872283936,2021-11-30T17:57:13.634000,1638289355.0891278
8,7,20,20,Random,-9999,9fd4f3257642f507,0.4499998092651367,0.07400012016296387,1638295033.673,7,beside,beach,far,beach,beside,beside,beach,far,beach,beside,5678.583872318268,2021-11-30T17:57:13.673000,1638289355.0891278
11,28,29,28,Validation,15,6bce0992ca44b1ed,2.1589999198913574,0.0840001106262207,1638295033.838,29,night,noon,disgust,night,noon,night,noon,disgust,night,noon,5678.748872280121,2021-11-30T17:57:13.838000,1638289355.0891278
12,8,14,14,Random,-9999,9fd4f3257642f507,0.47300004959106445,0.0989999771118164,1638295034.241,8,far,sad,fearful,sad,far,far,sad,fearful,sad,far,5679.1518721580505,2021-11-30T17:57:14.241000,1638289355.0891278
12,18,1,1,Validation,19,845093d33006b632,0.878000020980835,0.08999991416931152,1638295034.592,18,strawberry,pants,fearful,pants,strawberry,strawberry,pants,fearful,pants,strawberry,5679.502872228622,2021-11-30T17:57:14.592000,1638289355.0891278
23,8,25,25,Random,-9999,9fd4f3257642f507,0.3940000534057617,0.07200002670288086,1638295034.72,8,far,dawn,sky,dawn,far,far,dawn,sky,dawn,far,5679.630872249603,2021-11-30T17:57:14.720000,1638289355.0891278
28,10,14,14,Validation,1,845093d33006b632,0.4250001907348633,0.08299994468688965,1638295035.1,10,angry,sad,night,sad,angry,angry,sad,night,sad,angry,5680.010872125626,2021-11-30T17:57:15.100000,1638289355.0891278
28,7,12,12,Random,-9999,9fd4f3257642f507,0.4719998836517334,0.08500003814697266,1638295035.264,7,beside,fearful,night,fearful,beside,beside,fearful,night,fearful,beside,5680.174872159958,2021-11-30T17:57:15.264000,1638289355.0891278
0,4,18,18,Validation,2,845093d33006b632,0.5450000762939453,0.08299994468688965,1638295035.723,4,socks,strawberry,dress,strawberry,socks,socks,strawberry,dress,strawberry,socks,5680.633872270584,2021-11-30T17:57:15.723000,1638289355.0891278
25,1,28,28,Random,-9999,9fd4f3257642f507,0.5450000762939453,0.08299994468688965,1638295035.893,1,pants,night,dawn,night,pants,pants,night,dawn,night,pants,5680.8038721084595,2021-11-30T17:57:15.893000,1638289355.0891278
13,27,17,17,Validation,0,6bce0992ca44b1ed,2.305000066757202,0.14599990844726562,1638295036.284,27,dusk,mango,happy,mango,dusk,dusk,mango,happy,mango,dusk,5681.194872140884,2021-11-30T17:57:16.284000,1638289355.0891278
17,8,19,19,Validation,3,845093d33006b632,0.4960000514984131,0.09299993515014648,1638295036.316,8,far,watermelon,mango,watermelon,far,far,watermelon,mango,watermelon,far,5681.226872205734,2021-11-30T17:57:16.316000,1638289355.0891278
1,19,11,11,Random,-9999,9fd4f3257642f507,0.47699999809265137,0.07200002670288086,1638295036.441,19,watermelon,disgust,pants,disgust,watermelon,watermelon,disgust,pants,disgust,watermelon,5681.351872205734,2021-11-30T17:57:16.441000,1638289355.0891278
0,19,13,13,Random,-9999,9fd4f3257642f507,0.37800002098083496,0.07199978828430176,1638295036.89,19,watermelon,happy,dress,happy,watermelon,watermelon,happy,dress,happy,watermelon,5681.800872325897,2021-11-30T17:57:16.890000,1638289355.0891278
14,17,21,21,Validation,5,845093d33006b632,0.5219998359680176,0.08300018310546875,1638295036.931,17,mango,field,sad,field,mango,mango,field,sad,field,mango,5681.841872215271,2021-11-30T17:57:16.931000,1638289355.0891278
9,3,25,25,Random,-9999,9fd4f3257642f507,0.3860001564025879,0.07200002670288086,1638295037.348,3,shoes,dawn,near,dawn,shoes,shoes,dawn,near,dawn,shoes,5682.258872270584,2021-11-30T17:57:17.348000,1638289355.0891278
16,15,20,20,Validation,6,845093d33006b632,0.48199987411499023,0.09000015258789062,1638295037.486,15,blueberry,beach,lemon,beach,blueberry,blueberry,beach,lemon,beach,blueberry,5682.396872282028,2021-11-30T17:57:17.486000,1638289355.0891278
26,4,16,4,Validation,7,845093d33006b632,0.4530000686645508,0.07899999618530273,1638295038.018,16,socks,lemon,day,socks,lemon,socks,lemon,day,socks,lemon,5682.9288721084595,2021-11-30T17:57:18.018000,1638289355.0891278
28,10,0,10,Validation,8,845093d33006b632,0.48599982261657715,0.07800006866455078,1638295038.581,0,angry,dress,night,angry,dress,angry,dress,night,angry,dress,5683.491872310638,2021-11-30T17:57:18.581000,1638289355.0891278
8,25,6,6,Validation,4,6bce0992ca44b1ed,2.2739999294281006,0.15400004386901855,1638295038.718,25,dawn,below,far,below,dawn,dawn,below,far,below,dawn,5683.628872156143,2021-11-30T17:57:18.718000,1638289355.0891278
2,23,12,23,Validation,9,845093d33006b632,0.502000093460083,0.07800006866455078,1638295039.171,12,sky,fearful,shirt,sky,fearful,sky,fearful,shirt,sky,fearful,5684.081872224808,2021-11-30T17:57:19.171000,1638289355.0891278
0,9,26,9,Validation,11,845093d33006b632,0.49499988555908203,0.08599996566772461,1638295039.75,26,near,day,dress,near,day,near,day,dress,near,day,5684.660872220993,2021-11-30T17:57:19.750000,1638289355.0891278
6,8,13,13,Random,-9999,9fd4f3257642f507,2.2869999408721924,0.0709998607635498,1638295039.79,8,far,happy,below,happy,far,far,happy,below,happy,far,5684.700872182846,2021-11-30T17:57:19.790000,1638289355.0891278
2,13,9,9,Validation,12,845093d33006b632,0.5279998779296875,0.08500003814697266,1638295040.363,13,happy,near,shirt,near,happy,happy,near,shirt,near,happy,5685.27387213707,2021-11-30T17:57:20.363000,1638289355.0891278
6,28,24,28,Validation,10,6bce0992ca44b1ed,1.7660000324249268,0.16000008583068848,1638295040.581,24,night,sunset,below,night,sunset,night,sunset,below,night,sunset,5685.491872310638,2021-11-30T17:57:20.581000,1638289355.0891278
2,5,4,5,Validation,13,845093d33006b632,0.41700005531311035,0.0989999771118164,1638295040.872,4,above,socks,shirt,above,socks,above,socks,shirt,above,socks,5685.782872200012,2021-11-30T17:57:20.872000,1638289355.0891278
11,29,6,6,Random,-9999,9fd4f3257642f507,1.3949999809265137,0.15900015830993652,1638295041.272,29,noon,below,disgust,below,noon,noon,below,disgust,below,noon,5686.18287229538,2021-11-30T17:57:21.272000,1638289355.0891278
12,18,1,1,Validation,15,845093d33006b632,0.4930000305175781,0.07899999618530273,1638295041.454,18,strawberry,pants,fearful,pants,strawberry,strawberry,pants,fearful,pants,strawberry,5686.364872217178,2021-11-30T17:57:21.454000,1638289355.0891278
26,14,21,14,Validation,16,845093d33006b632,0.495999813079834,0.0840001106262207,1638295042.027,21,sad,field,day,sad,field,sad,field,day,sad,field,5686.937872171402,2021-11-30T17:57:22.027000,1638289355.0891278
13,20,15,15,Random,-9999,9fd4f3257642f507,1.188999891281128,0.08599996566772461,1638295042.547,20,beach,blueberry,happy,blueberry,beach,beach,blueberry,happy,blueberry,beach,5687.4578721523285,2021-11-30T17:57:22.547000,1638289355.0891278
11,29,28,28,Validation,17,845093d33006b632,0.4660000801086426,0.0820000171661377,1638295042.572,29,noon,night,disgust,night,noon,noon,night,disgust,night,noon,5687.482872247696,2021-11-30T17:57:22.572000,1638289355.0891278
23,29,3,3,Validation,18,845093d33006b632,0.5429999828338623,0.07800006866455078,1638295043.196,29,noon,shoes,sky,shoes,noon,noon,shoes,sky,shoes,noon,5688.106872320175,2021-11-30T17:57:23.196000,1638289355.0891278
0,26,7,7,Random,-9999,9fd4f3257642f507,1.1979999542236328,0.08599996566772461,1638295043.83,26,day,beside,dress,beside,day,day,beside,dress,beside,day,5688.740872144699,2021-11-30T17:57:23.830000,1638289355.0891278
23,11,13,13,Validation,19,845093d33006b632,0.6109998226165771,0.08300018310546875,1638295043.904,11,disgust,happy,sky,happy,disgust,disgust,happy,sky,happy,disgust,5688.814872264862,2021-11-30T17:57:23.904000,1638289355.0891278
26,25,24,24,Random,-9999,9fd4f3257642f507,0.7950000762939453,0.09400010108947754,1638295044.713,25,dawn,sunset,day,sunset,dawn,dawn,sunset,day,sunset,dawn,5689.623872280121,2021-11-30T17:57:24.713000,1638289355.0891278
0,4,18,4,Validation,2,845093d33006b632,0.9570000171661377,0.24400019645690918,1638295045.097,18,socks,strawberry,dress,socks,strawberry,socks,strawberry,dress,socks,strawberry,5690.007872104645,2021-11-30T17:57:25.097000,1638289355.0891278
8,29,20,20,Random,-9999,9fd4f3257642f507,0.4159998893737793,0.08299994468688965,1638295045.218,29,noon,beach,far,beach,noon,noon,beach,far,beach,noon,5690.128872156143,2021-11-30T17:57:25.218000,1638289355.0891278
7,16,20,20,Validation,14,6bce0992ca44b1ed,4.587000131607056,0.125,1638295045.353,16,lemon,beach,beside,beach,lemon,lemon,beach,beside,beach,lemon,5690.263872146606,2021-11-30T17:57:25.353000,1638289355.0891278
16,20,15,15,Validation,3,845093d33006b632,0.505000114440918,0.09099984169006348,1638295045.692,20,beach,blueberry,lemon,blueberry,beach,beach,blueberry,lemon,blueberry,beach,5690.602872133255,2021-11-30T17:57:25.692000,1638289355.0891278
25,20,13,13,Random,-9999,9fd4f3257642f507,0.43900012969970703,0.08500003814697266,1638295045.742,20,beach,happy,dawn,happy,beach,beach,happy,dawn,happy,beach,5690.65287232399,2021-11-30T17:57:25.742000,1638289355.0891278
11,10,6,6,Random,-9999,9fd4f3257642f507,0.40400004386901855,0.08599996566772461,1638295046.232,10,angry,below,disgust,below,angry,angry,below,disgust,below,angry,5691.142872333527,2021-11-30T17:57:26.232000,1638289355.0891278
4,27,18,18,Random,-9999,9fd4f3257642f507,0.37199997901916504,0.08599996566772461,1638295046.69,27,dusk,strawberry,socks,strawberry,dusk,dusk,strawberry,socks,strawberry,dusk,5691.6008722782135,2021-11-30T17:57:26.690000,1638289355.0891278
8,6,25,6,Validation,5,845093d33006b632,1.1670000553131104,0.0839998722076416,1638295046.941,25,below,dawn,far,below,dawn,below,dawn,far,below,dawn,5691.851872205734,2021-11-30T17:57:26.941000,1638289355.0891278
2,13,5,5,Random,-9999,9fd4f3257642f507,0.4289999008178711,0.08599996566772461,1638295047.205,13,happy,above,shirt,above,happy,happy,above,shirt,above,happy,5692.115872144699,2021-11-30T17:57:27.205000,1638289355.0891278
13,17,27,27,Validation,6,845093d33006b632,0.5499999523162842,0.08500003814697266,1638295047.575,17,mango,dusk,happy,dusk,mango,mango,dusk,happy,dusk,mango,5692.485872268677,2021-11-30T17:57:27.575000,1638289355.0891278
0,9,26,26,Validation,4,6bce0992ca44b1ed,2.078000068664551,0.17100000381469727,1638295047.594,9,near,day,dress,day,near,near,day,dress,day,near,5692.5048723220825,2021-11-30T17:57:27.594000,1638289355.0891278
7,24,12,12,Random,-9999,9fd4f3257642f507,0.46000003814697266,0.08800005912780762,1638295047.752,24,sunset,fearful,beside,fearful,sunset,sunset,fearful,beside,fearful,sunset,5692.662872314453,2021-11-30T17:57:27.752000,1638289355.0891278
14,21,17,21,Validation,7,845093d33006b632,0.5120000839233398,0.08500003814697266,1638295048.166,17,field,mango,sad,field,mango,field,mango,sad,field,mango,5693.076872110367,2021-11-30T17:57:28.166000,1638289355.0891278
6,28,12,12,Random,-9999,9fd4f3257642f507,0.502000093460083,0.08599996566772461,1638295048.341,28,night,fearful,below,fearful,night,night,fearful,below,fearful,night,5693.251872301102,2021-11-30T17:57:28.341000,1638289355.0891278
26,4,16,16,Validation,9,845093d33006b632,0.4809999465942383,0.0840001106262207,1638295048.729,4,socks,lemon,day,lemon,socks,socks,lemon,day,lemon,socks,5693.639872312546,2021-11-30T17:57:28.729000,1638289355.0891278
19,4,28,28,Random,-9999,9fd4f3257642f507,0.6480000019073486,0.08800005912780762,1638295049.081,4,socks,night,watermelon,night,socks,socks,night,watermelon,night,socks,5693.991872310638,2021-11-30T17:57:29.081000,1638289355.0891278
17,8,19,19,Validation,8,6bce0992ca44b1ed,1.6050000190734863,0.13499999046325684,1638295049.264,8,far,watermelon,mango,watermelon,far,far,watermelon,mango,watermelon,far,5694.174872159958,2021-11-30T17:57:29.264000,1638289355.0891278
2,13,9,13,Validation,10,845093d33006b632,0.4609999656677246,0.07999992370605469,1638295049.278,9,happy,near,shirt,happy,near,happy,near,shirt,happy,near,5694.188872337341,2021-11-30T17:57:29.278000,1638289355.0891278
2,23,9,9,Random,-9999,9fd4f3257642f507,0.4960000514984131,0.10699987411499023,1638295049.681,23,sky,near,shirt,near,sky,sky,near,shirt,near,sky,5694.591872215271,2021-11-30T17:57:29.681000,1638289355.0891278
2,23,12,12,Validation,12,845093d33006b632,0.46000003814697266,0.08899998664855957,1638295049.821,23,sky,fearful,shirt,fearful,sky,sky,fearful,shirt,fearful,sky,5694.731872320175,2021-11-30T17:57:29.821000,1638289355.0891278
15,27,8,8,Random,-9999,9fd4f3257642f507,0.4739999771118164,0.09299993515014648,1638295050.24,27,dusk,far,blueberry,far,dusk,dusk,far,blueberry,far,dusk,5695.15087223053,2021-11-30T17:57:30.240000,1638289355.0891278
23,3,29,3,Validation,13,845093d33006b632,0.43600010871887207,0.08699989318847656,1638295050.346,29,shoes,noon,sky,shoes,noon,shoes,noon,sky,shoes,noon,5695.256872177124,2021-11-30T17:57:30.346000,1638289355.0891278
6,28,24,28,Validation,14,845093d33006b632,0.38499999046325684,0.08299994468688965,1638295050.808,24,night,sunset,below,night,sunset,night,sunset,below,night,sunset,5695.718872308731,2021-11-30T17:57:30.808000,1638289355.0891278
24,28,12,12,Random,-9999,9fd4f3257642f507,0.5649998188018799,0.08100008964538574,1638295050.885,28,night,fearful,sunset,fearful,night,night,fearful,sunset,fearful,night,5695.795872211456,2021-11-30T17:57:30.885000,1638289355.0891278
2,4,5,4,Validation,15,845093d33006b632,0.4939999580383301,0.07800006866455078,1638295051.384,5,socks,above,shirt,socks,above,socks,above,shirt,socks,above,5696.294872283936,2021-11-30T17:57:31.384000,1638289355.0891278
25,12,15,15,Random,-9999,9fd4f3257642f507,0.5390000343322754,0.0820000171661377,1638295051.506,12,fearful,blueberry,dawn,blueberry,fearful,fearful,blueberry,dawn,blueberry,fearful,5696.416872262955,2021-11-30T17:57:31.506000,1638289355.0891278
23,13,11,13,Validation,16,845093d33006b632,0.43199992179870605,0.0839998722076416,1638295051.896,11,happy,disgust,sky,happy,disgust,happy,disgust,sky,happy,disgust,5696.80687212944,2021-11-30T17:57:31.896000,1638289355.0891278
7,3,19,19,Random,-9999,9fd4f3257642f507,0.4680001735687256,0.08099985122680664,1638295052.055,3,shoes,watermelon,beside,watermelon,shoes,shoes,watermelon,beside,watermelon,shoes,5696.96587228775,2021-11-30T17:57:32.055000,1638289355.0891278
28,10,0,10,Validation,17,845093d33006b632,0.3810000419616699,0.09500002861022949,1638295052.393,0,angry,dress,night,angry,dress,angry,dress,night,angry,dress,5697.3038721084595,2021-11-30T17:57:32.393000,1638289355.0891278
4,13,2,2,Random,-9999,9fd4f3257642f507,0.47499990463256836,0.09000015258789062,1638295052.625,13,happy,shirt,socks,shirt,happy,happy,shirt,socks,shirt,happy,5697.535872220993,2021-11-30T17:57:32.625000,1638289355.0891278
28,10,14,10,Validation,18,845093d33006b632,0.44499993324279785,0.09500002861022949,1638295052.923,14,angry,sad,night,angry,sad,angry,sad,night,angry,sad,5697.833872318268,2021-11-30T17:57:32.923000,1638289355.0891278
8,6,11,11,Random,-9999,9fd4f3257642f507,0.47099995613098145,0.08500003814697266,1638295053.179,6,below,disgust,far,disgust,below,below,disgust,far,disgust,below,5698.089872121811,2021-11-30T17:57:33.179000,1638289355.0891278
26,14,21,14,Validation,19,845093d33006b632,0.3400001525878906,0.09599995613098145,1638295053.351,21,sad,field,day,sad,field,sad,field,day,sad,field,5698.261872291565,2021-11-30T17:57:33.351000,1638289355.0891278
25,27,28,28,Random,-9999,9fd4f3257642f507,0.39499998092651367,0.08699989318847656,1638295053.664,27,dusk,night,dawn,night,dusk,dusk,night,dawn,night,dusk,5698.574872255325,2021-11-30T17:57:33.664000,1638289355.0891278
2,5,4,5,Validation,0,845093d33006b632,0.3680000305175781,0.0839998722076416,1638295053.801,4,above,socks,shirt,above,socks,above,socks,shirt,above,socks,5698.711872339249,2021-11-30T17:57:33.801000,1638289355.0891278
7,20,16,20,Validation,11,6bce0992ca44b1ed,4.527000188827515,0.07999992370605469,1638295053.952,16,beach,lemon,beside,beach,lemon,beach,lemon,beside,beach,lemon,5698.862872123718,2021-11-30T17:57:33.952000,1638289355.0891278
16,3,28,28,Random,-9999,9fd4f3257642f507,0.37599992752075195,0.09000015258789062,1638295054.128,3,shoes,night,lemon,night,shoes,shoes,night,lemon,night,shoes,5699.038872241974,2021-11-30T17:57:34.128000,1638289355.0891278
11,29,28,29,Validation,1,845093d33006b632,0.39299988746643066,0.0820000171661377,1638295054.278,28,noon,night,disgust,noon,night,noon,night,disgust,noon,night,5699.188872337341,2021-11-30T17:57:34.278000,1638289355.0891278
26,25,24,24,Random,-9999,9fd4f3257642f507,0.5500001907348633,0.08699989318847656,1638295054.765,25,dawn,sunset,day,sunset,dawn,dawn,sunset,day,sunset,dawn,5699.675872325897,2021-11-30T17:57:34.765000,1638289355.0891278
0,4,18,4,Validation,3,845093d33006b632,0.4630000591278076,0.08500003814697266,1638295054.824,18,socks,strawberry,dress,socks,strawberry,socks,strawberry,dress,socks,strawberry,5699.734872102737,2021-11-30T17:57:34.824000,1638289355.0891278
28,14,10,14,Validation,4,845093d33006b632,0.41100001335144043,0.08100008964538574,1638295055.318,10,sad,angry,night,sad,angry,sad,angry,night,sad,angry,5700.228872299194,2021-11-30T17:57:35.318000,1638289355.0891278
0,10,1,1,Random,-9999,9fd4f3257642f507,0.48600006103515625,0.08599996566772461,1638295055.331,10,angry,pants,dress,pants,angry,angry,pants,dress,pants,angry,5700.241872310638,2021-11-30T17:57:35.331000,1638289355.0891278
23,13,11,13,Validation,2,6bce0992ca44b1ed,1.7090001106262207,0.16100001335144043,1638295055.749,11,happy,disgust,sky,happy,disgust,happy,disgust,sky,happy,disgust,5700.659872293472,2021-11-30T17:57:35.749000,1638289355.0891278
29,27,5,5,Random,-9999,9fd4f3257642f507,0.4270000457763672,0.07999992370605469,1638295055.842,27,dusk,above,noon,above,dusk,dusk,above,noon,above,dusk,5700.752872228622,2021-11-30T17:57:35.842000,1638289355.0891278
2,13,9,13,Validation,5,845093d33006b632,0.47300004959106445,0.0819997787475586,1638295055.865,9,happy,near,shirt,happy,near,happy,near,shirt,happy,near,5700.77587223053,2021-11-30T17:57:35.865000,1638289355.0891278
22,28,10,10,Random,-9999,9fd4f3257642f507,0.40599989891052246,0.08500003814697266,1638295056.334,28,night,angry,ocean,angry,night,night,angry,ocean,angry,night,5701.244872331619,2021-11-30T17:57:36.334000,1638289355.0891278
23,29,3,29,Validation,7,845093d33006b632,0.4509999752044678,0.07400012016296387,1638295056.399,3,noon,shoes,sky,noon,shoes,noon,shoes,sky,noon,shoes,5701.309872150421,2021-11-30T17:57:36.399000,1638289355.0891278
5,4,10,10,Random,-9999,9fd4f3257642f507,0.4200000762939453,0.08799982070922852,1638295056.842,4,socks,angry,above,angry,socks,socks,angry,above,angry,socks,5701.752872228622,2021-11-30T17:57:36.842000,1638289355.0891278
14,17,21,17,Validation,8,845093d33006b632,0.40799999237060547,0.08299994468688965,1638295056.895,21,mango,field,sad,mango,field,mango,field,sad,mango,field,5701.80587220192,2021-11-30T17:57:36.895000,1638289355.0891278
0,26,9,26,Validation,6,6bce0992ca44b1ed,1.249000072479248,0.08799982070922852,1638295057.086,9,day,near,dress,day,near,day,near,dress,day,near,5701.996872186661,2021-11-30T17:57:37.086000,1638289355.0891278
6,18,0,0,Random,-9999,9fd4f3257642f507,0.3710000514984131,0.08599996566772461,1638295057.299,18,strawberry,dress,below,dress,strawberry,strawberry,dress,below,dress,strawberry,5702.209872245789,2021-11-30T17:57:37.299000,1638289355.0891278
2,12,23,12,Validation,9,845093d33006b632,0.3769998550415039,0.09100008010864258,1638295057.36,23,fearful,sky,shirt,fearful,sky,fearful,sky,shirt,fearful,sky,5702.270872116089,2021-11-30T17:57:37.360000,1638289355.0891278
1,13,6,6,Random,-9999,9fd4f3257642f507,0.38899993896484375,0.08599996566772461,1638295057.767,13,happy,below,pants,below,happy,happy,below,pants,below,happy,5702.677872180939,2021-11-30T17:57:37.767000,1638289355.0891278
26,21,14,21,Validation,11,845093d33006b632,0.3540000915527344,0.0820000171661377,1638295057.8,14,field,sad,day,field,sad,field,sad,day,field,sad,5702.710872173309,2021-11-30T17:57:37.800000,1638289355.0891278
18,14,22,22,Random,-9999,9fd4f3257642f507,0.3769998550415039,0.08100008964538574,1638295058.23,14,sad,ocean,strawberry,ocean,sad,sad,ocean,strawberry,ocean,sad,5703.1408722400665,2021-11-30T17:57:38.230000,1638289355.0891278
26,4,16,4,Validation,12,845093d33006b632,0.372999906539917,0.08599996566772461,1638295058.252,16,socks,lemon,day,socks,lemon,socks,lemon,day,socks,lemon,5703.162872314453,2021-11-30T17:57:38.252000,1638289355.0891278
17,19,8,19,Validation,13,845093d33006b632,0.37800002098083496,0.0820000171661377,1638295058.711,8,watermelon,far,mango,watermelon,far,watermelon,far,mango,watermelon,far,5703.621872186661,2021-11-30T17:57:38.711000,1638289355.0891278
16,20,15,20,Validation,14,845093d33006b632,0.3680000305175781,0.0839998722076416,1638295059.233,15,beach,blueberry,lemon,beach,blueberry,beach,blueberry,lemon,beach,blueberry,5704.143872261047,2021-11-30T17:57:39.233000,1638289355.0891278
6,24,28,28,Validation,10,6bce0992ca44b1ed,2.130999803543091,0.09500002861022949,1638295059.37,24,sunset,night,below,night,sunset,sunset,night,below,night,sunset,5704.280872106552,2021-11-30T17:57:39.370000,1638289355.0891278
13,27,17,17,Validation,15,845093d33006b632,0.8990001678466797,0.14999985694885254,1638295060.304,27,dusk,mango,happy,mango,dusk,dusk,mango,happy,mango,dusk,5705.214872121811,2021-11-30T17:57:40.304000,1638289355.0891278
7,20,16,16,Validation,17,845093d33006b632,0.3400001525878906,0.182999849319458,1638295060.802,20,beach,lemon,beside,lemon,beach,beach,lemon,beside,lemon,beach,5705.712872266769,2021-11-30T17:57:40.802000,1638289355.0891278
8,25,6,6,Validation,18,845093d33006b632,0.32399988174438477,0.1530001163482666,1638295061.26,25,dawn,below,far,below,dawn,dawn,below,far,below,dawn,5706.170872211456,2021-11-30T17:57:41.260000,1638289355.0891278
28,0,10,10,Validation,19,845093d33006b632,0.37400007247924805,0.13400006294250488,1638295061.785,0,dress,angry,night,angry,dress,dress,angry,night,angry,dress,5706.695872306824,2021-11-30T17:57:41.785000,1638289355.0891278
12,18,1,1,Validation,16,6bce0992ca44b1ed,2.930000066757202,0.16199994087219238,1638295062.456,18,strawberry,pants,fearful,pants,strawberry,strawberry,pants,fearful,pants,strawberry,5707.366872310638,2021-11-30T17:57:42.456000,1638289355.0891278
2,12,23,23,Validation,0,845093d33006b632,0.6500000953674316,0.3489999771118164,1638295062.84,12,fearful,sky,shirt,sky,fearful,fearful,sky,shirt,sky,fearful,5707.750872135162,2021-11-30T17:57:42.840000,1638289355.0891278
0,4,18,18,Validation,2,845093d33006b632,0.33899998664855957,0.2089998722076416,1638295063.359,4,socks,strawberry,dress,strawberry,socks,socks,strawberry,dress,strawberry,socks,5708.269872188568,2021-11-30T17:57:43.359000,1638289355.0891278
11,29,28,28,Validation,3,845093d33006b632,0.40799999237060547,0.17799997329711914,1638295063.889,29,noon,night,disgust,night,noon,noon,night,disgust,night,noon,5708.799872159958,2021-11-30T17:57:43.889000,1638289355.0891278
14,17,21,21,Validation,4,845093d33006b632,0.40199995040893555,0.11600017547607422,1638295064.412,17,mango,field,sad,field,mango,mango,field,sad,field,mango,5709.322872161865,2021-11-30T17:57:44.412000,1638289355.0891278
26,21,14,14,Validation,5,845093d33006b632,0.4089999198913574,0.12299990653991699,1638295064.931,21,field,sad,day,sad,field,field,sad,day,sad,field,5709.841872215271,2021-11-30T17:57:44.931000,1638289355.0891278
2,4,5,5,Validation,6,845093d33006b632,0.3940000534057617,0.11500000953674316,1638295065.456,4,socks,above,shirt,above,socks,socks,above,shirt,above,socks,5710.366872310638,2021-11-30T17:57:45.456000,1638289355.0891278
28,10,0,10,Validation,1,6bce0992ca44b1ed,3.186999797821045,0.16300010681152344,1638295065.827,0,angry,dress,night,angry,dress,angry,dress,night,angry,dress,5710.737872123718,2021-11-30T17:57:45.827000,1638289355.0891278
23,3,29,29,Validation,7,845093d33006b632,0.37599992752075195,0.13199996948242188,1638295065.988,3,shoes,noon,sky,noon,shoes,shoes,noon,sky,noon,shoes,5710.89887213707,2021-11-30T17:57:45.988000,1638289355.0891278
13,17,27,27,Validation,10,845093d33006b632,0.3600001335144043,0.16199994087219238,1638295066.535,17,mango,dusk,happy,dusk,mango,mango,dusk,happy,dusk,mango,5711.445872306824,2021-11-30T17:57:46.535000,1638289355.0891278
16,15,20,20,Validation,11,845093d33006b632,0.6319999694824219,0.17599987983703613,1638295067.262,15,blueberry,beach,lemon,beach,blueberry,blueberry,beach,lemon,beach,blueberry,5712.172872304916,2021-11-30T17:57:47.262000,1638289355.0891278
0,9,26,9,Validation,12,845093d33006b632,0.4700000286102295,0.09400010108947754,1638295067.805,26,near,day,dress,near,day,near,day,dress,near,day,5712.71587228775,2021-11-30T17:57:47.805000,1638289355.0891278
26,4,16,16,Validation,13,845093d33006b632,0.4589998722076416,0.1550002098083496,1638295068.609,4,socks,lemon,day,lemon,socks,socks,lemon,day,lemon,socks,5713.519872188568,2021-11-30T17:57:48.609000,1638289355.0891278
8,6,25,6,Validation,9,6bce0992ca44b1ed,2.7099997997283936,0.21200013160705566,1638295068.737,25,below,dawn,far,below,dawn,below,dawn,far,below,dawn,5713.647872209549,2021-11-30T17:57:48.737000,1638289355.0891278
6,28,24,24,Validation,14,845093d33006b632,0.7879998683929443,0.26800012588500977,1638295069.65,28,night,sunset,below,sunset,night,night,sunset,below,sunset,night,5714.5608723163605,2021-11-30T17:57:49.650000,1638289355.0891278
28,14,10,14,Validation,15,6bce0992ca44b1ed,1.5840001106262207,0.14700007438659668,1638295070.399,10,sad,angry,night,sad,angry,sad,angry,night,sad,angry,5715.309872150421,2021-11-30T17:57:50.399000,1638289355.0891278
2,9,13,9,Validation,16,845093d33006b632,0.9210000038146973,0.2569999694824219,1638295070.698,13,near,happy,shirt,near,happy,near,happy,shirt,near,happy,5715.608872175217,2021-11-30T17:57:50.698000,1638289355.0891278
12,1,18,18,Validation,18,845093d33006b632,0.5420000553131104,0.1269998550415039,1638295071.318,1,pants,strawberry,fearful,strawberry,pants,pants,strawberry,fearful,strawberry,pants,5716.228872299194,2021-11-30T17:57:51.318000,1638289355.0891278
17,8,19,19,Validation,17,6bce0992ca44b1ed,1.491999864578247,0.07899999618530273,1638295071.979,8,far,watermelon,mango,watermelon,far,far,watermelon,mango,watermelon,far,5716.889872312546,2021-11-30T17:57:51.979000,1638289355.0891278
7,20,16,20,Validation,19,845093d33006b632,0.5869998931884766,0.08100008964538574,1638295071.985,16,beach,lemon,beside,beach,lemon,beach,lemon,beside,beach,lemon,5716.895872116089,2021-11-30T17:57:51.985000,1638289355.0891278
23,13,11,11,Validation,1,845093d33006b632,0.5590000152587891,0.16700005531311035,1638295072.795,13,happy,disgust,sky,disgust,happy,happy,disgust,sky,disgust,happy,5717.705872297287,2021-11-30T17:57:52.795000,1638289355.0891278
13,27,17,17,Validation,0,6bce0992ca44b1ed,1.253000020980835,0.08999991416931152,1638295073.311,27,dusk,mango,happy,mango,dusk,dusk,mango,happy,mango,dusk,5718.221872329712,2021-11-30T17:57:53.311000,1638289355.0891278
2,23,12,23,Validation,2,845093d33006b632,0.45800018310546875,0.16299986839294434,1638295073.34,12,sky,fearful,shirt,sky,fearful,sky,fearful,shirt,sky,fearful,5718.250872135162,2021-11-30T17:57:53.340000,1638289355.0891278
26,16,4,4,Validation,5,845093d33006b632,0.377000093460083,0.1639997959136963,1638295073.876,16,lemon,socks,day,socks,lemon,lemon,socks,day,socks,lemon,5718.786872148514,2021-11-30T17:57:53.876000,1638289355.0891278
26,14,21,14,Validation,6,845093d33006b632,0.5269999504089355,0.09200000762939453,1638295074.496,21,sad,field,day,sad,field,sad,field,day,sad,field,5719.4068722724915,2021-11-30T17:57:54.496000,1638289355.0891278
23,3,29,29,Validation,3,6bce0992ca44b1ed,1.3379998207092285,0.08000016212463379,1638295074.741,3,shoes,noon,sky,noon,shoes,shoes,noon,sky,noon,shoes,5719.6518721580505,2021-11-30T17:57:54.741000,1638289355.0891278
17,8,19,19,Validation,7,845093d33006b632,0.4630000591278076,0.08599996566772461,1638295075.045,8,far,watermelon,mango,watermelon,far,far,watermelon,mango,watermelon,far,5719.955872297287,2021-11-30T17:57:55.045000,1638289355.0891278
0,18,4,18,Validation,9,845093d33006b632,0.47699999809265137,0.10199999809265137,1638295075.612,4,strawberry,socks,dress,strawberry,socks,strawberry,socks,dress,strawberry,socks,5720.522872209549,2021-11-30T17:57:55.612000,1638289355.0891278
7,16,20,20,Validation,10,845093d33006b632,0.4719998836517334,0.07800006866455078,1638295076.172,16,lemon,beach,beside,beach,lemon,lemon,beach,beside,beach,lemon,5721.0828721523285,2021-11-30T17:57:56.172000,1638289355.0891278
28,0,10,10,Validation,8,6bce0992ca44b1ed,1.738999843597412,0.09100008010864258,1638295076.559,0,dress,angry,night,angry,dress,dress,angry,night,angry,dress,5721.469872236252,2021-11-30T17:57:56.559000,1638289355.0891278
14,17,21,17,Validation,11,845093d33006b632,0.5069999694824219,0.08899998664855957,1638295076.759,21,mango,field,sad,mango,field,mango,field,sad,mango,field,5721.669872283936,2021-11-30T17:57:56.759000,1638289355.0891278
28,10,14,14,Validation,13,845093d33006b632,0.3229999542236328,0.2390000820159912,1638295077.381,10,angry,sad,night,sad,angry,angry,sad,night,sad,angry,5722.291872262955,2021-11-30T17:57:57.381000,1638289355.0891278
11,29,28,29,Validation,14,845093d33006b632,0.42299985885620117,0.13300013542175293,1638295078.034,28,noon,night,disgust,noon,night,noon,night,disgust,noon,night,5722.944872140884,2021-11-30T17:57:58.034000,1638289355.0891278
6,24,28,24,Validation,15,845093d33006b632,0.7129998207092285,0.23200011253356934,1638295078.83,28,sunset,night,below,sunset,night,sunset,night,below,sunset,night,5723.740872144699,2021-11-30T17:57:58.830000,1638289355.0891278
12,1,18,1,Validation,12,6bce0992ca44b1ed,2.322000026702881,0.0820000171661377,1638295079.037,18,pants,strawberry,fearful,pants,strawberry,pants,strawberry,fearful,pants,strawberry,5723.947872161865,2021-11-30T17:57:59.037000,1638289355.0891278
16,20,15,15,Validation,16,845093d33006b632,0.4309999942779541,0.15700006484985352,1638295079.411,20,beach,blueberry,lemon,blueberry,beach,beach,blueberry,lemon,blueberry,beach,5724.3218722343445,2021-11-30T17:57:59.411000,1638289355.0891278
0,9,26,26,Validation,18,845093d33006b632,0.37199997901916504,0.07800006866455078,1638295079.867,9,near,day,dress,day,near,near,day,dress,day,near,5724.77787232399,2021-11-30T17:57:59.867000,1638289355.0891278
2,5,4,4,Validation,19,845093d33006b632,0.5350000858306885,0.07899999618530273,1638295080.48,5,above,socks,shirt,socks,above,above,socks,shirt,socks,above,5725.3908722400665,2021-11-30T17:58:00.480000,1638289355.0891278
8,6,25,6,Validation,17,6bce0992ca44b1ed,1.61899995803833,0.15199995040893555,1638295080.726,25,below,dawn,far,below,dawn,below,dawn,far,below,dawn,5725.636872291565,2021-11-30T17:58:00.726000,1638289355.0891278
26,4,16,16,Validation,0,845093d33006b632,0.497999906539917,0.08299994468688965,1638295081.067,4,socks,lemon,day,lemon,socks,socks,lemon,day,lemon,socks,5725.977872133255,2021-11-30T17:58:01.067000,1638289355.0891278
11,28,29,29,Validation,2,845093d33006b632,0.4290001392364502,0.08699989318847656,1638295081.577,28,night,noon,disgust,noon,night,night,noon,disgust,noon,night,5726.487872123718,2021-11-30T17:58:01.577000,1638289355.0891278
0,26,9,9,Validation,3,845093d33006b632,0.4249999523162842,0.08299994468688965,1638295082.095,26,day,near,dress,near,day,day,near,dress,near,day,5727.005872249603,2021-11-30T17:58:02.095000,1638289355.0891278
13,27,17,17,Validation,4,845093d33006b632,0.40799999237060547,0.09200000762939453,1638295082.578,27,dusk,mango,happy,mango,dusk,dusk,mango,happy,mango,dusk,5727.488872289658,2021-11-30T17:58:02.578000,1638289355.0891278
2,5,4,4,Validation,1,6bce0992ca44b1ed,2.25,0.08100008964538574,1638295083.129,5,above,socks,shirt,socks,above,above,socks,shirt,socks,above,5728.039872169495,2021-11-30T17:58:03.129000,1638289355.0891278
8,6,25,25,Validation,5,845093d33006b632,0.7100000381469727,0.07999992370605469,1638295083.388,6,below,dawn,far,dawn,below,below,dawn,far,dawn,below,5728.298872232437,2021-11-30T17:58:03.388000,1638289355.0891278
26,21,14,21,Validation,7,845093d33006b632,1.5809998512268066,0.0970001220703125,1638295085.052,14,field,sad,day,field,sad,field,sad,day,field,sad,5729.962872266769,2021-11-30T17:58:05.052000,1638289355.0891278
6,28,24,28,Validation,8,845093d33006b632,0.39499998092651367,0.08700013160705566,1638295085.54,24,night,sunset,below,night,sunset,night,sunset,below,night,sunset,5730.450872182846,2021-11-30T17:58:05.540000,1638289355.0891278
0,4,18,4,Validation,9,845093d33006b632,0.4089999198913574,0.08299994468688965,1638295086.021,18,socks,strawberry,dress,socks,strawberry,socks,strawberry,dress,socks,strawberry,5730.93187212944,2021-11-30T17:58:06.021000,1638289355.0891278
14,17,21,21,Validation,6,6bce0992ca44b1ed,2.888000011444092,0.15599989891052246,1638295086.188,17,mango,field,sad,field,mango,mango,field,sad,field,mango,5731.098872184753,2021-11-30T17:58:06.188000,1638289355.0891278
16,20,15,20,Validation,10,845093d33006b632,0.40400004386901855,0.07999992370605469,1638295086.524,15,beach,blueberry,lemon,beach,blueberry,beach,blueberry,lemon,beach,blueberry,5731.434872150421,2021-11-30T17:58:06.524000,1638289355.0891278
2,12,23,12,Validation,12,845093d33006b632,0.4010000228881836,0.0989999771118164,1638295087.009,23,fearful,sky,shirt,fearful,sky,fearful,sky,shirt,fearful,sky,5731.919872283936,2021-11-30T17:58:07.009000,1638289355.0891278
7,16,20,16,Validation,13,845093d33006b632,0.3689999580383301,0.09800004959106445,1638295087.483,20,lemon,beach,beside,lemon,beach,lemon,beach,beside,lemon,beach,5732.393872261047,2021-11-30T17:58:07.483000,1638289355.0891278
28,0,10,0,Validation,14,845093d33006b632,0.7960000038146973,0.0840001106262207,1638295088.348,10,dress,angry,night,dress,angry,dress,angry,night,dress,angry,5733.258872270584,2021-11-30T17:58:08.348000,1638289355.0891278
2,13,9,13,Validation,15,845093d33006b632,0.44300007820129395,0.07999992370605469,1638295088.88,9,happy,near,shirt,happy,near,happy,near,shirt,happy,near,5733.790872335434,2021-11-30T17:58:08.880000,1638289355.0891278
23,29,3,29,Validation,11,6bce0992ca44b1ed,2.748000144958496,0.15699982643127441,1638295089.073,3,noon,shoes,sky,noon,shoes,noon,shoes,sky,noon,shoes,5733.983872175217,2021-11-30T17:58:09.073000,1638289355.0891278
23,13,11,11,Validation,16,845093d33006b632,0.48999977111816406,0.08300018310546875,1638295089.447,13,happy,disgust,sky,disgust,happy,happy,disgust,sky,disgust,happy,5734.357872247696,2021-11-30T17:58:09.447000,1638289355.0891278
17,19,8,19,Validation,18,845093d33006b632,0.4590001106262207,0.08100008964538574,1638295089.997,8,watermelon,far,mango,watermelon,far,watermelon,far,mango,watermelon,far,5734.907872200012,2021-11-30T17:58:09.997000,1638289355.0891278
28,14,10,10,Validation,19,845093d33006b632,0.3989999294281006,0.0839998722076416,1638295090.473,14,sad,angry,night,angry,sad,sad,angry,night,angry,sad,5735.383872270584,2021-11-30T17:58:10.473000,1638289355.0891278
23,3,29,3,Validation,0,845093d33006b632,0.3540000915527344,0.0820000171661377,1638295090.909,29,shoes,noon,sky,shoes,noon,shoes,noon,sky,shoes,noon,5735.819872140884,2021-11-30T17:58:10.909000,1638289355.0891278
23,11,13,13,Validation,1,845093d33006b632,0.36100006103515625,0.0820000171661377,1638295091.351,11,disgust,happy,sky,happy,disgust,disgust,happy,sky,happy,disgust,5736.261872291565,2021-11-30T17:58:11.351000,1638289355.0891278
2,9,13,9,Validation,2,845093d33006b632,0.38499999046325684,0.08299994468688965,1638295091.842,13,near,happy,shirt,near,happy,near,happy,shirt,near,happy,5736.752872228622,2021-11-30T17:58:11.842000,1638289355.0891278
16,15,20,20,Validation,3,845093d33006b632,0.38299989700317383,0.0989999771118164,1638295092.294,15,blueberry,beach,lemon,beach,blueberry,blueberry,beach,lemon,beach,blueberry,5737.204872131348,2021-11-30T17:58:12.294000,1638289355.0891278
13,27,17,27,Validation,4,845093d33006b632,0.4479999542236328,0.07600021362304688,1638295092.826,17,dusk,mango,happy,dusk,mango,dusk,mango,happy,dusk,mango,5737.7368721961975,2021-11-30T17:58:12.826000,1638289355.0891278
12,18,1,1,Validation,17,6bce0992ca44b1ed,3.9790000915527344,0.14100003242492676,1638295093.22,18,strawberry,pants,fearful,pants,strawberry,strawberry,pants,fearful,pants,strawberry,5738.130872249603,2021-11-30T17:58:13.220000,1638289355.0891278
14,17,21,21,Validation,5,845093d33006b632,0.38899993896484375,0.07899999618530273,1638295093.303,17,mango,field,sad,field,mango,mango,field,sad,field,mango,5738.21387219429,2021-11-30T17:58:13.303000,1638289355.0891278
2,23,12,23,Validation,8,845093d33006b632,0.45399999618530273,0.09400010108947754,1638295093.842,12,sky,fearful,shirt,sky,fearful,sky,fearful,shirt,sky,fearful,5738.752872228622,2021-11-30T17:58:13.842000,1638289355.0891278
6,24,28,28,Validation,10,845093d33006b632,0.4700000286102295,0.07799983024597168,1638295094.382,24,sunset,night,below,night,sunset,sunset,night,below,night,sunset,5739.2928721904755,2021-11-30T17:58:14.382000,1638289355.0891278
7,20,16,20,Validation,11,845093d33006b632,0.40399980545043945,0.08000016212463379,1638295094.877,16,beach,lemon,beside,beach,lemon,beach,lemon,beside,beach,lemon,5739.787872314453,2021-11-30T17:58:14.877000,1638289355.0891278
28,10,14,14,Validation,12,845093d33006b632,0.3510000705718994,0.08500003814697266,1638295095.336,10,angry,sad,night,sad,angry,angry,sad,night,sad,angry,5740.246872186661,2021-11-30T17:58:15.336000,1638289355.0891278
26,14,21,21,Validation,9,6bce0992ca44b1ed,2.4700000286102295,0.32200002670288086,1638295095.988,14,sad,field,day,field,sad,sad,field,day,field,sad,5740.89887213707,2021-11-30T17:58:15.988000,1638289355.0891278
28,10,0,0,Validation,13,845093d33006b632,0.752000093460083,0.1099998950958252,1638295096.391,10,angry,dress,night,dress,angry,angry,dress,night,dress,angry,5741.301872253418,2021-11-30T17:58:16.391000,1638289355.0891278
26,16,4,16,Validation,15,845093d33006b632,0.6029999256134033,0.30099987983703613,1638295097.068,4,lemon,socks,day,lemon,socks,lemon,socks,day,lemon,socks,5741.978872299194,2021-11-30T17:58:17.068000,1638289355.0891278
0,26,9,9,Validation,16,845093d33006b632,0.46700000762939453,0.08000016212463379,1638295097.626,26,day,near,dress,near,day,day,near,dress,near,day,5742.536872148514,2021-11-30T17:58:17.626000,1638289355.0891278
2,5,4,4,Validation,17,845093d33006b632,0.4570000171661377,0.08299994468688965,1638295098.158,5,above,socks,shirt,socks,above,above,socks,shirt,socks,above,5743.068872213364,2021-11-30T17:58:18.158000,1638289355.0891278
17,8,19,19,Validation,18,845093d33006b632,0.46000003814697266,0.09599995613098145,1638295098.717,8,far,watermelon,mango,watermelon,far,far,watermelon,mango,watermelon,far,5743.627872228622,2021-11-30T17:58:18.717000,1638289355.0891278
11,28,29,29,Validation,19,845093d33006b632,0.4960000514984131,0.07599997520446777,1638295099.283,28,night,noon,disgust,noon,night,night,noon,disgust,noon,night,5744.193872213364,2021-11-30T17:58:19.283000,1638289355.0891278
23,3,29,29,Validation,0,845093d33006b632,0.5979998111724854,0.3280000686645508,1638295100.216,3,shoes,noon,sky,noon,shoes,shoes,noon,sky,noon,shoes,5745.126872301102,2021-11-30T17:58:20.216000,1638289355.0891278
26,21,14,14,Validation,1,845093d33006b632,0.39499998092651367,0.08100008964538574,1638295100.684,21,field,sad,day,sad,field,field,sad,day,sad,field,5745.594872236252,2021-11-30T17:58:20.684000,1638289355.0891278
23,13,11,11,Validation,2,845093d33006b632,0.375,0.07699990272521973,1638295101.173,13,happy,disgust,sky,disgust,happy,happy,disgust,sky,disgust,happy,5746.083872318268,2021-11-30T17:58:21.173000,1638289355.0891278
11,29,28,28,Validation,3,845093d33006b632,0.8009998798370361,0.13400006294250488,1638295102.166,29,noon,night,disgust,night,noon,noon,night,disgust,night,noon,5747.076872110367,2021-11-30T17:58:22.166000,1638289355.0891278
7,16,20,20,Validation,4,845093d33006b632,0.7009999752044678,0.16900014877319336,1638295102.942,16,lemon,beach,beside,beach,lemon,lemon,beach,beside,beach,lemon,5747.852872133255,2021-11-30T17:58:22.942000,1638289355.0891278
28,10,14,14,Validation,5,845093d33006b632,0.44500017166137695,0.28099989891052246,1638295103.739,10,angry,sad,night,sad,angry,angry,sad,night,sad,angry,5748.649872303009,2021-11-30T17:58:23.739000,1638289355.0891278
2,9,13,13,Validation,6,845093d33006b632,0.6080000400543213,0.14099979400634766,1638295104.419,9,near,happy,shirt,happy,near,near,happy,shirt,happy,near,5749.329872131348,2021-11-30T17:58:24.419000,1638289355.0891278
13,27,17,17,Validation,7,845093d33006b632,0.4719998836517334,0.0840001106262207,1638295104.991,27,dusk,mango,happy,mango,dusk,dusk,mango,happy,mango,dusk,5749.9018721580505,2021-11-30T17:58:24.991000,1638289355.0891278
28,0,10,0,Validation,8,845093d33006b632,0.4909999370574951,0.11300015449523926,1638295105.583,10,dress,angry,night,dress,angry,dress,angry,night,dress,angry,5750.49387216568,2021-11-30T17:58:25.583000,1638289355.0891278
14,17,21,17,Validation,9,845093d33006b632,0.8619999885559082,0.2669999599456787,1638295106.772,21,mango,field,sad,mango,field,mango,field,sad,mango,field,5751.68287229538,2021-11-30T17:58:26.772000,1638289355.0891278
0,9,26,9,Validation,10,845093d33006b632,0.5,0.13700008392333984,1638295107.412,26,near,day,dress,near,day,near,day,dress,near,day,5752.322872161865,2021-11-30T17:58:27.412000,1638289355.0891278
6,24,28,24,Validation,11,845093d33006b632,0.5450000762939453,0.13699984550476074,1638295108.027,28,sunset,night,below,sunset,night,sunset,night,below,sunset,night,5752.937872171402,2021-11-30T17:58:28.027000,1638289355.0891278
12,18,1,18,Validation,12,845093d33006b632,0.49199986457824707,0.07500004768371582,1638295108.598,1,strawberry,pants,fearful,strawberry,pants,strawberry,pants,fearful,strawberry,pants,5753.508872270584,2021-11-30T17:58:28.598000,1638289355.0891278
0,18,4,4,Validation,14,6bce0992ca44b1ed,12.6489999294281,0.16499996185302734,1638295108.816,18,strawberry,socks,dress,socks,strawberry,strawberry,socks,dress,socks,strawberry,5753.726872205734,2021-11-30T17:58:28.816000,1638289355.0891278
16,15,20,15,Validation,13,845093d33006b632,0.44699978828430176,0.1100001335144043,1638295109.152,20,blueberry,beach,lemon,blueberry,beach,blueberry,beach,lemon,blueberry,beach,5754.062872171402,2021-11-30T17:58:29.152000,1638289355.0891278
26,16,4,16,Validation,15,845093d33006b632,0.43899989128112793,0.07700014114379883,1638295109.669,4,lemon,socks,day,lemon,socks,lemon,socks,day,lemon,socks,5754.579872131348,2021-11-30T17:58:29.669000,1638289355.0891278
2,4,5,4,Validation,16,845093d33006b632,0.3970000743865967,0.07800006866455078,1638295110.147,5,socks,above,shirt,socks,above,socks,above,shirt,socks,above,5755.05787229538,2021-11-30T17:58:30.147000,1638289355.0891278
17,8,19,19,Validation,14,6bce0992ca44b1ed,1.4639999866485596,0.15400004386901855,1638295110.36,8,far,watermelon,mango,watermelon,far,far,watermelon,mango,watermelon,far,5755.270872116089,2021-11-30T17:58:30.360000,1638289355.0891278
2,12,23,12,Validation,17,845093d33006b632,0.44499993324279785,0.08500003814697266,1638295110.693,23,fearful,sky,shirt,fearful,sky,fearful,sky,shirt,fearful,sky,5755.603872299194,2021-11-30T17:58:30.693000,1638289355.0891278
0,18,4,18,Validation,19,845093d33006b632,0.4119999408721924,0.09800004959106445,1638295111.188,4,strawberry,socks,dress,strawberry,socks,strawberry,socks,dress,strawberry,socks,5756.098872184753,2021-11-30T17:58:31.188000,1638289355.0891278
13,17,27,17,Validation,0,845093d33006b632,0.4790000915527344,0.08699989318847656,1638295111.755,27,mango,dusk,happy,mango,dusk,mango,dusk,happy,mango,dusk,5756.665872335434,2021-11-30T17:58:31.755000,1638289355.0891278
28,10,0,10,Validation,1,845093d33006b632,0.4309999942779541,0.0839998722076416,1638295112.278,0,angry,dress,night,angry,dress,angry,dress,night,angry,dress,5757.188872337341,2021-11-30T17:58:32.278000,1638289355.0891278
8,25,6,6,Validation,18,6bce0992ca44b1ed,2.065000057220459,0.0969998836517334,1638295112.584,25,dawn,below,far,below,dawn,dawn,below,far,below,dawn,5757.494872331619,2021-11-30T17:58:32.584000,1638289355.0891278
16,20,15,20,Validation,2,845093d33006b632,0.35500001907348633,0.08899998664855957,1638295112.708,15,beach,blueberry,lemon,beach,blueberry,beach,blueberry,lemon,beach,blueberry,5757.61887216568,2021-11-30T17:58:32.708000,1638289355.0891278
28,10,14,10,Validation,4,845093d33006b632,0.37199997901916504,0.07899999618530273,1638295113.163,14,angry,sad,night,angry,sad,angry,sad,night,angry,sad,5758.073872327805,2021-11-30T17:58:33.163000,1638289355.0891278
8,6,25,6,Validation,5,845093d33006b632,0.36100006103515625,0.08299994468688965,1638295113.608,25,below,dawn,far,below,dawn,below,dawn,far,below,dawn,5758.518872261047,2021-11-30T17:58:33.608000,1638289355.0891278
6,28,24,28,Validation,6,845093d33006b632,0.6779999732971191,0.07999992370605469,1638295114.361,24,night,sunset,below,night,sunset,night,sunset,below,night,sunset,5759.271872282028,2021-11-30T17:58:34.361000,1638289355.0891278
7,20,16,20,Validation,3,6bce0992ca44b1ed,2.2749998569488525,0.16100001335144043,1638295115.022,16,beach,lemon,beside,beach,lemon,beach,lemon,beside,beach,lemon,5759.93287229538,2021-11-30T17:58:35.022000,1638289355.0891278
26,16,4,16,Validation,7,845093d33006b632,0.5959999561309814,0.08100008964538574,1638295115.038,4,lemon,socks,day,lemon,socks,lemon,socks,day,lemon,socks,5759.948872327805,2021-11-30T17:58:35.038000,1638289355.0891278
11,28,29,29,Validation,9,845093d33006b632,0.8219997882843018,0.08100008964538574,1638295115.939,28,night,noon,disgust,noon,night,night,noon,disgust,noon,night,5760.849872112274,2021-11-30T17:58:35.939000,1638289355.0891278
0,9,26,9,Validation,11,845093d33006b632,0.4120001792907715,0.07899999618530273,1638295116.434,26,near,day,dress,near,day,near,day,dress,near,day,5761.344872236252,2021-11-30T17:58:36.434000,1638289355.0891278
26,14,21,21,Validation,12,845093d33006b632,0.44699978828430176,0.08500003814697266,1638295116.977,14,sad,field,day,field,sad,sad,field,day,field,sad,5761.887872219086,2021-11-30T17:58:36.977000,1638289355.0891278
12,18,1,18,Validation,13,845093d33006b632,0.4030001163482666,0.09100008010864258,1638295117.466,1,strawberry,pants,fearful,strawberry,pants,strawberry,pants,fearful,strawberry,pants,5762.376872301102,2021-11-30T17:58:37.466000,1638289355.0891278
2,5,4,4,Validation,14,845093d33006b632,0.39100003242492676,0.0840001106262207,1638295117.953,5,above,socks,shirt,socks,above,above,socks,shirt,socks,above,5762.863872289658,2021-11-30T17:58:37.953000,1638289355.0891278
23,3,29,29,Validation,15,845093d33006b632,0.8659999370574951,0.1100001335144043,1638295118.909,3,shoes,noon,sky,noon,shoes,shoes,noon,sky,noon,shoes,5763.819872140884,2021-11-30T17:58:38.909000,1638289355.0891278
14,17,21,17,Validation,16,845093d33006b632,0.3989999294281006,0.0840001106262207,1638295119.393,21,mango,field,sad,mango,field,mango,field,sad,mango,field,5764.3038721084595,2021-11-30T17:58:39.393000,1638289355.0891278
2,23,12,12,Validation,17,845093d33006b632,0.38899993896484375,0.08500003814697266,1638295119.86,23,sky,fearful,shirt,fearful,sky,sky,fearful,shirt,fearful,sky,5764.770872116089,2021-11-30T17:58:39.860000,1638289355.0891278
23,11,13,13,Validation,10,6bce0992ca44b1ed,4.78600001335144,0.2720000743865967,1638295120.079,11,disgust,happy,sky,happy,disgust,disgust,happy,sky,happy,disgust,5764.989872217178,2021-11-30T17:58:40.079000,1638289355.0891278
2,9,13,9,Validation,18,845093d33006b632,0.40000009536743164,0.07699990272521973,1638295120.342,13,near,happy,shirt,near,happy,near,happy,shirt,near,happy,5765.252872228622,2021-11-30T17:58:40.342000,1638289355.0891278
2,4,5,4,Validation,2,845093d33006b632,0.7230000495910645,0.1640000343322754,1638295121.224,5,socks,above,shirt,socks,above,socks,above,shirt,socks,above,5766.134872198105,2021-11-30T17:58:41.224000,1638289355.0891278
8,25,6,6,Validation,3,845093d33006b632,0.41499996185302734,0.07599997520446777,1638295121.719,25,dawn,below,far,below,dawn,dawn,below,far,below,dawn,5766.6298723220825,2021-11-30T17:58:41.719000,1638289355.0891278
23,3,29,29,Validation,0,6bce0992ca44b1ed,1.7929999828338623,0.23099994659423828,1638295122.032,3,shoes,noon,sky,noon,shoes,shoes,noon,sky,noon,shoes,5766.942872285843,2021-11-30T17:58:42.032000,1638289355.0891278
16,15,20,15,Validation,4,845093d33006b632,0.4240000247955322,0.08299994468688965,1638295122.229,20,blueberry,beach,lemon,blueberry,beach,blueberry,beach,lemon,blueberry,beach,5767.139872312546,2021-11-30T17:58:42.229000,1638289355.0891278
0,9,26,26,Validation,6,845093d33006b632,0.40000009536743164,0.08500003814697266,1638295122.719,9,near,day,dress,day,near,near,day,dress,day,near,5767.6298723220825,2021-11-30T17:58:42.719000,1638289355.0891278
11,29,28,29,Validation,7,845093d33006b632,0.4140000343322754,0.08599996566772461,1638295123.213,28,noon,night,disgust,noon,night,noon,night,disgust,noon,night,5768.123872280121,2021-11-30T17:58:43.213000,1638289355.0891278
7,16,20,20,Validation,8,845093d33006b632,0.39100003242492676,0.08500003814697266,1638295123.688,16,lemon,beach,beside,beach,lemon,lemon,beach,beside,beach,lemon,5768.598872184753,2021-11-30T17:58:43.688000,1638289355.0891278
2,23,12,23,Validation,9,845093d33006b632,0.4309999942779541,0.0839998722076416,1638295124.198,12,sky,fearful,shirt,sky,fearful,sky,fearful,shirt,sky,fearful,5769.108872175217,2021-11-30T17:58:44.198000,1638289355.0891278
0,4,18,4,Validation,5,6bce0992ca44b1ed,3.371999979019165,0.08500003814697266,1638295125.559,18,socks,strawberry,dress,socks,strawberry,socks,strawberry,dress,socks,strawberry,5770.469872236252,2021-11-30T17:58:45.559000,1638289355.0891278
26,14,21,21,Validation,10,6bce0992ca44b1ed,1.6579999923706055,0.1549999713897705,1638295127.295,14,sad,field,day,field,sad,sad,field,day,field,sad,5772.205872297287,2021-11-30T17:58:47.295000,1638289355.0891278
2,9,13,9,Validation,11,6bce0992ca44b1ed,2.3500001430511475,0.07799983024597168,1638295129.81,13,near,happy,shirt,near,happy,near,happy,shirt,near,happy,5774.720872163773,2021-11-30T17:58:49.810000,1638289355.0891278
28,14,10,14,Validation,13,6bce0992ca44b1ed,1.6649999618530273,0.20800018310546875,1638295133.731,10,sad,angry,night,sad,angry,sad,angry,night,sad,angry,5778.641872167587,2021-11-30T17:58:53.731000,1638289355.0891278
13,17,27,17,Validation,14,6bce0992ca44b1ed,2.2090001106262207,0.1700000762939453,1638295136.17,27,mango,dusk,happy,mango,dusk,mango,dusk,happy,mango,dusk,5781.080872297287,2021-11-30T17:58:56.170000,1638289355.0891278
12,1,18,18,Validation,15,6bce0992ca44b1ed,3.690000057220459,0.14800000190734863,1638295140.026,1,pants,strawberry,fearful,strawberry,pants,pants,strawberry,fearful,strawberry,pants,5784.936872243881,2021-11-30T17:59:00.026000,1638289355.0891278
6,28,24,28,Validation,16,6bce0992ca44b1ed,6.9040000438690186,0.16199994087219238,1638295147.088,24,night,sunset,below,night,sunset,night,sunset,below,night,sunset,5791.998872280121,2021-11-30T17:59:07.088000,1638289355.0891278
28,0,10,10,Validation,17,6bce0992ca44b1ed,1.8629999160766602,0.16100001335144043,1638295149.035,0,dress,angry,night,angry,dress,dress,angry,night,angry,dress,5793.945872306824,2021-11-30T17:59:09.035000,1638289355.0891278
17,19,8,19,Validation,18,6bce0992ca44b1ed,2.4000000953674316,0.08599996566772461,1638295151.578,8,watermelon,far,mango,watermelon,far,watermelon,far,mango,watermelon,far,5796.488872289658,2021-11-30T17:59:11.578000,1638289355.0891278
26,16,4,16,Validation,19,6bce0992ca44b1ed,2.508000135421753,0.14699983596801758,1638295154.241,4,lemon,socks,day,lemon,socks,lemon,socks,day,lemon,socks,5799.1518721580505,2021-11-30T17:59:14.241000,1638289355.0891278
23,11,13,13,Validation,0,6bce0992ca44b1ed,13.664000034332275,0.14699983596801758,1638295168.049,11,disgust,happy,sky,happy,disgust,disgust,happy,sky,happy,disgust,5812.959872245789,2021-11-30T17:59:28.049000,1638289355.0891278
2,5,4,5,Validation,1,6bce0992ca44b1ed,2.2239999771118164,0.14700007438659668,1638295170.416,4,above,socks,shirt,above,socks,above,socks,shirt,above,socks,5815.326872110367,2021-11-30T17:59:30.416000,1638289355.0891278
6,28,24,28,Validation,2,6bce0992ca44b1ed,1.6619999408721924,0.16000008583068848,1638295172.173,24,night,sunset,below,night,sunset,night,sunset,below,night,sunset,5817.083872318268,2021-11-30T17:59:32.173000,1638289355.0891278
26,4,16,16,Validation,3,6bce0992ca44b1ed,2.940999984741211,0.09299993515014648,1638295175.27,4,socks,lemon,day,lemon,socks,socks,lemon,day,lemon,socks,5820.18087220192,2021-11-30T17:59:35.270000,1638289355.0891278
11,28,29,28,Validation,4,6bce0992ca44b1ed,2.110999822616577,0.1640000343322754,1638295177.56,29,night,noon,disgust,night,noon,night,noon,disgust,night,noon,5822.470872163773,2021-11-30T17:59:37.560000,1638289355.0891278
8,25,6,6,Validation,5,6bce0992ca44b1ed,1.7379999160766602,0.15600013732910156,1638295179.378,25,dawn,below,far,below,dawn,dawn,below,far,below,dawn,5824.288872241974,2021-11-30T17:59:39.378000,1638289355.0891278
19,18,8,18,Random,-9999,2f9d525e84d078f5,0.8550000190734863,0.16100001335144043,1638295181.827,8,strawberry,far,watermelon,strawberry,far,strawberry,far,watermelon,strawberry,far,5826.737872123718,2021-11-30T17:59:41.827000,1638289355.0891278
0,4,18,4,Validation,6,6bce0992ca44b1ed,2.752000093460083,0.08999991416931152,1638295182.287,18,socks,strawberry,dress,socks,strawberry,socks,strawberry,dress,socks,strawberry,5827.197872161865,2021-11-30T17:59:42.287000,1638289355.0891278
5,9,17,9,Random,-9999,2f9d525e84d078f5,0.32899999618530273,0.08799982070922852,1638295182.292,17,near,mango,above,near,mango,near,mango,above,near,mango,5827.202872276306,2021-11-30T17:59:42.292000,1638289355.0891278
27,11,5,11,Random,-9999,2f9d525e84d078f5,0.3339998722076416,0.12600016593933105,1638295182.708,5,disgust,above,dusk,disgust,above,disgust,above,dusk,disgust,above,5827.61887216568,2021-11-30T17:59:42.708000,1638289355.0891278
14,11,12,11,Random,-9999,2f9d525e84d078f5,0.3510000705718994,0.07599997520446777,1638295183.133,12,disgust,fearful,sad,disgust,fearful,disgust,fearful,sad,disgust,fearful,5828.043872117996,2021-11-30T17:59:43.133000,1638289355.0891278
17,11,25,11,Random,-9999,2f9d525e84d078f5,0.7409999370574951,0.08100008964538574,1638295183.954,25,disgust,dawn,mango,disgust,dawn,disgust,dawn,mango,disgust,dawn,5828.864872217178,2021-11-30T17:59:43.954000,1638289355.0891278
1,7,28,28,Random,-9999,2f9d525e84d078f5,0.5380001068115234,0.07599997520446777,1638295184.572,7,beside,night,pants,night,beside,beside,night,pants,night,beside,5829.482872247696,2021-11-30T17:59:44.572000,1638289355.0891278
17,25,7,25,Random,-9999,2f9d525e84d078f5,0.32400012016296387,0.07699990272521973,1638295184.966,7,dawn,beside,mango,dawn,beside,dawn,beside,mango,dawn,beside,5829.876872301102,2021-11-30T17:59:44.966000,1638289355.0891278
9,29,26,26,Random,-9999,2f9d525e84d078f5,0.35899996757507324,0.07799983024597168,1638295185.411,29,noon,day,near,day,noon,noon,day,near,day,noon,5830.3218722343445,2021-11-30T17:59:45.411000,1638289355.0891278
20,21,14,21,Random,-9999,2f9d525e84d078f5,0.3409998416900635,0.07700014114379883,1638295185.821,14,field,sad,beach,field,sad,field,sad,beach,field,sad,5830.731872320175,2021-11-30T17:59:45.821000,1638289355.0891278
3,18,19,19,Random,-9999,2f9d525e84d078f5,0.32000017166137695,0.07500004768371582,1638295186.218,18,strawberry,watermelon,shoes,watermelon,strawberry,strawberry,watermelon,shoes,watermelon,strawberry,5831.128872156143,2021-11-30T17:59:46.218000,1638289355.0891278
12,28,18,28,Random,-9999,2f9d525e84d078f5,0.309999942779541,0.07699990272521973,1638295186.61,18,night,strawberry,fearful,night,strawberry,night,strawberry,fearful,night,strawberry,5831.520872116089,2021-11-30T17:59:46.610000,1638289355.0891278
3,4,19,19,Random,-9999,2f9d525e84d078f5,0.2839999198913574,0.07800006866455078,1638295186.973,4,socks,watermelon,shoes,watermelon,socks,socks,watermelon,shoes,watermelon,socks,5831.883872270584,2021-11-30T17:59:46.973000,1638289355.0891278
22,29,0,29,Random,-9999,2f9d525e84d078f5,0.31799983978271484,0.07700014114379883,1638295187.364,0,noon,dress,ocean,noon,dress,noon,dress,ocean,noon,dress,5832.274872303009,2021-11-30T17:59:47.364000,1638289355.0891278
16,15,20,15,Validation,8,6bce0992ca44b1ed,2.861999988555908,0.17300009727478027,1638295187.539,20,blueberry,beach,lemon,blueberry,beach,blueberry,beach,lemon,blueberry,beach,5832.449872255325,2021-11-30T17:59:47.539000,1638289355.0891278
15,25,2,25,Random,-9999,2f9d525e84d078f5,0.6419999599456787,0.07500004768371582,1638295188.08,2,dawn,shirt,blueberry,dawn,shirt,dawn,shirt,blueberry,dawn,shirt,5832.990872144699,2021-11-30T17:59:48.080000,1638289355.0891278
2,19,13,19,Random,-9999,2f9d525e84d078f5,0.6649999618530273,0.07700014114379883,1638295188.82,13,watermelon,happy,shirt,watermelon,happy,watermelon,happy,shirt,watermelon,happy,5833.730872154236,2021-11-30T17:59:48.820000,1638289355.0891278
0,26,9,26,Validation,9,6bce0992ca44b1ed,1.3980000019073486,0.18000006675720215,1638295189.058,9,day,near,dress,day,near,day,near,dress,day,near,5833.968872308731,2021-11-30T17:59:49.058000,1638289355.0891278
25,3,8,3,Random,-9999,2f9d525e84d078f5,0.3190000057220459,0.07699990272521973,1638295189.298,8,shoes,far,dawn,shoes,far,shoes,far,dawn,shoes,far,5834.208872318268,2021-11-30T17:59:49.298000,1638289355.0891278
28,14,10,14,Validation,10,6bce0992ca44b1ed,1.3259999752044678,0.08300018310546875,1638295190.46,10,sad,angry,night,sad,angry,sad,angry,night,sad,angry,5835.37087225914,2021-11-30T17:59:50.460000,1638289355.0891278
2,9,13,9,Validation,11,6bce0992ca44b1ed,1.1530001163482666,0.07699990272521973,1638295191.694,13,near,happy,shirt,near,happy,near,happy,shirt,near,happy,5836.604872226715,2021-11-30T17:59:51.694000,1638289355.0891278
25,12,28,12,Random,-9999,2f9d525e84d078f5,2.433000087738037,0.1529998779296875,1638295191.908,28,fearful,night,dawn,fearful,night,fearful,night,dawn,fearful,night,5836.818872213364,2021-11-30T17:59:51.908000,1638289355.0891278
15,7,14,14,Random,-9999,2f9d525e84d078f5,0.3269999027252197,0.19700002670288086,1638295192.377,7,beside,sad,blueberry,sad,beside,beside,sad,blueberry,sad,beside,5837.287872314453,2021-11-30T17:59:52.377000,1638289355.0891278
25,2,8,2,Random,-9999,2f9d525e84d078f5,0.42100000381469727,0.13499999046325684,1638295192.898,8,shirt,far,dawn,shirt,far,shirt,far,dawn,shirt,far,5837.8088722229,2021-11-30T17:59:52.898000,1638289355.0891278
5,28,23,23,Random,-9999,2f9d525e84d078f5,0.32899999618530273,0.09800004959106445,1638295193.438,28,night,sky,above,sky,night,night,sky,above,sky,night,5838.348872184753,2021-11-30T17:59:53.438000,1638289355.0891278
7,16,20,20,Validation,12,6bce0992ca44b1ed,1.7089998722076416,0.08100008964538574,1638295193.478,16,lemon,beach,beside,beach,lemon,lemon,beach,beside,beach,lemon,5838.388872146606,2021-11-30T17:59:53.478000,1638289355.0891278
20,15,5,5,Random,-9999,2f9d525e84d078f5,0.7139999866485596,0.21300005912780762,1638295194.23,15,blueberry,above,beach,above,blueberry,blueberry,above,beach,above,blueberry,5839.1408722400665,2021-11-30T17:59:54.230000,1638289355.0891278
24,21,13,21,Random,-9999,2f9d525e84d078f5,0.568000078201294,0.2539999485015869,1638295195.052,13,field,happy,sunset,field,happy,field,happy,sunset,field,happy,5839.962872266769,2021-11-30T17:59:55.052000,1638289355.0891278
23,3,29,3,Validation,13,6bce0992ca44b1ed,1.7799999713897705,0.08000016212463379,1638295195.343,29,shoes,noon,sky,shoes,noon,shoes,noon,sky,shoes,noon,5840.253872156143,2021-11-30T17:59:55.343000,1638289355.0891278
12,13,8,8,Random,-9999,2f9d525e84d078f5,0.5739998817443848,0.07800006866455078,1638295195.703,13,happy,far,fearful,far,happy,happy,far,fearful,far,happy,5840.613872289658,2021-11-30T17:59:55.703000,1638289355.0891278
29,4,24,4,Random,-9999,2f9d525e84d078f5,0.5299999713897705,0.07500004768371582,1638295196.31,24,socks,sunset,noon,socks,sunset,socks,sunset,noon,socks,sunset,5841.220872163773,2021-11-30T17:59:56.310000,1638289355.0891278
13,10,3,10,Random,-9999,2f9d525e84d078f5,0.8110001087188721,0.27699995040893555,1638295197.409,3,angry,shoes,happy,angry,shoes,angry,shoes,happy,angry,shoes,5842.319872140884,2021-11-30T17:59:57.409000,1638289355.0891278
12,14,26,14,Random,-9999,2f9d525e84d078f5,0.6430001258850098,0.2349998950958252,1638295198.274,26,sad,day,fearful,sad,day,sad,day,fearful,sad,day,5843.184872150421,2021-11-30T17:59:58.274000,1638289355.0891278
21,27,20,20,Random,-9999,2f9d525e84d078f5,0.41499996185302734,0.10899996757507324,1638295198.798,27,dusk,beach,field,beach,dusk,dusk,beach,field,beach,dusk,5843.708872318268,2021-11-30T17:59:58.798000,1638289355.0891278
17,8,19,19,Validation,14,6bce0992ca44b1ed,3.442999839782715,0.07800006866455078,1638295198.944,8,far,watermelon,mango,watermelon,far,far,watermelon,mango,watermelon,far,5843.854872226715,2021-11-30T17:59:58.944000,1638289355.0891278
16,27,13,27,Random,-9999,2f9d525e84d078f5,0.46700000762939453,0.07800006866455078,1638295199.342,13,dusk,happy,lemon,dusk,happy,dusk,happy,lemon,dusk,happy,5844.252872228622,2021-11-30T17:59:59.342000,1638289355.0891278
5,25,14,25,Random,-9999,2f9d525e84d078f5,0.5090000629425049,0.0709998607635498,1638295199.92,14,dawn,sad,above,dawn,sad,dawn,sad,above,dawn,sad,5844.830872297287,2021-11-30T17:59:59.920000,1638289355.0891278
6,15,23,15,Random,-9999,2f9d525e84d078f5,0.6990001201629639,0.06999993324279785,1638295200.768,23,blueberry,sky,below,blueberry,sky,blueberry,sky,below,blueberry,sky,5845.6788721084595,2021-11-30T18:00:00.768000,1638289355.0891278
12,1,18,1,Validation,15,6bce0992ca44b1ed,1.875,0.17400002479553223,1638295200.911,18,pants,strawberry,fearful,pants,strawberry,pants,strawberry,fearful,pants,strawberry,5845.8218722343445,2021-11-30T18:00:00.911000,1638289355.0891278
0,14,28,14,Random,-9999,2f9d525e84d078f5,0.7210001945495605,0.14999985694885254,1638295201.569,28,sad,night,dress,sad,night,sad,night,dress,sad,night,5846.479872226715,2021-11-30T18:00:01.569000,1638289355.0891278
12,24,13,24,Random,-9999,2f9d525e84d078f5,0.4500000476837158,0.2669999599456787,1638295202.3,13,sunset,happy,fearful,sunset,happy,sunset,happy,fearful,sunset,happy,5847.210872173309,2021-11-30T18:00:02.300000,1638289355.0891278
26,21,14,21,Validation,16,6bce0992ca44b1ed,1.683000087738037,0.07800006866455078,1638295202.664,14,field,sad,day,field,sad,field,sad,day,field,sad,5847.574872255325,2021-11-30T18:00:02.664000,1638289355.0891278
22,9,6,9,Random,-9999,2f9d525e84d078f5,0.5840001106262207,0.10199999809265137,1638295202.965,6,near,below,ocean,near,below,near,below,ocean,near,below,5847.875872135162,2021-11-30T18:00:02.965000,1638289355.0891278
21,11,5,11,Random,-9999,2f9d525e84d078f5,0.5859999656677246,0.07500004768371582,1638295203.627,5,disgust,above,field,disgust,above,disgust,above,field,disgust,above,5848.537872314453,2021-11-30T18:00:03.627000,1638289355.0891278
12,18,29,18,Random,-9999,2f9d525e84d078f5,0.5989999771118164,0.07800006866455078,1638295204.307,29,strawberry,noon,fearful,strawberry,noon,strawberry,noon,fearful,strawberry,noon,5849.217872142792,2021-11-30T18:00:04.307000,1638289355.0891278
1,22,4,22,Random,-9999,2f9d525e84d078f5,0.5720000267028809,0.08100008964538574,1638295204.963,4,ocean,socks,pants,ocean,socks,ocean,socks,pants,ocean,socks,5849.873872280121,2021-11-30T18:00:04.963000,1638289355.0891278
13,17,29,29,Random,-9999,2f9d525e84d078f5,0.5940001010894775,0.0839998722076416,1638295205.637,17,mango,noon,happy,noon,mango,mango,noon,happy,noon,mango,5850.547872304916,2021-11-30T18:00:05.637000,1638289355.0891278
14,1,3,1,Random,-9999,2f9d525e84d078f5,0.3840000629425049,0.09999990463256836,1638295206.118,3,pants,shoes,sad,pants,shoes,pants,shoes,sad,pants,shoes,5851.028872251511,2021-11-30T18:00:06.118000,1638289355.0891278
9,12,15,15,Random,-9999,2f9d525e84d078f5,0.4499998092651367,0.0820000171661377,1638295206.647,12,fearful,blueberry,near,blueberry,fearful,fearful,blueberry,near,blueberry,fearful,5851.55787229538,2021-11-30T18:00:06.647000,1638289355.0891278
2,12,23,23,Validation,17,6bce0992ca44b1ed,4.233000040054321,0.07499980926513672,1638295207.07,12,fearful,sky,shirt,sky,fearful,fearful,sky,shirt,sky,fearful,5851.980872154236,2021-11-30T18:00:07.070000,1638289355.0891278
18,21,1,21,Random,-9999,2f9d525e84d078f5,0.35700011253356934,0.07599997520446777,1638295207.082,1,field,pants,strawberry,field,pants,field,pants,strawberry,field,pants,5851.992872238159,2021-11-30T18:00:07.082000,1638289355.0891278
1,28,19,19,Random,-9999,2f9d525e84d078f5,0.36699986457824707,0.07800006866455078,1638295207.527,28,night,watermelon,pants,watermelon,night,night,watermelon,pants,watermelon,night,5852.437872171402,2021-11-30T18:00:07.527000,1638289355.0891278
9,14,5,14,Random,-9999,2f9d525e84d078f5,0.4230000972747803,0.08500003814697266,1638295208.11,5,sad,above,near,sad,above,sad,above,near,sad,above,5853.020872116089,2021-11-30T18:00:08.110000,1638289355.0891278
19,24,5,5,Random,-9999,2f9d525e84d078f5,0.31399989128112793,0.1549999713897705,1638295208.502,24,sunset,above,watermelon,above,sunset,sunset,above,watermelon,above,sunset,5853.412872314453,2021-11-30T18:00:08.502000,1638289355.0891278
28,0,10,0,Validation,18,6bce0992ca44b1ed,1.371999979019165,0.17400002479553223,1638295208.541,10,dress,angry,night,dress,angry,dress,angry,night,dress,angry,5853.451872110367,2021-11-30T18:00:08.541000,1638289355.0891278
19,4,22,4,Random,-9999,2f9d525e84d078f5,0.3880000114440918,0.08599996566772461,1638295208.979,22,socks,ocean,watermelon,socks,ocean,socks,ocean,watermelon,socks,ocean,5853.889872312546,2021-11-30T18:00:08.979000,1638289355.0891278
6,11,17,17,Random,-9999,2f9d525e84d078f5,0.35000014305114746,0.07800006866455078,1638295209.414,11,disgust,mango,below,mango,disgust,disgust,mango,below,mango,disgust,5854.324872255325,2021-11-30T18:00:09.414000,1638289355.0891278
24,0,3,0,Random,-9999,2f9d525e84d078f5,0.3819999694824219,0.0839998722076416,1638295209.874,3,dress,shoes,sunset,dress,shoes,dress,shoes,sunset,dress,shoes,5854.784872293472,2021-11-30T18:00:09.874000,1638289355.0891278
7,9,24,24,Random,-9999,2f9d525e84d078f5,0.4199998378753662,0.08000016212463379,1638295210.369,9,near,sunset,beside,sunset,near,near,sunset,beside,sunset,near,5855.279872179031,2021-11-30T18:00:10.369000,1638289355.0891278
21,15,11,15,Random,-9999,2f9d525e84d078f5,0.4179999828338623,0.08299994468688965,1638295210.881,11,blueberry,disgust,field,blueberry,disgust,blueberry,disgust,field,blueberry,disgust,5855.791872262955,2021-11-30T18:00:10.881000,1638289355.0891278
17,23,1,1,Random,-9999,2f9d525e84d078f5,0.3510000705718994,0.09100008010864258,1638295211.32,23,sky,pants,mango,pants,sky,sky,pants,mango,pants,sky,5856.230872154236,2021-11-30T18:00:11.320000,1638289355.0891278
22,25,7,25,Random,-9999,2f9d525e84d078f5,0.35199999809265137,0.08299994468688965,1638295211.757,7,dawn,beside,ocean,dawn,beside,dawn,beside,ocean,dawn,beside,5856.6678721904755,2021-11-30T18:00:11.757000,1638289355.0891278
21,24,3,3,Random,-9999,2f9d525e84d078f5,0.3509998321533203,0.0840001106262207,1638295212.19,24,sunset,shoes,field,shoes,sunset,sunset,shoes,field,shoes,sunset,5857.1008722782135,2021-11-30T18:00:12.190000,1638289355.0891278
4,16,3,16,Random,-9999,2f9d525e84d078f5,0.3580000400543213,0.0820000171661377,1638295212.893,3,lemon,shoes,socks,lemon,shoes,lemon,shoes,socks,lemon,shoes,5857.8038721084595,2021-11-30T18:00:12.893000,1638289355.0891278
25,8,18,8,Random,-9999,2f9d525e84d078f5,0.6269998550415039,0.3600001335144043,1638295213.612,18,far,strawberry,dawn,far,strawberry,far,strawberry,dawn,far,strawberry,5858.522872209549,2021-11-30T18:00:13.612000,1638289355.0891278
15,12,25,12,Random,-9999,2f9d525e84d078f5,0.629000186920166,0.3469998836517334,1638295214.589,25,fearful,dawn,blueberry,fearful,dawn,fearful,dawn,blueberry,fearful,dawn,5859.499872207642,2021-11-30T18:00:14.589000,1638289355.0891278
14,20,8,8,Random,-9999,2f9d525e84d078f5,0.3680000305175781,0.08299994468688965,1638295215.038,20,beach,far,sad,far,beach,beach,far,sad,far,beach,5859.948872327805,2021-11-30T18:00:15.038000,1638289355.0891278
13,5,8,5,Random,-9999,2f9d525e84d078f5,0.40600013732910156,0.07799983024597168,1638295215.52,8,above,far,happy,above,far,above,far,happy,above,far,5860.43087220192,2021-11-30T18:00:15.520000,1638289355.0891278
23,5,19,19,Random,-9999,2f9d525e84d078f5,0.35700011253356934,0.07699990272521973,1638295215.956,5,above,watermelon,sky,watermelon,above,above,watermelon,sky,watermelon,above,5860.866872310638,2021-11-30T18:00:15.956000,1638289355.0891278
13,17,27,17,Validation,19,6bce0992ca44b1ed,7.574999809265137,0.09800004959106445,1638295216.271,27,mango,dusk,happy,mango,dusk,mango,dusk,happy,mango,dusk,5861.18187212944,2021-11-30T18:00:16.271000,1638289355.0891278
0,27,22,22,Random,-9999,2f9d525e84d078f5,0.8159999847412109,0.07899999618530273,1638295216.85,27,dusk,ocean,dress,ocean,dusk,dusk,ocean,dress,ocean,dusk,5861.760872125626,2021-11-30T18:00:16.850000,1638289355.0891278
8,27,29,27,Random,-9999,2f9d525e84d078f5,0.3899998664855957,0.07800006866455078,1638295217.32,29,dusk,noon,far,dusk,noon,dusk,noon,far,dusk,noon,5862.230872154236,2021-11-30T18:00:17.320000,1638289355.0891278
17,2,15,2,Random,-9999,2f9d525e84d078f5,0.5850000381469727,0.30900001525878906,1638295218.212,15,shirt,blueberry,mango,shirt,blueberry,shirt,blueberry,mango,shirt,blueberry,5863.1228721141815,2021-11-30T18:00:18.212000,1638289355.0891278
12,18,1,1,Validation,0,6bce0992ca44b1ed,2.2289998531341553,0.16000008583068848,1638295218.645,18,strawberry,pants,fearful,pants,strawberry,strawberry,pants,fearful,pants,strawberry,5863.55587220192,2021-11-30T18:00:18.645000,1638289355.0891278
19,23,22,22,Random,-9999,2f9d525e84d078f5,0.36699986457824707,0.07800006866455078,1638295218.662,23,sky,ocean,watermelon,ocean,sky,sky,ocean,watermelon,ocean,sky,5863.572872161865,2021-11-30T18:00:18.662000,1638289355.0891278
18,19,20,19,Random,-9999,2f9d525e84d078f5,0.3819999694824219,0.0820000171661377,1638295219.121,20,watermelon,beach,strawberry,watermelon,beach,watermelon,beach,strawberry,watermelon,beach,5864.0318722724915,2021-11-30T18:00:19.121000,1638289355.0891278
5,26,18,18,Random,-9999,2f9d525e84d078f5,0.4070000648498535,0.07899999618530273,1638295219.646,26,day,strawberry,above,strawberry,day,day,strawberry,above,strawberry,day,5864.55687212944,2021-11-30T18:00:19.646000,1638289355.0891278
9,22,21,22,Random,-9999,2f9d525e84d078f5,0.34399986267089844,0.11500000953674316,1638295220.17,21,ocean,field,near,ocean,field,ocean,field,near,ocean,field,5865.080872297287,2021-11-30T18:00:20.170000,1638289355.0891278
0,9,26,26,Validation,1,6bce0992ca44b1ed,1.503000020980835,0.14100003242492676,1638295220.227,9,near,day,dress,day,near,near,day,dress,day,near,5865.137872219086,2021-11-30T18:00:20.227000,1638289355.0891278
27,24,22,24,Random,-9999,2f9d525e84d078f5,0.7220001220703125,0.1809999942779541,1638295221.224,22,sunset,ocean,dusk,sunset,ocean,sunset,ocean,dusk,sunset,ocean,5866.134872198105,2021-11-30T18:00:21.224000,1638289355.0891278
23,29,2,29,Random,-9999,2f9d525e84d078f5,0.6189999580383301,0.33100008964538574,1638295221.918,2,noon,shirt,sky,noon,shirt,noon,shirt,sky,noon,shirt,5866.828872203827,2021-11-30T18:00:21.918000,1638289355.0891278
17,19,8,19,Validation,2,6bce0992ca44b1ed,1.6499998569488525,0.0820000171661377,1638295221.958,8,watermelon,far,mango,watermelon,far,watermelon,far,mango,watermelon,far,5866.86887216568,2021-11-30T18:00:21.958000,1638289355.0891278
17,25,16,16,Random,-9999,2f9d525e84d078f5,0.3810000419616699,0.07799983024597168,1638295222.378,25,dawn,lemon,mango,lemon,dawn,dawn,lemon,mango,lemon,dawn,5867.288872241974,2021-11-30T18:00:22.378000,1638289355.0891278
7,11,3,11,Random,-9999,2f9d525e84d078f5,0.4549999237060547,0.07800006866455078,1638295222.911,3,disgust,shoes,beside,disgust,shoes,disgust,shoes,beside,disgust,shoes,5867.8218722343445,2021-11-30T18:00:22.911000,1638289355.0891278
21,5,11,11,Random,-9999,2f9d525e84d078f5,0.3400001525878906,0.08599996566772461,1638295223.335,5,above,disgust,field,disgust,above,above,disgust,field,disgust,above,5868.24587225914,2021-11-30T18:00:23.335000,1638289355.0891278
0,27,18,27,Random,-9999,2f9d525e84d078f5,0.37400007247924805,0.08599996566772461,1638295223.856,18,dusk,strawberry,dress,dusk,strawberry,dusk,strawberry,dress,dusk,strawberry,5868.766872167587,2021-11-30T18:00:23.856000,1638289355.0891278
11,28,29,28,Validation,3,6bce0992ca44b1ed,2.1069998741149902,0.07899999618530273,1638295224.227,29,night,noon,disgust,night,noon,night,noon,disgust,night,noon,5869.137872219086,2021-11-30T18:00:24.227000,1638289355.0891278
26,16,8,16,Random,-9999,2f9d525e84d078f5,0.7400000095367432,0.13899993896484375,1638295224.894,8,lemon,far,day,lemon,far,lemon,far,day,lemon,far,5869.804872274399,2021-11-30T18:00:24.894000,1638289355.0891278
12,25,28,25,Random,-9999,2f9d525e84d078f5,0.5710000991821289,0.3149998188018799,1638295225.568,28,dawn,night,fearful,dawn,night,dawn,night,fearful,dawn,night,5870.478872299194,2021-11-30T18:00:25.568000,1638289355.0891278
24,6,22,22,Random,-9999,2f9d525e84d078f5,0.309999942779541,0.10199999809265137,1638295225.975,6,below,ocean,sunset,ocean,below,below,ocean,sunset,ocean,below,5870.885872125626,2021-11-30T18:00:25.975000,1638289355.0891278
26,14,21,21,Validation,4,6bce0992ca44b1ed,1.686000108718872,0.16700005531311035,1638295226.006,14,sad,field,day,field,sad,sad,field,day,field,sad,5870.916872262955,2021-11-30T18:00:26.006000,1638289355.0891278
1,3,22,3,Random,-9999,2f9d525e84d078f5,0.5509998798370361,0.1660001277923584,1638295226.69,22,shoes,ocean,pants,shoes,ocean,shoes,ocean,pants,shoes,ocean,5871.6008722782135,2021-11-30T18:00:26.690000,1638289355.0891278
25,13,5,5,Random,-9999,2f9d525e84d078f5,0.5659999847412109,0.08700013160705566,1638295227.383,13,happy,above,dawn,above,happy,happy,above,dawn,above,happy,5872.293872117996,2021-11-30T18:00:27.383000,1638289355.0891278
14,7,26,7,Random,-9999,2f9d525e84d078f5,0.34999990463256836,0.11500000953674316,1638295227.807,26,beside,day,sad,beside,day,beside,day,sad,beside,day,5872.717872142792,2021-11-30T18:00:27.807000,1638289355.0891278
27,6,2,6,Random,-9999,2f9d525e84d078f5,0.7860000133514404,0.24900007247924805,1638295228.841,2,below,shirt,dusk,below,shirt,below,shirt,dusk,below,shirt,5873.751872301102,2021-11-30T18:00:28.841000,1638289355.0891278
1,20,12,12,Random,-9999,2f9d525e84d078f5,0.3259999752044678,0.26199984550476074,1638295229.48,20,beach,fearful,pants,fearful,beach,beach,fearful,pants,fearful,beach,5874.3908722400665,2021-11-30T18:00:29.480000,1638289355.0891278
2,5,4,4,Validation,5,6bce0992ca44b1ed,3.447000026702881,0.10700011253356934,1638295229.635,5,above,socks,shirt,socks,above,above,socks,shirt,socks,above,5874.545872211456,2021-11-30T18:00:29.635000,1638289355.0891278
23,5,20,5,Random,-9999,2f9d525e84d078f5,0.5019998550415039,0.12600016593933105,1638295230.153,20,above,beach,sky,above,beach,above,beach,sky,above,beach,5875.063872337341,2021-11-30T18:00:30.153000,1638289355.0891278
1,11,29,29,Random,-9999,2f9d525e84d078f5,0.37599992752075195,0.17300009727478027,1638295230.607,11,disgust,noon,pants,noon,disgust,disgust,noon,pants,noon,disgust,5875.517872333527,2021-11-30T18:00:30.607000,1638289355.0891278
15,21,29,21,Random,-9999,2f9d525e84d078f5,0.9210000038146973,0.07800006866455078,1638295231.607,29,field,noon,blueberry,field,noon,field,noon,blueberry,field,noon,5876.517872333527,2021-11-30T18:00:31.607000,1638289355.0891278
13,27,17,17,Validation,6,6bce0992ca44b1ed,2.3570001125335693,0.16100001335144043,1638295232.126,27,dusk,mango,happy,mango,dusk,dusk,mango,happy,mango,dusk,5877.036872148514,2021-11-30T18:00:32.126000,1638289355.0891278
27,5,26,26,Random,-9999,2f9d525e84d078f5,0.4740002155303955,0.07499980926513672,1638295232.234,5,above,day,dusk,day,above,above,day,dusk,day,above,5877.144872188568,2021-11-30T18:00:32.234000,1638289355.0891278
0,29,14,29,Random,-9999,2f9d525e84d078f5,0.39800000190734863,0.15699982643127441,1638295232.725,14,noon,sad,dress,noon,sad,noon,sad,dress,noon,sad,5877.635872125626,2021-11-30T18:00:32.725000,1638289355.0891278
26,4,16,16,Validation,7,6bce0992ca44b1ed,1.502000093460083,0.14899992942810059,1638295233.713,4,socks,lemon,day,lemon,socks,socks,lemon,day,lemon,socks,5878.623872280121,2021-11-30T18:00:33.713000,1638289355.0891278
0,16,1,16,Random,-9999,2f9d525e84d078f5,2.068000078201294,0.09200000762939453,1638295234.943,1,lemon,pants,dress,lemon,pants,lemon,pants,dress,lemon,pants,5879.853872299194,2021-11-30T18:00:34.943000,1638289355.0891278
7,16,20,20,Validation,8,6bce0992ca44b1ed,1.2590000629425049,0.07699990272521973,1638295235.054,16,lemon,beach,beside,beach,lemon,lemon,beach,beside,beach,lemon,5879.964872121811,2021-11-30T18:00:35.054000,1638289355.0891278
28,23,25,25,Random,-9999,2f9d525e84d078f5,1.003999948501587,0.14999985694885254,1638295236.021,23,sky,dawn,night,dawn,sky,sky,dawn,night,dawn,sky,5880.93187212944,2021-11-30T18:00:36.021000,1638289355.0891278
19,12,22,12,Random,-9999,2f9d525e84d078f5,0.41700005531311035,0.07400012016296387,1638295236.511,22,fearful,ocean,watermelon,fearful,ocean,fearful,ocean,watermelon,fearful,ocean,5881.421872138977,2021-11-30T18:00:36.511000,1638289355.0891278
28,0,10,10,Validation,9,6bce0992ca44b1ed,1.498000144958496,0.08800005912780762,1638295236.639,0,dress,angry,night,angry,dress,dress,angry,night,angry,dress,5881.549872159958,2021-11-30T18:00:36.639000,1638289355.0891278
25,1,17,17,Random,-9999,2f9d525e84d078f5,0.4890000820159912,0.07599997520446777,1638295237.084,1,pants,mango,dawn,mango,pants,pants,mango,dawn,mango,pants,5881.994872331619,2021-11-30T18:00:37.084000,1638289355.0891278
29,1,2,1,Random,-9999,2f9d525e84d078f5,0.46399998664855957,0.08299994468688965,1638295237.624,2,pants,shirt,noon,pants,shirt,pants,shirt,noon,pants,shirt,5882.534872293472,2021-11-30T18:00:37.624000,1638289355.0891278
0,16,12,12,Random,-9999,2f9d525e84d078f5,0.43400001525878906,0.07500004768371582,1638295238.135,16,lemon,fearful,dress,fearful,lemon,lemon,fearful,dress,fearful,lemon,5883.045872211456,2021-11-30T18:00:38.135000,1638289355.0891278
27,8,23,8,Random,-9999,2f9d525e84d078f5,0.4869999885559082,0.07700014114379883,1638295238.697,23,far,sky,dusk,far,sky,far,sky,dusk,far,sky,5883.607872247696,2021-11-30T18:00:38.697000,1638289355.0891278
2,29,7,7,Random,-9999,2f9d525e84d078f5,0.46399998664855957,0.08500003814697266,1638295239.247,29,noon,beside,shirt,beside,noon,noon,beside,shirt,beside,noon,5884.157872200012,2021-11-30T18:00:39.247000,1638289355.0891278
7,8,27,8,Random,-9999,2f9d525e84d078f5,0.4369997978210449,0.07800006866455078,1638295239.758,27,far,dusk,beside,far,dusk,far,dusk,beside,far,dusk,5884.668872117996,2021-11-30T18:00:39.758000,1638289355.0891278
25,14,2,2,Random,-9999,2f9d525e84d078f5,0.3540000915527344,0.07500004768371582,1638295240.188,14,sad,shirt,dawn,shirt,sad,sad,shirt,dawn,shirt,sad,5885.098872184753,2021-11-30T18:00:40.188000,1638289355.0891278
14,17,21,21,Validation,10,6bce0992ca44b1ed,3.6660001277923584,0.0819997787475586,1638295240.461,17,mango,field,sad,field,mango,mango,field,sad,field,mango,5885.371872186661,2021-11-30T18:00:40.461000,1638289355.0891278
3,11,23,11,Random,-9999,2f9d525e84d078f5,0.41100001335144043,0.08099985122680664,1638295240.68,23,disgust,sky,shoes,disgust,sky,disgust,sky,shoes,disgust,sky,5885.59087228775,2021-11-30T18:00:40.680000,1638289355.0891278
5,1,25,25,Random,-9999,2f9d525e84d078f5,0.4219999313354492,0.07700014114379883,1638295241.178,1,pants,dawn,above,dawn,pants,pants,dawn,above,dawn,pants,5886.08887219429,2021-11-30T18:00:41.178000,1638289355.0891278
21,2,20,2,Random,-9999,2f9d525e84d078f5,0.437999963760376,0.07800006866455078,1638295241.692,20,shirt,beach,field,shirt,beach,shirt,beach,field,shirt,beach,5886.602872133255,2021-11-30T18:00:41.692000,1638289355.0891278
5,20,14,14,Random,-9999,2f9d525e84d078f5,0.34399986267089844,0.07599997520446777,1638295242.115,20,beach,sad,above,sad,beach,beach,sad,above,sad,beach,5887.02587223053,2021-11-30T18:00:42.115000,1638289355.0891278
9,7,3,7,Random,-9999,2f9d525e84d078f5,0.3989999294281006,0.07500004768371582,1638295242.72,3,beside,shoes,near,beside,shoes,beside,shoes,near,beside,shoes,5887.630872249603,2021-11-30T18:00:42.720000,1638289355.0891278
7,13,0,13,Random,-9999,2f9d525e84d078f5,0.8350000381469727,0.2050001621246338,1638295243.767,0,happy,dress,beside,happy,dress,happy,dress,beside,happy,dress,5888.677872180939,2021-11-30T18:00:43.767000,1638289355.0891278
6,28,24,28,Validation,11,6bce0992ca44b1ed,3.300999879837036,0.13899993896484375,1638295243.895,24,night,sunset,below,night,sunset,night,sunset,below,night,sunset,5888.80587220192,2021-11-30T18:00:43.895000,1638289355.0891278
16,21,28,28,Random,-9999,2f9d525e84d078f5,0.27900004386901855,0.22899985313415527,1638295244.158,21,field,night,lemon,night,field,field,night,lemon,night,field,5889.068872213364,2021-11-30T18:00:44.158000,1638289355.0891278
28,1,29,1,Random,-9999,2f9d525e84d078f5,0.47699999809265137,0.09500002861022949,1638295244.815,29,pants,noon,night,pants,noon,pants,noon,night,pants,noon,5889.7258722782135,2021-11-30T18:00:44.815000,1638289355.0891278
8,17,16,16,Random,-9999,2f9d525e84d078f5,0.34200000762939453,0.18199992179870605,1638295245.232,17,mango,lemon,far,lemon,mango,mango,lemon,far,lemon,mango,5890.142872333527,2021-11-30T18:00:45.232000,1638289355.0891278
14,11,21,11,Random,-9999,2f9d525e84d078f5,0.41100001335144043,0.08800005912780762,1638295245.865,21,disgust,field,sad,disgust,field,disgust,field,sad,disgust,field,5890.77587223053,2021-11-30T18:00:45.865000,1638289355.0891278
8,29,12,29,Random,-9999,2f9d525e84d078f5,0.8489999771118164,0.2070000171661377,1638295246.911,12,noon,fearful,far,noon,fearful,noon,fearful,far,noon,fearful,5891.8218722343445,2021-11-30T18:00:46.911000,1638289355.0891278
7,4,16,4,Random,-9999,2f9d525e84d078f5,0.878000020980835,0.22499990463256836,1638295247.962,16,socks,lemon,beside,socks,lemon,socks,lemon,beside,socks,lemon,5892.8728721141815,2021-11-30T18:00:47.962000,1638289355.0891278
12,28,22,22,Random,-9999,2f9d525e84d078f5,0.3859999179840088,0.14800000190734863,1638295248.423,28,night,ocean,fearful,ocean,night,night,ocean,fearful,ocean,night,5893.333872318268,2021-11-30T18:00:48.423000,1638289355.0891278
13,18,22,18,Random,-9999,2f9d525e84d078f5,0.4660000801086426,0.07500004768371582,1638295249.014,22,strawberry,ocean,happy,strawberry,ocean,strawberry,ocean,happy,strawberry,ocean,5893.924872159958,2021-11-30T18:00:49.014000,1638289355.0891278
25,16,8,8,Random,-9999,2f9d525e84d078f5,0.4609999656677246,0.12599992752075195,1638295249.549,16,lemon,far,dawn,far,lemon,lemon,far,dawn,far,lemon,5894.459872245789,2021-11-30T18:00:49.549000,1638289355.0891278
28,26,29,26,Random,-9999,2f9d525e84d078f5,0.44300007820129395,0.07299995422363281,1638295250.069,29,day,noon,night,day,noon,day,noon,night,day,noon,5894.979872226715,2021-11-30T18:00:50.069000,1638289355.0891278
11,6,15,15,Random,-9999,2f9d525e84d078f5,0.4790000915527344,0.08500003814697266,1638295250.63,6,below,blueberry,disgust,blueberry,below,below,blueberry,disgust,blueberry,below,5895.540872335434,2021-11-30T18:00:50.630000,1638289355.0891278
4,10,29,10,Random,-9999,2f9d525e84d078f5,0.4500000476837158,0.07399988174438477,1638295251.154,29,angry,noon,socks,angry,noon,angry,noon,socks,angry,noon,5896.064872264862,2021-11-30T18:00:51.154000,1638289355.0891278
23,17,1,1,Random,-9999,2f9d525e84d078f5,0.4660000801086426,0.07399988174438477,1638295251.715,17,mango,pants,sky,pants,mango,mango,pants,sky,pants,mango,5896.625872135162,2021-11-30T18:00:51.715000,1638289355.0891278
3,1,5,1,Random,-9999,2f9d525e84d078f5,0.4069998264312744,0.10100007057189941,1638295252.222,5,pants,above,shoes,pants,above,pants,above,shoes,pants,above,5897.132872104645,2021-11-30T18:00:52.222000,1638289355.0891278
3,11,15,15,Random,-9999,2f9d525e84d078f5,0.34999990463256836,0.09300017356872559,1638295252.747,11,disgust,blueberry,shoes,blueberry,disgust,disgust,blueberry,shoes,blueberry,disgust,5897.657872200012,2021-11-30T18:00:52.747000,1638289355.0891278
18,28,3,28,Random,-9999,2f9d525e84d078f5,0.3730001449584961,0.17499995231628418,1638295253.271,3,night,shoes,strawberry,night,shoes,night,shoes,strawberry,night,shoes,5898.18187212944,2021-11-30T18:00:53.271000,1638289355.0891278
13,9,21,21,Random,-9999,2f9d525e84d078f5,0.36700010299682617,0.15699982643127441,1638295253.793,9,near,field,happy,field,near,near,field,happy,field,near,5898.703872203827,2021-11-30T18:00:53.793000,1638289355.0891278
7,4,0,0,Random,-9999,2f9d525e84d078f5,0.8589999675750732,0.14899992942810059,1638295254.778,4,socks,dress,beside,dress,socks,socks,dress,beside,dress,socks,5899.688872337341,2021-11-30T18:00:54.778000,1638289355.0891278
27,18,1,18,Random,-9999,2f9d525e84d078f5,0.37800002098083496,0.14599990844726562,1638295255.304,1,strawberry,pants,dusk,strawberry,pants,strawberry,pants,dusk,strawberry,pants,5900.214872121811,2021-11-30T18:00:55.304000,1638289355.0891278
28,14,16,16,Random,-9999,2f9d525e84d078f5,0.367999792098999,0.13200020790100098,1638295255.828,14,sad,lemon,night,lemon,sad,sad,lemon,night,lemon,sad,5900.738872289658,2021-11-30T18:00:55.828000,1638289355.0891278
8,6,3,6,Random,-9999,2f9d525e84d078f5,0.3340001106262207,0.1809999942779541,1638295256.349,3,below,shoes,far,below,shoes,below,shoes,far,below,shoes,5901.259872198105,2021-11-30T18:00:56.349000,1638289355.0891278
20,25,5,5,Random,-9999,2f9d525e84d078f5,0.36500000953674316,0.15899991989135742,1638295256.877,25,dawn,above,beach,above,dawn,dawn,above,beach,above,dawn,5901.787872314453,2021-11-30T18:00:56.877000,1638289355.0891278
14,3,19,3,Random,-9999,2f9d525e84d078f5,0.3840000629425049,0.16499996185302734,1638295257.398,19,shoes,watermelon,sad,shoes,watermelon,shoes,watermelon,sad,shoes,watermelon,5902.3088722229,2021-11-30T18:00:57.398000,1638289355.0891278
17,22,12,12,Random,-9999,2f9d525e84d078f5,0.35199999809265137,0.1399998664855957,1638295257.927,22,ocean,fearful,mango,fearful,ocean,ocean,fearful,mango,fearful,ocean,5902.837872266769,2021-11-30T18:00:57.927000,1638289355.0891278
28,8,13,13,Random,-9999,2f9d525e84d078f5,0.7439999580383301,0.2710001468658447,1638295258.846,8,far,happy,night,happy,far,far,happy,night,happy,far,5903.756872177124,2021-11-30T18:00:58.846000,1638289355.0891278
13,8,20,8,Random,-9999,2f9d525e84d078f5,0.3299999237060547,0.08100008964538574,1638295259.258,20,far,beach,happy,far,beach,far,beach,happy,far,beach,5904.168872117996,2021-11-30T18:00:59.258000,1638289355.0891278
29,1,5,5,Random,-9999,2f9d525e84d078f5,0.47099995613098145,0.07899999618530273,1638295259.803,1,pants,above,noon,above,pants,pants,above,noon,above,pants,5904.71387219429,2021-11-30T18:00:59.803000,1638289355.0891278
26,8,15,8,Random,-9999,2f9d525e84d078f5,0.34399986267089844,0.09800004959106445,1638295260.249,15,far,blueberry,day,far,blueberry,far,blueberry,day,far,blueberry,5905.159872293472,2021-11-30T18:01:00.249000,1638289355.0891278
10,18,11,11,Random,-9999,2f9d525e84d078f5,0.4630000591278076,0.07800006866455078,1638295260.794,18,strawberry,disgust,angry,disgust,strawberry,strawberry,disgust,angry,disgust,strawberry,5905.704872131348,2021-11-30T18:01:00.794000,1638289355.0891278
26,13,8,13,Random,-9999,2f9d525e84d078f5,0.4069998264312744,0.10000014305114746,1638295261.298,8,happy,far,day,happy,far,happy,far,day,happy,far,5906.208872318268,2021-11-30T18:01:01.298000,1638289355.0891278
12,24,25,25,Random,-9999,2f9d525e84d078f5,0.3640000820159912,0.0820000171661377,1638295261.743,24,sunset,dawn,fearful,dawn,sunset,sunset,dawn,fearful,dawn,sunset,5906.653872251511,2021-11-30T18:01:01.743000,1638289355.0891278
20,3,0,3,Random,-9999,2f9d525e84d078f5,0.4070000648498535,0.0820000171661377,1638295262.227,0,shoes,dress,beach,shoes,dress,shoes,dress,beach,shoes,dress,5907.137872219086,2021-11-30T18:01:02.227000,1638289355.0891278
7,11,14,14,Random,-9999,2f9d525e84d078f5,0.39499998092651367,0.08899998664855957,1638295262.768,11,disgust,sad,beside,sad,disgust,disgust,sad,beside,sad,disgust,5907.6788721084595,2021-11-30T18:01:02.768000,1638289355.0891278
11,19,7,7,Random,-9999,2f9d525e84d078f5,0.7860000133514404,0.16499996185302734,1638295263.685,19,watermelon,beside,disgust,beside,watermelon,watermelon,beside,disgust,beside,watermelon,5908.595872163773,2021-11-30T18:01:03.685000,1638289355.0891278
11,21,4,21,Random,-9999,2f9d525e84d078f5,0.3299999237060547,0.1940000057220459,1638295264.185,4,field,socks,disgust,field,socks,field,socks,disgust,field,socks,5909.095872163773,2021-11-30T18:01:04.185000,1638289355.0891278
5,26,2,2,Random,-9999,2f9d525e84d078f5,0.30300021171569824,0.18799996376037598,1638295264.728,26,day,shirt,above,shirt,day,day,shirt,above,shirt,day,5909.638872146606,2021-11-30T18:01:04.728000,1638289355.0891278
5,28,26,26,Random,-9999,2f9d525e84d078f5,0.7950000762939453,0.18199992179870605,1638295265.745,28,night,day,above,day,night,night,day,above,day,night,5910.655872106552,2021-11-30T18:01:05.745000,1638289355.0891278
12,1,8,1,Random,-9999,2f9d525e84d078f5,0.3409998416900635,0.16499996185302734,1638295266.158,8,pants,far,fearful,pants,far,pants,far,fearful,pants,far,5911.068872213364,2021-11-30T18:01:06.158000,1638289355.0891278
11,10,2,10,Random,-9999,2f9d525e84d078f5,0.8779997825622559,0.07300019264221191,1638295267.114,2,angry,shirt,disgust,angry,shirt,angry,shirt,disgust,angry,shirt,5912.024872303009,2021-11-30T18:01:07.114000,1638289355.0891278
13,8,6,6,Random,-9999,2f9d525e84d078f5,0.37199997901916504,0.08000016212463379,1638295267.57,8,far,below,happy,below,far,far,below,happy,below,far,5912.480872154236,2021-11-30T18:01:07.570000,1638289355.0891278
20,15,18,15,Random,-9999,2f9d525e84d078f5,0.37599992752075195,0.0839998722076416,1638295268.02,18,blueberry,strawberry,beach,blueberry,strawberry,blueberry,strawberry,beach,blueberry,strawberry,5912.93087220192,2021-11-30T18:01:08.020000,1638289355.0891278
0,18,22,22,Random,-9999,2f9d525e84d078f5,0.35900020599365234,0.07599997520446777,1638295268.456,18,strawberry,ocean,dress,ocean,strawberry,strawberry,ocean,dress,ocean,strawberry,5913.366872310638,2021-11-30T18:01:08.456000,1638289355.0891278
21,19,25,19,Random,-9999,2f9d525e84d078f5,0.3689999580383301,0.07399988174438477,1638295268.902,25,watermelon,dawn,field,watermelon,dawn,watermelon,dawn,field,watermelon,dawn,5913.812872171402,2021-11-30T18:01:08.902000,1638289355.0891278
13,9,1,1,Random,-9999,2f9d525e84d078f5,0.36299991607666016,0.08100008964538574,1638295269.342,9,near,pants,happy,pants,near,near,pants,happy,pants,near,5914.252872228622,2021-11-30T18:01:09.342000,1638289355.0891278
14,21,18,21,Random,-9999,2f9d525e84d078f5,0.48200011253356934,0.07399988174438477,1638295269.897,18,field,strawberry,sad,field,strawberry,field,strawberry,sad,field,strawberry,5914.80787229538,2021-11-30T18:01:09.897000,1638289355.0891278
15,8,24,24,Random,-9999,2f9d525e84d078f5,0.3840000629425049,0.07599997520446777,1638295270.366,8,far,sunset,blueberry,sunset,far,far,sunset,blueberry,sunset,far,5915.2768721580505,2021-11-30T18:01:10.366000,1638289355.0891278
6,11,9,11,Random,-9999,2f9d525e84d078f5,0.38300013542175293,0.0839998722076416,1638295270.823,9,disgust,near,below,disgust,near,disgust,near,below,disgust,near,5915.733872175217,2021-11-30T18:01:10.823000,1638289355.0891278
12,10,16,16,Random,-9999,2f9d525e84d078f5,0.6820001602172852,0.07499980926513672,1638295271.583,10,angry,lemon,fearful,lemon,angry,angry,lemon,fearful,lemon,angry,5916.49387216568,2021-11-30T18:01:11.583000,1638289355.0891278
17,3,14,3,Random,-9999,2f9d525e84d078f5,0.372999906539917,0.07700014114379883,1638295272.033,14,shoes,sad,mango,shoes,sad,shoes,sad,mango,shoes,sad,5916.943872213364,2021-11-30T18:01:12.033000,1638289355.0891278
23,3,29,29,Validation,12,6bce0992ca44b1ed,28.469000101089478,0.1510000228881836,1638295272.521,3,shoes,noon,sky,noon,shoes,shoes,noon,sky,noon,shoes,5917.43187212944,2021-11-30T18:01:12.521000,1638289355.0891278
28,20,2,20,Random,-9999,2f9d525e84d078f5,0.4739999771118164,0.07800006866455078,1638295272.59,2,beach,shirt,night,beach,shirt,beach,shirt,night,beach,shirt,5917.500872135162,2021-11-30T18:01:12.590000,1638289355.0891278
2,23,15,23,Random,-9999,2f9d525e84d078f5,0.5729999542236328,0.09599995613098145,1638295273.247,15,sky,blueberry,shirt,sky,blueberry,sky,blueberry,shirt,sky,blueberry,5918.157872200012,2021-11-30T18:01:13.247000,1638289355.0891278
16,12,23,12,Random,-9999,2f9d525e84d078f5,0.5519998073577881,0.07400012016296387,1638295273.878,23,fearful,sky,lemon,fearful,sky,fearful,sky,lemon,fearful,sky,5918.788872241974,2021-11-30T18:01:13.878000,1638289355.0891278
0,18,4,4,Validation,13,6bce0992ca44b1ed,1.6470000743865967,0.1509997844696045,1638295274.251,18,strawberry,socks,dress,socks,strawberry,strawberry,socks,dress,socks,strawberry,5919.161872148514,2021-11-30T18:01:14.251000,1638289355.0891278
23,22,28,22,Random,-9999,2f9d525e84d078f5,0.503000020980835,0.08000016212463379,1638295274.463,28,ocean,night,sky,ocean,night,ocean,night,sky,ocean,night,5919.373872280121,2021-11-30T18:01:14.463000,1638289355.0891278
10,15,9,15,Random,-9999,2f9d525e84d078f5,0.4939999580383301,0.07799983024597168,1638295275.036,9,blueberry,near,angry,blueberry,near,blueberry,near,angry,blueberry,near,5919.9468722343445,2021-11-30T18:01:15.036000,1638289355.0891278
9,21,10,21,Random,-9999,2f9d525e84d078f5,0.5409998893737793,0.08000016212463379,1638295275.655,10,field,angry,near,field,angry,field,angry,near,field,angry,5920.565872192383,2021-11-30T18:01:15.655000,1638289355.0891278
8,20,3,20,Random,-9999,2f9d525e84d078f5,0.47699999809265137,0.07899999618530273,1638295276.212,3,beach,shoes,far,beach,shoes,beach,shoes,far,beach,shoes,5921.1228721141815,2021-11-30T18:01:16.212000,1638289355.0891278
8,6,25,6,Validation,14,6bce0992ca44b1ed,2.138000011444092,0.08800005912780762,1638295276.547,25,below,dawn,far,below,dawn,below,dawn,far,below,dawn,5921.4578721523285,2021-11-30T18:01:16.547000,1638289355.0891278
8,19,4,19,Random,-9999,2f9d525e84d078f5,0.48600006103515625,0.07800006866455078,1638295276.769,4,watermelon,socks,far,watermelon,socks,watermelon,socks,far,watermelon,socks,5921.679872274399,2021-11-30T18:01:16.769000,1638289355.0891278
29,24,20,24,Random,-9999,2f9d525e84d078f5,0.5079998970031738,0.07200002670288086,1638295277.357,20,sunset,beach,noon,sunset,beach,sunset,beach,noon,sunset,beach,5922.267872333527,2021-11-30T18:01:17.357000,1638289355.0891278
22,13,12,13,Random,-9999,2f9d525e84d078f5,0.43600010871887207,0.07999992370605469,1638295277.872,12,happy,fearful,ocean,happy,fearful,happy,fearful,ocean,happy,fearful,5922.782872200012,2021-11-30T18:01:17.872000,1638289355.0891278
7,22,29,22,Random,-9999,2f9d525e84d078f5,0.46000003814697266,0.07999992370605469,1638295278.414,29,ocean,noon,beside,ocean,noon,ocean,noon,beside,ocean,noon,5923.324872255325,2021-11-30T18:01:18.414000,1638289355.0891278
6,28,7,28,Random,-9999,2f9d525e84d078f5,0.4760000705718994,0.07999992370605469,1638295278.966,7,night,beside,below,night,beside,night,beside,below,night,beside,5923.876872301102,2021-11-30T18:01:18.966000,1638289355.0891278
7,13,26,13,Random,-9999,2f9d525e84d078f5,0.437000036239624,0.07899999618530273,1638295279.489,26,happy,day,beside,happy,day,happy,day,beside,happy,day,5924.399872303009,2021-11-30T18:01:19.489000,1638289355.0891278
4,16,1,16,Random,-9999,2f9d525e84d078f5,0.4090001583099365,0.08999991416931152,1638295279.977,1,lemon,pants,socks,lemon,pants,lemon,pants,socks,lemon,pants,5924.887872219086,2021-11-30T18:01:19.977000,1638289355.0891278
2,13,9,9,Validation,16,6bce0992ca44b1ed,1.5999999046325684,0.2539999485015869,1638295280.403,13,happy,near,shirt,near,happy,happy,near,shirt,near,happy,5925.313872337341,2021-11-30T18:01:20.403000,1638289355.0891278
7,19,18,19,Random,-9999,2f9d525e84d078f5,0.4419999122619629,0.07399988174438477,1638295280.5,18,watermelon,strawberry,beside,watermelon,strawberry,watermelon,strawberry,beside,watermelon,strawberry,5925.410872220993,2021-11-30T18:01:20.500000,1638289355.0891278
28,25,7,25,Random,-9999,2f9d525e84d078f5,0.40400004386901855,0.08000016212463379,1638295280.983,7,dawn,beside,night,dawn,beside,dawn,beside,night,dawn,beside,5925.893872261047,2021-11-30T18:01:20.983000,1638289355.0891278
1,10,11,10,Random,-9999,2f9d525e84d078f5,0.4270000457763672,0.08099985122680664,1638295281.487,11,angry,disgust,pants,angry,disgust,angry,disgust,pants,angry,disgust,5926.397872209549,2021-11-30T18:01:21.487000,1638289355.0891278
22,27,2,27,Random,-9999,2f9d525e84d078f5,0.41499996185302734,0.08500003814697266,1638295281.989,2,dusk,shirt,ocean,dusk,shirt,dusk,shirt,ocean,dusk,shirt,5926.899872303009,2021-11-30T18:01:21.989000,1638289355.0891278
2,12,23,23,Validation,17,6bce0992ca44b1ed,1.7860000133514404,0.15599989891052246,1638295282.35,12,fearful,sky,shirt,sky,fearful,fearful,sky,shirt,sky,fearful,5927.260872125626,2021-11-30T18:01:22.350000,1638289355.0891278
10,26,20,26,Random,-9999,2f9d525e84d078f5,0.4460000991821289,0.07799983024597168,1638295282.514,20,day,beach,angry,day,beach,day,beach,angry,day,beach,5927.424872159958,2021-11-30T18:01:22.514000,1638289355.0891278
11,20,12,20,Random,-9999,2f9d525e84d078f5,0.41300010681152344,0.07899999618530273,1638295282.998,12,beach,fearful,disgust,beach,fearful,beach,fearful,disgust,beach,fearful,5927.908872127533,2021-11-30T18:01:22.998000,1638289355.0891278
16,26,7,26,Random,-9999,2f9d525e84d078f5,0.38499999046325684,0.07399988174438477,1638295283.467,7,day,beside,lemon,day,beside,day,beside,lemon,day,beside,5928.377872228622,2021-11-30T18:01:23.467000,1638289355.0891278
24,6,17,6,Random,-9999,2f9d525e84d078f5,0.38000011444091797,0.07999992370605469,1638295283.917,17,below,mango,sunset,below,mango,below,mango,sunset,below,mango,5928.827872276306,2021-11-30T18:01:23.917000,1638289355.0891278
15,19,10,19,Random,-9999,2f9d525e84d078f5,0.3730001449584961,0.07799983024597168,1638295284.374,10,watermelon,angry,blueberry,watermelon,angry,watermelon,angry,blueberry,watermelon,angry,5929.284872293472,2021-11-30T18:01:24.374000,1638289355.0891278
3,15,23,15,Random,-9999,2f9d525e84d078f5,0.37400007247924805,0.08599996566772461,1638295284.831,23,blueberry,sky,shoes,blueberry,sky,blueberry,sky,shoes,blueberry,sky,5929.741872310638,2021-11-30T18:01:24.831000,1638289355.0891278
28,10,14,14,Validation,18,6bce0992ca44b1ed,2.0139999389648438,0.6490001678466797,1638295285.085,10,angry,sad,night,sad,angry,angry,sad,night,sad,angry,5929.99587225914,2021-11-30T18:01:25.085000,1638289355.0891278
27,17,7,17,Random,-9999,2f9d525e84d078f5,0.3040001392364502,0.07499980926513672,1638295285.216,7,mango,beside,dusk,mango,beside,mango,beside,dusk,mango,beside,5930.126872301102,2021-11-30T18:01:25.216000,1638289355.0891278
16,22,14,22,Random,-9999,2f9d525e84d078f5,0.34600019454956055,0.0819997787475586,1638295285.639,14,ocean,sad,lemon,ocean,sad,ocean,sad,lemon,ocean,sad,5930.549872159958,2021-11-30T18:01:25.639000,1638289355.0891278
18,10,24,10,Random,-9999,2f9d525e84d078f5,0.3269999027252197,0.07599997520446777,1638295286.042,24,angry,sunset,strawberry,angry,sunset,angry,sunset,strawberry,angry,sunset,5930.952872276306,2021-11-30T18:01:26.042000,1638289355.0891278
23,13,11,13,Validation,19,6bce0992ca44b1ed,1.312999963760376,0.15400004386901855,1638295286.47,11,happy,disgust,sky,happy,disgust,happy,disgust,sky,happy,disgust,5931.380872249603,2021-11-30T18:01:26.470000,1638289355.0891278
6,9,16,9,Random,-9999,2f9d525e84d078f5,0.3680000305175781,0.07599997520446777,1638295286.489,16,near,lemon,below,near,lemon,near,lemon,below,near,lemon,5931.399872303009,2021-11-30T18:01:26.489000,1638289355.0891278
18,6,15,15,Random,-9999,2f9d525e84d078f5,0.4549999237060547,0.08500003814697266,1638295287.026,6,below,blueberry,strawberry,blueberry,below,below,blueberry,strawberry,blueberry,below,5931.936872243881,2021-11-30T18:01:27.026000,1638289355.0891278
20,23,0,23,Random,-9999,2f9d525e84d078f5,0.3640000820159912,0.07899999618530273,1638295287.468,0,sky,dress,beach,sky,dress,sky,dress,beach,sky,dress,5932.378872156143,2021-11-30T18:01:27.468000,1638289355.0891278
20,6,3,3,Random,-9999,2f9d525e84d078f5,0.3269999027252197,0.07599997520446777,1638295287.872,6,below,shoes,beach,shoes,below,below,shoes,beach,shoes,below,5932.782872200012,2021-11-30T18:01:27.872000,1638289355.0891278
15,9,12,9,Random,-9999,2f9d525e84d078f5,0.3169999122619629,0.07800006866455078,1638295288.268,12,near,fearful,blueberry,near,fearful,near,fearful,blueberry,near,fearful,5933.1788721084595,2021-11-30T18:01:28.268000,1638289355.0891278
7,20,16,20,Validation,0,6bce0992ca44b1ed,1.751000165939331,0.09099984169006348,1638295288.311,16,beach,lemon,beside,beach,lemon,beach,lemon,beside,beach,lemon,5933.221872329712,2021-11-30T18:01:28.311000,1638289355.0891278
20,10,28,28,Random,-9999,2f9d525e84d078f5,0.3320000171661377,0.08000016212463379,1638295288.681,10,angry,night,beach,night,angry,angry,night,beach,night,angry,5933.591872215271,2021-11-30T18:01:28.681000,1638289355.0891278
22,4,3,4,Random,-9999,2f9d525e84d078f5,0.312999963760376,0.08099985122680664,1638295289.073,3,socks,shoes,ocean,socks,shoes,socks,shoes,ocean,socks,shoes,5933.983872175217,2021-11-30T18:01:29.073000,1638289355.0891278
12,5,3,3,Random,-9999,2f9d525e84d078f5,0.3279998302459717,0.08300018310546875,1638295289.481,5,above,shoes,fearful,shoes,above,above,shoes,fearful,shoes,above,5934.391872167587,2021-11-30T18:01:29.481000,1638289355.0891278
4,21,18,18,Random,-9999,2f9d525e84d078f5,0.6729998588562012,0.07700014114379883,1638295290.239,21,field,strawberry,socks,strawberry,field,field,strawberry,socks,strawberry,field,5935.149872303009,2021-11-30T18:01:30.239000,1638289355.0891278
9,0,28,28,Random,-9999,2f9d525e84d078f5,0.6329998970031738,0.0840001106262207,1638295290.946,0,dress,night,near,night,dress,dress,night,near,night,dress,5935.856872320175,2021-11-30T18:01:30.946000,1638289355.0891278
0,9,26,26,Validation,1,6bce0992ca44b1ed,2.6740000247955322,0.08699989318847656,1638295291.14,9,near,day,dress,day,near,near,day,dress,day,near,5936.050872325897,2021-11-30T18:01:31.140000,1638289355.0891278
10,8,17,17,Random,-9999,2f9d525e84d078f5,0.6449999809265137,0.07299995422363281,1638295291.673,8,far,mango,angry,mango,far,far,mango,angry,mango,far,5936.583872318268,2021-11-30T18:01:31.673000,1638289355.0891278
29,28,26,26,Random,-9999,2f9d525e84d078f5,0.6110000610351562,0.09100008010864258,1638295292.372,28,night,day,noon,day,night,night,day,noon,day,night,5937.282872200012,2021-11-30T18:01:32.372000,1638289355.0891278
28,10,0,10,Validation,2,6bce0992ca44b1ed,1.7450001239776611,0.14899992942810059,1638295292.964,0,angry,dress,night,angry,dress,angry,dress,night,angry,dress,5937.874872207642,2021-11-30T18:01:32.964000,1638289355.0891278
28,5,22,22,Random,-9999,2f9d525e84d078f5,0.5889999866485596,0.07799983024597168,1638295293.029,5,above,ocean,night,ocean,above,above,ocean,night,ocean,above,5937.939872264862,2021-11-30T18:01:33.029000,1638289355.0891278
3,5,15,15,Random,-9999,2f9d525e84d078f5,0.6619999408721924,0.0710000991821289,1638295293.771,5,above,blueberry,shoes,blueberry,above,above,blueberry,shoes,blueberry,above,5938.68187212944,2021-11-30T18:01:33.771000,1638289355.0891278
3,13,17,17,Random,-9999,2f9d525e84d078f5,0.375,0.09400010108947754,1638295294.236,13,happy,mango,shoes,mango,happy,happy,mango,shoes,mango,happy,5939.146872282028,2021-11-30T18:01:34.236000,1638289355.0891278
0,4,7,7,Random,-9999,2f9d525e84d078f5,0.34999990463256836,0.07599997520446777,1638295294.661,4,socks,beside,dress,beside,socks,socks,beside,dress,beside,socks,5939.5718722343445,2021-11-30T18:01:34.661000,1638289355.0891278
8,7,6,6,Random,-9999,2f9d525e84d078f5,0.4570000171661377,0.07599997520446777,1638295295.192,7,beside,below,far,below,beside,beside,below,far,below,beside,5940.102872133255,2021-11-30T18:01:35.192000,1638289355.0891278
8,7,20,20,Random,-9999,2f9d525e84d078f5,0.3540000915527344,0.08100008964538574,1638295295.629,7,beside,beach,far,beach,beside,beside,beach,far,beach,beside,5940.539872169495,2021-11-30T18:01:35.629000,1638289355.0891278
21,0,22,22,Random,-9999,2f9d525e84d078f5,0.36999988555908203,0.07299995422363281,1638295296.073,0,dress,ocean,field,ocean,dress,dress,ocean,field,ocean,dress,5940.983872175217,2021-11-30T18:01:36.073000,1638289355.0891278
27,11,21,21,Random,-9999,2f9d525e84d078f5,0.4369997978210449,0.08000016212463379,1638295296.596,11,disgust,field,dusk,field,disgust,disgust,field,dusk,field,disgust,5941.506872177124,2021-11-30T18:01:36.596000,1638289355.0891278
11,12,18,18,Random,-9999,2f9d525e84d078f5,0.434999942779541,0.08000016212463379,1638295297.108,12,fearful,strawberry,disgust,strawberry,fearful,fearful,strawberry,disgust,strawberry,fearful,5942.018872261047,2021-11-30T18:01:37.108000,1638289355.0891278
23,17,14,14,Random,-9999,2f9d525e84d078f5,0.37600016593933105,0.08999991416931152,1638295297.576,17,mango,sad,sky,sad,mango,mango,sad,sky,sad,mango,5942.4868721961975,2021-11-30T18:01:37.576000,1638289355.0891278
17,10,15,15,Random,-9999,2f9d525e84d078f5,0.42999982833862305,0.07899999618530273,1638295298.081,10,angry,blueberry,mango,blueberry,angry,angry,blueberry,mango,blueberry,angry,5942.991872310638,2021-11-30T18:01:38.081000,1638289355.0891278
7,14,3,3,Random,-9999,2f9d525e84d078f5,0.3899998664855957,0.07700014114379883,1638295298.556,14,sad,shoes,beside,shoes,sad,sad,shoes,beside,shoes,sad,5943.466872215271,2021-11-30T18:01:38.556000,1638289355.0891278
14,17,21,17,Validation,4,6bce0992ca44b1ed,3.4539999961853027,0.22799992561340332,1638295298.757,21,mango,field,sad,mango,field,mango,field,sad,mango,field,5943.6678721904755,2021-11-30T18:01:38.757000,1638289355.0891278
14,6,24,24,Random,-9999,2f9d525e84d078f5,0.39299988746643066,0.08300018310546875,1638295299.024,6,below,sunset,sad,sunset,below,below,sunset,sad,sunset,below,5943.934872150421,2021-11-30T18:01:39.024000,1638289355.0891278
6,24,28,28,Validation,5,6bce0992ca44b1ed,2.5360000133514404,0.17500019073486328,1638295301.449,24,sunset,night,below,night,sunset,sunset,night,below,night,sunset,5946.359872102737,2021-11-30T18:01:41.449000,1638289355.0891278
26,4,16,16,Validation,6,6bce0992ca44b1ed,1.7430000305175781,0.15199995040893555,1638295303.275,4,socks,lemon,day,lemon,socks,socks,lemon,day,lemon,socks,5948.1858723163605,2021-11-30T18:01:43.275000,1638289355.0891278
23,11,13,13,Validation,7,6bce0992ca44b1ed,1.75600004196167,0.08999991416931152,1638295305.117,11,disgust,happy,sky,happy,disgust,disgust,happy,sky,happy,disgust,5950.02787232399,2021-11-30T18:01:45.117000,1638289355.0891278
17,8,19,19,Validation,8,6bce0992ca44b1ed,1.3919999599456787,0.08000016212463379,1638295306.586,8,far,watermelon,mango,watermelon,far,far,watermelon,mango,watermelon,far,5951.496872186661,2021-11-30T18:01:46.586000,1638289355.0891278
2,5,4,4,Validation,9,6bce0992ca44b1ed,1.4120001792907715,0.07699990272521973,1638295308.079,5,above,socks,shirt,socks,above,above,socks,shirt,socks,above,5952.989872217178,2021-11-30T18:01:48.079000,1638289355.0891278
23,3,29,29,Validation,10,6bce0992ca44b1ed,1.7400000095367432,0.08100008964538574,1638295309.902,3,shoes,noon,sky,noon,shoes,shoes,noon,sky,noon,shoes,5954.812872171402,2021-11-30T18:01:49.902000,1638289355.0891278
28,10,14,14,Validation,11,6bce0992ca44b1ed,1.7750000953674316,0.08699989318847656,1638295311.771,10,angry,sad,night,sad,angry,angry,sad,night,sad,angry,5956.68187212944,2021-11-30T18:01:51.771000,1638289355.0891278
8,6,25,6,Validation,12,6bce0992ca44b1ed,1.8960001468658447,0.09399986267089844,1638295313.757,25,below,dawn,far,below,dawn,below,dawn,far,below,dawn,5958.6678721904755,2021-11-30T18:01:53.757000,1638289355.0891278
13,27,17,17,Validation,13,6bce0992ca44b1ed,2.5480000972747803,0.09099984169006348,1638295317.459,27,dusk,mango,happy,mango,dusk,dusk,mango,happy,mango,dusk,5962.369872331619,2021-11-30T18:01:57.459000,1638289355.0891278
3,10,2,2,Random,-9999,7c4095a152196f8f,1.6070001125335693,0.1640000343322754,1638295319.224,10,angry,shirt,shoes,shirt,angry,angry,shirt,shoes,shirt,angry,5964.134872198105,2021-11-30T18:01:59.224000,1638289355.0891278
2,23,9,9,Random,-9999,7c4095a152196f8f,0.8090000152587891,0.09100008010864258,1638295320.122,23,sky,near,shirt,near,sky,sky,near,shirt,near,sky,5965.032872200012,2021-11-30T18:02:00.122000,1638289355.0891278
0,4,22,22,Random,-9999,7c4095a152196f8f,0.4509999752044678,0.07999992370605469,1638295320.645,4,socks,ocean,dress,ocean,socks,socks,ocean,dress,ocean,socks,5965.55587220192,2021-11-30T18:02:00.645000,1638289355.0891278
11,29,28,28,Validation,14,6bce0992ca44b1ed,3.072000026702881,1.1519999504089355,1638295320.713,29,noon,night,disgust,night,noon,noon,night,disgust,night,noon,5965.623872280121,2021-11-30T18:02:00.713000,1638289355.0891278
14,9,22,22,Random,-9999,7c4095a152196f8f,0.5409998893737793,0.07300019264221191,1638295321.264,9,near,ocean,sad,ocean,near,near,ocean,sad,ocean,near,5966.174872159958,2021-11-30T18:02:01.264000,1638289355.0891278
20,28,14,14,Random,-9999,7c4095a152196f8f,0.41899991035461426,0.07200002670288086,1638295321.753,28,night,sad,beach,sad,night,night,sad,beach,sad,night,5966.663872241974,2021-11-30T18:02:01.753000,1638289355.0891278
0,11,20,20,Random,-9999,7c4095a152196f8f,0.7609999179840088,0.07200002670288086,1638295322.584,11,disgust,beach,dress,beach,disgust,disgust,beach,dress,beach,disgust,5967.494872331619,2021-11-30T18:02:02.584000,1638289355.0891278
20,13,4,4,Random,-9999,7c4095a152196f8f,0.3299999237060547,0.0710000991821289,1638295322.983,13,happy,socks,beach,socks,happy,happy,socks,beach,socks,happy,5967.893872261047,2021-11-30T18:02:02.983000,1638289355.0891278
12,1,18,1,Validation,15,6bce0992ca44b1ed,5.430999994277954,0.17799997329711914,1638295326.302,18,pants,strawberry,fearful,pants,strawberry,pants,strawberry,fearful,pants,strawberry,5971.212872266769,2021-11-30T18:02:06.302000,1638289355.0891278
2,12,23,23,Validation,17,6bce0992ca44b1ed,2.75600004196167,0.15700006484985352,1638295331.364,12,fearful,sky,shirt,sky,fearful,fearful,sky,shirt,sky,fearful,5976.274872303009,2021-11-30T18:02:11.364000,1638289355.0891278
16,20,15,15,Validation,18,6bce0992ca44b1ed,1.194000005722046,0.14100003242492676,1638295332.621,20,beach,blueberry,lemon,blueberry,beach,beach,blueberry,lemon,blueberry,beach,5977.5318722724915,2021-11-30T18:02:12.621000,1638289355.0891278
8,6,25,6,Validation,1,6bce0992ca44b1ed,2.0889999866485596,0.17799997329711914,1638295337.038,25,below,dawn,far,below,dawn,below,dawn,far,below,dawn,5981.948872327805,2021-11-30T18:02:17.038000,1638289355.0891278
7,20,16,20,Validation,2,6bce0992ca44b1ed,1.5770001411437988,0.14699983596801758,1638295338.691,16,beach,lemon,beside,beach,lemon,beach,lemon,beside,beach,lemon,5983.601872205734,2021-11-30T18:02:18.691000,1638289355.0891278
2,5,4,4,Validation,3,6bce0992ca44b1ed,2.991000175476074,0.0839998722076416,1638295341.833,5,above,socks,shirt,socks,above,above,socks,shirt,socks,above,5986.74387216568,2021-11-30T18:02:21.833000,1638289355.0891278
26,16,4,16,Validation,4,6bce0992ca44b1ed,2.129999876022339,0.1360001564025879,1638295344.115,4,lemon,socks,day,lemon,socks,lemon,socks,day,lemon,socks,5989.02587223053,2021-11-30T18:02:24.115000,1638289355.0891278
4,15,7,7,Random,-9999,7c4095a152196f8f,21.32800006866455,0.06999993324279785,1638295344.388,15,blueberry,beside,socks,beside,blueberry,blueberry,beside,socks,beside,blueberry,5989.298872232437,2021-11-30T18:02:24.388000,1638289355.0891278
9,7,5,5,Random,-9999,7c4095a152196f8f,0.372999906539917,0.13400006294250488,1638295344.894,7,beside,above,near,above,beside,beside,above,near,above,beside,5989.804872274399,2021-11-30T18:02:24.894000,1638289355.0891278
2,16,1,1,Random,-9999,7c4095a152196f8f,0.5460000038146973,0.08299994468688965,1638295345.53,16,lemon,pants,shirt,pants,lemon,lemon,pants,shirt,pants,lemon,5990.440872192383,2021-11-30T18:02:25.530000,1638289355.0891278
26,21,14,21,Validation,5,6bce0992ca44b1ed,1.619999885559082,0.192000150680542,1638295345.854,14,field,sad,day,field,sad,field,sad,day,field,sad,5990.764872312546,2021-11-30T18:02:25.854000,1638289355.0891278
2,14,20,20,Random,-9999,7c4095a152196f8f,0.4930000305175781,0.08000016212463379,1638295346.091,14,sad,beach,shirt,beach,sad,sad,beach,shirt,beach,sad,5991.001872301102,2021-11-30T18:02:26.091000,1638289355.0891278
25,27,12,12,Random,-9999,7c4095a152196f8f,0.4739999771118164,0.07299995422363281,1638295346.643,27,dusk,fearful,dawn,fearful,dusk,dusk,fearful,dawn,fearful,dusk,5991.5538721084595,2021-11-30T18:02:26.643000,1638289355.0891278
3,11,7,7,Random,-9999,7c4095a152196f8f,0.3939998149871826,0.08100008964538574,1638295347.118,11,disgust,beside,shoes,beside,disgust,disgust,beside,shoes,beside,disgust,5992.028872251511,2021-11-30T18:02:27.118000,1638289355.0891278
6,8,25,25,Random,-9999,9f10e8bb319f049a,13.685999870300293,0.16700005531311035,1638295347.327,8,far,dawn,below,dawn,far,far,dawn,below,dawn,far,5992.237872123718,2021-11-30T18:02:27.327000,1638289355.0891278
2,20,12,12,Random,-9999,7c4095a152196f8f,0.41100001335144043,0.07899999618530273,1638295347.609,20,beach,fearful,shirt,fearful,beach,beach,fearful,shirt,fearful,beach,5992.519872188568,2021-11-30T18:02:27.609000,1638289355.0891278
13,27,17,17,Validation,6,6bce0992ca44b1ed,1.8199999332427979,0.0820000171661377,1638295347.752,27,dusk,mango,happy,mango,dusk,dusk,mango,happy,mango,dusk,5992.662872314453,2021-11-30T18:02:27.752000,1638289355.0891278
3,8,29,29,Random,-9999,7c4095a152196f8f,0.40000009536743164,0.0820000171661377,1638295348.087,8,far,noon,shoes,noon,far,far,noon,shoes,noon,far,5992.9978721141815,2021-11-30T18:02:28.087000,1638289355.0891278
3,16,9,9,Random,-9999,7c4095a152196f8f,0.41700005531311035,0.07399988174438477,1638295348.576,16,lemon,near,shoes,near,lemon,lemon,near,shoes,near,lemon,5993.4868721961975,2021-11-30T18:02:28.576000,1638289355.0891278
13,2,6,6,Random,-9999,7c4095a152196f8f,0.45799994468688965,0.07299995422363281,1638295349.111,2,shirt,below,happy,below,shirt,shirt,below,happy,below,shirt,5994.021872282028,2021-11-30T18:02:29.111000,1638289355.0891278
17,19,4,4,Random,-9999,7c4095a152196f8f,0.36500000953674316,0.07800006866455078,1638295349.556,19,watermelon,socks,mango,socks,watermelon,watermelon,socks,mango,socks,watermelon,5994.466872215271,2021-11-30T18:02:29.556000,1638289355.0891278
4,1,18,18,Random,-9999,7c4095a152196f8f,0.44100022315979004,0.07999992370605469,1638295350.077,1,pants,strawberry,socks,strawberry,pants,pants,strawberry,socks,strawberry,pants,5994.987872123718,2021-11-30T18:02:30.077000,1638289355.0891278
2,9,13,9,Validation,7,6bce0992ca44b1ed,2.3340001106262207,0.07800006866455078,1638295350.219,13,near,happy,shirt,near,happy,near,happy,shirt,near,happy,5995.1298723220825,2021-11-30T18:02:30.219000,1638289355.0891278
21,4,18,18,Random,-9999,7c4095a152196f8f,0.4679999351501465,0.07999992370605469,1638295350.625,4,socks,strawberry,field,strawberry,socks,socks,strawberry,field,strawberry,socks,5995.535872220993,2021-11-30T18:02:30.625000,1638289355.0891278
25,9,0,0,Random,-9999,7c4095a152196f8f,0.4440000057220459,0.07899999618530273,1638295351.147,9,near,dress,dawn,dress,near,near,dress,dawn,dress,near,5996.05787229538,2021-11-30T18:02:31.147000,1638289355.0891278
7,4,19,19,Random,-9999,7c4095a152196f8f,0.4289999008178711,0.07800006866455078,1638295351.655,4,socks,watermelon,beside,watermelon,socks,socks,watermelon,beside,watermelon,socks,5996.565872192383,2021-11-30T18:02:31.655000,1638289355.0891278
3,17,26,26,Random,-9999,7c4095a152196f8f,0.4530000686645508,0.07899999618530273,1638295352.182,17,mango,day,shoes,day,mango,mango,day,shoes,day,mango,5997.092872142792,2021-11-30T18:02:32.182000,1638289355.0891278
25,6,9,9,Random,-9999,7c4095a152196f8f,0.4119999408721924,0.07899999618530273,1638295352.677,6,below,near,dawn,near,below,below,near,dawn,near,below,5997.587872266769,2021-11-30T18:02:32.677000,1638289355.0891278
24,13,21,21,Random,-9999,9f10e8bb319f049a,5.263999938964844,0.1700000762939453,1638295352.766,13,happy,field,sunset,field,happy,happy,field,sunset,field,happy,5997.676872253418,2021-11-30T18:02:32.766000,1638289355.0891278
12,1,18,1,Validation,8,6bce0992ca44b1ed,2.5360000133514404,0.14300012588500977,1638295352.911,18,pants,strawberry,fearful,pants,strawberry,pants,strawberry,fearful,pants,strawberry,5997.8218722343445,2021-11-30T18:02:32.911000,1638289355.0891278
24,27,4,4,Random,-9999,7c4095a152196f8f,0.42799997329711914,0.07899999618530273,1638295353.184,27,dusk,socks,sunset,socks,dusk,dusk,socks,sunset,socks,dusk,5998.094872236252,2021-11-30T18:02:33.184000,1638289355.0891278
16,13,29,29,Random,-9999,7c4095a152196f8f,0.38700008392333984,0.07899999618530273,1638295353.649,13,happy,noon,lemon,noon,happy,happy,noon,lemon,noon,happy,5998.559872150421,2021-11-30T18:02:33.649000,1638289355.0891278
7,19,29,29,Random,-9999,7c4095a152196f8f,0.40400004386901855,0.07799983024597168,1638295354.128,19,watermelon,noon,beside,noon,watermelon,watermelon,noon,beside,noon,watermelon,5999.038872241974,2021-11-30T18:02:34.128000,1638289355.0891278
28,27,19,19,Random,-9999,7c4095a152196f8f,0.4220001697540283,0.07599997520446777,1638295354.63,27,dusk,watermelon,night,watermelon,dusk,dusk,watermelon,night,watermelon,dusk,5999.540872335434,2021-11-30T18:02:34.630000,1638289355.0891278
27,17,21,21,Random,-9999,7c4095a152196f8f,0.4049999713897705,0.07799983024597168,1638295355.113,17,mango,field,dusk,field,mango,mango,field,dusk,field,mango,6000.02387213707,2021-11-30T18:02:35.113000,1638289355.0891278
29,13,0,0,Random,-9999,7c4095a152196f8f,0.4270000457763672,0.07999992370605469,1638295355.619,13,happy,dress,noon,dress,happy,happy,dress,noon,dress,happy,6000.529872179031,2021-11-30T18:02:35.619000,1638289355.0891278
17,8,19,19,Validation,9,6bce0992ca44b1ed,2.6059999465942383,0.1529998779296875,1638295355.667,8,far,watermelon,mango,watermelon,far,far,watermelon,mango,watermelon,far,6000.577872276306,2021-11-30T18:02:35.667000,1638289355.0891278
28,7,0,0,Random,-9999,7c4095a152196f8f,0.3689999580383301,0.08100008964538574,1638295356.069,7,beside,dress,night,dress,beside,beside,dress,night,dress,beside,6000.979872226715,2021-11-30T18:02:36.069000,1638289355.0891278
23,1,28,28,Random,-9999,7c4095a152196f8f,0.4100000858306885,0.07999992370605469,1638295356.553,1,pants,night,sky,night,pants,pants,night,sky,night,pants,6001.46387219429,2021-11-30T18:02:36.553000,1638289355.0891278
24,18,7,7,Random,-9999,9f10e8bb319f049a,4.093000173568726,0.14999985694885254,1638295357.011,18,strawberry,beside,sunset,beside,strawberry,strawberry,beside,sunset,beside,strawberry,6001.921872138977,2021-11-30T18:02:37.011000,1638289355.0891278
10,19,2,2,Random,-9999,7c4095a152196f8f,0.43400001525878906,0.07299995422363281,1638295357.073,19,watermelon,shirt,angry,shirt,watermelon,watermelon,shirt,angry,shirt,watermelon,6001.983872175217,2021-11-30T18:02:37.073000,1638289355.0891278
15,12,11,11,Random,-9999,7c4095a152196f8f,0.40000009536743164,0.0989999771118164,1638295357.565,12,fearful,disgust,blueberry,disgust,fearful,fearful,disgust,blueberry,disgust,fearful,6002.4758722782135,2021-11-30T18:02:37.565000,1638289355.0891278
5,24,17,17,Random,-9999,7c4095a152196f8f,0.7070000171661377,0.07800006866455078,1638295358.35,24,sunset,mango,above,mango,sunset,sunset,mango,above,mango,sunset,6003.260872125626,2021-11-30T18:02:38.350000,1638289355.0891278
13,17,6,6,Random,-9999,7c4095a152196f8f,0.37799978256225586,0.07899999618530273,1638295358.8,17,mango,below,happy,below,mango,mango,below,happy,below,mango,6003.710872173309,2021-11-30T18:02:38.800000,1638289355.0891278
14,27,6,6,Random,-9999,7c4095a152196f8f,0.3040001392364502,0.07200002670288086,1638295359.182,27,dusk,below,sad,below,dusk,dusk,below,sad,below,dusk,6004.092872142792,2021-11-30T18:02:39.182000,1638289355.0891278
29,25,14,14,Random,-9999,7c4095a152196f8f,0.2630000114440918,0.08099985122680664,1638295359.526,25,dawn,sad,noon,sad,dawn,dawn,sad,noon,sad,dawn,6004.436872243881,2021-11-30T18:02:39.526000,1638289355.0891278
1,11,15,15,Random,-9999,7c4095a152196f8f,0.25799989700317383,0.07800006866455078,1638295359.859,11,disgust,blueberry,pants,blueberry,disgust,disgust,blueberry,pants,blueberry,disgust,6004.769872188568,2021-11-30T18:02:39.859000,1638289355.0891278
26,2,0,0,Random,-9999,7c4095a152196f8f,0.8819999694824219,0.3689999580383301,1638295361.261,2,shirt,dress,day,dress,shirt,shirt,dress,day,dress,shirt,6006.171872138977,2021-11-30T18:02:41.261000,1638289355.0891278
8,11,21,21,Random,-9999,7c4095a152196f8f,0.24700021743774414,0.25,1638295361.786,11,disgust,field,far,field,disgust,disgust,field,far,field,disgust,6006.6968722343445,2021-11-30T18:02:41.786000,1638289355.0891278
28,0,10,10,Validation,12,6bce0992ca44b1ed,1.7639999389648438,0.13899993896484375,1638295361.818,0,dress,angry,night,angry,dress,dress,angry,night,angry,dress,6006.728872299194,2021-11-30T18:02:41.818000,1638289355.0891278
25,21,23,23,Random,-9999,7c4095a152196f8f,0.7000000476837158,0.26599979400634766,1638295362.769,21,field,sky,dawn,sky,field,field,sky,dawn,sky,field,6007.679872274399,2021-11-30T18:02:42.769000,1638289355.0891278
7,20,10,10,Random,-9999,7c4095a152196f8f,0.34999990463256836,0.2780001163482666,1638295363.295,20,beach,angry,beside,angry,beach,beach,angry,beside,angry,beach,6008.205872297287,2021-11-30T18:02:43.295000,1638289355.0891278
26,11,2,2,Random,-9999,7c4095a152196f8f,0.5920000076293945,0.18600010871887207,1638295363.976,11,disgust,shirt,day,shirt,disgust,disgust,shirt,day,shirt,disgust,6008.886872291565,2021-11-30T18:02:43.976000,1638289355.0891278
2,12,23,23,Validation,13,6bce0992ca44b1ed,2.308000087738037,0.1510000228881836,1638295364.351,12,fearful,sky,shirt,sky,fearful,fearful,sky,shirt,sky,fearful,6009.261872291565,2021-11-30T18:02:44.351000,1638289355.0891278
22,27,14,14,Random,-9999,7c4095a152196f8f,0.25300002098083496,0.08099985122680664,1638295364.345,27,dusk,sad,ocean,sad,dusk,dusk,sad,ocean,sad,dusk,6009.255872249603,2021-11-30T18:02:44.345000,1638289355.0891278
14,29,19,29,Random,-9999,9f10e8bb319f049a,7.441999912261963,0.1679999828338623,1638295364.615,19,noon,watermelon,sad,noon,watermelon,noon,watermelon,sad,noon,watermelon,6009.52587223053,2021-11-30T18:02:44.615000,1638289355.0891278
4,1,28,28,Random,-9999,7c4095a152196f8f,0.6619999408721924,0.10700011253356934,1638295365.08,1,pants,night,socks,night,pants,pants,night,socks,night,pants,6009.990872144699,2021-11-30T18:02:45.080000,1638289355.0891278
2,1,7,7,Random,-9999,7c4095a152196f8f,0.2519998550415039,0.07500004768371582,1638295365.405,1,pants,beside,shirt,beside,pants,pants,beside,shirt,beside,pants,6010.315872192383,2021-11-30T18:02:45.405000,1638289355.0891278
15,17,22,22,Random,-9999,7c4095a152196f8f,0.2390000820159912,0.0710000991821289,1638295365.916,17,mango,ocean,blueberry,ocean,mango,mango,ocean,blueberry,ocean,mango,6010.826872110367,2021-11-30T18:02:45.916000,1638289355.0891278
11,29,28,28,Validation,14,6bce0992ca44b1ed,1.86899995803833,0.15400004386901855,1638295366.313,29,noon,night,disgust,night,noon,noon,night,disgust,night,noon,6011.223872184753,2021-11-30T18:02:46.313000,1638289355.0891278
18,20,11,11,Random,-9999,7c4095a152196f8f,0.7929999828338623,0.2709999084472656,1638295366.967,20,beach,disgust,strawberry,disgust,beach,beach,disgust,strawberry,disgust,beach,6011.877872228622,2021-11-30T18:02:46.967000,1638289355.0891278
12,26,14,14,Random,-9999,9f10e8bb319f049a,2.4539999961853027,0.15799999237060547,1638295367.235,26,day,sad,fearful,sad,day,day,sad,fearful,sad,day,6012.145872116089,2021-11-30T18:02:47.235000,1638289355.0891278
29,4,1,1,Random,-9999,7c4095a152196f8f,0.2220001220703125,0.26799988746643066,1638295367.358,4,socks,pants,noon,pants,socks,socks,pants,noon,pants,socks,6012.268872261047,2021-11-30T18:02:47.358000,1638289355.0891278
16,20,15,15,Validation,15,6bce0992ca44b1ed,1.0540001392364502,0.08800005912780762,1638295367.445,20,beach,blueberry,lemon,blueberry,beach,beach,blueberry,lemon,blueberry,beach,6012.355872154236,2021-11-30T18:02:47.445000,1638289355.0891278
7,19,21,21,Random,-9999,7c4095a152196f8f,0.6119999885559082,0.16499996185302734,1638295368.046,19,watermelon,field,beside,field,watermelon,watermelon,field,beside,field,watermelon,6012.956872224808,2021-11-30T18:02:48.046000,1638289355.0891278
23,25,28,28,Random,-9999,7c4095a152196f8f,0.3899998664855957,0.07500004768371582,1638295368.51,25,dawn,night,sky,night,dawn,dawn,night,sky,night,dawn,6013.420872211456,2021-11-30T18:02:48.510000,1638289355.0891278
5,22,18,18,Random,-9999,7c4095a152196f8f,0.34999990463256836,0.07500004768371582,1638295369.061,22,ocean,strawberry,above,strawberry,ocean,ocean,strawberry,above,strawberry,ocean,6013.971872329712,2021-11-30T18:02:49.061000,1638289355.0891278
6,26,27,27,Random,-9999,7c4095a152196f8f,0.6329998970031738,0.20100021362304688,1638295369.769,26,day,dusk,below,dusk,day,day,dusk,below,dusk,day,6014.679872274399,2021-11-30T18:02:49.769000,1638289355.0891278
23,13,11,13,Validation,16,6bce0992ca44b1ed,2.5810000896453857,0.08099985122680664,1638295370.171,11,happy,disgust,sky,happy,disgust,happy,disgust,sky,happy,disgust,6015.081872224808,2021-11-30T18:02:50.171000,1638289355.0891278
4,10,7,7,Random,-9999,7c4095a152196f8f,0.42600011825561523,0.07299995422363281,1638295370.27,10,angry,beside,socks,beside,angry,angry,beside,socks,beside,angry,6015.18087220192,2021-11-30T18:02:50.270000,1638289355.0891278
16,25,9,9,Random,-9999,7c4095a152196f8f,0.3919999599456787,0.08299994468688965,1638295370.75,25,dawn,near,lemon,near,dawn,dawn,near,lemon,near,dawn,6015.660872220993,2021-11-30T18:02:50.750000,1638289355.0891278
1,8,20,20,Random,-9999,9f10e8bb319f049a,3.383999824523926,0.15900015830993652,1638295370.771,8,far,beach,pants,beach,far,far,beach,pants,beach,far,6015.68187212944,2021-11-30T18:02:50.771000,1638289355.0891278
19,3,8,8,Random,-9999,7c4095a152196f8f,0.38499999046325684,0.08100008964538574,1638295371.21,3,shoes,far,watermelon,far,shoes,shoes,far,watermelon,far,shoes,6016.12087225914,2021-11-30T18:02:51.210000,1638289355.0891278
11,19,23,23,Random,-9999,7c4095a152196f8f,0.3840000629425049,0.07299995422363281,1638295371.667,19,watermelon,sky,disgust,sky,watermelon,watermelon,sky,disgust,sky,watermelon,6016.577872276306,2021-11-30T18:02:51.667000,1638289355.0891278
14,15,22,22,Random,-9999,7c4095a152196f8f,0.6400001049041748,0.0709998607635498,1638295372.377,15,blueberry,ocean,sad,ocean,blueberry,blueberry,ocean,sad,ocean,blueberry,6017.287872314453,2021-11-30T18:02:52.377000,1638289355.0891278
23,3,29,29,Validation,17,6bce0992ca44b1ed,1.9539999961853027,0.35199999809265137,1638295372.476,3,shoes,noon,sky,noon,shoes,shoes,noon,sky,noon,shoes,6017.386872291565,2021-11-30T18:02:52.476000,1638289355.0891278
7,0,21,21,Random,-9999,7c4095a152196f8f,0.38300013542175293,0.07499980926513672,1638295372.834,0,dress,field,beside,field,dress,dress,field,beside,field,dress,6017.744872331619,2021-11-30T18:02:52.834000,1638289355.0891278
19,20,21,21,Random,-9999,9f10e8bb319f049a,2.315000057220459,0.16700005531311035,1638295373.253,20,beach,field,watermelon,field,beach,beach,field,watermelon,field,beach,6018.163872241974,2021-11-30T18:02:53.253000,1638289355.0891278
26,29,18,18,Random,-9999,7c4095a152196f8f,0.4249999523162842,0.07299995422363281,1638295373.334,29,noon,strawberry,day,strawberry,noon,noon,strawberry,day,strawberry,noon,6018.244872331619,2021-11-30T18:02:53.334000,1638289355.0891278
0,22,17,17,Random,-9999,7c4095a152196f8f,0.33500003814697266,0.07500004768371582,1638295373.743,22,ocean,mango,dress,mango,ocean,ocean,mango,dress,mango,ocean,6018.653872251511,2021-11-30T18:02:53.743000,1638289355.0891278
23,20,10,10,Random,-9999,7c4095a152196f8f,0.3259999752044678,0.07399988174438477,1638295374.301,20,beach,angry,sky,angry,beach,beach,angry,sky,angry,beach,6019.211872339249,2021-11-30T18:02:54.301000,1638289355.0891278
22,27,6,6,Random,-9999,7c4095a152196f8f,0.4649999141693115,0.23100018501281738,1638295374.846,27,dusk,below,ocean,below,dusk,dusk,below,ocean,below,dusk,6019.756872177124,2021-11-30T18:02:54.846000,1638289355.0891278
15,4,18,18,Random,-9999,7c4095a152196f8f,0.33500003814697266,0.07999992370605469,1638295375.347,4,socks,strawberry,blueberry,strawberry,socks,socks,strawberry,blueberry,strawberry,socks,6020.257872104645,2021-11-30T18:02:55.347000,1638289355.0891278
17,21,28,28,Random,-9999,7c4095a152196f8f,0.2349998950958252,0.1660001277923584,1638295375.745,21,field,night,mango,night,field,field,night,mango,night,field,6020.655872106552,2021-11-30T18:02:55.745000,1638289355.0891278
26,27,17,17,Random,-9999,7c4095a152196f8f,0.3429999351501465,0.15700006484985352,1638295376.16,27,dusk,mango,day,mango,dusk,dusk,mango,day,mango,dusk,6021.070872306824,2021-11-30T18:02:56.160000,1638289355.0891278
19,4,10,10,Random,-9999,9f10e8bb319f049a,2.88700008392334,0.15899991989135742,1638295376.308,4,socks,angry,watermelon,angry,socks,socks,angry,watermelon,angry,socks,6021.218872308731,2021-11-30T18:02:56.308000,1638289355.0891278
14,17,21,17,Validation,18,6bce0992ca44b1ed,2.8990001678466797,0.1529998779296875,1638295376.532,21,mango,field,sad,mango,field,mango,field,sad,mango,field,6021.442872285843,2021-11-30T18:02:56.532000,1638289355.0891278
29,19,14,14,Random,-9999,7c4095a152196f8f,0.5909998416900635,0.25,1638295377.006,19,watermelon,sad,noon,sad,watermelon,watermelon,sad,noon,sad,watermelon,6021.916872262955,2021-11-30T18:02:57.006000,1638289355.0891278
25,0,1,1,Random,-9999,7c4095a152196f8f,0.3320000171661377,0.07800006866455078,1638295377.45,0,dress,pants,dawn,pants,dress,dress,pants,dawn,pants,dress,6022.360872268677,2021-11-30T18:02:57.450000,1638289355.0891278
16,22,0,0,Random,-9999,7c4095a152196f8f,0.26399993896484375,0.11100006103515625,1638295377.842,22,ocean,dress,lemon,dress,ocean,ocean,dress,lemon,dress,ocean,6022.752872228622,2021-11-30T18:02:57.842000,1638289355.0891278
9,16,19,19,Random,-9999,7c4095a152196f8f,0.24000000953674316,0.12899994850158691,1638295378.154,16,lemon,watermelon,near,watermelon,lemon,lemon,watermelon,near,watermelon,lemon,6023.064872264862,2021-11-30T18:02:58.154000,1638289355.0891278
22,21,26,26,Random,-9999,7c4095a152196f8f,0.29600000381469727,0.07200002670288086,1638295378.521,21,field,day,ocean,day,field,field,day,ocean,day,field,6023.43187212944,2021-11-30T18:02:58.521000,1638289355.0891278
15,10,19,19,Random,-9999,9f10e8bb319f049a,2.3580000400543213,0.15199995040893555,1638295378.808,10,angry,watermelon,blueberry,watermelon,angry,angry,watermelon,blueberry,watermelon,angry,6023.718872308731,2021-11-30T18:02:58.808000,1638289355.0891278
28,13,6,6,Random,-9999,7c4095a152196f8f,0.3300001621246338,0.0709998607635498,1638295378.923,13,happy,below,night,below,happy,happy,below,night,below,happy,6023.833872318268,2021-11-30T18:02:58.923000,1638289355.0891278
0,4,18,4,Validation,19,6bce0992ca44b1ed,2.7070000171661377,1.1380000114440918,1638295379.374,18,socks,strawberry,dress,socks,strawberry,socks,strawberry,dress,socks,strawberry,6024.284872293472,2021-11-30T18:02:59.374000,1638289355.0891278
12,10,14,14,Random,-9999,7c4095a152196f8f,0.37599992752075195,0.07299995422363281,1638295379.549,10,angry,sad,fearful,sad,angry,angry,sad,fearful,sad,angry,6024.459872245789,2021-11-30T18:02:59.549000,1638289355.0891278
17,27,13,13,Random,-9999,7c4095a152196f8f,0.5830001831054688,0.2669999599456787,1638295380.227,27,dusk,happy,mango,happy,dusk,dusk,happy,mango,happy,dusk,6025.137872219086,2021-11-30T18:03:00.227000,1638289355.0891278
9,21,13,13,Random,-9999,7c4095a152196f8f,0.2759997844696045,0.09200000762939453,1638295380.596,21,field,happy,near,happy,field,field,happy,near,happy,field,6025.506872177124,2021-11-30T18:03:00.596000,1638289355.0891278
23,3,9,9,Random,-9999,7c4095a152196f8f,0.33100008964538574,0.07899999618530273,1638295381.004,3,shoes,near,sky,near,shoes,shoes,near,sky,near,shoes,6025.914872169495,2021-11-30T18:03:01.004000,1638289355.0891278
22,28,20,20,Random,-9999,7c4095a152196f8f,0.3190000057220459,0.0970001220703125,1638295381.645,28,night,beach,ocean,beach,night,night,beach,ocean,beach,night,6026.55587220192,2021-11-30T18:03:01.645000,1638289355.0891278
12,29,1,1,Random,-9999,7c4095a152196f8f,0.4570000171661377,0.3019998073577881,1638295382.175,29,noon,pants,fearful,pants,noon,noon,pants,fearful,pants,noon,6027.085872173309,2021-11-30T18:03:02.175000,1638289355.0891278
20,2,28,28,Random,-9999,7c4095a152196f8f,0.32399988174438477,0.07700014114379883,1638295382.687,2,shirt,night,beach,night,shirt,shirt,night,beach,night,shirt,6027.597872257233,2021-11-30T18:03:02.687000,1638289355.0891278
28,14,16,16,Random,-9999,7c4095a152196f8f,0.3259999752044678,0.20600008964538574,1638295383.111,14,sad,lemon,night,lemon,sad,sad,lemon,night,lemon,sad,6028.021872282028,2021-11-30T18:03:03.111000,1638289355.0891278
10,26,15,15,Random,-9999,7c4095a152196f8f,0.3039999008178711,0.07899999618530273,1638295383.492,26,day,blueberry,angry,blueberry,day,day,blueberry,angry,blueberry,day,6028.40287232399,2021-11-30T18:03:03.492000,1638289355.0891278
17,4,28,28,Random,-9999,9f10e8bb319f049a,5.050000190734863,0.1529998779296875,1638295384.018,4,socks,night,mango,night,socks,socks,night,mango,night,socks,6028.9288721084595,2021-11-30T18:03:04.018000,1638289355.0891278
9,27,26,26,Random,-9999,7c4095a152196f8f,0.9649999141693115,0.26200008392333984,1638295384.794,27,dusk,day,near,day,dusk,dusk,day,near,day,dusk,6029.704872131348,2021-11-30T18:03:04.794000,1638289355.0891278
4,10,24,24,Random,-9999,7c4095a152196f8f,0.5039999485015869,0.1510000228881836,1638295385.379,10,angry,sunset,socks,sunset,angry,angry,sunset,socks,sunset,angry,6030.289872169495,2021-11-30T18:03:05.379000,1638289355.0891278
18,15,11,11,Random,-9999,7c4095a152196f8f,0.5499999523162842,0.07900023460388184,1638295386.008,15,blueberry,disgust,strawberry,disgust,blueberry,blueberry,disgust,strawberry,disgust,blueberry,6030.918872117996,2021-11-30T18:03:06.008000,1638289355.0891278
0,6,5,5,Random,-9999,7c4095a152196f8f,0.42799997329711914,0.07899999618530273,1638295386.514,6,below,above,dress,above,below,below,above,dress,above,below,6031.424872159958,2021-11-30T18:03:06.514000,1638289355.0891278
17,29,6,6,Random,-9999,7c4095a152196f8f,0.4029998779296875,0.07899999618530273,1638295386.995,29,noon,below,mango,below,noon,noon,below,mango,below,noon,6031.905872106552,2021-11-30T18:03:06.995000,1638289355.0891278
22,18,24,24,Random,-9999,7c4095a152196f8f,0.2969999313354492,0.07999992370605469,1638295387.366,18,strawberry,sunset,ocean,sunset,strawberry,strawberry,sunset,ocean,sunset,strawberry,6032.2768721580505,2021-11-30T18:03:07.366000,1638289355.0891278
26,4,6,6,Random,-9999,7c4095a152196f8f,0.5929999351501465,0.07800006866455078,1638295388.036,4,socks,below,day,below,socks,socks,below,day,below,socks,6032.9468722343445,2021-11-30T18:03:08.036000,1638289355.0891278
21,28,4,4,Random,-9999,7c4095a152196f8f,0.3280000686645508,0.0820000171661377,1638295388.451,28,night,socks,field,socks,night,night,socks,field,socks,night,6033.3618721961975,2021-11-30T18:03:08.451000,1638289355.0891278
18,21,11,11,Random,-9999,7c4095a152196f8f,0.437999963760376,0.07699990272521973,1638295388.967,21,field,disgust,strawberry,disgust,field,field,disgust,strawberry,disgust,field,6033.877872228622,2021-11-30T18:03:08.967000,1638289355.0891278
11,27,9,9,Random,-9999,9f10e8bb319f049a,5.243000030517578,0.15899991989135742,1638295389.417,27,dusk,near,disgust,near,dusk,dusk,near,disgust,near,dusk,6034.327872276306,2021-11-30T18:03:09.417000,1638289355.0891278
1,24,0,0,Random,-9999,7c4095a152196f8f,0.44299983978271484,0.08000016212463379,1638295389.491,24,sunset,dress,pants,dress,sunset,sunset,dress,pants,dress,sunset,6034.4018721580505,2021-11-30T18:03:09.491000,1638289355.0891278
1,19,8,8,Random,-9999,7c4095a152196f8f,0.3599998950958252,0.08000016212463379,1638295389.924,19,watermelon,far,pants,far,watermelon,watermelon,far,pants,far,watermelon,6034.834872245789,2021-11-30T18:03:09.924000,1638289355.0891278
13,26,20,20,Random,-9999,7c4095a152196f8f,0.4160001277923584,0.07599997520446777,1638295390.422,26,day,beach,happy,beach,day,day,beach,happy,beach,day,6035.3328721523285,2021-11-30T18:03:10.422000,1638289355.0891278
25,22,16,16,Random,-9999,7c4095a152196f8f,0.4830000400543213,0.08099985122680664,1638295390.986,22,ocean,lemon,dawn,lemon,ocean,ocean,lemon,dawn,lemon,ocean,6035.896872282028,2021-11-30T18:03:10.986000,1638289355.0891278
1,20,14,14,Random,-9999,7c4095a152196f8f,0.5019998550415039,0.07800006866455078,1638295391.566,20,beach,sad,pants,sad,beach,beach,sad,pants,sad,beach,6036.476872205734,2021-11-30T18:03:11.566000,1638289355.0891278
13,18,19,18,Random,-9999,9f10e8bb319f049a,2.256999969482422,0.14899992942810059,1638295391.825,19,strawberry,watermelon,happy,strawberry,watermelon,strawberry,watermelon,happy,strawberry,watermelon,6036.735872268677,2021-11-30T18:03:11.825000,1638289355.0891278
25,8,6,6,Random,-9999,7c4095a152196f8f,0.4200000762939453,0.07800006866455078,1638295392.064,8,far,below,dawn,below,far,far,below,dawn,below,far,6036.974872112274,2021-11-30T18:03:12.064000,1638289355.0891278
21,19,27,27,Random,-9999,7c4095a152196f8f,0.37200021743774414,0.07799983024597168,1638295392.513,19,watermelon,dusk,field,dusk,watermelon,watermelon,dusk,field,dusk,watermelon,6037.423872232437,2021-11-30T18:03:12.513000,1638289355.0891278
18,22,29,29,Random,-9999,7c4095a152196f8f,0.3970000743865967,0.07799983024597168,1638295392.99,22,ocean,noon,strawberry,noon,ocean,ocean,noon,strawberry,noon,ocean,6037.90087223053,2021-11-30T18:03:12.990000,1638289355.0891278
17,0,6,6,Random,-9999,7c4095a152196f8f,0.4010000228881836,0.0820000171661377,1638295393.471,0,dress,below,mango,below,dress,dress,below,mango,below,dress,6038.381872177124,2021-11-30T18:03:13.471000,1638289355.0891278
29,27,12,12,Random,-9999,7c4095a152196f8f,0.3950002193450928,0.07899999618530273,1638295393.945,27,dusk,fearful,noon,fearful,dusk,dusk,fearful,noon,fearful,dusk,6038.855872154236,2021-11-30T18:03:13.945000,1638289355.0891278
9,29,6,6,Random,-9999,7c4095a152196f8f,0.4289999008178711,0.07699990272521973,1638295394.45,29,noon,below,near,below,noon,noon,below,near,below,noon,6039.360872268677,2021-11-30T18:03:14.450000,1638289355.0891278
19,8,29,29,Random,-9999,7c4095a152196f8f,0.3449997901916504,0.12900018692016602,1638295394.922,8,far,noon,watermelon,noon,far,far,noon,watermelon,noon,far,6039.8328721523285,2021-11-30T18:03:14.922000,1638289355.0891278
20,4,21,21,Random,-9999,9f10e8bb319f049a,3.130000114440918,0.14899992942810059,1638295395.102,4,socks,field,beach,field,socks,socks,field,beach,field,socks,6040.012872219086,2021-11-30T18:03:15.102000,1638289355.0891278
28,16,11,11,Random,-9999,7c4095a152196f8f,0.7280001640319824,0.07500004768371582,1638295395.722,16,lemon,disgust,night,disgust,lemon,lemon,disgust,night,disgust,lemon,6040.632872104645,2021-11-30T18:03:15.722000,1638289355.0891278
11,14,25,25,Random,-9999,7c4095a152196f8f,0.94100022315979,0.07199978828430176,1638295396.736,14,sad,dawn,disgust,dawn,sad,sad,dawn,disgust,dawn,sad,6041.646872282028,2021-11-30T18:03:16.736000,1638289355.0891278
14,21,9,9,Random,-9999,9f10e8bb319f049a,1.7609999179840088,0.15799999237060547,1638295396.965,21,field,near,sad,near,field,field,near,sad,near,field,6041.875872135162,2021-11-30T18:03:16.965000,1638289355.0891278
1,6,9,9,Random,-9999,7c4095a152196f8f,0.5060000419616699,0.07299995422363281,1638295397.32,6,below,near,pants,near,below,below,near,pants,near,below,6042.230872154236,2021-11-30T18:03:17.320000,1638289355.0891278
4,20,15,15,Random,-9999,7c4095a152196f8f,0.43599987030029297,0.07899999618530273,1638295397.829,20,beach,blueberry,socks,blueberry,beach,beach,blueberry,socks,blueberry,beach,6042.739872217178,2021-11-30T18:03:17.829000,1638289355.0891278
22,17,1,1,Random,-9999,7c4095a152196f8f,0.5839998722076416,0.0710000991821289,1638295398.49,17,mango,pants,ocean,pants,mango,mango,pants,ocean,pants,mango,6043.40087223053,2021-11-30T18:03:18.490000,1638289355.0891278
4,2,29,29,Random,-9999,7c4095a152196f8f,0.4609999656677246,0.07899999618530273,1638295399.024,2,shirt,noon,socks,noon,shirt,shirt,noon,socks,noon,shirt,6043.934872150421,2021-11-30T18:03:19.024000,1638289355.0891278
22,3,10,10,Random,-9999,7c4095a152196f8f,0.37399983406066895,0.07300019264221191,1638295399.471,3,shoes,angry,ocean,angry,shoes,shoes,angry,ocean,angry,shoes,6044.381872177124,2021-11-30T18:03:19.471000,1638289355.0891278
21,13,14,14,Random,-9999,7c4095a152196f8f,0.37000012397766113,0.07200002670288086,1638295399.919,13,happy,sad,field,sad,happy,happy,sad,field,sad,happy,6044.829872131348,2021-11-30T18:03:19.919000,1638289355.0891278
13,14,12,12,Random,-9999,7c4095a152196f8f,0.4790000915527344,0.07799983024597168,1638295400.477,14,sad,fearful,happy,fearful,sad,sad,fearful,happy,fearful,sad,6045.387872219086,2021-11-30T18:03:20.477000,1638289355.0891278
11,27,7,7,Random,-9999,7c4095a152196f8f,0.437000036239624,0.07899999618530273,1638295400.994,27,dusk,beside,disgust,beside,dusk,dusk,beside,disgust,beside,dusk,6045.904872179031,2021-11-30T18:03:20.994000,1638289355.0891278
24,1,7,7,Random,-9999,9f10e8bb319f049a,4.41700005531311,0.0840001106262207,1638295401.527,1,pants,beside,sunset,beside,pants,pants,beside,sunset,beside,pants,6046.437872171402,2021-11-30T18:03:21.527000,1638289355.0891278
19,24,17,17,Random,-9999,7c4095a152196f8f,0.45800018310546875,0.0819997787475586,1638295401.535,24,sunset,mango,watermelon,mango,sunset,sunset,mango,watermelon,mango,sunset,6046.445872306824,2021-11-30T18:03:21.535000,1638289355.0891278
19,17,27,27,Random,-9999,7c4095a152196f8f,0.3600001335144043,0.08099985122680664,1638295401.973,17,mango,dusk,watermelon,dusk,mango,mango,dusk,watermelon,dusk,mango,6046.883872270584,2021-11-30T18:03:21.973000,1638289355.0891278
14,24,18,18,Random,-9999,7c4095a152196f8f,0.36100006103515625,0.08000016212463379,1638295402.412,24,sunset,strawberry,sad,strawberry,sunset,sunset,strawberry,sad,strawberry,sunset,6047.322872161865,2021-11-30T18:03:22.412000,1638289355.0891278
3,24,9,9,Random,-9999,7c4095a152196f8f,0.4630000591278076,0.07799983024597168,1638295402.955,24,sunset,near,shoes,near,sunset,sunset,near,shoes,near,sunset,6047.865872144699,2021-11-30T18:03:22.955000,1638289355.0891278
22,25,29,29,Random,-9999,7c4095a152196f8f,0.30500006675720215,0.08699989318847656,1638295403.345,25,dawn,noon,ocean,noon,dawn,dawn,noon,ocean,noon,dawn,6048.255872249603,2021-11-30T18:03:23.345000,1638289355.0891278
10,1,20,20,Random,-9999,7c4095a152196f8f,0.32000017166137695,0.07999992370605469,1638295403.745,1,pants,beach,angry,beach,pants,pants,beach,angry,beach,pants,6048.655872106552,2021-11-30T18:03:23.745000,1638289355.0891278
16,25,18,18,Random,-9999,7c4095a152196f8f,0.35899996757507324,0.08299994468688965,1638295404.187,25,dawn,strawberry,lemon,strawberry,dawn,dawn,strawberry,lemon,strawberry,dawn,6049.097872257233,2021-11-30T18:03:24.187000,1638289355.0891278
2,4,20,20,Random,-9999,7c4095a152196f8f,0.5279998779296875,0.08500003814697266,1638295404.8,4,socks,beach,shirt,beach,socks,socks,beach,shirt,beach,socks,6049.710872173309,2021-11-30T18:03:24.800000,1638289355.0891278
16,21,29,29,Random,-9999,7c4095a152196f8f,0.31599998474121094,0.08300018310546875,1638295405.194,21,field,noon,lemon,noon,field,field,noon,lemon,noon,field,6050.104872226715,2021-11-30T18:03:25.194000,1638289355.0891278
29,25,7,7,Random,-9999,7c4095a152196f8f,0.3250000476837158,0.0839998722076416,1638295405.602,25,dawn,beside,noon,beside,dawn,dawn,beside,noon,beside,dawn,6050.512872219086,2021-11-30T18:03:25.602000,1638289355.0891278
27,14,17,17,Random,-9999,7c4095a152196f8f,0.5540001392364502,0.07599997520446777,1638295406.233,14,sad,mango,dusk,mango,sad,sad,mango,dusk,mango,sad,6051.143872261047,2021-11-30T18:03:26.233000,1638289355.0891278
2,12,29,29,Random,-9999,9f10e8bb319f049a,4.870000123977661,0.14999985694885254,1638295406.55,12,fearful,noon,shirt,noon,fearful,fearful,noon,shirt,noon,fearful,6051.460872173309,2021-11-30T18:03:26.550000,1638289355.0891278
16,10,29,29,Random,-9999,7c4095a152196f8f,0.379000186920166,0.07799983024597168,1638295406.69,10,angry,noon,lemon,noon,angry,angry,noon,lemon,noon,angry,6051.6008722782135,2021-11-30T18:03:26.690000,1638289355.0891278
19,29,13,13,Random,-9999,7c4095a152196f8f,0.4369997978210449,0.07899999618530273,1638295407.207,29,noon,happy,watermelon,happy,noon,noon,happy,watermelon,happy,noon,6052.117872238159,2021-11-30T18:03:27.207000,1638289355.0891278
9,1,15,15,Random,-9999,7c4095a152196f8f,0.3280000686645508,0.08100008964538574,1638295407.614,1,pants,blueberry,near,blueberry,pants,pants,blueberry,near,blueberry,pants,6052.524872303009,2021-11-30T18:03:27.614000,1638289355.0891278
11,10,23,23,Random,-9999,7c4095a152196f8f,0.4530000686645508,0.07899999618530273,1638295408.14,10,angry,sky,disgust,sky,angry,angry,sky,disgust,sky,angry,6053.050872325897,2021-11-30T18:03:28.140000,1638289355.0891278
24,26,13,13,Random,-9999,7c4095a152196f8f,0.3510000705718994,0.07299995422363281,1638295408.57,26,day,happy,sunset,happy,day,day,happy,sunset,happy,day,6053.480872154236,2021-11-30T18:03:28.570000,1638289355.0891278
6,12,4,4,Random,-9999,7c4095a152196f8f,0.38899993896484375,0.08599996566772461,1638295409.038,12,fearful,socks,below,socks,fearful,fearful,socks,below,socks,fearful,6053.948872327805,2021-11-30T18:03:29.038000,1638289355.0891278
21,28,12,12,Random,-9999,7c4095a152196f8f,0.34399986267089844,0.07400012016296387,1638295409.462,28,night,fearful,field,fearful,night,night,fearful,field,fearful,night,6054.3728721141815,2021-11-30T18:03:29.462000,1638289355.0891278
2,18,24,24,Random,-9999,7c4095a152196f8f,0.6110000610351562,0.08299994468688965,1638295410.149,18,strawberry,sunset,shirt,sunset,strawberry,strawberry,sunset,shirt,sunset,strawberry,6055.059872150421,2021-11-30T18:03:30.149000,1638289355.0891278
7,5,26,26,Random,-9999,9f10e8bb319f049a,3.4719998836517334,0.15900015830993652,1638295410.171,5,above,day,beside,day,above,above,day,beside,day,above,6055.081872224808,2021-11-30T18:03:30.171000,1638289355.0891278
12,21,9,9,Random,-9999,7c4095a152196f8f,0.2799999713897705,0.07200002670288086,1638295410.502,21,field,near,fearful,near,field,field,near,fearful,near,field,6055.412872314453,2021-11-30T18:03:30.502000,1638289355.0891278
11,3,12,12,Random,-9999,7c4095a152196f8f,0.37400007247924805,0.07599997520446777,1638295410.952,3,shoes,fearful,disgust,fearful,shoes,shoes,fearful,disgust,fearful,shoes,6055.862872123718,2021-11-30T18:03:30.952000,1638289355.0891278
8,11,3,3,Random,-9999,7c4095a152196f8f,0.39800000190734863,0.07599997520446777,1638295411.426,11,disgust,shoes,far,shoes,disgust,disgust,shoes,far,shoes,disgust,6056.336872339249,2021-11-30T18:03:31.426000,1638289355.0891278
10,9,15,15,Random,-9999,7c4095a152196f8f,0.375,0.07500004768371582,1638295411.881,9,near,blueberry,angry,blueberry,near,near,blueberry,angry,blueberry,near,6056.791872262955,2021-11-30T18:03:31.881000,1638289355.0891278
17,7,25,25,Random,-9999,7c4095a152196f8f,0.3789999485015869,0.07899999618530273,1638295412.34,7,beside,dawn,mango,dawn,beside,beside,dawn,mango,dawn,beside,6057.250872135162,2021-11-30T18:03:32.340000,1638289355.0891278
14,6,10,10,Random,-9999,9f10e8bb319f049a,2.190999984741211,0.16300010681152344,1638295412.528,6,below,angry,sad,angry,below,below,angry,sad,angry,below,6057.438872337341,2021-11-30T18:03:32.528000,1638289355.0891278
26,17,24,24,Random,-9999,7c4095a152196f8f,0.3210000991821289,0.07999992370605469,1638295412.74,17,mango,sunset,day,sunset,mango,mango,sunset,day,sunset,mango,6057.65087223053,2021-11-30T18:03:32.740000,1638289355.0891278
5,27,16,16,Random,-9999,7c4095a152196f8f,0.33900022506713867,0.07799983024597168,1638295413.157,27,dusk,lemon,above,lemon,dusk,dusk,lemon,above,lemon,dusk,6058.067872285843,2021-11-30T18:03:33.157000,1638289355.0891278
25,27,7,7,Random,-9999,7c4095a152196f8f,0.36999988555908203,0.07899999618530273,1638295413.607,27,dusk,beside,dawn,beside,dusk,dusk,beside,dawn,beside,dusk,6058.517872333527,2021-11-30T18:03:33.607000,1638289355.0891278
4,23,1,1,Random,-9999,9b51cf3b4d5e91ff,21.05400013923645,0.1509997844696045,1638295413.653,23,sky,pants,socks,pants,sky,sky,pants,socks,pants,sky,6058.563872337341,2021-11-30T18:03:33.653000,1638289355.0891278
13,22,9,9,Random,-9999,7c4095a152196f8f,0.33899998664855957,0.07899999618530273,1638295414.024,22,ocean,near,happy,near,ocean,ocean,near,happy,near,ocean,6058.934872150421,2021-11-30T18:03:34.024000,1638289355.0891278
20,2,8,2,Random,-9999,9f10e8bb319f049a,1.5139999389648438,0.14599990844726562,1638295414.129,8,shirt,far,beach,shirt,far,shirt,far,beach,shirt,far,6059.039872169495,2021-11-30T18:03:34.129000,1638289355.0891278
26,20,24,24,Random,-9999,7c4095a152196f8f,0.33700013160705566,0.07999992370605469,1638295414.434,20,beach,sunset,day,sunset,beach,beach,sunset,day,sunset,beach,6059.344872236252,2021-11-30T18:03:34.434000,1638289355.0891278
16,5,27,27,Random,-9999,7c4095a152196f8f,0.36100006103515625,0.07199978828430176,1638295414.873,5,above,dusk,lemon,dusk,above,above,dusk,lemon,dusk,above,6059.783872127533,2021-11-30T18:03:34.873000,1638289355.0891278
1,0,20,0,Random,-9999,9b51cf3b4d5e91ff,1.6170001029968262,0.15599989891052246,1638295415.347,20,dress,beach,pants,dress,beach,dress,beach,pants,dress,beach,6060.257872104645,2021-11-30T18:03:35.347000,1638289355.0891278
0,21,22,22,Random,-9999,7c4095a152196f8f,0.4609999656677246,0.08700013160705566,1638295415.421,21,field,ocean,dress,ocean,field,field,ocean,dress,ocean,field,6060.331872224808,2021-11-30T18:03:35.421000,1638289355.0891278
20,10,4,4,Random,-9999,7c4095a152196f8f,0.41100001335144043,0.07899999618530273,1638295415.911,10,angry,socks,beach,socks,angry,angry,socks,beach,socks,angry,6060.8218722343445,2021-11-30T18:03:35.911000,1638289355.0891278
15,1,29,29,Random,-9999,7c4095a152196f8f,0.32899999618530273,0.07899999618530273,1638295416.319,1,pants,noon,blueberry,noon,pants,pants,noon,blueberry,noon,pants,6061.229872226715,2021-11-30T18:03:36.319000,1638289355.0891278
28,27,2,2,Random,-9999,7c4095a152196f8f,0.29600000381469727,0.08099985122680664,1638295416.694,27,dusk,shirt,night,shirt,dusk,dusk,shirt,night,shirt,dusk,6061.604872226715,2021-11-30T18:03:36.694000,1638289355.0891278
0,11,8,8,Random,-9999,7c4095a152196f8f,0.307999849319458,0.07800006866455078,1638295417.082,11,disgust,far,dress,far,disgust,disgust,far,dress,far,disgust,6061.992872238159,2021-11-30T18:03:37.082000,1638289355.0891278
1,21,13,13,Random,-9999,7c4095a152196f8f,0.2539999485015869,0.0820000171661377,1638295417.411,21,field,happy,pants,happy,field,field,happy,pants,happy,field,6062.3218722343445,2021-11-30T18:03:37.411000,1638289355.0891278
0,14,15,15,Random,-9999,7c4095a152196f8f,0.34999990463256836,0.07400012016296387,1638295417.835,14,sad,blueberry,dress,blueberry,sad,sad,blueberry,dress,blueberry,sad,6062.74587225914,2021-11-30T18:03:37.835000,1638289355.0891278
22,24,2,24,Random,-9999,9b51cf3b4d5e91ff,2.428999900817871,0.08000016212463379,1638295417.921,2,sunset,shirt,ocean,sunset,shirt,sunset,shirt,ocean,sunset,shirt,6062.831872224808,2021-11-30T18:03:37.921000,1638289355.0891278
14,9,15,15,Random,-9999,7c4095a152196f8f,0.4010000228881836,0.07400012016296387,1638295418.315,9,near,blueberry,sad,blueberry,near,near,blueberry,sad,blueberry,near,6063.2258722782135,2021-11-30T18:03:38.315000,1638289355.0891278
17,16,21,21,Random,-9999,7c4095a152196f8f,0.38000011444091797,0.07799983024597168,1638295418.773,16,lemon,field,mango,field,lemon,lemon,field,mango,field,lemon,6063.6838722229,2021-11-30T18:03:38.773000,1638289355.0891278
1,6,21,6,Random,-9999,9f10e8bb319f049a,4.674000024795532,0.08600020408630371,1638295418.94,21,below,field,pants,below,field,below,field,pants,below,field,6063.8508722782135,2021-11-30T18:03:38.940000,1638289355.0891278
26,11,24,24,Random,-9999,7c4095a152196f8f,0.39299988746643066,0.07899999618530273,1638295419.246,11,disgust,sunset,day,sunset,disgust,disgust,sunset,day,sunset,disgust,6064.1568722724915,2021-11-30T18:03:39.246000,1638289355.0891278
7,27,28,28,Random,-9999,7c4095a152196f8f,0.3810000419616699,0.07800006866455078,1638295419.704,27,dusk,night,beside,night,dusk,dusk,night,beside,night,dusk,6064.614872217178,2021-11-30T18:03:39.704000,1638289355.0891278
13,10,23,23,Random,-9999,7c4095a152196f8f,0.31100010871887207,0.08099985122680664,1638295420.097,10,angry,sky,happy,sky,angry,angry,sky,happy,sky,angry,6065.007872104645,2021-11-30T18:03:40.097000,1638289355.0891278
6,11,27,27,Random,-9999,7c4095a152196f8f,0.32899999618530273,0.07999992370605469,1638295420.505,11,disgust,dusk,below,dusk,disgust,disgust,dusk,below,dusk,disgust,6065.415872335434,2021-11-30T18:03:40.505000,1638289355.0891278
5,19,23,23,Random,-9999,7c4095a152196f8f,0.34600019454956055,0.07899999618530273,1638295420.93,19,watermelon,sky,above,sky,watermelon,watermelon,sky,above,sky,watermelon,6065.84087228775,2021-11-30T18:03:40.930000,1638289355.0891278
0,5,28,5,Random,-9999,9b51cf3b4d5e91ff,3.0959999561309814,0.15700006484985352,1638295421.175,28,above,night,dress,above,night,above,night,dress,above,night,6066.085872173309,2021-11-30T18:03:41.175000,1638289355.0891278
20,13,0,0,Random,-9999,7c4095a152196f8f,0.46899986267089844,0.07899999618530273,1638295421.479,13,happy,dress,beach,dress,happy,happy,dress,beach,dress,happy,6066.389872312546,2021-11-30T18:03:41.479000,1638289355.0891278
28,7,15,15,Random,-9999,7c4095a152196f8f,0.36100006103515625,0.07899999618530273,1638295421.928,7,beside,blueberry,night,blueberry,beside,beside,blueberry,night,blueberry,beside,6066.83887219429,2021-11-30T18:03:41.928000,1638289355.0891278
26,13,0,0,Random,-9999,7c4095a152196f8f,0.3169999122619629,0.09999990463256836,1638295422.333,13,happy,dress,day,dress,happy,happy,dress,day,dress,happy,6067.24387216568,2021-11-30T18:03:42.333000,1638289355.0891278
10,16,1,1,Random,-9999,7c4095a152196f8f,0.3399999141693115,0.07800006866455078,1638295422.752,16,lemon,pants,angry,pants,lemon,lemon,pants,angry,pants,lemon,6067.662872314453,2021-11-30T18:03:42.752000,1638289355.0891278
2,15,20,20,Random,-9999,7c4095a152196f8f,0.3619999885559082,0.08000016212463379,1638295423.201,15,blueberry,beach,shirt,beach,blueberry,blueberry,beach,shirt,beach,blueberry,6068.1118721961975,2021-11-30T18:03:43.201000,1638289355.0891278
25,20,28,28,Random,-9999,7c4095a152196f8f,0.33699989318847656,0.09200000762939453,1638295423.623,20,beach,night,dawn,night,beach,beach,night,dawn,night,beach,6068.533872127533,2021-11-30T18:03:43.623000,1638289355.0891278
2,6,13,13,Random,-9999,7c4095a152196f8f,0.33899998664855957,0.07800006866455078,1638295424.041,6,below,happy,shirt,happy,below,below,happy,shirt,happy,below,6068.951872110367,2021-11-30T18:03:44.041000,1638289355.0891278
2,5,20,20,Random,-9999,7c4095a152196f8f,0.36100006103515625,0.07899999618530273,1638295424.477,5,above,beach,shirt,beach,above,above,beach,shirt,beach,above,6069.387872219086,2021-11-30T18:03:44.477000,1638289355.0891278
15,25,26,26,Random,-9999,9f10e8bb319f049a,5.83299994468689,0.14499998092651367,1638295424.922,25,dawn,day,blueberry,day,dawn,dawn,day,blueberry,day,dawn,6069.8328721523285,2021-11-30T18:03:44.922000,1638289355.0891278
6,9,29,9,Random,-9999,9b51cf3b4d5e91ff,3.6490001678466797,0.1529998779296875,1638295424.98,29,near,noon,below,near,noon,near,noon,below,near,noon,6069.8908722400665,2021-11-30T18:03:44.980000,1638289355.0891278
3,10,22,22,Random,-9999,7c4095a152196f8f,0.7120001316070557,0.07399988174438477,1638295425.267,10,angry,ocean,shoes,ocean,angry,angry,ocean,shoes,ocean,angry,6070.177872180939,2021-11-30T18:03:45.267000,1638289355.0891278
25,17,12,12,Random,-9999,7c4095a152196f8f,0.3510000705718994,0.08099985122680664,1638295425.698,17,mango,fearful,dawn,fearful,mango,mango,fearful,dawn,fearful,mango,6070.608872175217,2021-11-30T18:03:45.698000,1638289355.0891278
8,27,21,21,Random,-9999,7c4095a152196f8f,0.492999792098999,0.08100008964538574,1638295426.272,27,dusk,field,far,field,dusk,dusk,field,far,field,dusk,6071.18287229538,2021-11-30T18:03:46.272000,1638289355.0891278
28,2,3,3,Random,-9999,7c4095a152196f8f,0.34800004959106445,0.07899999618530273,1638295426.711,2,shirt,shoes,night,shoes,shirt,shirt,shoes,night,shoes,shirt,6071.621872186661,2021-11-30T18:03:46.711000,1638289355.0891278
10,12,3,12,Random,-9999,9b51cf3b4d5e91ff,2.077000141143799,0.19899988174438477,1638295427.269,3,fearful,shoes,angry,fearful,shoes,fearful,shoes,angry,fearful,shoes,6072.179872274399,2021-11-30T18:03:47.269000,1638289355.0891278
3,22,2,2,Random,-9999,7c4095a152196f8f,0.8269999027252197,0.26200008392333984,1638295427.827,22,ocean,shirt,shoes,shirt,ocean,ocean,shirt,shoes,shirt,ocean,6072.737872123718,2021-11-30T18:03:47.827000,1638289355.0891278
28,0,14,14,Random,-9999,7c4095a152196f8f,0.24099993705749512,0.11899995803833008,1638295428.352,0,dress,sad,night,sad,dress,dress,sad,night,sad,dress,6073.262872219086,2021-11-30T18:03:48.352000,1638289355.0891278
5,29,28,28,Random,-9999,7c4095a152196f8f,0.9040000438690186,0.2980000972747803,1638295429.342,29,noon,night,above,night,noon,noon,night,above,night,noon,6074.252872228622,2021-11-30T18:03:49.342000,1638289355.0891278
7,21,2,2,Random,-9999,9f10e8bb319f049a,4.2809998989105225,0.16100001335144043,1638295429.368,21,field,shirt,beside,shirt,field,field,shirt,beside,shirt,field,6074.278872251511,2021-11-30T18:03:49.368000,1638289355.0891278
4,11,23,23,Random,-9999,9b51cf3b4d5e91ff,2.4589998722076416,0.15000009536743164,1638295429.865,11,disgust,sky,socks,sky,disgust,disgust,sky,socks,sky,disgust,6074.77587223053,2021-11-30T18:03:49.865000,1638289355.0891278
12,4,25,25,Random,-9999,7c4095a152196f8f,0.375,0.08999991416931152,1638295429.87,4,socks,dawn,fearful,dawn,socks,socks,dawn,fearful,dawn,socks,6074.780872106552,2021-11-30T18:03:49.870000,1638289355.0891278
24,5,10,10,Random,-9999,7c4095a152196f8f,0.42799997329711914,0.13700008392333984,1638295430.386,5,above,angry,sunset,angry,above,above,angry,sunset,angry,above,6075.296872138977,2021-11-30T18:03:50.386000,1638289355.0891278
28,2,3,3,Random,-9999,7c4095a152196f8f,0.33899998664855957,0.08699989318847656,1638295430.912,2,shirt,shoes,night,shoes,shirt,shirt,shoes,night,shoes,shirt,6075.822872161865,2021-11-30T18:03:50.912000,1638289355.0891278
1,7,22,22,Random,-9999,7c4095a152196f8f,0.2389998435974121,0.20200014114379883,1638295431.436,7,beside,ocean,pants,ocean,beside,beside,ocean,pants,ocean,beside,6076.346872329712,2021-11-30T18:03:51.436000,1638289355.0891278
20,15,23,23,Random,-9999,7c4095a152196f8f,0.6599998474121094,0.2710001468658447,1638295432.171,15,blueberry,sky,beach,sky,blueberry,blueberry,sky,beach,sky,blueberry,6077.081872224808,2021-11-30T18:03:52.171000,1638289355.0891278
4,29,23,29,Random,-9999,9f10e8bb319f049a,2.680000066757202,0.14700007438659668,1638295432.2,23,noon,sky,socks,noon,sky,noon,sky,socks,noon,sky,6077.110872268677,2021-11-30T18:03:52.200000,1638289355.0891278
11,23,25,25,Random,-9999,7c4095a152196f8f,0.2569999694824219,0.0710000991821289,1638295432.499,23,sky,dawn,disgust,dawn,sky,sky,dawn,disgust,dawn,sky,6077.409872293472,2021-11-30T18:03:52.499000,1638289355.0891278
17,7,11,11,Random,-9999,7c4095a152196f8f,0.2689998149871826,0.07400012016296387,1638295433.009,7,beside,disgust,mango,disgust,beside,beside,disgust,mango,disgust,beside,6077.919872283936,2021-11-30T18:03:53.009000,1638289355.0891278
29,12,24,24,Random,-9999,7c4095a152196f8f,0.2710001468658447,0.24300003051757812,1638295433.532,12,fearful,sunset,noon,sunset,fearful,fearful,sunset,noon,sunset,fearful,6078.442872285843,2021-11-30T18:03:53.532000,1638289355.0891278
20,27,13,13,Random,-9999,9b51cf3b4d5e91ff,1.49399995803833,0.1809999942779541,1638295433.606,27,dusk,happy,beach,happy,dusk,dusk,happy,beach,happy,dusk,6078.516872167587,2021-11-30T18:03:53.606000,1638289355.0891278
10,8,11,11,Random,-9999,7c4095a152196f8f,0.24099993705749512,0.25099992752075195,1638295434.055,8,far,disgust,angry,disgust,far,far,disgust,angry,disgust,far,6078.96587228775,2021-11-30T18:03:54.055000,1638289355.0891278
6,27,21,21,Random,-9999,7c4095a152196f8f,0.4179999828338623,0.2999999523162842,1638295434.569,27,dusk,field,below,field,dusk,dusk,field,below,field,dusk,6079.479872226715,2021-11-30T18:03:54.569000,1638289355.0891278
22,18,12,18,Random,-9999,9f10e8bb319f049a,2.7189998626708984,0.15200018882751465,1638295435.081,12,strawberry,fearful,ocean,strawberry,fearful,strawberry,fearful,ocean,strawberry,fearful,6079.991872310638,2021-11-30T18:03:55.081000,1638289355.0891278
16,28,13,13,Random,-9999,7c4095a152196f8f,0.2990000247955322,0.07800006866455078,1638295435.104,28,night,happy,lemon,happy,night,night,happy,lemon,happy,night,6080.014872312546,2021-11-30T18:03:55.104000,1638289355.0891278
28,29,25,25,Random,-9999,7c4095a152196f8f,0.3810000419616699,0.23799991607666016,1638295435.566,29,noon,dawn,night,dawn,noon,noon,dawn,night,dawn,noon,6080.476872205734,2021-11-30T18:03:55.566000,1638289355.0891278
28,21,27,27,Random,-9999,7c4095a152196f8f,0.28600001335144043,0.07500004768371582,1638295435.923,21,field,dusk,night,dusk,field,field,dusk,night,dusk,field,6080.833872318268,2021-11-30T18:03:55.923000,1638289355.0891278
5,20,18,18,Random,-9999,9b51cf3b4d5e91ff,2.43500018119812,0.17100000381469727,1638295436.269,20,beach,strawberry,above,strawberry,beach,beach,strawberry,above,strawberry,beach,6081.179872274399,2021-11-30T18:03:56.269000,1638289355.0891278
4,6,8,8,Random,-9999,7c4095a152196f8f,0.5310001373291016,0.23799991607666016,1638295436.691,6,below,far,socks,far,below,below,far,socks,far,below,6081.601872205734,2021-11-30T18:03:56.691000,1638289355.0891278
17,10,22,22,Random,-9999,7c4095a152196f8f,0.33699989318847656,0.07200002670288086,1638295437.198,10,angry,ocean,mango,ocean,angry,angry,ocean,mango,ocean,angry,6082.108872175217,2021-11-30T18:03:57.198000,1638289355.0891278
7,9,14,14,Random,-9999,7c4095a152196f8f,0.2709999084472656,0.1700000762939453,1638295437.589,9,near,sad,beside,sad,near,near,sad,beside,sad,near,6082.499872207642,2021-11-30T18:03:57.589000,1638289355.0891278
14,17,28,28,Random,-9999,7c4095a152196f8f,0.24900007247924805,0.11899995803833008,1638295437.912,17,mango,night,sad,night,mango,mango,night,sad,night,mango,6082.822872161865,2021-11-30T18:03:57.912000,1638289355.0891278
25,10,6,6,Random,-9999,7c4095a152196f8f,0.5049998760223389,0.07500004768371582,1638295438.49,10,angry,below,dawn,below,angry,angry,below,dawn,below,angry,6083.40087223053,2021-11-30T18:03:58.490000,1638289355.0891278
5,14,4,4,Random,-9999,9b51cf3b4d5e91ff,2.182000160217285,0.15799999237060547,1638295438.617,14,sad,socks,above,socks,sad,sad,socks,above,socks,sad,6083.52787232399,2021-11-30T18:03:58.617000,1638289355.0891278
2,24,7,7,Random,-9999,7c4095a152196f8f,0.2539999485015869,0.1530001163482666,1638295438.897,24,sunset,beside,shirt,beside,sunset,sunset,beside,shirt,beside,sunset,6083.80787229538,2021-11-30T18:03:58.897000,1638289355.0891278
0,18,14,14,Random,-9999,7c4095a152196f8f,0.2709999084472656,0.07400012016296387,1638295439.242,18,strawberry,sad,dress,sad,strawberry,strawberry,sad,dress,sad,strawberry,6084.15287232399,2021-11-30T18:03:59.242000,1638289355.0891278
15,27,3,27,Random,-9999,9f10e8bb319f049a,4.03600001335144,0.17799997329711914,1638295439.272,3,dusk,shoes,blueberry,dusk,shoes,dusk,shoes,blueberry,dusk,shoes,6084.18287229538,2021-11-30T18:03:59.272000,1638289355.0891278
6,16,1,1,Random,-9999,7c4095a152196f8f,0.3340001106262207,0.07399988174438477,1638295439.656,16,lemon,pants,below,pants,lemon,lemon,pants,below,pants,lemon,6084.566872119904,2021-11-30T18:03:59.656000,1638289355.0891278
20,4,6,6,Random,-9999,7c4095a152196f8f,0.2990000247955322,0.07800006866455078,1638295440.027,4,socks,below,beach,below,socks,socks,below,beach,below,socks,6084.937872171402,2021-11-30T18:04:00.027000,1638289355.0891278
2,26,27,27,Random,-9999,7c4095a152196f8f,0.4570000171661377,0.07399988174438477,1638295440.565,26,day,dusk,shirt,dusk,day,day,dusk,shirt,dusk,day,6085.4758722782135,2021-11-30T18:04:00.565000,1638289355.0891278
13,15,6,6,Random,-9999,7c4095a152196f8f,0.31599998474121094,0.0839998722076416,1638295440.963,15,blueberry,below,happy,below,blueberry,blueberry,below,happy,below,blueberry,6085.873872280121,2021-11-30T18:04:00.963000,1638289355.0891278
11,12,19,19,Random,-9999,7c4095a152196f8f,0.2969999313354492,0.08000016212463379,1638295441.34,12,fearful,watermelon,disgust,watermelon,fearful,fearful,watermelon,disgust,watermelon,fearful,6086.250872135162,2021-11-30T18:04:01.340000,1638289355.0891278
21,25,7,7,Random,-9999,7c4095a152196f8f,0.28800010681152344,0.0819997787475586,1638295441.703,25,dawn,beside,field,beside,dawn,dawn,beside,field,beside,dawn,6086.613872289658,2021-11-30T18:04:01.703000,1638289355.0891278
15,19,8,8,Random,-9999,7c4095a152196f8f,0.3429999351501465,0.07299995422363281,1638295442.127,19,watermelon,far,blueberry,far,watermelon,watermelon,far,blueberry,far,watermelon,6087.037872314453,2021-11-30T18:04:02.127000,1638289355.0891278
20,27,0,0,Random,-9999,7c4095a152196f8f,0.29200005531311035,0.0840001106262207,1638295442.5,27,dusk,dress,beach,dress,dusk,dusk,dress,beach,dress,dusk,6087.410872220993,2021-11-30T18:04:02.500000,1638289355.0891278
4,10,12,12,Random,-9999,9b51cf3b4d5e91ff,4.753999948501587,0.13400006294250488,1638295443.501,10,angry,fearful,socks,fearful,angry,angry,fearful,socks,fearful,angry,6088.411872148514,2021-11-30T18:04:03.501000,1638289355.0891278
5,20,3,20,Random,-9999,9f10e8bb319f049a,5.473999977111816,0.13400006294250488,1638295444.89,3,beach,shoes,above,beach,shoes,beach,shoes,above,beach,shoes,6089.800872325897,2021-11-30T18:04:04.890000,1638289355.0891278
14,5,23,23,Random,-9999,9f10e8bb319f049a,2.5329999923706055,0.16100001335144043,1638295447.577,5,above,sky,sad,sky,above,above,sky,sad,sky,above,6092.487872123718,2021-11-30T18:04:07.577000,1638289355.0891278
29,18,9,9,Random,-9999,9f10e8bb319f049a,4.829999923706055,0.15899991989135742,1638295452.575,18,strawberry,near,noon,near,strawberry,strawberry,near,noon,near,strawberry,6097.485872268677,2021-11-30T18:04:12.575000,1638289355.0891278
19,20,25,20,Random,-9999,9f10e8bb319f049a,8.056999921798706,0.15400004386901855,1638295460.767,25,beach,dawn,watermelon,beach,dawn,beach,dawn,watermelon,beach,dawn,6105.677872180939,2021-11-30T18:04:20.767000,1638289355.0891278
11,5,9,9,Random,-9999,9b51cf3b4d5e91ff,20.80999994277954,0.16300010681152344,1638295464.468,5,above,near,disgust,near,above,above,near,disgust,near,above,6109.378872156143,2021-11-30T18:04:24.468000,1638289355.0891278
1,25,14,25,Random,-9999,9f10e8bb319f049a,4.180000066757202,0.14400005340576172,1638295465.099,14,dawn,sad,pants,dawn,sad,dawn,sad,pants,dawn,sad,6110.009872198105,2021-11-30T18:04:25.099000,1638289355.0891278
9,12,23,23,Random,-9999,9b51cf3b4d5e91ff,2.6989998817443848,0.23000001907348633,1638295467.405,12,fearful,sky,near,sky,fearful,fearful,sky,near,sky,fearful,6112.315872192383,2021-11-30T18:04:27.405000,1638289355.0891278
27,5,9,9,Random,-9999,9f10e8bb319f049a,2.5959999561309814,0.1640000343322754,1638295467.856,5,above,near,dusk,near,above,above,near,dusk,near,above,6112.766872167587,2021-11-30T18:04:27.856000,1638289355.0891278
14,8,1,8,Random,-9999,9b51cf3b4d5e91ff,2.4670000076293945,0.1550002098083496,1638295470.026,1,far,pants,sad,far,pants,far,pants,sad,far,pants,6114.936872243881,2021-11-30T18:04:30.026000,1638289355.0891278
6,27,25,25,Random,-9999,9f10e8bb319f049a,2.6110000610351562,0.14899992942810059,1638295470.633,27,dusk,dawn,below,dawn,dusk,dusk,dawn,below,dawn,dusk,6115.543872117996,2021-11-30T18:04:30.633000,1638289355.0891278
22,26,8,26,Random,-9999,9f10e8bb319f049a,1.7929999828338623,0.16300010681152344,1638295472.586,8,day,far,ocean,day,far,day,far,ocean,day,far,6117.496872186661,2021-11-30T18:04:32.586000,1638289355.0891278
1,29,6,6,Random,-9999,9f10e8bb319f049a,1.992999792098999,0.16200017929077148,1638295474.731,29,noon,below,pants,below,noon,noon,below,pants,below,noon,6119.641872167587,2021-11-30T18:04:34.731000,1638289355.0891278
14,13,2,13,Random,-9999,9b51cf3b4d5e91ff,5.235999822616577,0.14499998092651367,1638295475.405,2,happy,shirt,sad,happy,shirt,happy,shirt,sad,happy,shirt,6120.315872192383,2021-11-30T18:04:35.405000,1638289355.0891278
25,21,18,21,Random,-9999,9f10e8bb319f049a,1.8869998455047607,0.1360001564025879,1638295476.69,18,field,strawberry,dawn,field,strawberry,field,strawberry,dawn,field,strawberry,6121.6008722782135,2021-11-30T18:04:36.690000,1638289355.0891278
18,22,15,15,Random,-9999,9f10e8bb319f049a,2.259999990463257,0.08600020408630371,1638295479.099,22,ocean,blueberry,strawberry,blueberry,ocean,ocean,blueberry,strawberry,blueberry,ocean,6124.009872198105,2021-11-30T18:04:39.099000,1638289355.0891278
23,10,15,10,Random,-9999,9b51cf3b4d5e91ff,4.226000070571899,0.16100001335144043,1638295479.806,15,angry,blueberry,sky,angry,blueberry,angry,blueberry,sky,angry,blueberry,6124.716872215271,2021-11-30T18:04:39.806000,1638289355.0891278
7,15,29,29,Random,-9999,9f10e8bb319f049a,1.686000108718872,0.16699981689453125,1638295480.897,15,blueberry,noon,beside,noon,blueberry,blueberry,noon,beside,noon,blueberry,6125.80787229538,2021-11-30T18:04:40.897000,1638289355.0891278
22,18,2,2,Random,-9999,9f10e8bb319f049a,4.496000051498413,0.09299993515014648,1638295485.536,18,strawberry,shirt,ocean,shirt,strawberry,strawberry,shirt,ocean,shirt,strawberry,6130.4468722343445,2021-11-30T18:04:45.536000,1638289355.0891278
11,5,29,5,Random,-9999,9b51cf3b4d5e91ff,6.773000001907349,0.1699998378753662,1638295486.751,29,above,noon,disgust,above,noon,above,noon,disgust,above,noon,6131.661872148514,2021-11-30T18:04:46.751000,1638289355.0891278
20,8,4,8,Random,-9999,9f10e8bb319f049a,1.7350001335144043,0.16199994087219238,1638295487.382,4,far,socks,beach,far,socks,far,socks,beach,far,socks,6132.2928721904755,2021-11-30T18:04:47.382000,1638289355.0891278
4,14,17,14,Random,-9999,9f10e8bb319f049a,1.8970000743865967,0.08099985122680664,1638295489.358,17,sad,mango,socks,sad,mango,sad,mango,socks,sad,mango,6134.268872261047,2021-11-30T18:04:49.358000,1638289355.0891278
9,18,24,24,Random,-9999,9f10e8bb319f049a,1.9879999160766602,0.07899999618530273,1638295491.499,18,strawberry,sunset,near,sunset,strawberry,strawberry,sunset,near,sunset,strawberry,6136.409872293472,2021-11-30T18:04:51.499000,1638289355.0891278
12,24,20,24,Random,-9999,9b51cf3b4d5e91ff,5.267999887466431,0.1700000762939453,1638295492.179,20,sunset,beach,fearful,sunset,beach,sunset,beach,fearful,sunset,beach,6137.089872121811,2021-11-30T18:04:52.179000,1638289355.0891278
1,26,28,28,Random,-9999,9b51cf3b4d5e91ff,2.7029998302459717,0.16200017929077148,1638295495.048,26,day,night,pants,night,day,day,night,pants,night,day,6139.958872318268,2021-11-30T18:04:55.048000,1638289355.0891278
15,28,0,0,Random,-9999,9f10e8bb319f049a,5.769999980926514,0.14800000190734863,1638295497.389,28,night,dress,blueberry,dress,night,night,dress,blueberry,dress,night,6142.299872159958,2021-11-30T18:04:57.389000,1638289355.0891278
7,8,11,8,Random,-9999,9f10e8bb319f049a,7.632999897003174,0.14400005340576172,1638295505.183,11,far,disgust,beside,far,disgust,far,disgust,beside,far,disgust,6150.093872308731,2021-11-30T18:05:05.183000,1638289355.0891278
20,6,10,6,Random,-9999,9f10e8bb319f049a,1.6409997940063477,0.15200018882751465,1638295506.908,10,below,angry,beach,below,angry,below,angry,beach,below,angry,6151.818872213364,2021-11-30T18:05:06.908000,1638289355.0891278
29,12,15,15,Random,-9999,9b51cf3b4d5e91ff,11.924999952316284,0.13100004196166992,1638295507.113,12,fearful,blueberry,noon,blueberry,fearful,fearful,blueberry,noon,blueberry,fearful,6152.02387213707,2021-11-30T18:05:07.113000,1638289355.0891278
9,23,27,27,Random,-9999,9f10e8bb319f049a,3.1559998989105225,0.08500003814697266,1638295510.211,23,sky,dusk,near,dusk,sky,sky,dusk,near,dusk,sky,6155.121872186661,2021-11-30T18:05:10.211000,1638289355.0891278
15,5,16,16,Random,-9999,9f10e8bb319f049a,1.817000150680542,0.15400004386901855,1638295512.119,5,above,lemon,blueberry,lemon,above,above,lemon,blueberry,lemon,above,6157.029872179031,2021-11-30T18:05:12.119000,1638289355.0891278
17,10,18,18,Random,-9999,9b51cf3b4d5e91ff,3.8949999809265137,0.22499990463256836,1638295513.336,10,angry,strawberry,mango,strawberry,angry,angry,strawberry,mango,strawberry,angry,6158.246872186661,2021-11-30T18:05:13.336000,1638289355.0891278
26,17,14,17,Random,-9999,9b51cf3b4d5e91ff,1.8809998035430908,0.16700005531311035,1638295515.289,14,mango,sad,day,mango,sad,mango,sad,day,mango,sad,6160.199872255325,2021-11-30T18:05:15.289000,1638289355.0891278
10,3,27,27,Random,-9999,9f10e8bb319f049a,3.0450000762939453,0.0839998722076416,1638295515.308,3,shoes,dusk,angry,dusk,shoes,shoes,dusk,angry,dusk,shoes,6160.218872308731,2021-11-30T18:05:15.308000,1638289355.0891278
9,14,1,1,Random,-9999,9b51cf3b4d5e91ff,2.0179998874664307,0.08700013160705566,1638295517.463,14,sad,pants,near,pants,sad,sad,pants,near,pants,sad,6162.373872280121,2021-11-30T18:05:17.463000,1638289355.0891278
0,21,12,21,Random,-9999,9f10e8bb319f049a,2.8559999465942383,0.13899993896484375,1638295518.301,12,field,fearful,dress,field,fearful,field,fearful,dress,field,fearful,6163.211872339249,2021-11-30T18:05:18.301000,1638289355.0891278
18,19,24,19,Random,-9999,9b51cf3b4d5e91ff,1.7200000286102295,0.15799999237060547,1638295519.271,24,watermelon,sunset,strawberry,watermelon,sunset,watermelon,sunset,strawberry,watermelon,sunset,6164.18187212944,2021-11-30T18:05:19.271000,1638289355.0891278
7,27,4,4,Random,-9999,9f10e8bb319f049a,1.931999921798706,0.14300012588500977,1638295520.427,27,dusk,socks,beside,socks,dusk,dusk,socks,beside,socks,dusk,6165.337872266769,2021-11-30T18:05:20.427000,1638289355.0891278
1,3,0,0,Random,-9999,9b51cf3b4d5e91ff,2.3299999237060547,0.08999991416931152,1638295521.775,3,shoes,dress,pants,dress,shoes,shoes,dress,pants,dress,shoes,6166.6858723163605,2021-11-30T18:05:21.775000,1638289355.0891278
5,26,4,26,Random,-9999,9f10e8bb319f049a,1.5520000457763672,0.18799996376037598,1638295522.059,4,day,socks,above,day,socks,day,socks,above,day,socks,6166.969872236252,2021-11-30T18:05:22.059000,1638289355.0891278
16,13,7,13,Random,-9999,9f10e8bb319f049a,1.8489999771118164,0.0840001106262207,1638295523.989,7,happy,beside,lemon,happy,beside,happy,beside,lemon,happy,beside,6168.899872303009,2021-11-30T18:05:23.989000,1638289355.0891278
10,27,6,27,Random,-9999,9b51cf3b4d5e91ff,2.2760000228881836,0.16100001335144043,1638295524.197,6,dusk,below,angry,dusk,below,dusk,below,angry,dusk,below,6169.107872247696,2021-11-30T18:05:24.197000,1638289355.0891278
4,21,0,0,Random,-9999,9f10e8bb319f049a,1.6180000305175781,0.08699989318847656,1638295525.693,21,field,dress,socks,dress,field,field,dress,socks,dress,field,6170.603872299194,2021-11-30T18:05:25.693000,1638289355.0891278
11,12,3,12,Random,-9999,9f10e8bb319f049a,1.866999864578247,0.08100008964538574,1638295527.641,3,fearful,shoes,disgust,fearful,shoes,fearful,shoes,disgust,fearful,shoes,6172.551872253418,2021-11-30T18:05:27.641000,1638289355.0891278
9,25,6,6,Random,-9999,9b51cf3b4d5e91ff,3.5889999866485596,0.1510000228881836,1638295527.94,25,dawn,below,near,below,dawn,dawn,below,near,below,dawn,6172.8508722782135,2021-11-30T18:05:27.940000,1638289355.0891278
3,11,29,29,Random,-9999,9b51cf3b4d5e91ff,1.690000057220459,0.1380000114440918,1638295529.703,11,disgust,noon,shoes,noon,disgust,disgust,noon,shoes,noon,disgust,6174.613872289658,2021-11-30T18:05:29.703000,1638289355.0891278
25,6,22,22,Random,-9999,9f10e8bb319f049a,3.556999921798706,0.08800005912780762,1638295531.342,6,below,ocean,dawn,ocean,below,below,ocean,dawn,ocean,below,6176.252872228622,2021-11-30T18:05:31.342000,1638289355.0891278
15,26,4,26,Random,-9999,9b51cf3b4d5e91ff,1.5679998397827148,0.08500003814697266,1638295531.354,4,day,socks,blueberry,day,socks,day,socks,blueberry,day,socks,6176.264872312546,2021-11-30T18:05:31.354000,1638289355.0891278
27,28,0,28,Random,-9999,9f10e8bb319f049a,1.9750001430511475,0.1510000228881836,1638295533.486,0,night,dress,dusk,night,dress,night,dress,dusk,night,dress,6178.396872282028,2021-11-30T18:05:33.486000,1638289355.0891278
4,28,14,28,Random,-9999,9b51cf3b4d5e91ff,3.571000099182129,0.08500003814697266,1638295535.077,14,night,sad,socks,night,sad,night,sad,socks,night,sad,6179.987872123718,2021-11-30T18:05:35.077000,1638289355.0891278
15,21,5,21,Random,-9999,9f10e8bb319f049a,2.0879998207092285,0.15600013732910156,1638295535.718,5,field,above,blueberry,field,above,field,above,blueberry,field,above,6180.628872156143,2021-11-30T18:05:35.718000,1638289355.0891278
8,7,3,7,Random,-9999,9b51cf3b4d5e91ff,2.6499998569488525,0.16900014877319336,1638295537.896,3,beside,shoes,far,beside,shoes,beside,shoes,far,beside,shoes,6182.80687212944,2021-11-30T18:05:37.896000,1638289355.0891278
4,12,18,18,Random,-9999,9f10e8bb319f049a,2.1399998664855957,0.16200017929077148,1638295538.024,12,fearful,strawberry,socks,strawberry,fearful,fearful,strawberry,socks,strawberry,fearful,6182.934872150421,2021-11-30T18:05:38.024000,1638289355.0891278
14,28,21,28,Random,-9999,9f10e8bb319f049a,2.2170000076293945,0.15199995040893555,1638295540.387,21,night,field,sad,night,field,night,field,sad,night,field,6185.297872304916,2021-11-30T18:05:40.387000,1638289355.0891278
25,11,18,11,Random,-9999,9b51cf3b4d5e91ff,3.549999952316284,0.15900015830993652,1638295541.596,18,disgust,strawberry,dawn,disgust,strawberry,disgust,strawberry,dawn,disgust,strawberry,6186.506872177124,2021-11-30T18:05:41.596000,1638289355.0891278
8,6,10,6,Random,-9999,9f10e8bb319f049a,2.128000020980835,0.14599990844726562,1638295542.674,10,below,angry,far,below,angry,below,angry,far,below,angry,6187.584872245789,2021-11-30T18:05:42.674000,1638289355.0891278
19,13,28,13,Random,-9999,9b51cf3b4d5e91ff,1.7820000648498535,0.16499996185302734,1638295543.48,28,happy,night,watermelon,happy,night,happy,night,watermelon,happy,night,6188.3908722400665,2021-11-30T18:05:43.480000,1638289355.0891278
8,13,23,23,Random,-9999,9f10e8bb319f049a,1.931999921798706,0.1550002098083496,1638295544.801,13,happy,sky,far,sky,happy,happy,sky,far,sky,happy,6189.711872339249,2021-11-30T18:05:44.801000,1638289355.0891278
2,1,8,1,Random,-9999,9b51cf3b4d5e91ff,1.7839999198913574,0.08599996566772461,1638295545.446,8,pants,far,shirt,pants,far,pants,far,shirt,pants,far,6190.356872320175,2021-11-30T18:05:45.446000,1638289355.0891278
14,28,16,28,Random,-9999,9f10e8bb319f049a,2.01200008392334,0.20199990272521973,1638295546.973,16,night,lemon,sad,night,lemon,night,lemon,sad,night,lemon,6191.883872270584,2021-11-30T18:05:46.973000,1638289355.0891278
10,24,7,24,Random,-9999,9b51cf3b4d5e91ff,1.8299999237060547,0.2560000419616699,1638295547.431,7,sunset,beside,angry,sunset,beside,sunset,beside,angry,sunset,beside,6192.341872215271,2021-11-30T18:05:47.431000,1638289355.0891278
16,5,22,22,Random,-9999,9f10e8bb319f049a,1.8269999027252197,0.1380000114440918,1638295548.869,5,above,ocean,lemon,ocean,above,above,ocean,lemon,ocean,above,6193.779872179031,2021-11-30T18:05:48.869000,1638289355.0891278
21,23,7,23,Random,-9999,9b51cf3b4d5e91ff,1.627000093460083,0.0820000171661377,1638295549.159,7,sky,beside,field,sky,beside,sky,beside,field,sky,beside,6194.069872140884,2021-11-30T18:05:49.159000,1638289355.0891278
25,18,22,22,Random,-9999,9b51cf3b4d5e91ff,2.307000160217285,0.10500001907348633,1638295551.627,18,strawberry,ocean,dawn,ocean,strawberry,strawberry,ocean,dawn,ocean,strawberry,6196.537872314453,2021-11-30T18:05:51.627000,1638289355.0891278
21,7,5,5,Random,-9999,9f10e8bb319f049a,3.1669998168945312,0.07800006866455078,1638295552.175,7,beside,above,field,above,beside,beside,above,field,above,beside,6197.085872173309,2021-11-30T18:05:52.175000,1638289355.0891278
23,12,7,7,Random,-9999,9b51cf3b4d5e91ff,1.8799998760223389,0.13499999046325684,1638295553.565,12,fearful,beside,sky,beside,fearful,fearful,beside,sky,beside,fearful,6198.4758722782135,2021-11-30T18:05:53.565000,1638289355.0891278
2,6,7,7,Random,-9999,9f10e8bb319f049a,2.058000087738037,0.15700006484985352,1638295554.383,6,below,beside,shirt,beside,below,below,beside,shirt,beside,below,6199.293872117996,2021-11-30T18:05:54.383000,1638289355.0891278
2,5,4,4,Random,-9999,9b51cf3b4d5e91ff,1.5750000476837158,0.08299994468688965,1638295555.234,5,above,socks,shirt,socks,above,above,socks,shirt,socks,above,6200.144872188568,2021-11-30T18:05:55.234000,1638289355.0891278
12,11,20,11,Random,-9999,9f10e8bb319f049a,2.0490000247955322,0.14999985694885254,1638295556.581,20,disgust,beach,fearful,disgust,beach,disgust,beach,fearful,disgust,beach,6201.491872310638,2021-11-30T18:05:56.581000,1638289355.0891278
2,1,20,1,Random,-9999,9b51cf3b4d5e91ff,1.8880000114440918,0.09500002861022949,1638295557.208,20,pants,beach,shirt,pants,beach,pants,beach,shirt,pants,beach,6202.11887216568,2021-11-30T18:05:57.208000,1638289355.0891278
14,11,18,11,Random,-9999,9b51cf3b4d5e91ff,1.4590001106262207,0.08599996566772461,1638295558.755,18,disgust,strawberry,sad,disgust,strawberry,disgust,strawberry,sad,disgust,strawberry,6203.665872335434,2021-11-30T18:05:58.755000,1638289355.0891278
16,20,27,20,Random,-9999,9f10e8bb319f049a,2.4579999446868896,0.1549999713897705,1638295559.19,27,beach,dusk,lemon,beach,dusk,beach,dusk,lemon,beach,dusk,6204.1008722782135,2021-11-30T18:05:59.190000,1638289355.0891278
16,14,15,15,Random,-9999,9b51cf3b4d5e91ff,1.6440000534057617,0.08699989318847656,1638295560.491,14,sad,blueberry,lemon,blueberry,sad,sad,blueberry,lemon,blueberry,sad,6205.4018721580505,2021-11-30T18:06:00.491000,1638289355.0891278
4,11,13,11,Random,-9999,9b51cf3b4d5e91ff,3.5490000247955322,0.10199999809265137,1638295564.207,13,disgust,happy,socks,disgust,happy,disgust,happy,socks,disgust,happy,6209.117872238159,2021-11-30T18:06:04.207000,1638289355.0891278
5,7,8,8,Random,-9999,9f10e8bb319f049a,5.337000131607056,0.14599990844726562,1638295564.678,7,beside,far,above,far,beside,beside,far,above,far,beside,6209.58887219429,2021-11-30T18:06:04.678000,1638289355.0891278
1,5,21,5,Random,-9999,9f10e8bb319f049a,2.3340001106262207,0.1529998779296875,1638295567.161,21,above,field,pants,above,field,above,field,pants,above,field,6212.0718722343445,2021-11-30T18:06:07.161000,1638289355.0891278
19,4,20,20,Random,-9999,9b51cf3b4d5e91ff,5.746000051498413,0.15599989891052246,1638295570.108,4,socks,beach,watermelon,beach,socks,socks,beach,watermelon,beach,socks,6215.018872261047,2021-11-30T18:06:10.108000,1638289355.0891278
0,9,29,29,Random,-9999,9f10e8bb319f049a,3.7950000762939453,0.15899991989135742,1638295571.124,9,near,noon,dress,noon,near,near,noon,dress,noon,near,6216.034872293472,2021-11-30T18:06:11.124000,1638289355.0891278
15,16,8,16,Random,-9999,9b51cf3b4d5e91ff,2.114000082015991,0.15899991989135742,1638295572.38,8,lemon,far,blueberry,lemon,far,lemon,far,blueberry,lemon,far,6217.290872335434,2021-11-30T18:06:12.380000,1638289355.0891278
17,0,10,0,Random,-9999,9f10e8bb319f049a,3.5789999961853027,0.15199995040893555,1638295574.854,10,dress,angry,mango,dress,angry,dress,angry,mango,dress,angry,6219.764872312546,2021-11-30T18:06:14.854000,1638289355.0891278
3,27,6,6,Random,-9999,9b51cf3b4d5e91ff,2.7330000400543213,0.14899992942810059,1638295575.28,27,dusk,below,shoes,below,dusk,dusk,below,shoes,below,dusk,6220.190872192383,2021-11-30T18:06:15.280000,1638289355.0891278
19,21,10,21,Random,-9999,9f10e8bb319f049a,1.565000057220459,0.15199995040893555,1638295576.51,10,field,angry,watermelon,field,angry,field,angry,watermelon,field,angry,6221.420872211456,2021-11-30T18:06:16.510000,1638289355.0891278
11,13,26,13,Random,-9999,9b51cf3b4d5e91ff,2.881999969482422,0.19099998474121094,1638295578.357,26,happy,day,disgust,happy,day,happy,day,disgust,happy,day,6223.267872333527,2021-11-30T18:06:18.357000,1638289355.0891278
14,24,20,24,Random,-9999,9f10e8bb319f049a,2.5889999866485596,0.08999991416931152,1638295579.245,20,sunset,beach,sad,sunset,beach,sunset,beach,sad,sunset,beach,6224.155872106552,2021-11-30T18:06:19.245000,1638289355.0891278
0,7,4,4,Random,-9999,9b51cf3b4d5e91ff,1.7190001010894775,0.17400002479553223,1638295580.157,7,beside,socks,dress,socks,beside,beside,socks,dress,socks,beside,6225.067872285843,2021-11-30T18:06:20.157000,1638289355.0891278
17,22,28,22,Random,-9999,9f10e8bb319f049a,2.878999948501587,0.1530001163482666,1638295582.277,28,ocean,night,mango,ocean,night,ocean,night,mango,ocean,night,6227.187872171402,2021-11-30T18:06:22.277000,1638289355.0891278
25,24,18,24,Random,-9999,9b51cf3b4d5e91ff,2.812999963760376,0.07899999618530273,1638295583.114,18,sunset,strawberry,dawn,sunset,strawberry,sunset,strawberry,dawn,sunset,strawberry,6228.024872303009,2021-11-30T18:06:23.114000,1638289355.0891278
23,22,9,22,Random,-9999,9f10e8bb319f049a,2.3940000534057617,0.1510000228881836,1638295584.833,9,ocean,near,sky,ocean,near,ocean,near,sky,ocean,near,6229.74387216568,2021-11-30T18:06:24.833000,1638289355.0891278
18,26,24,26,Random,-9999,9b51cf3b4d5e91ff,1.7839999198913574,0.1419999599456787,1638295584.98,24,day,sunset,strawberry,day,sunset,day,sunset,strawberry,day,sunset,6229.8908722400665,2021-11-30T18:06:24.980000,1638289355.0891278
24,4,25,25,Random,-9999,9f10e8bb319f049a,1.9249999523162842,0.14899992942810059,1638295586.964,4,socks,dawn,sunset,dawn,socks,socks,dawn,sunset,dawn,socks,6231.874872207642,2021-11-30T18:06:26.964000,1638289355.0891278
11,6,10,10,Random,-9999,9f10e8bb319f049a,1.5989999771118164,0.20200014114379883,1638295588.64,6,below,angry,disgust,angry,below,below,angry,disgust,angry,below,6233.550872325897,2021-11-30T18:06:28.640000,1638289355.0891278
2,9,0,0,Random,-9999,9f10e8bb319f049a,2.383000135421753,0.08099985122680664,1638295591.169,9,near,dress,shirt,dress,near,near,dress,shirt,dress,near,6236.079872131348,2021-11-30T18:06:31.169000,1638289355.0891278
25,4,15,4,Random,-9999,9f10e8bb319f049a,4.7749998569488525,0.16100001335144043,1638295596.107,15,socks,blueberry,dawn,socks,blueberry,socks,blueberry,dawn,socks,blueberry,6241.017872333527,2021-11-30T18:06:36.107000,1638289355.0891278
21,4,19,19,Random,-9999,9f10e8bb319f049a,1.5420000553131104,0.16300010681152344,1638295597.751,4,socks,watermelon,field,watermelon,socks,socks,watermelon,field,watermelon,socks,6242.661872148514,2021-11-30T18:06:37.751000,1638289355.0891278
24,7,9,9,Random,-9999,9b51cf3b4d5e91ff,15.248999834060669,0.08100008964538574,1638295600.388,7,beside,near,sunset,near,beside,beside,near,sunset,near,beside,6245.298872232437,2021-11-30T18:06:40.388000,1638289355.0891278
13,26,6,26,Random,-9999,9f10e8bb319f049a,2.492000102996826,0.08999991416931152,1638295600.391,6,day,below,happy,day,below,day,below,happy,day,below,6245.301872253418,2021-11-30T18:06:40.391000,1638289355.0891278
24,9,14,14,Random,-9999,9b51cf3b4d5e91ff,1.7309999465942383,0.17100000381469727,1638295602.214,9,near,sad,sunset,sad,near,near,sad,sunset,sad,near,6247.124872207642,2021-11-30T18:06:42.214000,1638289355.0891278
16,8,11,8,Random,-9999,9f10e8bb319f049a,2.240000009536743,0.14999985694885254,1638295602.773,11,far,disgust,lemon,far,disgust,far,disgust,lemon,far,disgust,6247.6838722229,2021-11-30T18:06:42.773000,1638289355.0891278
27,18,7,7,Random,-9999,9b51cf3b4d5e91ff,3.071000099182129,0.19099998474121094,1638295607.597,18,strawberry,beside,dusk,beside,strawberry,strawberry,beside,dusk,beside,strawberry,6252.507872104645,2021-11-30T18:06:47.597000,1638289355.0891278
25,1,24,24,Random,-9999,9b51cf3b4d5e91ff,2.8980000019073486,0.1359999179840088,1638295610.65,1,pants,sunset,dawn,sunset,pants,pants,sunset,dawn,sunset,pants,6255.5608723163605,2021-11-30T18:06:50.650000,1638289355.0891278
28,5,9,9,Random,-9999,9b51cf3b4d5e91ff,3.569000005722046,0.1530001163482666,1638295614.377,5,above,near,night,near,above,above,near,night,near,above,6259.287872314453,2021-11-30T18:06:54.377000,1638289355.0891278
20,11,27,27,Random,-9999,9f10e8bb319f049a,11.583999872207642,0.15000009536743164,1638295614.51,11,disgust,dusk,beach,dusk,disgust,disgust,dusk,beach,dusk,disgust,6259.420872211456,2021-11-30T18:06:54.510000,1638289355.0891278
25,1,0,0,Random,-9999,9f10e8bb319f049a,1.8610000610351562,0.14700007438659668,1638295616.469,1,pants,dress,dawn,dress,pants,pants,dress,dawn,dress,pants,6261.3798723220825,2021-11-30T18:06:56.469000,1638289355.0891278
0,17,19,17,Random,-9999,9b51cf3b4d5e91ff,2.98799991607666,0.18400001525878906,1638295617.54,19,mango,watermelon,dress,mango,watermelon,mango,watermelon,dress,mango,watermelon,6262.450872182846,2021-11-30T18:06:57.540000,1638289355.0891278
26,11,13,13,Random,-9999,9f10e8bb319f049a,2.004999876022339,0.08300018310546875,1638295618.615,11,disgust,happy,day,happy,disgust,disgust,happy,day,happy,disgust,6263.52587223053,2021-11-30T18:06:58.615000,1638289355.0891278
27,28,11,28,Random,-9999,9b51cf3b4d5e91ff,1.9049999713897705,0.1660001277923584,1638295619.545,11,night,disgust,dusk,night,disgust,night,disgust,dusk,night,disgust,6264.455872297287,2021-11-30T18:06:59.545000,1638289355.0891278
12,11,16,11,Random,-9999,9f10e8bb319f049a,2.0980000495910645,0.13899993896484375,1638295620.855,16,disgust,lemon,fearful,disgust,lemon,disgust,lemon,fearful,disgust,lemon,6265.7658722400665,2021-11-30T18:07:00.855000,1638289355.0891278
25,18,27,27,Random,-9999,9f10e8bb319f049a,1.9109997749328613,0.14700007438659668,1638295622.849,18,strawberry,dusk,dawn,dusk,strawberry,strawberry,dusk,dawn,dusk,strawberry,6267.759872198105,2021-11-30T18:07:02.849000,1638289355.0891278
2,16,21,21,Random,-9999,9b51cf3b4d5e91ff,3.3380000591278076,0.09999990463256836,1638295623.06,16,lemon,field,shirt,field,lemon,lemon,field,shirt,field,lemon,6267.970872163773,2021-11-30T18:07:03.060000,1638289355.0891278
15,5,8,8,Random,-9999,9b51cf3b4d5e91ff,2.4660000801086426,0.1809999942779541,1638295625.677,5,above,far,blueberry,far,above,above,far,blueberry,far,above,6270.587872266769,2021-11-30T18:07:05.677000,1638289355.0891278
6,12,22,22,Random,-9999,9f10e8bb319f049a,2.7899999618530273,0.08800005912780762,1638295625.79,12,fearful,ocean,below,ocean,fearful,fearful,ocean,below,ocean,fearful,6270.700872182846,2021-11-30T18:07:05.790000,1638289355.0891278
23,9,29,29,Random,-9999,9b51cf3b4d5e91ff,2.4560000896453857,0.14999985694885254,1638295628.299,9,near,noon,sky,noon,near,near,noon,sky,noon,near,6273.209872245789,2021-11-30T18:07:08.299000,1638289355.0891278
12,7,17,7,Random,-9999,9f10e8bb319f049a,3.3309998512268066,0.15900015830993652,1638295629.275,17,beside,mango,fearful,beside,mango,beside,mango,fearful,beside,mango,6274.1858723163605,2021-11-30T18:07:09.275000,1638289355.0891278
12,3,9,9,Random,-9999,9f10e8bb319f049a,1.7079999446868896,0.15200018882751465,1638295631.072,3,shoes,near,fearful,near,shoes,shoes,near,fearful,near,shoes,6275.982872247696,2021-11-30T18:07:11.072000,1638289355.0891278
26,5,8,8,Random,-9999,9b51cf3b4d5e91ff,4.111000061035156,0.1530001163482666,1638295632.567,5,above,far,day,far,above,above,far,day,far,above,6277.477872133255,2021-11-30T18:07:12.567000,1638289355.0891278
8,0,24,24,Random,-9999,9f10e8bb319f049a,1.7669999599456787,0.08500003814697266,1638295632.919,0,dress,sunset,far,sunset,dress,dress,sunset,far,sunset,dress,6277.829872131348,2021-11-30T18:07:12.919000,1638289355.0891278
14,20,23,23,Random,-9999,9f10e8bb319f049a,2.3909997940063477,0.08500003814697266,1638295635.46,20,beach,sky,sad,sky,beach,beach,sky,sad,sky,beach,6280.37087225914,2021-11-30T18:07:15.460000,1638289355.0891278
9,19,11,19,Random,-9999,9f10e8bb319f049a,2.5250000953674316,0.16100001335144043,1638295638.139,11,watermelon,disgust,near,watermelon,disgust,watermelon,disgust,near,watermelon,disgust,6283.049872159958,2021-11-30T18:07:18.139000,1638289355.0891278
12,21,4,21,Random,-9999,9b51cf3b4d5e91ff,5.9049999713897705,0.1420001983642578,1638295638.601,4,field,socks,fearful,field,socks,field,socks,fearful,field,socks,6283.511872291565,2021-11-30T18:07:18.601000,1638289355.0891278
8,28,16,28,Random,-9999,9b51cf3b4d5e91ff,1.6380000114440918,0.16700005531311035,1638295640.34,16,night,lemon,far,night,lemon,night,lemon,far,night,lemon,6285.250872135162,2021-11-30T18:07:20.340000,1638289355.0891278
24,2,14,2,Random,-9999,9f10e8bb319f049a,3.567999839782715,0.15799999237060547,1638295641.867,14,shirt,sad,sunset,shirt,sad,shirt,sad,sunset,shirt,sad,6286.77787232399,2021-11-30T18:07:21.867000,1638289355.0891278
23,6,2,2,Random,-9999,9b51cf3b4d5e91ff,3.813999891281128,0.08899998664855957,1638295644.303,6,below,shirt,sky,shirt,below,below,shirt,sky,shirt,below,6289.21387219429,2021-11-30T18:07:24.303000,1638289355.0891278
17,14,0,0,Random,-9999,9f10e8bb319f049a,3.1760001182556152,0.14700007438659668,1638295645.188,14,sad,dress,mango,dress,sad,sad,dress,mango,dress,sad,6290.098872184753,2021-11-30T18:07:25.188000,1638289355.0891278
15,21,10,21,Random,-9999,9f10e8bb319f049a,1.5529999732971191,0.1510000228881836,1638295646.828,10,field,angry,blueberry,field,angry,field,angry,blueberry,field,angry,6291.738872289658,2021-11-30T18:07:26.828000,1638289355.0891278
25,21,11,11,Random,-9999,9b51cf3b4d5e91ff,4.96999979019165,0.15200018882751465,1638295649.432,21,field,disgust,dawn,disgust,field,field,disgust,dawn,disgust,field,6294.342872142792,2021-11-30T18:07:29.432000,1638289355.0891278
0,6,7,7,Random,-9999,9f10e8bb319f049a,3.361999988555908,0.0840001106262207,1638295650.335,6,below,beside,dress,beside,below,below,beside,dress,beside,below,6295.24587225914,2021-11-30T18:07:30.335000,1638289355.0891278
14,28,3,28,Random,-9999,9f10e8bb319f049a,2.2160000801086426,0.1399998664855957,1638295652.689,3,night,shoes,sad,night,shoes,night,shoes,sad,night,shoes,6297.599872112274,2021-11-30T18:07:32.689000,1638289355.0891278
2,16,1,1,Random,-9999,9f10e8bb319f049a,1.7070000171661377,0.15199995040893555,1638295654.489,16,lemon,pants,shirt,pants,lemon,lemon,pants,shirt,pants,lemon,6299.399872303009,2021-11-30T18:07:34.489000,1638289355.0891278
18,3,4,4,Random,-9999,9b51cf3b4d5e91ff,4.630000114440918,0.17100000381469727,1638295654.507,3,shoes,socks,strawberry,socks,shoes,shoes,socks,strawberry,socks,shoes,6299.4178721904755,2021-11-30T18:07:34.507000,1638289355.0891278
17,25,15,15,Random,-9999,9f10e8bb319f049a,1.6979999542236328,0.08099985122680664,1638295656.266,25,dawn,blueberry,mango,blueberry,dawn,dawn,blueberry,mango,blueberry,dawn,6301.176872253418,2021-11-30T18:07:36.266000,1638289355.0891278
6,0,1,1,Random,-9999,9b51cf3b4d5e91ff,2.4809999465942383,0.4219999313354492,1638295657.145,0,dress,pants,below,pants,dress,dress,pants,below,pants,dress,6302.05587220192,2021-11-30T18:07:37.145000,1638289355.0891278
7,6,14,14,Random,-9999,9f10e8bb319f049a,2.1430001258850098,0.07800006866455078,1638295658.543,6,below,sad,beside,sad,below,below,sad,beside,sad,below,6303.453872203827,2021-11-30T18:07:38.543000,1638289355.0891278
20,22,13,22,Random,-9999,9b51cf3b4d5e91ff,2.3550000190734863,0.15400004386901855,1638295659.631,13,ocean,happy,beach,ocean,happy,ocean,happy,beach,ocean,happy,6304.541872262955,2021-11-30T18:07:39.631000,1638289355.0891278
12,11,1,11,Random,-9999,9f10e8bb319f049a,1.6399998664855957,0.14499998092651367,1638295660.278,1,disgust,pants,fearful,disgust,pants,disgust,pants,fearful,disgust,pants,6305.188872337341,2021-11-30T18:07:40.278000,1638289355.0891278
21,28,16,28,Random,-9999,9f10e8bb319f049a,2.059000015258789,0.08100008964538574,1638295662.491,16,night,lemon,field,night,lemon,night,lemon,field,night,lemon,6307.4018721580505,2021-11-30T18:07:42.491000,1638289355.0891278
1,21,26,26,Random,-9999,9b51cf3b4d5e91ff,3.240999937057495,0.15799999237060547,1638295663.042,21,field,day,pants,day,field,field,day,pants,day,field,6307.952872276306,2021-11-30T18:07:43.042000,1638289355.0891278
18,14,20,20,Random,-9999,9f10e8bb319f049a,1.8000001907348633,0.16299986839294434,1638295664.387,14,sad,beach,strawberry,beach,sad,sad,beach,strawberry,beach,sad,6309.297872304916,2021-11-30T18:07:44.387000,1638289355.0891278
18,8,24,24,Random,-9999,9b51cf3b4d5e91ff,2.4119999408721924,0.14700007438659668,1638295665.608,8,far,sunset,strawberry,sunset,far,far,sunset,strawberry,sunset,far,6310.518872261047,2021-11-30T18:07:45.608000,1638289355.0891278
27,17,26,26,Random,-9999,9f10e8bb319f049a,1.934999942779541,0.09500002861022949,1638295666.524,17,mango,day,dusk,day,mango,mango,day,dusk,day,mango,6311.434872150421,2021-11-30T18:07:46.524000,1638289355.0891278
16,23,4,23,Random,-9999,9b51cf3b4d5e91ff,2.0929999351501465,0.15599989891052246,1638295667.838,4,sky,socks,lemon,sky,socks,sky,socks,lemon,sky,socks,6312.748872280121,2021-11-30T18:07:47.838000,1638289355.0891278
3,21,19,21,Random,-9999,9f10e8bb319f049a,1.8280000686645508,0.18600010871887207,1638295668.423,19,field,watermelon,shoes,field,watermelon,field,watermelon,shoes,field,watermelon,6313.333872318268,2021-11-30T18:07:48.423000,1638289355.0891278
11,12,24,12,Random,-9999,9b51cf3b4d5e91ff,1.4779999256134033,0.14100003242492676,1638295669.392,24,fearful,sunset,disgust,fearful,sunset,fearful,sunset,disgust,fearful,sunset,6314.302872180939,2021-11-30T18:07:49.392000,1638289355.0891278
1,6,13,6,Random,-9999,9f10e8bb319f049a,2.9700000286102295,0.07899999618530273,1638295671.53,13,below,happy,pants,below,happy,below,happy,pants,below,happy,6316.440872192383,2021-11-30T18:07:51.530000,1638289355.0891278
14,1,20,1,Random,-9999,9b51cf3b4d5e91ff,2.3539998531341553,0.07300019264221191,1638295671.899,20,pants,beach,sad,pants,beach,pants,beach,sad,pants,beach,6316.809872150421,2021-11-30T18:07:51.899000,1638289355.0891278
8,15,16,15,Random,-9999,9f10e8bb319f049a,1.9060001373291016,0.16100001335144043,1638295673.538,16,blueberry,lemon,far,blueberry,lemon,blueberry,lemon,far,blueberry,lemon,6318.448872327805,2021-11-30T18:07:53.538000,1638289355.0891278
4,20,19,19,Random,-9999,9b51cf3b4d5e91ff,2.7119998931884766,0.16000008583068848,1638295674.767,20,beach,watermelon,socks,watermelon,beach,beach,watermelon,socks,watermelon,beach,6319.677872180939,2021-11-30T18:07:54.767000,1638289355.0891278
1,0,10,0,Random,-9999,9f10e8bb319f049a,1.8880000114440918,0.16299986839294434,1638295675.587,10,dress,angry,pants,dress,angry,dress,angry,pants,dress,angry,6320.4978721141815,2021-11-30T18:07:55.587000,1638289355.0891278
10,28,26,28,Random,-9999,9b51cf3b4d5e91ff,1.7780001163482666,0.15799999237060547,1638295676.634,26,night,day,angry,night,day,night,day,angry,night,day,6321.544872283936,2021-11-30T18:07:56.634000,1638289355.0891278
18,10,19,19,Random,-9999,9f10e8bb319f049a,1.61899995803833,0.08599996566772461,1638295677.3,10,angry,watermelon,strawberry,watermelon,angry,angry,watermelon,strawberry,watermelon,angry,6322.210872173309,2021-11-30T18:07:57.300000,1638289355.0891278
26,24,10,24,Random,-9999,9f10e8bb319f049a,1.9170000553131104,0.0970001220703125,1638295679.438,10,sunset,angry,day,sunset,angry,sunset,angry,day,sunset,angry,6324.348872184753,2021-11-30T18:07:59.438000,1638289355.0891278
13,17,29,29,Random,-9999,9f10e8bb319f049a,1.7170000076293945,0.21599984169006348,1638295681.253,17,mango,noon,happy,noon,mango,mango,noon,happy,noon,mango,6326.163872241974,2021-11-30T18:08:01.253000,1638289355.0891278
5,15,27,27,Random,-9999,9b51cf3b4d5e91ff,4.457000017166138,0.0820000171661377,1638295681.256,15,blueberry,dusk,above,dusk,blueberry,blueberry,dusk,above,dusk,blueberry,6326.166872262955,2021-11-30T18:08:01.256000,1638289355.0891278
24,13,6,6,Random,-9999,9f10e8bb319f049a,2.9760000705718994,0.09400010108947754,1638295684.381,13,happy,below,sunset,below,happy,happy,below,sunset,below,happy,6329.291872262955,2021-11-30T18:08:04.381000,1638289355.0891278
25,2,8,2,Random,-9999,9b51cf3b4d5e91ff,6.088000059127808,0.1700000762939453,1638295687.506,8,shirt,far,dawn,shirt,far,shirt,far,dawn,shirt,far,6332.416872262955,2021-11-30T18:08:07.506000,1638289355.0891278
29,3,23,23,Random,-9999,9f10e8bb319f049a,4.16700005531311,0.16499996185302734,1638295688.696,3,shoes,sky,noon,sky,shoes,shoes,sky,noon,sky,shoes,6333.606872320175,2021-11-30T18:08:08.696000,1638289355.0891278
1,5,18,5,Random,-9999,9f10e8bb319f049a,2.4560000896453857,0.1419999599456787,1638295691.297,18,above,strawberry,pants,above,strawberry,above,strawberry,pants,above,strawberry,6336.2078721523285,2021-11-30T18:08:11.297000,1638289355.0891278
5,28,27,27,Random,-9999,9b51cf3b4d5e91ff,4.3420000076293945,0.15700006484985352,1638295692.012,28,night,dusk,above,dusk,night,night,dusk,above,dusk,night,6336.922872304916,2021-11-30T18:08:12.012000,1638289355.0891278
4,2,16,2,Random,-9999,9b51cf3b4d5e91ff,2.3340001106262207,0.17499995231628418,1638295694.538,16,shirt,lemon,socks,shirt,lemon,shirt,lemon,socks,shirt,lemon,6339.448872327805,2021-11-30T18:08:14.538000,1638289355.0891278
2,8,15,15,Random,-9999,9f10e8bb319f049a,4.329999923706055,0.15000009536743164,1638295695.775,8,far,blueberry,shirt,blueberry,far,far,blueberry,shirt,blueberry,far,6340.6858723163605,2021-11-30T18:08:15.775000,1638289355.0891278
2,1,21,1,Random,-9999,9f10e8bb319f049a,1.758000135421753,0.14599990844726562,1638295697.618,21,pants,field,shirt,pants,field,pants,field,shirt,pants,field,6342.528872251511,2021-11-30T18:08:17.618000,1638289355.0891278
1,6,29,6,Random,-9999,9f10e8bb319f049a,1.8659999370574951,0.08300018310546875,1638295699.567,29,below,noon,pants,below,noon,below,noon,pants,below,noon,6344.477872133255,2021-11-30T18:08:19.567000,1638289355.0891278
9,17,25,25,Random,-9999,9b51cf3b4d5e91ff,5.375,0.17499995231628418,1638295700.051,17,mango,dawn,near,dawn,mango,mango,dawn,near,dawn,mango,6344.961872339249,2021-11-30T18:08:20.051000,1638289355.0891278
18,21,6,21,Random,-9999,9f10e8bb319f049a,1.4719998836517334,0.0840001106262207,1638295701.123,6,field,below,strawberry,field,below,field,below,strawberry,field,below,6346.033872127533,2021-11-30T18:08:21.123000,1638289355.0891278
29,4,8,4,Random,-9999,9b51cf3b4d5e91ff,3.3519999980926514,0.15199995040893555,1638295703.555,8,socks,far,noon,socks,far,socks,far,noon,socks,far,6348.46587228775,2021-11-30T18:08:23.555000,1638289355.0891278
22,2,3,2,Random,-9999,9f10e8bb319f049a,2.5879998207092285,0.0840001106262207,1638295703.854,3,shirt,shoes,ocean,shirt,shoes,shirt,shoes,ocean,shirt,shoes,6348.764872312546,2021-11-30T18:08:23.854000,1638289355.0891278
18,10,7,7,Random,-9999,9f10e8bb319f049a,1.8359999656677246,0.15000009536743164,1638295705.782,10,angry,beside,strawberry,beside,angry,angry,beside,strawberry,beside,angry,6350.692872285843,2021-11-30T18:08:25.782000,1638289355.0891278
0,2,10,2,Random,-9999,9f10e8bb319f049a,2.072000026702881,0.08300018310546875,1638295708.009,10,shirt,angry,dress,shirt,angry,shirt,angry,dress,shirt,angry,6352.919872283936,2021-11-30T18:08:28.009000,1638289355.0891278
18,28,0,0,Random,-9999,9b51cf3b4d5e91ff,5.34499979019165,0.1400001049041748,1638295709.05,28,night,dress,strawberry,dress,night,night,dress,strawberry,dress,night,6353.960872173309,2021-11-30T18:08:29.050000,1638289355.0891278
20,28,26,26,Random,-9999,9b51cf3b4d5e91ff,1.3630001544952393,0.1510000228881836,1638295710.487,28,night,day,beach,day,night,night,day,beach,day,night,6355.397872209549,2021-11-30T18:08:30.487000,1638289355.0891278
5,28,21,28,Random,-9999,9f10e8bb319f049a,2.488999843597412,0.17499995231628418,1638295710.666,21,night,field,above,night,field,night,field,above,night,field,6355.576872110367,2021-11-30T18:08:30.666000,1638289355.0891278
13,17,27,17,Random,-9999,9f10e8bb319f049a,2.4019999504089355,0.1660001277923584,1638295713.233,27,mango,dusk,happy,mango,dusk,mango,dusk,happy,mango,dusk,6358.143872261047,2021-11-30T18:08:33.233000,1638289355.0891278
16,8,20,20,Random,-9999,9b51cf3b4d5e91ff,1.7200000286102295,0.17300009727478027,1638295714.537,8,far,beach,lemon,beach,far,far,beach,lemon,beach,far,6359.447872161865,2021-11-30T18:08:34.537000,1638289355.0891278
8,18,16,18,Random,-9999,9b51cf3b4d5e91ff,1.7109999656677246,0.15800023078918457,1638295720.634,16,strawberry,lemon,far,strawberry,lemon,strawberry,lemon,far,strawberry,lemon,6365.544872283936,2021-11-30T18:08:40.634000,1638289355.0891278
28,2,15,2,Random,-9999,9f10e8bb319f049a,10.32699990272522,0.14499998092651367,1638295723.698,15,shirt,blueberry,night,shirt,blueberry,shirt,blueberry,night,shirt,blueberry,6368.608872175217,2021-11-30T18:08:43.698000,1638289355.0891278
17,24,28,24,Random,-9999,9b51cf3b4d5e91ff,3.3480000495910645,0.15599989891052246,1638295724.208,28,sunset,night,mango,sunset,night,sunset,night,mango,sunset,night,6369.11887216568,2021-11-30T18:08:44.208000,1638289355.0891278
15,8,18,18,Random,-9999,9f10e8bb319f049a,1.4920001029968262,0.14499998092651367,1638295725.275,8,far,strawberry,blueberry,strawberry,far,far,strawberry,blueberry,strawberry,far,6370.1858723163605,2021-11-30T18:08:45.275000,1638289355.0891278
7,0,9,9,Random,-9999,9b51cf3b4d5e91ff,1.7300000190734863,0.15699982643127441,1638295726.015,0,dress,near,beside,near,dress,dress,near,beside,near,dress,6370.925872325897,2021-11-30T18:08:46.015000,1638289355.0891278
10,8,13,13,Random,-9999,9f10e8bb319f049a,1.621000051498413,0.0839998722076416,1638295726.981,8,far,happy,angry,happy,far,far,happy,angry,happy,far,6371.891872167587,2021-11-30T18:08:46.981000,1638289355.0891278
29,7,17,7,Random,-9999,9b51cf3b4d5e91ff,1.8919999599456787,0.0820000171661377,1638295727.997,17,beside,mango,noon,beside,mango,beside,mango,noon,beside,mango,6372.907872200012,2021-11-30T18:08:47.997000,1638289355.0891278
27,15,14,14,Random,-9999,9f10e8bb319f049a,2.4079999923706055,0.08599996566772461,1638295729.543,15,blueberry,sad,dusk,sad,blueberry,blueberry,sad,dusk,sad,blueberry,6374.453872203827,2021-11-30T18:08:49.543000,1638289355.0891278
4,6,7,6,Random,-9999,9b51cf3b4d5e91ff,2.4210000038146973,0.08800005912780762,1638295730.587,7,below,beside,socks,below,beside,below,beside,socks,below,beside,6375.4978721141815,2021-11-30T18:08:50.587000,1638289355.0891278
9,18,15,18,Random,-9999,9b51cf3b4d5e91ff,1.569000005722046,0.1789999008178711,1638295732.253,15,strawberry,blueberry,near,strawberry,blueberry,strawberry,blueberry,near,strawberry,blueberry,6377.163872241974,2021-11-30T18:08:52.253000,1638289355.0891278
14,6,7,7,Random,-9999,9f10e8bb319f049a,3.5220000743865967,0.16000008583068848,1638295733.246,6,below,beside,sad,beside,below,below,beside,sad,beside,below,6378.1568722724915,2021-11-30T18:08:53.246000,1638289355.0891278
2,14,6,6,Random,-9999,9b51cf3b4d5e91ff,1.8450000286102295,0.09599995613098145,1638295734.199,14,sad,below,shirt,below,sad,sad,below,shirt,below,sad,6379.109872102737,2021-11-30T18:08:54.199000,1638289355.0891278
9,29,8,8,Random,-9999,9f10e8bb319f049a,2.263000011444092,0.18800020217895508,1638295735.671,29,noon,far,near,far,noon,noon,far,near,far,noon,6380.581872224808,2021-11-30T18:08:55.671000,1638289355.0891278
10,7,1,7,Random,-9999,9f10e8bb319f049a,2.3610000610351562,0.16199994087219238,1638295738.191,1,beside,pants,angry,beside,pants,beside,pants,angry,beside,pants,6383.101872205734,2021-11-30T18:08:58.191000,1638289355.0891278
24,29,18,29,Random,-9999,9b51cf3b4d5e91ff,4.244000196456909,0.09599995613098145,1638295738.581,18,noon,strawberry,sunset,noon,strawberry,noon,strawberry,sunset,noon,strawberry,6383.491872310638,2021-11-30T18:08:58.581000,1638289355.0891278
13,24,28,24,Random,-9999,9f10e8bb319f049a,1.9259998798370361,0.14800000190734863,1638295740.337,28,sunset,night,happy,sunset,night,sunset,night,happy,sunset,night,6385.2478721141815,2021-11-30T18:09:00.337000,1638289355.0891278
11,24,16,24,Random,-9999,9b51cf3b4d5e91ff,4.0269999504089355,0.18899989128112793,1638295742.807,16,sunset,lemon,disgust,sunset,lemon,sunset,lemon,disgust,sunset,lemon,6387.717872142792,2021-11-30T18:09:02.807000,1638289355.0891278
4,14,22,22,Random,-9999,9f10e8bb319f049a,2.513000011444092,0.20300006866455078,1638295742.98,14,sad,ocean,socks,ocean,sad,sad,ocean,socks,ocean,sad,6387.8908722400665,2021-11-30T18:09:02.980000,1638289355.0891278
7,23,13,13,Random,-9999,9f10e8bb319f049a,3.1019999980926514,0.15199995040893555,1638295746.236,23,sky,happy,beside,happy,sky,sky,happy,beside,happy,sky,6391.146872282028,2021-11-30T18:09:06.236000,1638289355.0891278
4,16,23,23,Random,-9999,9b51cf3b4d5e91ff,4.240999937057495,0.17300009727478027,1638295747.219,16,lemon,sky,socks,sky,lemon,lemon,sky,socks,sky,lemon,6392.1298723220825,2021-11-30T18:09:07.219000,1638289355.0891278
9,7,26,26,Random,-9999,9f10e8bb319f049a,3.442999839782715,0.1510000228881836,1638295749.823,7,beside,day,near,day,beside,beside,day,near,day,beside,6394.733872175217,2021-11-30T18:09:09.823000,1638289355.0891278
29,25,11,25,Random,-9999,9f10e8bb319f049a,1.75,0.1380000114440918,1638295751.653,11,dawn,disgust,noon,dawn,disgust,dawn,disgust,noon,dawn,disgust,6396.563872337341,2021-11-30T18:09:11.653000,1638289355.0891278
29,22,4,22,Random,-9999,9f10e8bb319f049a,3.2219998836517334,0.07800006866455078,1638295755.028,4,ocean,socks,noon,ocean,socks,ocean,socks,noon,ocean,socks,6399.938872337341,2021-11-30T18:09:15.028000,1638289355.0891278
18,7,0,7,Random,-9999,9f10e8bb319f049a,1.687999963760376,0.16100001335144043,1638295756.817,0,beside,dress,strawberry,beside,dress,beside,dress,strawberry,beside,dress,6401.727872133255,2021-11-30T18:09:16.817000,1638289355.0891278
20,16,7,16,Random,-9999,9f10e8bb319f049a,1.7599999904632568,0.09200000762939453,1638295758.665,7,lemon,beside,beach,lemon,beside,lemon,beside,beach,lemon,beside,6403.575872182846,2021-11-30T18:09:18.665000,1638289355.0891278
2,28,20,20,Random,-9999,9b51cf3b4d5e91ff,11.808000087738037,0.14100003242492676,1638295760.166,28,night,beach,shirt,beach,night,night,beach,shirt,beach,night,6405.076872110367,2021-11-30T18:09:20.166000,1638289355.0891278
22,0,11,0,Random,-9999,9b51cf3b4d5e91ff,2.738999843597412,1.1400001049041748,1638295763.047,11,dress,disgust,ocean,dress,disgust,dress,disgust,ocean,dress,disgust,6407.9578721523285,2021-11-30T18:09:23.047000,1638289355.0891278
7,5,15,15,Random,-9999,9f10e8bb319f049a,4.615000009536743,0.09200000762939453,1638295763.435,5,above,blueberry,beside,blueberry,above,above,blueberry,beside,blueberry,above,6408.345872163773,2021-11-30T18:09:23.435000,1638289355.0891278
28,6,4,6,Random,-9999,9f10e8bb319f049a,2.23799991607666,0.14600014686584473,1638295765.81,4,below,socks,night,below,socks,below,socks,night,below,socks,6410.720872163773,2021-11-30T18:09:25.810000,1638289355.0891278
18,16,10,16,Random,-9999,9b51cf3b4d5e91ff,1.565999984741211,0.15799999237060547,1638295766.882,10,lemon,angry,strawberry,lemon,angry,lemon,angry,strawberry,lemon,angry,6411.7928721904755,2021-11-30T18:09:26.882000,1638289355.0891278
24,13,11,13,Random,-9999,9b51cf3b4d5e91ff,3.064000129699707,0.15799999237060547,1638295770.156,11,happy,disgust,sunset,happy,disgust,happy,disgust,sunset,happy,disgust,6415.066872119904,2021-11-30T18:09:30.156000,1638289355.0891278
11,2,22,22,Random,-9999,9b51cf3b4d5e91ff,2.3550000190734863,0.1380000114440918,1638295772.653,2,shirt,ocean,disgust,ocean,shirt,shirt,ocean,disgust,ocean,shirt,6417.563872337341,2021-11-30T18:09:32.653000,1638289355.0891278
28,2,10,2,Random,-9999,9b51cf3b4d5e91ff,2.4049999713897705,0.1679999828338623,1638295775.227,10,shirt,angry,night,shirt,angry,shirt,angry,night,shirt,angry,6420.137872219086,2021-11-30T18:09:35.227000,1638289355.0891278
17,5,7,7,Random,-9999,9f10e8bb319f049a,9.730999946594238,0.1640000343322754,1638295775.702,5,above,beside,mango,beside,above,above,beside,mango,beside,above,6420.612872123718,2021-11-30T18:09:35.702000,1638289355.0891278
8,13,9,9,Random,-9999,9f10e8bb319f049a,3.999000072479248,0.14899992942810059,1638295779.856,13,happy,near,far,near,happy,happy,near,far,near,happy,6424.766872167587,2021-11-30T18:09:39.856000,1638289355.0891278
21,3,8,8,Random,-9999,9f10e8bb319f049a,2.263000011444092,0.15600013732910156,1638295782.271,3,shoes,far,field,far,shoes,shoes,far,field,far,shoes,6427.18187212944,2021-11-30T18:09:42.271000,1638289355.0891278
23,29,17,29,Random,-9999,9f10e8bb319f049a,1.2339999675750732,0.14699983596801758,1638295783.592,17,noon,mango,sky,noon,mango,noon,mango,sky,noon,mango,6428.502872228622,2021-11-30T18:09:43.592000,1638289355.0891278
12,23,22,22,Random,-9999,9f10e8bb319f049a,1.8329999446868896,0.08599996566772461,1638295785.512,23,sky,ocean,fearful,ocean,sky,sky,ocean,fearful,ocean,sky,6430.422872304916,2021-11-30T18:09:45.512000,1638289355.0891278
25,2,9,9,Random,-9999,9f10e8bb319f049a,1.8429999351501465,0.08300018310546875,1638295787.436,2,shirt,near,dawn,near,shirt,shirt,near,dawn,near,shirt,6432.346872329712,2021-11-30T18:09:47.436000,1638289355.0891278
25,24,13,24,Random,-9999,9f10e8bb319f049a,2.7930002212524414,0.0839998722076416,1638295790.381,13,sunset,happy,dawn,sunset,happy,sunset,happy,dawn,sunset,happy,6435.291872262955,2021-11-30T18:09:50.381000,1638289355.0891278
10,11,21,11,Random,-9999,9f10e8bb319f049a,12.036999940872192,0.15999984741210938,1638295802.571,21,disgust,field,angry,disgust,field,disgust,field,angry,disgust,field,6447.481872320175,2021-11-30T18:10:02.571000,1638289355.0891278
11,10,15,10,Random,-9999,9f10e8bb319f049a,1.4300000667572021,0.15000009536743164,1638295804.094,15,angry,blueberry,disgust,angry,blueberry,angry,blueberry,disgust,angry,blueberry,6449.0048723220825,2021-11-30T18:10:04.094000,1638289355.0891278
29,17,20,20,Random,-9999,9f10e8bb319f049a,1.7310001850128174,0.0839998722076416,1638295805.904,17,mango,beach,noon,beach,mango,mango,beach,noon,beach,mango,6450.814872264862,2021-11-30T18:10:05.904000,1638289355.0891278
0,27,26,26,Random,-9999,9f10e8bb319f049a,1.5540001392364502,0.08499979972839355,1638295807.551,27,dusk,day,dress,day,dusk,dusk,day,dress,day,dusk,6452.461872339249,2021-11-30T18:10:07.551000,1638289355.0891278
2,15,6,6,Random,-9999,9f10e8bb319f049a,4.25600004196167,0.0820000171661377,1638295811.949,15,blueberry,below,shirt,below,blueberry,blueberry,below,shirt,below,blueberry,6456.859872102737,2021-11-30T18:10:11.949000,1638289355.0891278
15,19,7,19,Random,-9999,9b51cf3b4d5e91ff,38.837000131607056,0.1549999713897705,1638295814.212,7,watermelon,beside,blueberry,watermelon,beside,watermelon,beside,blueberry,watermelon,beside,6459.1228721141815,2021-11-30T18:10:14.212000,1638289355.0891278
20,25,14,25,Random,-9999,9f10e8bb319f049a,3.247999906539917,0.16899991035461426,1638295815.359,14,dawn,sad,beach,dawn,sad,dawn,sad,beach,dawn,sad,6460.269872188568,2021-11-30T18:10:15.359000,1638289355.0891278
9,8,13,8,Random,-9999,9b51cf3b4d5e91ff,1.696000099182129,0.14099979400634766,1638295815.991,13,far,happy,near,far,happy,far,happy,near,far,happy,6460.9018721580505,2021-11-30T18:10:15.991000,1638289355.0891278
19,26,28,26,Random,-9999,9b51cf3b4d5e91ff,1.5429999828338623,0.08500003814697266,1638295817.61,28,day,night,watermelon,day,night,day,night,watermelon,day,night,6462.520872116089,2021-11-30T18:10:17.610000,1638289355.0891278
25,12,9,12,Random,-9999,9b51cf3b4d5e91ff,1.5490000247955322,0.07699990272521973,1638295819.241,9,fearful,near,dawn,fearful,near,fearful,near,dawn,fearful,near,6464.1518721580505,2021-11-30T18:10:19.241000,1638289355.0891278
27,22,5,22,Random,-9999,9f10e8bb319f049a,4.2190001010894775,0.1510000228881836,1638295819.722,5,ocean,above,dusk,ocean,above,ocean,above,dusk,ocean,above,6464.632872104645,2021-11-30T18:10:19.722000,1638289355.0891278
23,12,27,27,Random,-9999,9b51cf3b4d5e91ff,4.2200000286102295,0.10100007057189941,1638295823.653,12,fearful,dusk,sky,dusk,fearful,fearful,dusk,sky,dusk,fearful,6468.563872337341,2021-11-30T18:10:23.653000,1638289355.0891278
24,9,11,9,Random,-9999,9b51cf3b4d5e91ff,2.303999900817871,0.19000005722045898,1638295826.138,11,near,disgust,sunset,near,disgust,near,disgust,sunset,near,disgust,6471.048872232437,2021-11-30T18:10:26.138000,1638289355.0891278
4,23,10,23,Random,-9999,9f10e8bb319f049a,10.230999946594238,0.15200018882751465,1638295830.126,10,sky,angry,socks,sky,angry,sky,angry,socks,sky,angry,6475.036872148514,2021-11-30T18:10:30.126000,1638289355.0891278
18,2,20,20,Random,-9999,9b51cf3b4d5e91ff,4.680999994277954,0.15799999237060547,1638295830.975,2,shirt,beach,strawberry,beach,shirt,shirt,beach,strawberry,beach,shirt,6475.885872125626,2021-11-30T18:10:30.975000,1638289355.0891278
11,25,27,27,Random,-9999,9f10e8bb319f049a,1.8410000801086426,0.15799999237060547,1638295832.054,25,dawn,dusk,disgust,dusk,dawn,dawn,dusk,disgust,dusk,dawn,6476.964872121811,2021-11-30T18:10:32.054000,1638289355.0891278
24,16,25,16,Random,-9999,9b51cf3b4d5e91ff,2.447999954223633,0.17300009727478027,1638295833.588,25,lemon,dawn,sunset,lemon,dawn,lemon,dawn,sunset,lemon,dawn,6478.498872280121,2021-11-30T18:10:33.588000,1638289355.0891278
0,1,9,1,Random,-9999,9f10e8bb319f049a,1.5130000114440918,0.0969998836517334,1638295833.67,9,pants,near,dress,pants,near,pants,near,dress,pants,near,6478.580872297287,2021-11-30T18:10:33.670000,1638289355.0891278
3,21,26,26,Random,-9999,9f10e8bb319f049a,1.942000150680542,0.08699989318847656,1638295835.801,21,field,day,shoes,day,field,field,day,shoes,day,field,6480.711872339249,2021-11-30T18:10:35.801000,1638289355.0891278
12,29,23,23,Random,-9999,9b51cf3b4d5e91ff,10.598000049591064,0.1659998893737793,1638295844.351,29,noon,sky,fearful,sky,noon,noon,sky,fearful,sky,noon,6489.261872291565,2021-11-30T18:10:44.351000,1638289355.0891278
28,13,0,0,Random,-9999,9b51cf3b4d5e91ff,2.9700000286102295,0.15400004386901855,1638295847.491,13,happy,dress,night,dress,happy,happy,dress,night,dress,happy,6492.4018721580505,2021-11-30T18:10:47.491000,1638289355.0891278
21,8,4,4,Random,-9999,9b51cf3b4d5e91ff,2.8600001335144043,0.14999985694885254,1638295850.48,8,far,socks,field,socks,far,far,socks,field,socks,far,6495.3908722400665,2021-11-30T18:10:50.480000,1638289355.0891278
13,22,7,22,Random,-9999,9f10e8bb319f049a,15.937000036239624,0.19499993324279785,1638295852.531,7,ocean,beside,happy,ocean,beside,ocean,beside,happy,ocean,beside,6497.441872119904,2021-11-30T18:10:52.531000,1638289355.0891278
14,22,24,24,Random,-9999,9b51cf3b4d5e91ff,2.2890000343322754,0.15399980545043945,1638295852.911,22,ocean,sunset,sad,sunset,ocean,ocean,sunset,sad,sunset,ocean,6497.8218722343445,2021-11-30T18:10:52.911000,1638289355.0891278
15,13,24,13,Random,-9999,9f10e8bb319f049a,1.9590001106262207,0.7939999103546143,1638295854.681,24,happy,sunset,blueberry,happy,sunset,happy,sunset,blueberry,happy,sunset,6499.591872215271,2021-11-30T18:10:54.681000,1638289355.0891278
27,19,14,14,Random,-9999,9b51cf3b4d5e91ff,2.4609999656677246,0.13700008392333984,1638295855.532,19,watermelon,sad,dusk,sad,watermelon,watermelon,sad,dusk,sad,watermelon,6500.442872285843,2021-11-30T18:10:55.532000,1638289355.0891278
12,6,11,11,Random,-9999,9f10e8bb319f049a,4.107999801635742,0.1940000057220459,1638295858.929,6,below,disgust,fearful,disgust,below,below,disgust,fearful,disgust,below,6503.839872121811,2021-11-30T18:10:58.929000,1638289355.0891278
10,19,20,20,Random,-9999,9b51cf3b4d5e91ff,5.13100004196167,0.14499998092651367,1638295860.794,19,watermelon,beach,angry,beach,watermelon,watermelon,beach,angry,beach,watermelon,6505.704872131348,2021-11-30T18:11:00.794000,1638289355.0891278
18,8,22,22,Random,-9999,9f10e8bb319f049a,2.1500000953674316,0.16000008583068848,1638295861.245,8,far,ocean,strawberry,ocean,far,far,ocean,strawberry,ocean,far,6506.155872106552,2021-11-30T18:11:01.245000,1638289355.0891278
17,19,15,15,Random,-9999,9f10e8bb319f049a,2.3999998569488525,0.16100001335144043,1638295864.805,19,watermelon,blueberry,mango,blueberry,watermelon,watermelon,blueberry,mango,blueberry,watermelon,6509.71587228775,2021-11-30T18:11:04.805000,1638289355.0891278
20,9,23,23,Random,-9999,9b51cf3b4d5e91ff,4.810999870300293,0.1510000228881836,1638295865.754,9,near,sky,beach,sky,near,near,sky,beach,sky,near,6510.664872169495,2021-11-30T18:11:05.754000,1638289355.0891278
9,0,21,0,Random,-9999,9b51cf3b4d5e91ff,6.8399999141693115,0.14600014686584473,1638295872.753,21,dress,field,near,dress,field,dress,field,near,dress,field,6517.663872241974,2021-11-30T18:11:12.753000,1638289355.0891278
11,22,26,22,Random,-9999,9f10e8bb319f049a,10.990999937057495,1.1440000534057617,1638295875.875,26,ocean,day,disgust,ocean,day,ocean,day,disgust,ocean,day,6520.785872220993,2021-11-30T18:11:15.875000,1638289355.0891278
16,10,2,10,Random,-9999,9b51cf3b4d5e91ff,4.4679999351501465,0.16100001335144043,1638295877.371,2,angry,shirt,lemon,angry,shirt,angry,shirt,lemon,angry,shirt,6522.2818722724915,2021-11-30T18:11:17.371000,1638289355.0891278
3,18,15,18,Random,-9999,9f10e8bb319f049a,1.9079999923706055,0.1380000114440918,1638295877.919,15,strawberry,blueberry,shoes,strawberry,blueberry,strawberry,blueberry,shoes,strawberry,blueberry,6522.829872131348,2021-11-30T18:11:17.919000,1638289355.0891278
2,1,27,1,Random,-9999,9f10e8bb319f049a,1.3600001335144043,0.14399981498718262,1638295879.424,27,pants,dusk,shirt,pants,dusk,pants,dusk,shirt,pants,dusk,6524.334872245789,2021-11-30T18:11:19.424000,1638289355.0891278
6,29,3,3,Random,-9999,9b51cf3b4d5e91ff,2.0849997997283936,0.14100003242492676,1638295879.593,29,noon,shoes,below,shoes,noon,noon,shoes,below,shoes,noon,6524.503872156143,2021-11-30T18:11:19.593000,1638289355.0891278
12,1,0,1,Random,-9999,9b51cf3b4d5e91ff,3.6590001583099365,0.14400005340576172,1638295883.417,0,pants,dress,fearful,pants,dress,pants,dress,fearful,pants,dress,6528.327872276306,2021-11-30T18:11:23.417000,1638289355.0891278
6,4,16,4,Random,-9999,9b51cf3b4d5e91ff,2.4150002002716064,0.22299981117248535,1638295886.028,16,socks,lemon,below,socks,lemon,socks,lemon,below,socks,lemon,6530.938872337341,2021-11-30T18:11:26.028000,1638289355.0891278
8,15,14,15,Random,-9999,9f10e8bb319f049a,6.671000003814697,0.08099985122680664,1638295886.233,14,blueberry,sad,far,blueberry,sad,blueberry,sad,far,blueberry,sad,6531.143872261047,2021-11-30T18:11:26.233000,1638289355.0891278
15,17,29,17,Random,-9999,9f10e8bb319f049a,1.313999891281128,0.1400001049041748,1638295887.631,29,mango,noon,blueberry,mango,noon,mango,noon,blueberry,mango,noon,6532.541872262955,2021-11-30T18:11:27.631000,1638289355.0891278
10,15,29,15,Random,-9999,9b51cf3b4d5e91ff,2.5360000133514404,0.1510000228881836,1638295888.727,29,blueberry,noon,angry,blueberry,noon,blueberry,noon,angry,blueberry,noon,6533.637872219086,2021-11-30T18:11:28.727000,1638289355.0891278
18,6,1,6,Random,-9999,9f10e8bb319f049a,1.7279999256134033,0.08100008964538574,1638295889.436,1,below,pants,strawberry,below,pants,below,pants,strawberry,below,pants,6534.346872329712,2021-11-30T18:11:29.436000,1638289355.0891278
21,20,24,24,Random,-9999,9f10e8bb319f049a,1.6710000038146973,0.07800006866455078,1638295891.19,20,beach,sunset,field,sunset,beach,beach,sunset,field,sunset,beach,6536.1008722782135,2021-11-30T18:11:31.190000,1638289355.0891278
23,27,25,27,Random,-9999,9f10e8bb319f049a,1.872999906539917,0.0820000171661377,1638295893.142,25,dusk,dawn,sky,dusk,dawn,dusk,dawn,sky,dusk,dawn,6538.052872180939,2021-11-30T18:11:33.142000,1638289355.0891278
17,28,5,5,Random,-9999,9b51cf3b4d5e91ff,2.319999933242798,0.15799999237060547,1638295893.331,28,night,above,mango,above,night,night,above,mango,above,night,6538.241872310638,2021-11-30T18:11:33.331000,1638289355.0891278
23,14,5,5,Random,-9999,9b51cf3b4d5e91ff,2.24399995803833,0.14300012588500977,1638295895.71,14,sad,above,sky,above,sad,sad,above,sky,above,sad,6540.62087225914,2021-11-30T18:11:35.710000,1638289355.0891278
9,24,4,24,Random,-9999,9f10e8bb319f049a,3.119999885559082,0.08299994468688965,1638295896.403,4,sunset,socks,near,sunset,socks,sunset,socks,near,sunset,socks,6541.313872337341,2021-11-30T18:11:36.403000,1638289355.0891278
8,9,17,9,Random,-9999,9b51cf3b4d5e91ff,1.9040000438690186,0.14299988746643066,1638295897.7,17,near,mango,far,near,mango,near,mango,far,near,mango,6542.610872268677,2021-11-30T18:11:37.700000,1638289355.0891278
0,8,12,8,Random,-9999,9f10e8bb319f049a,1.8580000400543213,0.14300012588500977,1638295898.349,12,far,fearful,dress,far,fearful,far,fearful,dress,far,fearful,6543.259872198105,2021-11-30T18:11:38.349000,1638289355.0891278
10,27,28,28,Random,-9999,9b51cf3b4d5e91ff,2.73799991607666,0.07800006866455078,1638295900.601,27,dusk,night,angry,night,dusk,dusk,night,angry,night,dusk,6545.511872291565,2021-11-30T18:11:40.601000,1638289355.0891278
29,5,15,5,Random,-9999,9f10e8bb319f049a,2.179999828338623,0.08600020408630371,1638295900.668,15,above,blueberry,noon,above,blueberry,above,blueberry,noon,above,blueberry,6545.578872203827,2021-11-30T18:11:40.668000,1638289355.0891278
0,2,10,2,Random,-9999,9f10e8bb319f049a,2.11899995803833,0.15400004386901855,1638295902.939,10,shirt,angry,dress,shirt,angry,shirt,angry,dress,shirt,angry,6547.849872112274,2021-11-30T18:11:42.939000,1638289355.0891278
2,8,16,16,Random,-9999,9b51cf3b4d5e91ff,4.0290000438690186,0.16299986839294434,1638295904.799,8,far,lemon,shirt,lemon,far,far,lemon,shirt,lemon,far,6549.709872245789,2021-11-30T18:11:44.799000,1638289355.0891278
3,24,29,29,Random,-9999,9f10e8bb319f049a,2.561000108718872,0.14800000190734863,1638295905.914,24,sunset,noon,shoes,noon,sunset,sunset,noon,shoes,noon,sunset,6550.824872255325,2021-11-30T18:11:45.914000,1638289355.0891278
1,20,2,2,Random,-9999,9f10e8bb319f049a,2.861999988555908,0.4809999465942383,1638295908.934,20,beach,shirt,pants,shirt,beach,beach,shirt,pants,shirt,beach,6553.844872236252,2021-11-30T18:11:48.934000,1638289355.0891278
29,17,0,17,Random,-9999,9b51cf3b4d5e91ff,4.697999954223633,0.16700005531311035,1638295909.641,0,mango,dress,noon,mango,dress,mango,dress,noon,mango,dress,6554.551872253418,2021-11-30T18:11:49.641000,1638289355.0891278
15,14,11,14,Random,-9999,9f10e8bb319f049a,2.6540000438690186,0.09200000762939453,1638295911.755,11,sad,disgust,blueberry,sad,disgust,sad,disgust,blueberry,sad,disgust,6556.665872335434,2021-11-30T18:11:51.755000,1638289355.0891278
11,24,10,10,Random,-9999,9b51cf3b4d5e91ff,3.498999834060669,0.15000009536743164,1638295913.308,24,sunset,angry,disgust,angry,sunset,sunset,angry,disgust,angry,sunset,6558.218872308731,2021-11-30T18:11:53.308000,1638289355.0891278
4,7,1,7,Random,-9999,9f10e8bb319f049a,2.5930001735687256,0.16699981689453125,1638295914.515,1,beside,pants,socks,beside,pants,beside,pants,socks,beside,pants,6559.425872325897,2021-11-30T18:11:54.515000,1638289355.0891278
16,4,2,2,Random,-9999,9b51cf3b4d5e91ff,3.3509998321533203,0.17200016975402832,1638295916.829,4,socks,shirt,lemon,shirt,socks,socks,shirt,lemon,shirt,socks,6561.739872217178,2021-11-30T18:11:56.829000,1638289355.0891278
26,11,14,14,Random,-9999,9f10e8bb319f049a,3.497999906539917,0.16200017929077148,1638295918.189,11,disgust,sad,day,sad,disgust,disgust,sad,day,sad,disgust,6563.099872112274,2021-11-30T18:11:58.189000,1638289355.0891278
9,13,29,13,Random,-9999,9b51cf3b4d5e91ff,3.5869998931884766,0.1680002212524414,1638295920.626,29,happy,noon,near,happy,noon,happy,noon,near,happy,noon,6565.536872148514,2021-11-30T18:12:00.626000,1638289355.0891278
26,22,1,22,Random,-9999,9b51cf3b4d5e91ff,5.222999811172485,0.2070000171661377,1638295926.009,1,ocean,pants,day,ocean,pants,ocean,pants,day,ocean,pants,6570.919872283936,2021-11-30T18:12:06.009000,1638289355.0891278
22,16,10,10,Random,-9999,9b51cf3b4d5e91ff,3.741000175476074,0.1789999008178711,1638295929.933,16,lemon,angry,ocean,angry,lemon,lemon,angry,ocean,angry,lemon,6574.843872308731,2021-11-30T18:12:09.933000,1638289355.0891278
1,0,28,0,Random,-9999,9f10e8bb319f049a,12.349999904632568,0.17400002479553223,1638295930.697,28,dress,night,pants,dress,night,dress,night,pants,dress,night,6575.607872247696,2021-11-30T18:12:10.697000,1638289355.0891278
20,19,17,17,Random,-9999,9b51cf3b4d5e91ff,2.2239999771118164,0.19499993324279785,1638295932.349,19,watermelon,mango,beach,mango,watermelon,watermelon,mango,beach,mango,watermelon,6577.259872198105,2021-11-30T18:12:12.349000,1638289355.0891278
12,13,4,13,Random,-9999,9f10e8bb319f049a,2.310999870300293,0.16300010681152344,1638295933.171,4,happy,socks,fearful,happy,socks,happy,socks,fearful,happy,socks,6578.081872224808,2021-11-30T18:12:13.171000,1638289355.0891278
24,18,14,14,Random,-9999,9b51cf3b4d5e91ff,1.6560001373291016,0.17299985885620117,1638295934.102,18,strawberry,sad,sunset,sad,strawberry,strawberry,sad,sunset,sad,strawberry,6579.012872219086,2021-11-30T18:12:14.102000,1638289355.0891278
24,23,8,23,Random,-9999,9f10e8bb319f049a,2.82099986076355,0.17200016975402832,1638295936.167,8,sky,far,sunset,sky,far,sky,far,sunset,sky,far,6581.077872276306,2021-11-30T18:12:16.167000,1638289355.0891278
28,23,19,23,Random,-9999,9b51cf3b4d5e91ff,4.6499998569488525,0.09200000762939453,1638295938.944,19,sky,watermelon,night,sky,watermelon,sky,watermelon,night,sky,watermelon,6583.854872226715,2021-11-30T18:12:18.944000,1638289355.0891278
19,11,20,11,Random,-9999,9f10e8bb319f049a,2.8559999465942383,0.16100001335144043,1638295939.187,20,disgust,beach,watermelon,disgust,beach,disgust,beach,watermelon,disgust,beach,6584.097872257233,2021-11-30T18:12:19.187000,1638289355.0891278
12,15,6,15,Random,-9999,9b51cf3b4d5e91ff,2.1089999675750732,0.15700006484985352,1638295941.394,6,blueberry,below,fearful,blueberry,below,blueberry,below,fearful,blueberry,below,6586.304872274399,2021-11-30T18:12:21.394000,1638289355.0891278
1,23,9,9,Random,-9999,9b51cf3b4d5e91ff,2.7239999771118164,0.15000009536743164,1638295944.066,23,sky,near,pants,near,sky,sky,near,pants,near,sky,6588.976872205734,2021-11-30T18:12:24.066000,1638289355.0891278
10,5,16,5,Random,-9999,9b51cf3b4d5e91ff,2.176999807357788,0.16100001335144043,1638295946.377,16,above,lemon,angry,above,lemon,above,lemon,angry,above,lemon,6591.287872314453,2021-11-30T18:12:26.377000,1638289355.0891278
1,3,18,3,Random,-9999,9b51cf3b4d5e91ff,3.4809999465942383,0.14600014686584473,1638295950.021,18,shoes,strawberry,pants,shoes,strawberry,shoes,strawberry,pants,shoes,strawberry,6594.93187212944,2021-11-30T18:12:30.021000,1638289355.0891278
13,6,27,6,Random,-9999,9f10e8bb319f049a,11.065999984741211,0.15900015830993652,1638295950.399,27,below,dusk,happy,below,dusk,below,dusk,happy,below,dusk,6595.309872150421,2021-11-30T18:12:30.399000,1638289355.0891278
24,28,26,28,Random,-9999,9f10e8bb319f049a,1.6470000743865967,0.14599990844726562,1638295952.132,26,night,day,sunset,night,day,night,day,sunset,night,day,6597.0428721904755,2021-11-30T18:12:32.132000,1638289355.0891278
0,16,27,16,Random,-9999,9b51cf3b4d5e91ff,3.2330000400543213,0.18199992179870605,1638295953.442,27,lemon,dusk,dress,lemon,dusk,lemon,dusk,dress,lemon,dusk,6598.352872133255,2021-11-30T18:12:33.442000,1638289355.0891278
0,4,20,4,Random,-9999,9f10e8bb319f049a,1.5990002155303955,0.0839998722076416,1638295953.816,20,socks,beach,dress,socks,beach,socks,beach,dress,socks,beach,6598.726872205734,2021-11-30T18:12:33.816000,1638289355.0891278
23,24,19,24,Random,-9999,ed074deb127a9e04,2.7170000076293945,0.25099992752075195,1638295955.801,19,sunset,watermelon,sky,sunset,watermelon,sunset,watermelon,sky,sunset,watermelon,6600.711872339249,2021-11-30T18:12:35.801000,1638289355.0891278
24,18,1,18,Random,-9999,9b51cf3b4d5e91ff,3.513000011444092,0.17100000381469727,1638295957.1,1,strawberry,pants,sunset,strawberry,pants,strawberry,pants,sunset,strawberry,pants,6602.010872125626,2021-11-30T18:12:37.100000,1638289355.0891278
7,9,23,9,Random,-9999,ed074deb127a9e04,2.1440000534057617,0.11999988555908203,1638295958.057,23,near,sky,beside,near,sky,near,sky,beside,near,sky,6602.967872142792,2021-11-30T18:12:38.057000,1638289355.0891278
29,19,11,19,Random,-9999,ed074deb127a9e04,3.63100004196167,0.12199997901916504,1638295961.818,11,watermelon,disgust,noon,watermelon,disgust,watermelon,disgust,noon,watermelon,disgust,6606.728872299194,2021-11-30T18:12:41.818000,1638289355.0891278
11,25,27,27,Random,-9999,9b51cf3b4d5e91ff,5.250999927520752,0.13899993896484375,1638295962.506,25,dawn,dusk,disgust,dusk,dawn,dawn,dusk,disgust,dusk,dawn,6607.416872262955,2021-11-30T18:12:42.506000,1638289355.0891278
28,19,20,20,Random,-9999,9f10e8bb319f049a,9.055000066757202,0.0820000171661377,1638295963.015,19,watermelon,beach,night,beach,watermelon,watermelon,beach,night,beach,watermelon,6607.925872325897,2021-11-30T18:12:43.015000,1638289355.0891278
28,10,7,7,Random,-9999,9f10e8bb319f049a,1.7109999656677246,0.14899992942810059,1638295964.819,10,angry,beside,night,beside,angry,angry,beside,night,beside,angry,6609.729872226715,2021-11-30T18:12:44.819000,1638289355.0891278
8,25,10,10,Random,-9999,ed074deb127a9e04,3.49399995803833,0.13700008392333984,1638295965.459,25,dawn,angry,far,angry,dawn,dawn,angry,far,angry,dawn,6610.369872331619,2021-11-30T18:12:45.459000,1638289355.0891278
0,7,13,7,Random,-9999,9b51cf3b4d5e91ff,4.331999778747559,0.1420001983642578,1638295966.975,13,beside,happy,dress,beside,happy,beside,happy,dress,beside,happy,6611.885872125626,2021-11-30T18:12:46.975000,1638289355.0891278
4,16,15,16,Random,-9999,9f10e8bb319f049a,2.3310000896453857,0.08999991416931152,1638295967.299,15,lemon,blueberry,socks,lemon,blueberry,lemon,blueberry,socks,lemon,blueberry,6612.209872245789,2021-11-30T18:12:47.299000,1638289355.0891278
18,7,28,28,Random,-9999,ed074deb127a9e04,3.320000171661377,0.1359999179840088,1638295968.9,7,beside,night,strawberry,night,beside,beside,night,strawberry,night,beside,6613.8108723163605,2021-11-30T18:12:48.900000,1638289355.0891278
11,8,1,1,Random,-9999,9f10e8bb319f049a,1.567000150680542,0.15899991989135742,1638295968.965,8,far,pants,disgust,pants,far,far,pants,disgust,pants,far,6613.875872135162,2021-11-30T18:12:48.965000,1638289355.0891278
19,16,4,16,Random,-9999,ed074deb127a9e04,1.49399995803833,0.1380000114440918,1638295970.471,4,lemon,socks,watermelon,lemon,socks,lemon,socks,watermelon,lemon,socks,6615.381872177124,2021-11-30T18:12:50.471000,1638289355.0891278
18,7,25,7,Random,-9999,9b51cf3b4d5e91ff,3.8439998626708984,0.14500021934509277,1638295970.964,25,beside,dawn,strawberry,beside,dawn,beside,dawn,strawberry,beside,dawn,6615.874872207642,2021-11-30T18:12:50.964000,1638289355.0891278
13,23,18,23,Random,-9999,9f10e8bb319f049a,2.5909998416900635,0.08899998664855957,1638295971.701,18,sky,strawberry,happy,sky,strawberry,sky,strawberry,happy,sky,strawberry,6616.6118721961975,2021-11-30T18:12:51.701000,1638289355.0891278
10,20,14,14,Random,-9999,ed074deb127a9e04,2.3919999599456787,0.07200002670288086,1638295973.001,20,beach,sad,angry,sad,beach,beach,sad,angry,sad,beach,6617.911872148514,2021-11-30T18:12:53.001000,1638289355.0891278
19,10,13,13,Random,-9999,9f10e8bb319f049a,1.7100000381469727,0.1490001678466797,1638295973.5,10,angry,happy,watermelon,happy,angry,angry,happy,watermelon,happy,angry,6618.410872220993,2021-11-30T18:12:53.500000,1638289355.0891278
0,8,15,15,Random,-9999,9b51cf3b4d5e91ff,3.138000011444092,0.17300009727478027,1638295974.281,8,far,blueberry,dress,blueberry,far,far,blueberry,dress,blueberry,far,6619.191872119904,2021-11-30T18:12:54.281000,1638289355.0891278
3,13,27,13,Random,-9999,ed074deb127a9e04,2.0180001258850098,0.13399982452392578,1638295975.161,27,happy,dusk,shoes,happy,dusk,happy,dusk,shoes,happy,dusk,6620.0718722343445,2021-11-30T18:12:55.161000,1638289355.0891278
13,23,25,23,Random,-9999,9f10e8bb319f049a,2.1740000247955322,0.09099984169006348,1638295975.827,25,sky,dawn,happy,sky,dawn,sky,dawn,happy,sky,dawn,6620.737872123718,2021-11-30T18:12:55.827000,1638289355.0891278
25,7,4,7,Random,-9999,9f10e8bb319f049a,2.555999994277954,0.16700005531311035,1638295978.545,4,beside,socks,dawn,beside,socks,beside,socks,dawn,beside,socks,6623.455872297287,2021-11-30T18:12:58.545000,1638289355.0891278
17,12,22,22,Random,-9999,9b51cf3b4d5e91ff,5.457000017166138,0.16499996185302734,1638295979.912,12,fearful,ocean,mango,ocean,fearful,fearful,ocean,mango,ocean,fearful,6624.822872161865,2021-11-30T18:12:59.912000,1638289355.0891278
26,18,12,18,Random,-9999,ed074deb127a9e04,4.799000024795532,0.14499998092651367,1638295980.103,12,strawberry,fearful,day,strawberry,fearful,strawberry,fearful,day,strawberry,fearful,6625.013872146606,2021-11-30T18:13:00.103000,1638289355.0891278
17,23,21,23,Random,-9999,9b51cf3b4d5e91ff,2.2309999465942383,0.17199993133544922,1638295982.292,21,sky,field,mango,sky,field,sky,field,mango,sky,field,6627.202872276306,2021-11-30T18:13:02.292000,1638289355.0891278
3,24,12,24,Random,-9999,ed074deb127a9e04,2.802999973297119,0.14800000190734863,1638295983.055,12,sunset,fearful,shoes,sunset,fearful,sunset,fearful,shoes,sunset,fearful,6627.96587228775,2021-11-30T18:13:03.055000,1638289355.0891278
4,29,17,17,Random,-9999,9f10e8bb319f049a,6.259000062942505,0.14599990844726562,1638295984.956,29,noon,mango,socks,mango,noon,noon,mango,socks,mango,noon,6629.866872310638,2021-11-30T18:13:04.956000,1638289355.0891278
7,29,6,6,Random,-9999,ed074deb127a9e04,2.0179998874664307,0.13400006294250488,1638295985.206,29,noon,below,beside,below,noon,noon,below,beside,below,noon,6630.116872310638,2021-11-30T18:13:05.206000,1638289355.0891278
5,25,26,25,Random,-9999,9f10e8bb319f049a,1.2649998664855957,0.15400004386901855,1638295986.313,26,dawn,day,above,dawn,day,dawn,day,above,dawn,day,6631.223872184753,2021-11-30T18:13:06.313000,1638289355.0891278
0,13,7,13,Random,-9999,9b51cf3b4d5e91ff,4.318000078201294,0.14100003242492676,1638295986.745,7,happy,beside,dress,happy,beside,happy,beside,dress,happy,beside,6631.655872106552,2021-11-30T18:13:06.745000,1638289355.0891278
0,17,26,26,Random,-9999,9f10e8bb319f049a,1.678999900817871,0.0840001106262207,1638295988.076,17,mango,day,dress,day,mango,mango,day,dress,day,mango,6632.9868721961975,2021-11-30T18:13:08.076000,1638289355.0891278
14,22,9,22,Random,-9999,ed074deb127a9e04,3.6510000228881836,0.13300013542175293,1638295988.987,9,ocean,near,sad,ocean,near,ocean,near,sad,ocean,near,6633.897872209549,2021-11-30T18:13:08.987000,1638289355.0891278
24,4,26,26,Random,-9999,9f10e8bb319f049a,2.822000026702881,0.08500003814697266,1638295991.038,4,socks,day,sunset,day,socks,socks,day,sunset,day,socks,6635.948872327805,2021-11-30T18:13:11.038000,1638289355.0891278
15,17,12,17,Random,-9999,9b51cf3b4d5e91ff,4.343000173568726,0.14799976348876953,1638295991.251,12,mango,fearful,blueberry,mango,fearful,mango,fearful,blueberry,mango,fearful,6636.161872148514,2021-11-30T18:13:11.251000,1638289355.0891278
21,29,28,29,Random,-9999,ed074deb127a9e04,2.5290000438690186,0.11899995803833008,1638295991.637,28,noon,night,field,noon,night,noon,night,field,noon,night,6636.547872304916,2021-11-30T18:13:11.637000,1638289355.0891278
25,15,21,21,Random,-9999,9f10e8bb319f049a,1.8629999160766602,0.14499998092651367,1638295992.993,15,blueberry,field,dawn,field,blueberry,blueberry,field,dawn,field,blueberry,6637.903872251511,2021-11-30T18:13:12.993000,1638289355.0891278
20,21,0,0,Random,-9999,9b51cf3b4d5e91ff,3.7059998512268066,0.1380000114440918,1638295995.088,21,field,dress,beach,dress,field,field,dress,beach,dress,field,6639.998872280121,2021-11-30T18:13:15.088000,1638289355.0891278
27,26,8,26,Random,-9999,ed074deb127a9e04,3.5230000019073486,0.13299989700317383,1638295995.279,8,day,far,dusk,day,far,day,far,dusk,day,far,6640.189872264862,2021-11-30T18:13:15.279000,1638289355.0891278
2,12,29,29,Random,-9999,ed074deb127a9e04,3.005999803543091,0.13000011444091797,1638295998.426,12,fearful,noon,shirt,noon,fearful,fearful,noon,shirt,noon,fearful,6643.336872339249,2021-11-30T18:13:18.426000,1638289355.0891278
3,13,11,13,Random,-9999,9b51cf3b4d5e91ff,3.7990000247955322,0.15799999237060547,1638295999.044,11,happy,disgust,shoes,happy,disgust,happy,disgust,shoes,happy,disgust,6643.954872131348,2021-11-30T18:13:19.044000,1638289355.0891278
25,11,1,11,Random,-9999,9b51cf3b4d5e91ff,2.319000005722046,0.15599989891052246,1638296001.525,1,disgust,pants,dawn,disgust,pants,disgust,pants,dawn,disgust,pants,6646.4358723163605,2021-11-30T18:13:21.525000,1638289355.0891278
29,3,13,13,Random,-9999,ed074deb127a9e04,3.246000051498413,0.14600014686584473,1638296001.819,3,shoes,happy,noon,happy,shoes,shoes,happy,noon,happy,shoes,6646.729872226715,2021-11-30T18:13:21.819000,1638289355.0891278
29,3,25,25,Random,-9999,ed074deb127a9e04,2.240999937057495,0.13499999046325684,1638296004.206,3,shoes,dawn,noon,dawn,shoes,shoes,dawn,noon,dawn,shoes,6649.116872310638,2021-11-30T18:13:24.206000,1638289355.0891278
1,15,19,15,Random,-9999,9b51cf3b4d5e91ff,3.615000009536743,0.14800000190734863,1638296005.278,19,blueberry,watermelon,pants,blueberry,watermelon,blueberry,watermelon,pants,blueberry,watermelon,6650.188872337341,2021-11-30T18:13:25.278000,1638289355.0891278
24,29,14,29,Random,-9999,ed074deb127a9e04,2.063000202178955,0.13699984550476074,1638296006.391,14,noon,sad,sunset,noon,sad,noon,sad,sunset,noon,sad,6651.301872253418,2021-11-30T18:13:26.391000,1638289355.0891278
18,0,27,0,Random,-9999,c96b68020a4f61cf,5.953000068664551,0.17299985885620117,1638296008.051,27,dress,dusk,strawberry,dress,dusk,dress,dusk,strawberry,dress,dusk,6652.961872339249,2021-11-30T18:13:28.051000,1638289355.0891278
28,24,23,24,Random,-9999,9b51cf3b4d5e91ff,3.371999979019165,0.1490001678466797,1638296008.826,23,sunset,sky,night,sunset,sky,sunset,sky,night,sunset,sky,6653.7368721961975,2021-11-30T18:13:28.826000,1638289355.0891278
25,2,7,7,Random,-9999,ed074deb127a9e04,4.796000003814697,0.13199996948242188,1638296011.326,2,shirt,beside,dawn,beside,shirt,shirt,beside,dawn,beside,shirt,6656.2368721961975,2021-11-30T18:13:31.326000,1638289355.0891278
20,18,4,18,Random,-9999,9b51cf3b4d5e91ff,2.8439998626708984,0.1660001277923584,1638296011.81,4,strawberry,socks,beach,strawberry,socks,strawberry,socks,beach,strawberry,socks,6656.720872163773,2021-11-30T18:13:31.810000,1638289355.0891278
7,9,16,9,Random,-9999,ed074deb127a9e04,1.6159999370574951,0.13499999046325684,1638296013.013,16,near,lemon,beside,near,lemon,near,lemon,beside,near,lemon,6657.923872232437,2021-11-30T18:13:33.013000,1638289355.0891278
1,3,14,3,Random,-9999,9b51cf3b4d5e91ff,2.4139997959136963,0.1420001983642578,1638296014.384,14,shoes,sad,pants,shoes,sad,shoes,sad,pants,shoes,sad,6659.294872283936,2021-11-30T18:13:34.384000,1638289355.0891278
1,3,24,3,Random,-9999,ed074deb127a9e04,1.614999771118164,0.07400012016296387,1638296014.702,24,shoes,sunset,pants,shoes,sunset,shoes,sunset,pants,shoes,sunset,6659.612872123718,2021-11-30T18:13:34.702000,1638289355.0891278
7,13,28,28,Random,-9999,c96b68020a4f61cf,6.721999883651733,0.15900015830993652,1638296014.939,13,happy,night,beside,night,happy,happy,night,beside,night,happy,6659.849872112274,2021-11-30T18:13:34.939000,1638289355.0891278
25,15,20,20,Random,-9999,ed074deb127a9e04,1.6089999675750732,0.07000017166137695,1638296016.381,15,blueberry,beach,dawn,beach,blueberry,blueberry,beach,dawn,beach,blueberry,6661.291872262955,2021-11-30T18:13:36.381000,1638289355.0891278
29,3,9,9,Random,-9999,9b51cf3b4d5e91ff,2.190999984741211,0.1660001277923584,1638296016.734,3,shoes,near,noon,near,shoes,shoes,near,noon,near,shoes,6661.644872188568,2021-11-30T18:13:36.734000,1638289355.0891278
11,0,8,8,Random,-9999,c96b68020a4f61cf,2.677000045776367,0.16499996185302734,1638296017.777,0,dress,far,disgust,far,dress,dress,far,disgust,far,dress,6662.687872171402,2021-11-30T18:13:37.777000,1638289355.0891278
15,18,17,18,Random,-9999,ed074deb127a9e04,1.4190001487731934,0.06999993324279785,1638296017.87,17,strawberry,mango,blueberry,strawberry,mango,strawberry,mango,blueberry,strawberry,mango,6662.780872106552,2021-11-30T18:13:37.870000,1638289355.0891278
17,24,28,24,Random,-9999,9b51cf3b4d5e91ff,2.186999797821045,0.1510000228881836,1638296019.067,28,sunset,night,mango,sunset,night,sunset,night,mango,sunset,night,6663.977872133255,2021-11-30T18:13:39.067000,1638289355.0891278
4,3,24,3,Random,-9999,c96b68020a4f61cf,1.6140000820159912,0.16199994087219238,1638296019.492,24,shoes,sunset,socks,shoes,sunset,shoes,sunset,socks,shoes,sunset,6664.40287232399,2021-11-30T18:13:39.492000,1638289355.0891278
1,12,0,0,Random,-9999,9b51cf3b4d5e91ff,2.247000217437744,0.14899992942810059,1638296021.459,12,fearful,dress,pants,dress,fearful,fearful,dress,pants,dress,fearful,6666.369872331619,2021-11-30T18:13:41.459000,1638289355.0891278
13,3,0,0,Random,-9999,c96b68020a4f61cf,2.42900013923645,0.0839998722076416,1638296022.08,3,shoes,dress,happy,dress,shoes,shoes,dress,happy,dress,shoes,6666.990872144699,2021-11-30T18:13:42.080000,1638289355.0891278
0,8,29,29,Random,-9999,ed074deb127a9e04,5.049000024795532,0.0710000991821289,1638296023.052,8,far,noon,dress,noon,far,far,noon,dress,noon,far,6667.962872266769,2021-11-30T18:13:43.052000,1638289355.0891278
15,13,10,13,Random,-9999,9b51cf3b4d5e91ff,2.0160000324249268,0.1529998779296875,1638296023.633,10,happy,angry,blueberry,happy,angry,happy,angry,blueberry,happy,angry,6668.543872117996,2021-11-30T18:13:43.633000,1638289355.0891278
17,16,20,20,Random,-9999,c96b68020a4f61cf,1.809999942779541,0.15899991989135742,1638296023.975,16,lemon,beach,mango,beach,lemon,lemon,beach,mango,beach,lemon,6668.885872125626,2021-11-30T18:13:43.975000,1638289355.0891278
2,23,19,23,Random,-9999,ed074deb127a9e04,1.7679998874664307,0.14400005340576172,1638296024.902,19,sky,watermelon,shirt,sky,watermelon,sky,watermelon,shirt,sky,watermelon,6669.812872171402,2021-11-30T18:13:44.902000,1638289355.0891278
11,12,13,12,Random,-9999,9b51cf3b4d5e91ff,3.313999891281128,0.15700006484985352,1638296027.101,13,fearful,happy,disgust,fearful,happy,fearful,happy,disgust,fearful,happy,6672.011872291565,2021-11-30T18:13:47.101000,1638289355.0891278
18,27,11,27,Random,-9999,ed074deb127a9e04,2.7720000743865967,0.07599997520446777,1638296027.821,11,dusk,disgust,strawberry,dusk,disgust,dusk,disgust,strawberry,dusk,disgust,6672.731872320175,2021-11-30T18:13:47.821000,1638289355.0891278
18,2,24,24,Random,-9999,c96b68020a4f61cf,3.8320000171661377,0.08700013160705566,1638296027.963,2,shirt,sunset,strawberry,sunset,shirt,shirt,sunset,strawberry,sunset,shirt,6672.873872280121,2021-11-30T18:13:47.963000,1638289355.0891278
17,15,21,15,Random,-9999,ed074deb127a9e04,1.6010000705718994,0.14299988746643066,1638296029.494,21,blueberry,field,mango,blueberry,field,blueberry,field,mango,blueberry,field,6674.404872179031,2021-11-30T18:13:49.494000,1638289355.0891278
14,29,4,4,Random,-9999,9b51cf3b4d5e91ff,3.140000104904175,0.16199994087219238,1638296030.416,29,noon,socks,sad,socks,noon,noon,socks,sad,socks,noon,6675.326872110367,2021-11-30T18:13:50.416000,1638289355.0891278
11,29,16,29,Random,-9999,ed074deb127a9e04,2.065999984741211,0.07800006866455078,1638296031.695,16,noon,lemon,disgust,noon,lemon,noon,lemon,disgust,noon,lemon,6676.605872154236,2021-11-30T18:13:51.695000,1638289355.0891278
4,24,6,6,Random,-9999,c96b68020a4f61cf,3.6419999599456787,0.16300010681152344,1638296031.766,24,sunset,below,socks,below,sunset,sunset,below,socks,below,sunset,6676.676872253418,2021-11-30T18:13:51.766000,1638289355.0891278
7,10,26,26,Random,-9999,9b51cf3b4d5e91ff,2.7330000400543213,0.15599989891052246,1638296033.288,10,angry,day,beside,day,angry,angry,day,beside,day,angry,6678.198872327805,2021-11-30T18:13:53.288000,1638289355.0891278
1,5,13,13,Random,-9999,ed074deb127a9e04,1.8359999656677246,0.13199996948242188,1638296033.601,5,above,happy,pants,happy,above,above,happy,pants,happy,above,6678.511872291565,2021-11-30T18:13:53.601000,1638289355.0891278
24,7,12,7,Random,-9999,c96b68020a4f61cf,2.618000030517578,0.15899991989135742,1638296034.527,12,beside,fearful,sunset,beside,fearful,beside,fearful,sunset,beside,fearful,6679.437872171402,2021-11-30T18:13:54.527000,1638289355.0891278
2,19,1,1,Random,-9999,9b51cf3b4d5e91ff,2.437999963760376,0.1510000228881836,1638296035.891,19,watermelon,pants,shirt,pants,watermelon,watermelon,pants,shirt,pants,watermelon,6680.801872253418,2021-11-30T18:13:55.891000,1638289355.0891278
27,4,8,8,Random,-9999,ed074deb127a9e04,2.5289998054504395,0.0710000991821289,1638296036.277,4,socks,far,dusk,far,socks,socks,far,dusk,far,socks,6681.187872171402,2021-11-30T18:13:56.277000,1638289355.0891278
11,9,13,9,Random,-9999,9b51cf3b4d5e91ff,1.7769999504089355,0.16499996185302734,1638296037.763,13,near,happy,disgust,near,happy,near,happy,disgust,near,happy,6682.673872232437,2021-11-30T18:13:57.763000,1638289355.0891278
6,21,4,4,Random,-9999,c96b68020a4f61cf,3.8480000495910645,0.15799999237060547,1638296038.688,21,field,socks,below,socks,field,field,socks,below,socks,field,6683.598872184753,2021-11-30T18:13:58.688000,1638289355.0891278
1,12,20,12,Random,-9999,ed074deb127a9e04,2.7899999618530273,0.13000011444091797,1638296039.176,20,fearful,beach,pants,fearful,beach,fearful,beach,pants,fearful,beach,6684.086872339249,2021-11-30T18:13:59.176000,1638289355.0891278
24,8,3,8,Random,-9999,9b51cf3b4d5e91ff,2.1080000400543213,0.09400010108947754,1638296040.03,3,far,shoes,sunset,far,shoes,far,shoes,sunset,far,shoes,6684.940872192383,2021-11-30T18:14:00.030000,1638289355.0891278
16,8,17,17,Random,-9999,c96b68020a4f61cf,1.7359998226165771,0.3190000057220459,1638296040.648,8,far,mango,lemon,mango,far,far,mango,lemon,mango,far,6685.5588722229,2021-11-30T18:14:00.648000,1638289355.0891278
25,15,28,28,Random,-9999,9b51cf3b4d5e91ff,1.8959999084472656,0.1419999599456787,1638296041.987,15,blueberry,night,dawn,night,blueberry,blueberry,night,dawn,night,blueberry,6686.897872209549,2021-11-30T18:14:01.987000,1638289355.0891278
3,24,13,13,Random,-9999,ed074deb127a9e04,2.937999963760376,0.13400006294250488,1638296042.252,24,sunset,happy,shoes,happy,sunset,sunset,happy,shoes,happy,sunset,6687.162872314453,2021-11-30T18:14:02.252000,1638289355.0891278
10,29,24,29,Random,-9999,c96b68020a4f61cf,1.9449999332427979,0.31600022315979004,1638296042.849,24,noon,sunset,angry,noon,sunset,noon,sunset,angry,noon,sunset,6687.759872198105,2021-11-30T18:14:02.849000,1638289355.0891278
16,19,22,19,Random,-9999,9b51cf3b4d5e91ff,1.6999998092651367,0.08000016212463379,1638296043.777,22,watermelon,ocean,lemon,watermelon,ocean,watermelon,ocean,lemon,watermelon,ocean,6688.687872171402,2021-11-30T18:14:03.777000,1638289355.0891278
3,18,29,29,Random,-9999,ed074deb127a9e04,1.7790000438690186,0.13299989700317383,1638296044.105,18,strawberry,noon,shoes,noon,strawberry,strawberry,noon,shoes,noon,strawberry,6689.0158722400665,2021-11-30T18:14:04.105000,1638289355.0891278
23,26,2,26,Random,-9999,c96b68020a4f61cf,2.5789999961853027,0.15000009536743164,1638296045.588,2,day,shirt,sky,day,shirt,day,shirt,sky,day,shirt,6690.498872280121,2021-11-30T18:14:05.588000,1638289355.0891278
17,28,24,24,Random,-9999,9b51cf3b4d5e91ff,2.3239998817443848,0.08700013160705566,1638296046.251,28,night,sunset,mango,sunset,night,night,sunset,mango,sunset,night,6691.161872148514,2021-11-30T18:14:06.251000,1638289355.0891278
25,23,1,23,Random,-9999,ed074deb127a9e04,3.2340002059936523,0.06999993324279785,1638296047.475,1,sky,pants,dawn,sky,pants,sky,pants,dawn,sky,pants,6692.385872125626,2021-11-30T18:14:07.475000,1638289355.0891278
14,20,24,24,Random,-9999,c96b68020a4f61cf,2.1640000343322754,0.15700006484985352,1638296047.906,20,beach,sunset,sad,sunset,beach,beach,sunset,sad,sunset,beach,6692.816872119904,2021-11-30T18:14:07.906000,1638289355.0891278
6,29,19,29,Random,-9999,9b51cf3b4d5e91ff,2.128000020980835,0.14800000190734863,1638296048.529,19,noon,watermelon,below,noon,watermelon,noon,watermelon,below,noon,watermelon,6693.439872264862,2021-11-30T18:14:08.529000,1638289355.0891278
23,17,8,8,Random,-9999,ed074deb127a9e04,2.0799999237060547,0.15199995040893555,1638296049.713,17,mango,far,sky,far,mango,mango,far,sky,far,mango,6694.623872280121,2021-11-30T18:14:09.713000,1638289355.0891278
5,14,9,9,Random,-9999,c96b68020a4f61cf,2.1449999809265137,0.15899991989135742,1638296050.208,14,sad,near,above,near,sad,sad,near,above,near,sad,6695.11887216568,2021-11-30T18:14:10.208000,1638289355.0891278
7,20,28,20,Random,-9999,9b51cf3b4d5e91ff,1.9200000762939453,0.14299988746643066,1638296050.525,28,beach,night,beside,beach,night,beach,night,beside,beach,night,6695.4358723163605,2021-11-30T18:14:10.525000,1638289355.0891278
3,19,4,4,Random,-9999,c96b68020a4f61cf,1.6040000915527344,0.15899991989135742,1638296051.911,19,watermelon,socks,shoes,socks,watermelon,watermelon,socks,shoes,socks,watermelon,6696.8218722343445,2021-11-30T18:14:11.911000,1638289355.0891278
21,10,6,10,Random,-9999,ed074deb127a9e04,2.2740001678466797,0.1419999599456787,1638296052.132,6,angry,below,field,angry,below,angry,below,field,angry,below,6697.0428721904755,2021-11-30T18:14:12.132000,1638289355.0891278
4,25,3,3,Random,-9999,9b51cf3b4d5e91ff,1.5959999561309814,0.08699989318847656,1638296052.214,25,dawn,shoes,socks,shoes,dawn,dawn,shoes,socks,shoes,dawn,6697.124872207642,2021-11-30T18:14:12.214000,1638289355.0891278
25,22,4,22,Random,-9999,c96b68020a4f61cf,1.7699999809265137,0.08500003814697266,1638296053.769,4,ocean,socks,dawn,ocean,socks,ocean,socks,dawn,ocean,socks,6698.679872274399,2021-11-30T18:14:13.769000,1638289355.0891278
12,14,6,14,Random,-9999,ed074deb127a9e04,1.9140000343322754,0.13499999046325684,1638296054.107,6,sad,below,fearful,sad,below,sad,below,fearful,sad,below,6699.017872333527,2021-11-30T18:14:14.107000,1638289355.0891278
9,15,27,27,Random,-9999,c96b68020a4f61cf,1.8430001735687256,0.08699989318847656,1638296055.697,15,blueberry,dusk,near,dusk,blueberry,blueberry,dusk,near,dusk,blueberry,6700.607872247696,2021-11-30T18:14:15.697000,1638289355.0891278
7,5,20,5,Random,-9999,ed074deb127a9e04,1.8040001392364502,0.07599997520446777,1638296055.989,20,above,beach,beside,above,beach,above,beach,beside,above,beach,6700.899872303009,2021-11-30T18:14:15.989000,1638289355.0891278
13,19,21,21,Random,-9999,9b51cf3b4d5e91ff,3.6059999465942383,0.09300017356872559,1638296055.991,19,watermelon,field,happy,field,watermelon,watermelon,field,happy,field,watermelon,6700.9018721580505,2021-11-30T18:14:15.991000,1638289355.0891278
20,22,17,22,Random,-9999,c96b68020a4f61cf,1.3509998321533203,0.08899998664855957,1638296057.139,17,ocean,mango,beach,ocean,mango,ocean,mango,beach,ocean,mango,6702.049872159958,2021-11-30T18:14:17.139000,1638289355.0891278
20,25,22,22,Random,-9999,9b51cf3b4d5e91ff,1.6399998664855957,0.15799999237060547,1638296057.701,25,dawn,ocean,beach,ocean,dawn,dawn,ocean,beach,ocean,dawn,6702.6118721961975,2021-11-30T18:14:17.701000,1638289355.0891278
22,28,10,28,Random,-9999,ed074deb127a9e04,3.3940000534057617,0.07800006866455078,1638296059.516,10,night,angry,ocean,night,angry,night,angry,ocean,night,angry,6704.426872253418,2021-11-30T18:14:19.516000,1638289355.0891278
22,5,9,9,Random,-9999,c96b68020a4f61cf,3.1740000247955322,0.08800005912780762,1638296060.452,5,above,near,ocean,near,above,above,near,ocean,near,above,6705.362872123718,2021-11-30T18:14:20.452000,1638289355.0891278
18,20,15,15,Random,-9999,ed074deb127a9e04,1.556999921798706,0.13100004196166992,1638296061.153,20,beach,blueberry,strawberry,blueberry,beach,beach,blueberry,strawberry,blueberry,beach,6706.063872337341,2021-11-30T18:14:21.153000,1638289355.0891278
29,4,11,4,Random,-9999,9b51cf3b4d5e91ff,3.436000108718872,0.08299994468688965,1638296061.299,11,socks,disgust,noon,socks,disgust,socks,disgust,noon,socks,disgust,6706.209872245789,2021-11-30T18:14:21.299000,1638289355.0891278
3,9,23,9,Random,-9999,ed074deb127a9e04,1.4859998226165771,0.07400012016296387,1638296062.713,23,near,sky,shoes,near,sky,near,sky,shoes,near,sky,6707.623872280121,2021-11-30T18:14:22.713000,1638289355.0891278
7,13,1,1,Random,-9999,c96b68020a4f61cf,2.9680001735687256,0.14599990844726562,1638296063.581,13,happy,pants,beside,pants,happy,happy,pants,beside,pants,happy,6708.491872310638,2021-11-30T18:14:23.581000,1638289355.0891278
24,10,21,10,Random,-9999,ed074deb127a9e04,2.508000135421753,0.07599997520446777,1638296065.349,21,angry,field,sunset,angry,field,angry,field,sunset,angry,field,6710.259872198105,2021-11-30T18:14:25.349000,1638289355.0891278
17,22,10,22,Random,-9999,c96b68020a4f61cf,1.7170000076293945,0.15599989891052246,1638296065.385,10,ocean,angry,mango,ocean,angry,ocean,angry,mango,ocean,angry,6710.295872211456,2021-11-30T18:14:25.385000,1638289355.0891278
10,16,20,20,Random,-9999,9b51cf3b4d5e91ff,4.330999851226807,0.1510000228881836,1638296065.78,16,lemon,beach,angry,beach,lemon,lemon,beach,angry,beach,lemon,6710.690872192383,2021-11-30T18:14:25.780000,1638289355.0891278
9,8,12,8,Random,-9999,9b51cf3b4d5e91ff,1.5729999542236328,0.15200018882751465,1638296067.433,12,far,fearful,near,far,fearful,far,fearful,near,far,fearful,6712.343872308731,2021-11-30T18:14:27.433000,1638289355.0891278
16,26,25,26,Random,-9999,ed074deb127a9e04,2.109999895095825,0.1380000114440918,1638296067.597,25,day,dawn,lemon,day,dawn,day,dawn,lemon,day,dawn,6712.507872104645,2021-11-30T18:14:27.597000,1638289355.0891278
0,2,22,22,Random,-9999,c96b68020a4f61cf,3.00600004196167,0.09100008010864258,1638296068.544,2,shirt,ocean,dress,ocean,shirt,shirt,ocean,dress,ocean,shirt,6713.454872131348,2021-11-30T18:14:28.544000,1638289355.0891278
9,0,10,10,Random,-9999,9b51cf3b4d5e91ff,2.6689999103546143,0.0989999771118164,1638296070.279,0,dress,angry,near,angry,dress,dress,angry,near,angry,dress,6715.189872264862,2021-11-30T18:14:30.279000,1638289355.0891278
16,12,7,7,Random,-9999,ed074deb127a9e04,2.7179999351501465,0.13000011444091797,1638296070.46,12,fearful,beside,lemon,beside,fearful,fearful,beside,lemon,beside,fearful,6715.37087225914,2021-11-30T18:14:30.460000,1638289355.0891278
5,29,27,29,Random,-9999,c96b68020a4f61cf,2.6659998893737793,0.1510000228881836,1638296071.366,27,noon,dusk,above,noon,dusk,noon,dusk,above,noon,dusk,6716.2768721580505,2021-11-30T18:14:31.366000,1638289355.0891278
24,8,1,8,Random,-9999,ed074deb127a9e04,1.8299999237060547,0.13000011444091797,1638296072.352,1,far,pants,sunset,far,pants,far,pants,sunset,far,pants,6717.262872219086,2021-11-30T18:14:32.352000,1638289355.0891278
26,10,24,24,Random,-9999,c96b68020a4f61cf,3.2139999866485596,0.15599989891052246,1638296074.734,10,angry,sunset,day,sunset,angry,angry,sunset,day,sunset,angry,6719.644872188568,2021-11-30T18:14:34.734000,1638289355.0891278
29,28,2,28,Random,-9999,ed074deb127a9e04,2.7720000743865967,0.07599997520446777,1638296075.248,2,night,shirt,noon,night,shirt,night,shirt,noon,night,shirt,6720.158872127533,2021-11-30T18:14:35.248000,1638289355.0891278
3,14,0,0,Random,-9999,9b51cf3b4d5e91ff,5.365999937057495,0.1700000762939453,1638296075.788,14,sad,dress,shoes,dress,sad,sad,dress,shoes,dress,sad,6720.698872327805,2021-11-30T18:14:35.788000,1638289355.0891278
5,25,22,25,Random,-9999,9b51cf3b4d5e91ff,2.19100022315979,0.13099980354309082,1638296078.133,22,dawn,ocean,above,dawn,ocean,dawn,ocean,above,dawn,ocean,6723.043872117996,2021-11-30T18:14:38.133000,1638289355.0891278
4,6,22,22,Random,-9999,ed074deb127a9e04,3.115999937057495,0.13199996948242188,1638296078.504,6,below,ocean,socks,ocean,below,below,ocean,socks,ocean,below,6723.414872169495,2021-11-30T18:14:38.504000,1638289355.0891278
2,3,21,3,Random,-9999,ed074deb127a9e04,1.7979998588562012,0.13000011444091797,1638296080.375,21,shoes,field,shirt,shoes,field,shoes,field,shirt,shoes,field,6725.285872220993,2021-11-30T18:14:40.375000,1638289355.0891278
15,17,28,17,Random,-9999,9b51cf3b4d5e91ff,2.630000114440918,0.17100000381469727,1638296080.933,28,mango,night,blueberry,mango,night,mango,night,blueberry,mango,night,6725.843872308731,2021-11-30T18:14:40.933000,1638289355.0891278
22,24,13,24,Random,-9999,ed074deb127a9e04,1.5989999771118164,0.07299995422363281,1638296082.048,13,sunset,happy,ocean,sunset,happy,sunset,happy,ocean,sunset,happy,6726.958872318268,2021-11-30T18:14:42.048000,1638289355.0891278
8,18,7,7,Random,-9999,ed074deb127a9e04,1.5699999332427979,0.07000017166137695,1638296083.688,18,strawberry,beside,far,beside,strawberry,strawberry,beside,far,beside,strawberry,6728.598872184753,2021-11-30T18:14:43.688000,1638289355.0891278
28,26,4,26,Random,-9999,9b51cf3b4d5e91ff,2.741999864578247,0.17200016975402832,1638296083.835,4,day,socks,night,day,socks,day,socks,night,day,socks,6728.74587225914,2021-11-30T18:14:43.835000,1638289355.0891278
16,2,23,23,Random,-9999,9b51cf3b4d5e91ff,1.5829999446868896,0.18000006675720215,1638296085.534,2,shirt,sky,lemon,sky,shirt,shirt,sky,lemon,sky,shirt,6730.444872140884,2021-11-30T18:14:45.534000,1638289355.0891278
6,24,13,24,Random,-9999,c96b68020a4f61cf,11.115000009536743,0.16500020027160645,1638296086.015,13,sunset,happy,below,sunset,happy,sunset,happy,below,sunset,happy,6730.925872325897,2021-11-30T18:14:46.015000,1638289355.0891278
27,6,9,9,Random,-9999,ed074deb127a9e04,3.4139997959136963,0.07400012016296387,1638296087.246,6,below,near,dusk,near,below,below,near,dusk,near,below,6732.1568722724915,2021-11-30T18:14:47.246000,1638289355.0891278
18,1,22,22,Random,-9999,c96b68020a4f61cf,1.74399995803833,0.15900015830993652,1638296087.858,1,pants,ocean,strawberry,ocean,pants,pants,ocean,strawberry,ocean,pants,6732.768872261047,2021-11-30T18:14:47.858000,1638289355.0891278
5,7,1,7,Random,-9999,ed074deb127a9e04,2.359999895095825,0.1360001564025879,1638296089.729,1,beside,pants,above,beside,pants,beside,pants,above,beside,pants,6734.639872312546,2021-11-30T18:14:49.729000,1638289355.0891278
7,0,21,21,Random,-9999,c96b68020a4f61cf,1.9790000915527344,0.09599995613098145,1638296090.004,0,dress,field,beside,field,dress,dress,field,beside,field,dress,6734.914872169495,2021-11-30T18:14:50.004000,1638289355.0891278
17,2,9,9,Random,-9999,9b51cf3b4d5e91ff,4.46399998664856,0.10100007057189941,1638296090.169,2,shirt,near,mango,near,shirt,shirt,near,mango,near,shirt,6735.079872131348,2021-11-30T18:14:50.169000,1638289355.0891278
17,19,6,19,Random,-9999,c96b68020a4f61cf,1.940999984741211,0.15599989891052246,1638296092.127,6,watermelon,below,mango,watermelon,below,watermelon,below,mango,watermelon,below,6737.037872314453,2021-11-30T18:14:52.127000,1638289355.0891278
0,9,11,9,Random,-9999,9b51cf3b4d5e91ff,2.683000087738037,0.17299985885620117,1638296093.051,11,near,disgust,dress,near,disgust,near,disgust,dress,near,disgust,6737.961872339249,2021-11-30T18:14:53.051000,1638289355.0891278
24,26,3,26,Random,-9999,c96b68020a4f61cf,2.687000036239624,0.19300007820129395,1638296094.956,3,day,shoes,sunset,day,shoes,day,shoes,sunset,day,shoes,6739.866872310638,2021-11-30T18:14:54.956000,1638289355.0891278
17,6,2,6,Random,-9999,ed074deb127a9e04,3.619999885559082,0.14700007438659668,1638296095.65,2,below,shirt,mango,below,shirt,below,shirt,mango,below,shirt,6740.5608723163605,2021-11-30T18:14:55.650000,1638289355.0891278
29,16,3,16,Random,-9999,c96b68020a4f61cf,2.2300000190734863,0.15399980545043945,1638296097.337,3,lemon,shoes,noon,lemon,shoes,lemon,shoes,noon,lemon,shoes,6742.2478721141815,2021-11-30T18:14:57.337000,1638289355.0891278
5,13,12,13,Random,-9999,9b51cf3b4d5e91ff,4.187000036239624,0.16899991035461426,1638296097.388,12,happy,fearful,above,happy,fearful,happy,fearful,above,happy,fearful,6742.298872232437,2021-11-30T18:14:57.388000,1638289355.0891278
23,4,17,4,Random,-9999,ed074deb127a9e04,1.7160000801086426,0.13199996948242188,1638296097.426,17,socks,mango,sky,socks,mango,socks,mango,sky,socks,mango,6742.336872339249,2021-11-30T18:14:57.426000,1638289355.0891278
12,9,19,9,Random,-9999,ed074deb127a9e04,2.1500000953674316,0.07399988174438477,1638296099.712,19,near,watermelon,fearful,near,watermelon,near,watermelon,fearful,near,watermelon,6744.6228721141815,2021-11-30T18:14:59.712000,1638289355.0891278
14,20,19,19,Random,-9999,c96b68020a4f61cf,2.8470001220703125,0.15700006484985352,1638296100.351,20,beach,watermelon,sad,watermelon,beach,beach,watermelon,sad,watermelon,beach,6745.261872291565,2021-11-30T18:15:00.351000,1638289355.0891278
22,23,12,23,Random,-9999,c96b68020a4f61cf,1.6510000228881836,0.16499996185302734,1638296102.111,12,sky,fearful,ocean,sky,fearful,sky,fearful,ocean,sky,fearful,6747.021872282028,2021-11-30T18:15:02.111000,1638289355.0891278
16,13,4,13,Random,-9999,ed074deb127a9e04,3.0830001831054688,0.13299989700317383,1638296102.942,4,happy,socks,lemon,happy,socks,happy,socks,lemon,happy,socks,6747.852872133255,2021-11-30T18:15:02.942000,1638289355.0891278
4,19,7,7,Random,-9999,9b51cf3b4d5e91ff,5.533999919891357,0.16100001335144043,1638296103.052,19,watermelon,beside,socks,beside,watermelon,watermelon,beside,socks,beside,watermelon,6747.962872266769,2021-11-30T18:15:03.052000,1638289355.0891278
2,14,22,22,Random,-9999,c96b68020a4f61cf,2.2649998664855957,0.08700013160705566,1638296104.513,14,sad,ocean,shirt,ocean,sad,sad,ocean,shirt,ocean,sad,6749.423872232437,2021-11-30T18:15:04.513000,1638289355.0891278
21,0,15,15,Random,-9999,9b51cf3b4d5e91ff,2.2300000190734863,0.14899992942810059,1638296105.45,0,dress,blueberry,field,blueberry,dress,dress,blueberry,field,blueberry,dress,6750.360872268677,2021-11-30T18:15:05.450000,1638289355.0891278
7,19,1,1,Random,-9999,ed074deb127a9e04,2.691999912261963,0.13199996948242188,1638296105.751,19,watermelon,pants,beside,pants,watermelon,watermelon,pants,beside,pants,watermelon,6750.661872148514,2021-11-30T18:15:05.751000,1638289355.0891278
17,28,2,2,Random,-9999,9b51cf3b4d5e91ff,2.2920000553131104,0.14400005340576172,1638296107.883,28,night,shirt,mango,shirt,night,night,shirt,mango,shirt,night,6752.793872117996,2021-11-30T18:15:07.883000,1638289355.0891278
9,24,12,24,Random,-9999,c96b68020a4f61cf,3.2699999809265137,0.17100000381469727,1638296107.966,12,sunset,fearful,near,sunset,fearful,sunset,fearful,near,sunset,fearful,6752.876872301102,2021-11-30T18:15:07.966000,1638289355.0891278
6,25,29,25,Random,-9999,ed074deb127a9e04,3.2909998893737793,0.13300013542175293,1638296109.181,29,dawn,noon,below,dawn,noon,dawn,noon,below,dawn,noon,6754.091872215271,2021-11-30T18:15:09.181000,1638289355.0891278
9,24,20,24,Random,-9999,c96b68020a4f61cf,2.6560001373291016,0.16100001335144043,1638296110.776,20,sunset,beach,near,sunset,beach,sunset,beach,near,sunset,beach,6755.686872243881,2021-11-30T18:15:10.776000,1638289355.0891278
29,2,24,24,Random,-9999,9b51cf3b4d5e91ff,2.9590001106262207,0.1639997959136963,1638296111.011,2,shirt,sunset,noon,sunset,shirt,shirt,sunset,noon,sunset,shirt,6755.921872138977,2021-11-30T18:15:11.011000,1638289355.0891278
20,27,9,27,Random,-9999,ed074deb127a9e04,3.0980000495910645,0.13400006294250488,1638296112.409,9,dusk,near,beach,dusk,near,dusk,near,beach,dusk,near,6757.319872140884,2021-11-30T18:15:12.409000,1638289355.0891278
24,1,21,21,Random,-9999,9b51cf3b4d5e91ff,2.7699999809265137,0.16000008583068848,1638296113.934,1,pants,field,sunset,field,pants,pants,field,sunset,field,pants,6758.844872236252,2021-11-30T18:15:13.934000,1638289355.0891278
23,5,27,27,Random,-9999,c96b68020a4f61cf,3.1659998893737793,0.15900015830993652,1638296114.096,5,above,dusk,sky,dusk,above,above,dusk,sky,dusk,above,6759.006872177124,2021-11-30T18:15:14.096000,1638289355.0891278
14,28,6,28,Random,-9999,ed074deb127a9e04,2.752000093460083,0.11999988555908203,1638296115.296,6,night,below,sad,night,below,night,below,sad,night,below,6760.206872224808,2021-11-30T18:15:15.296000,1638289355.0891278
23,8,1,8,Random,-9999,c96b68020a4f61cf,2.180999994277954,0.2090001106262207,1638296116.491,1,far,pants,sky,far,pants,far,pants,sky,far,pants,6761.4018721580505,2021-11-30T18:15:16.491000,1638289355.0891278
8,27,19,27,Random,-9999,ed074deb127a9e04,2.0139999389648438,0.14599990844726562,1638296117.451,19,dusk,watermelon,far,dusk,watermelon,dusk,watermelon,far,dusk,watermelon,6762.3618721961975,2021-11-30T18:15:17.451000,1638289355.0891278
8,10,14,14,Random,-9999,9b51cf3b4d5e91ff,3.8930001258850098,0.15999984741210938,1638296117.981,10,angry,sad,far,sad,angry,angry,sad,far,sad,angry,6762.891872167587,2021-11-30T18:15:17.981000,1638289355.0891278
0,17,11,17,Random,-9999,c96b68020a4f61cf,1.8999998569488525,0.15700006484985352,1638296118.489,11,mango,disgust,dress,mango,disgust,mango,disgust,dress,mango,disgust,6763.399872303009,2021-11-30T18:15:18.489000,1638289355.0891278
5,26,25,26,Random,-9999,ed074deb127a9e04,3.742000102996826,0.1380000114440918,1638296121.325,25,day,dawn,above,day,dawn,day,dawn,above,day,dawn,6766.235872268677,2021-11-30T18:15:21.325000,1638289355.0891278
11,22,24,24,Random,-9999,c96b68020a4f61cf,4.296000003814697,0.08800005912780762,1638296122.936,22,ocean,sunset,disgust,sunset,ocean,ocean,sunset,disgust,sunset,ocean,6767.846872329712,2021-11-30T18:15:22.936000,1638289355.0891278
21,13,22,13,Random,-9999,ed074deb127a9e04,3.177000045776367,0.1269998550415039,1638296124.641,22,happy,ocean,field,happy,ocean,happy,ocean,field,happy,ocean,6769.551872253418,2021-11-30T18:15:24.641000,1638289355.0891278
3,17,13,13,Random,-9999,ed074deb127a9e04,1.7709999084472656,0.15600013732910156,1638296126.492,17,mango,happy,shoes,happy,mango,mango,happy,shoes,happy,mango,6771.40287232399,2021-11-30T18:15:26.492000,1638289355.0891278
4,29,10,10,Random,-9999,c96b68020a4f61cf,3.809000015258789,0.15199995040893555,1638296126.879,29,noon,angry,socks,angry,noon,noon,angry,socks,angry,noon,6771.789872169495,2021-11-30T18:15:26.879000,1638289355.0891278
22,27,7,27,Random,-9999,ed074deb127a9e04,1.4910001754760742,0.07699990272521973,1638296128.061,7,dusk,beside,ocean,dusk,beside,dusk,beside,ocean,dusk,beside,6772.971872329712,2021-11-30T18:15:28.061000,1638289355.0891278
26,11,16,16,Random,-9999,c96b68020a4f61cf,7.414999961853027,0.18700003623962402,1638296134.498,11,disgust,lemon,day,lemon,disgust,disgust,lemon,day,lemon,disgust,6779.408872127533,2021-11-30T18:15:34.498000,1638289355.0891278
7,23,20,23,Random,-9999,c96b68020a4f61cf,1.738999843597412,0.15799999237060547,1638296136.33,20,sky,beach,beside,sky,beach,sky,beach,beside,sky,beach,6781.240872144699,2021-11-30T18:15:36.330000,1638289355.0891278
13,18,23,18,Random,-9999,c96b68020a4f61cf,1.621999979019165,0.09100008010864258,1638296138.043,23,strawberry,sky,happy,strawberry,sky,strawberry,sky,happy,strawberry,sky,6782.953872203827,2021-11-30T18:15:38.043000,1638289355.0891278
23,22,29,22,Random,-9999,ed074deb127a9e04,10.747000217437744,0.07799983024597168,1638296138.96,29,ocean,noon,sky,ocean,noon,ocean,noon,sky,ocean,noon,6783.87087225914,2021-11-30T18:15:38.960000,1638289355.0891278
6,21,18,21,Random,-9999,c96b68020a4f61cf,2.817000150680542,0.08999991416931152,1638296141.004,18,field,strawberry,below,field,strawberry,field,strawberry,below,field,strawberry,6785.914872169495,2021-11-30T18:15:41.004000,1638289355.0891278
16,15,19,19,Random,-9999,ed074deb127a9e04,3.629000186920166,0.13899993896484375,1638296142.727,15,blueberry,watermelon,lemon,watermelon,blueberry,blueberry,watermelon,lemon,watermelon,blueberry,6787.637872219086,2021-11-30T18:15:42.727000,1638289355.0891278
21,22,1,22,Random,-9999,c96b68020a4f61cf,2.0249998569488525,0.1510000228881836,1638296143.184,1,ocean,pants,field,ocean,pants,ocean,pants,field,ocean,pants,6788.094872236252,2021-11-30T18:15:43.184000,1638289355.0891278
4,12,28,28,Random,-9999,c96b68020a4f61cf,1.8969998359680176,0.16000008583068848,1638296145.173,12,fearful,night,socks,night,fearful,fearful,night,socks,night,fearful,6790.083872318268,2021-11-30T18:15:45.173000,1638289355.0891278
11,0,22,22,Random,-9999,ed074deb127a9e04,3.3570001125335693,0.14699983596801758,1638296146.212,0,dress,ocean,disgust,ocean,dress,dress,ocean,disgust,ocean,dress,6791.1228721141815,2021-11-30T18:15:46.212000,1638289355.0891278
28,2,7,2,Random,-9999,ed074deb127a9e04,2.009000062942505,0.13499999046325684,1638296148.376,7,shirt,beside,night,shirt,beside,shirt,beside,night,shirt,beside,6793.286872148514,2021-11-30T18:15:48.376000,1638289355.0891278
10,20,11,11,Random,-9999,ed074deb127a9e04,1.7400000095367432,0.12399983406066895,1638296150.166,20,beach,disgust,angry,disgust,beach,beach,disgust,angry,disgust,beach,6795.076872110367,2021-11-30T18:15:50.166000,1638289355.0891278
25,19,27,27,Random,-9999,c96b68020a4f61cf,4.927999973297119,0.08300018310546875,1638296150.277,19,watermelon,dusk,dawn,dusk,watermelon,watermelon,dusk,dawn,dusk,watermelon,6795.187872171402,2021-11-30T18:15:50.277000,1638289355.0891278
8,12,25,12,Random,-9999,ed074deb127a9e04,1.8650000095367432,0.07899999618530273,1638296152.11,25,fearful,dawn,far,fearful,dawn,fearful,dawn,far,fearful,dawn,6797.020872116089,2021-11-30T18:15:52.110000,1638289355.0891278
16,3,17,17,Random,-9999,c96b68020a4f61cf,2.122999906539917,0.1809999942779541,1638296152.553,3,shoes,mango,lemon,mango,shoes,shoes,mango,lemon,mango,shoes,6797.46387219429,2021-11-30T18:15:52.553000,1638289355.0891278
29,22,17,22,Random,-9999,ed074deb127a9e04,1.7949998378753662,0.07700014114379883,1638296153.981,17,ocean,mango,noon,ocean,mango,ocean,mango,noon,ocean,mango,6798.891872167587,2021-11-30T18:15:53.981000,1638289355.0891278
7,12,20,20,Random,-9999,c96b68020a4f61cf,2.265000104904175,0.15199995040893555,1638296154.967,12,fearful,beach,beside,beach,fearful,fearful,beach,beside,beach,fearful,6799.877872228622,2021-11-30T18:15:54.967000,1638289355.0891278
6,25,1,1,Random,-9999,ed074deb127a9e04,2.4810001850128174,0.07899999618530273,1638296156.596,25,dawn,pants,below,pants,dawn,dawn,pants,below,pants,dawn,6801.506872177124,2021-11-30T18:15:56.596000,1638289355.0891278
5,17,3,3,Random,-9999,c96b68020a4f61cf,3.812999963760376,0.16199994087219238,1638296158.941,17,mango,shoes,above,shoes,mango,mango,shoes,above,shoes,mango,6803.851872205734,2021-11-30T18:15:58.941000,1638289355.0891278
25,18,2,2,Random,-9999,ed074deb127a9e04,2.5160000324249268,0.12399983406066895,1638296159.249,18,strawberry,shirt,dawn,shirt,strawberry,strawberry,shirt,dawn,shirt,strawberry,6804.159872293472,2021-11-30T18:15:59.249000,1638289355.0891278
13,18,9,18,Random,-9999,ed074deb127a9e04,2.3389999866485596,0.13300013542175293,1638296161.717,9,strawberry,near,happy,strawberry,near,strawberry,near,happy,strawberry,near,6806.627872228622,2021-11-30T18:16:01.717000,1638289355.0891278
15,20,22,20,Random,-9999,c96b68020a4f61cf,2.8289999961853027,0.13900017738342285,1638296161.904,22,beach,ocean,blueberry,beach,ocean,beach,ocean,blueberry,beach,ocean,6806.814872264862,2021-11-30T18:16:01.904000,1638289355.0891278
4,25,14,14,Random,-9999,ed074deb127a9e04,2.438999891281128,0.12800002098083496,1638296164.297,25,dawn,sad,socks,sad,dawn,dawn,sad,socks,sad,dawn,6809.2078721523285,2021-11-30T18:16:04.297000,1638289355.0891278
15,3,29,29,Random,-9999,c96b68020a4f61cf,3.0389997959136963,0.14100003242492676,1638296165.101,3,shoes,noon,blueberry,noon,shoes,shoes,noon,blueberry,noon,shoes,6810.011872291565,2021-11-30T18:16:05.101000,1638289355.0891278
24,29,17,29,Random,-9999,ed074deb127a9e04,2.2009999752044678,0.14300012588500977,1638296166.628,17,noon,mango,sunset,noon,mango,noon,mango,sunset,noon,mango,6811.538872241974,2021-11-30T18:16:06.628000,1638289355.0891278
7,4,29,29,Random,-9999,c96b68020a4f61cf,1.681999921798706,0.16700005531311035,1638296166.887,4,socks,noon,beside,noon,socks,socks,noon,beside,noon,socks,6811.797872304916,2021-11-30T18:16:06.887000,1638289355.0891278
6,20,26,20,Random,-9999,c96b68020a4f61cf,2.9860000610351562,0.08800005912780762,1638296170.017,26,beach,day,below,beach,day,beach,day,below,beach,day,6814.927872180939,2021-11-30T18:16:10.017000,1638289355.0891278
24,11,8,8,Random,-9999,c96b68020a4f61cf,1.7379999160766602,0.16500020027160645,1638296171.863,11,disgust,far,sunset,far,disgust,disgust,far,sunset,far,disgust,6816.77387213707,2021-11-30T18:16:11.863000,1638289355.0891278
11,21,16,21,Random,-9999,c96b68020a4f61cf,2.0920000076293945,0.08699989318847656,1638296174.095,16,field,lemon,disgust,field,lemon,field,lemon,disgust,field,lemon,6819.005872249603,2021-11-30T18:16:14.095000,1638289355.0891278
0,11,9,11,Random,-9999,ed074deb127a9e04,8.967999935150146,0.12800002098083496,1638296175.731,9,disgust,near,dress,disgust,near,disgust,near,dress,disgust,near,6820.641872167587,2021-11-30T18:16:15.731000,1638289355.0891278
25,14,29,14,Random,-9999,ed074deb127a9e04,2.297999858856201,0.13400006294250488,1638296178.165,29,sad,noon,dawn,sad,noon,sad,noon,dawn,sad,noon,6823.075872182846,2021-11-30T18:16:18.165000,1638289355.0891278
23,21,5,5,Random,-9999,ed074deb127a9e04,1.935999870300293,0.12000012397766113,1638296180.148,21,field,above,sky,above,field,field,above,sky,above,field,6825.0588722229,2021-11-30T18:16:20.148000,1638289355.0891278
22,15,4,15,Random,-9999,ed074deb127a9e04,3.567000150680542,0.07299995422363281,1638296183.861,4,blueberry,socks,ocean,blueberry,socks,blueberry,socks,ocean,blueberry,socks,6828.771872282028,2021-11-30T18:16:23.861000,1638289355.0891278
15,3,29,29,Random,-9999,ed074deb127a9e04,2.870000123977661,0.12999987602233887,1638296186.859,3,shoes,noon,blueberry,noon,shoes,shoes,noon,blueberry,noon,shoes,6831.769872188568,2021-11-30T18:16:26.859000,1638289355.0891278
20,19,27,27,Random,-9999,ed074deb127a9e04,2.1689999103546143,0.13499999046325684,1638296189.156,19,watermelon,dusk,beach,dusk,watermelon,watermelon,dusk,beach,dusk,watermelon,6834.066872119904,2021-11-30T18:16:29.156000,1638289355.0891278
13,23,0,23,Random,-9999,ed074deb127a9e04,1.553999900817871,0.13400006294250488,1638296190.803,0,sky,dress,happy,sky,dress,sky,dress,happy,sky,dress,6835.71387219429,2021-11-30T18:16:30.803000,1638289355.0891278
29,4,11,4,Random,-9999,ed074deb127a9e04,2.439000129699707,0.08899998664855957,1638296193.38,11,socks,disgust,noon,socks,disgust,socks,disgust,noon,socks,disgust,6838.290872335434,2021-11-30T18:16:33.380000,1638289355.0891278
13,18,15,18,Random,-9999,ed074deb127a9e04,2.0979998111724854,0.13400006294250488,1638296195.613,15,strawberry,blueberry,happy,strawberry,blueberry,strawberry,blueberry,happy,strawberry,blueberry,6840.52387213707,2021-11-30T18:16:35.613000,1638289355.0891278
6,20,4,4,Random,-9999,ed074deb127a9e04,2.2829999923706055,0.13300013542175293,1638296198.031,20,beach,socks,below,socks,beach,beach,socks,below,socks,beach,6842.941872119904,2021-11-30T18:16:38.031000,1638289355.0891278
3,25,22,25,Random,-9999,ed074deb127a9e04,2.5789999961853027,0.13299989700317383,1638296200.737,22,dawn,ocean,shoes,dawn,ocean,dawn,ocean,shoes,dawn,ocean,6845.647872209549,2021-11-30T18:16:40.737000,1638289355.0891278
29,2,25,2,Random,-9999,ed074deb127a9e04,2.0360000133514404,0.1400001049041748,1638296202.922,25,shirt,dawn,noon,shirt,dawn,shirt,dawn,noon,shirt,dawn,6847.8328721523285,2021-11-30T18:16:42.922000,1638289355.0891278
17,4,27,27,Random,-9999,ed074deb127a9e04,3.185999870300293,0.1419999599456787,1638296206.246,4,socks,dusk,mango,dusk,socks,socks,dusk,mango,dusk,socks,6851.1568722724915,2021-11-30T18:16:46.246000,1638289355.0891278
29,18,0,18,Random,-9999,c96b68020a4f61cf,34.58999991416931,0.1490001678466797,1638296208.833,0,strawberry,dress,noon,strawberry,dress,strawberry,dress,noon,strawberry,dress,6853.74387216568,2021-11-30T18:16:48.833000,1638289355.0891278
19,1,27,27,Random,-9999,ed074deb127a9e04,2.819999933242798,0.18000006675720215,1638296211.318,1,pants,dusk,watermelon,dusk,pants,pants,dusk,watermelon,dusk,pants,6856.228872299194,2021-11-30T18:16:51.318000,1638289355.0891278
16,1,0,0,Random,-9999,c96b68020a4f61cf,4.105000019073486,0.14499998092651367,1638296213.093,1,pants,dress,lemon,dress,pants,pants,dress,lemon,dress,pants,6858.003872156143,2021-11-30T18:16:53.093000,1638289355.0891278
20,19,2,19,Random,-9999,c96b68020a4f61cf,1.5980000495910645,0.1549999713897705,1638296214.777,2,watermelon,shirt,beach,watermelon,shirt,watermelon,shirt,beach,watermelon,shirt,6859.687872171402,2021-11-30T18:16:54.777000,1638289355.0891278
4,27,25,25,Random,-9999,c96b68020a4f61cf,2.489000082015991,0.08499979972839355,1638296217.414,27,dusk,dawn,socks,dawn,dusk,dusk,dawn,socks,dawn,dusk,6862.324872255325,2021-11-30T18:16:57.414000,1638289355.0891278
17,27,3,27,Random,-9999,ed074deb127a9e04,6.70799994468689,0.1400001049041748,1638296218.19,3,dusk,shoes,mango,dusk,shoes,dusk,shoes,mango,dusk,shoes,6863.1008722782135,2021-11-30T18:16:58.190000,1638289355.0891278
15,18,22,18,Random,-9999,c96b68020a4f61cf,1.6659998893737793,0.1549999713897705,1638296219.171,22,strawberry,ocean,blueberry,strawberry,ocean,strawberry,ocean,blueberry,strawberry,ocean,6864.081872224808,2021-11-30T18:16:59.171000,1638289355.0891278
11,19,27,27,Random,-9999,ed074deb127a9e04,1.5399999618530273,0.15600013732910156,1638296219.81,19,watermelon,dusk,disgust,dusk,watermelon,watermelon,dusk,disgust,dusk,watermelon,6864.720872163773,2021-11-30T18:16:59.810000,1638289355.0891278
20,12,1,12,Random,-9999,c96b68020a4f61cf,1.7709999084472656,0.08700013160705566,1638296221.021,1,fearful,pants,beach,fearful,pants,fearful,pants,beach,fearful,pants,6865.93187212944,2021-11-30T18:17:01.021000,1638289355.0891278
2,29,17,29,Random,-9999,ed074deb127a9e04,2.552999973297119,0.07899999618530273,1638296222.495,17,noon,mango,shirt,noon,mango,noon,mango,shirt,noon,mango,6867.405872106552,2021-11-30T18:17:02.495000,1638289355.0891278
16,19,4,19,Random,-9999,c96b68020a4f61cf,1.5219998359680176,0.08800005912780762,1638296222.642,4,watermelon,socks,lemon,watermelon,socks,watermelon,socks,lemon,watermelon,socks,6867.552872180939,2021-11-30T18:17:02.642000,1638289355.0891278
1,26,13,26,Random,-9999,c96b68020a4f61cf,2.19599986076355,0.09300017356872559,1638296224.981,13,day,happy,pants,day,happy,day,happy,pants,day,happy,6869.891872167587,2021-11-30T18:17:04.981000,1638289355.0891278
19,20,14,20,Random,-9999,ed074deb127a9e04,2.63700008392334,0.14599990844726562,1638296225.275,14,beach,sad,watermelon,beach,sad,beach,sad,watermelon,beach,sad,6870.1858723163605,2021-11-30T18:17:05.275000,1638289355.0891278
8,9,18,9,Random,-9999,ed074deb127a9e04,1.8299999237060547,0.13100004196166992,1638296227.174,18,near,strawberry,far,near,strawberry,near,strawberry,far,near,strawberry,6872.084872245789,2021-11-30T18:17:07.174000,1638289355.0891278
18,10,1,1,Random,-9999,c96b68020a4f61cf,2.61899995803833,0.14499998092651367,1638296227.746,10,angry,pants,strawberry,pants,angry,angry,pants,strawberry,pants,angry,6872.6568722724915,2021-11-30T18:17:07.746000,1638289355.0891278
12,0,23,23,Random,-9999,c96b68020a4f61cf,1.6730000972747803,0.14700007438659668,1638296229.508,0,dress,sky,fearful,sky,dress,dress,sky,fearful,sky,dress,6874.418872117996,2021-11-30T18:17:09.508000,1638289355.0891278
16,28,11,28,Random,-9999,ed074deb127a9e04,2.5300002098083496,0.06999993324279785,1638296229.846,11,night,disgust,lemon,night,disgust,night,disgust,lemon,night,disgust,6874.756872177124,2021-11-30T18:17:09.846000,1638289355.0891278
7,16,23,23,Random,-9999,c96b68020a4f61cf,1.8540000915527344,0.10099983215332031,1638296231.463,16,lemon,sky,beside,sky,lemon,lemon,sky,beside,sky,lemon,6876.373872280121,2021-11-30T18:17:11.463000,1638289355.0891278
6,18,22,22,Random,-9999,c96b68020a4f61cf,3.6089999675750732,0.08500003814697266,1638296235.217,18,strawberry,ocean,below,ocean,strawberry,strawberry,ocean,below,ocean,strawberry,6880.127872228622,2021-11-30T18:17:15.217000,1638289355.0891278
21,13,15,15,Random,-9999,c96b68020a4f61cf,2.5719997882843018,0.1510000228881836,1638296237.934,13,happy,blueberry,field,blueberry,happy,happy,blueberry,field,blueberry,happy,6882.844872236252,2021-11-30T18:17:17.934000,1638289355.0891278
7,25,9,9,Random,-9999,ed074deb127a9e04,10.775000095367432,0.12099981307983398,1638296240.736,25,dawn,near,beside,near,dawn,dawn,near,beside,near,dawn,6885.646872282028,2021-11-30T18:17:20.736000,1638289355.0891278
12,19,23,23,Random,-9999,ed074deb127a9e04,2.075000047683716,0.13299989700317383,1638296242.936,19,watermelon,sky,fearful,sky,watermelon,watermelon,sky,fearful,sky,watermelon,6887.846872329712,2021-11-30T18:17:22.936000,1638289355.0891278
3,21,15,21,Random,-9999,c96b68020a4f61cf,7.015999794006348,0.14500021934509277,1638296245.103,15,field,blueberry,shoes,field,blueberry,field,blueberry,shoes,field,blueberry,6890.013872146606,2021-11-30T18:17:25.103000,1638289355.0891278
6,7,0,7,Random,-9999,ed074deb127a9e04,2.2680001258850098,0.13199996948242188,1638296245.352,0,beside,dress,below,beside,dress,beside,dress,below,beside,dress,6890.262872219086,2021-11-30T18:17:25.352000,1638289355.0891278
11,6,26,6,Random,-9999,c96b68020a4f61cf,1.5520000457763672,0.16100001335144043,1638296246.759,26,below,day,disgust,below,day,below,day,disgust,below,day,6891.669872283936,2021-11-30T18:17:26.759000,1638289355.0891278
10,13,12,12,Random,-9999,ed074deb127a9e04,2.4119999408721924,0.12400007247924805,1638296247.887,13,happy,fearful,angry,fearful,happy,happy,fearful,angry,fearful,happy,6892.797872304916,2021-11-30T18:17:27.887000,1638289355.0891278
21,9,28,9,Random,-9999,c96b68020a4f61cf,1.7849998474121094,0.08700013160705566,1638296248.622,28,near,night,field,near,night,near,night,field,near,night,6893.532872200012,2021-11-30T18:17:28.622000,1638289355.0891278
27,2,6,6,Random,-9999,c96b68020a4f61cf,1.7020001411437988,0.08299994468688965,1638296250.417,2,shirt,below,dusk,below,shirt,shirt,below,dusk,below,shirt,6895.327872276306,2021-11-30T18:17:30.417000,1638289355.0891278
6,4,22,22,Random,-9999,c96b68020a4f61cf,2.113999843597412,0.08800005912780762,1638296252.663,4,socks,ocean,below,ocean,socks,socks,ocean,below,ocean,socks,6897.573872327805,2021-11-30T18:17:32.663000,1638289355.0891278
18,22,26,26,Random,-9999,ed074deb127a9e04,6.2870001792907715,0.14499998092651367,1638296254.303,22,ocean,day,strawberry,day,ocean,ocean,day,strawberry,day,ocean,6899.21387219429,2021-11-30T18:17:34.303000,1638289355.0891278
1,9,7,9,Random,-9999,ed074deb127a9e04,3.6740000247955322,0.13399982452392578,1638296258.13,7,near,beside,pants,near,beside,near,beside,pants,near,beside,6903.040872335434,2021-11-30T18:17:38.130000,1638289355.0891278
28,29,18,18,Random,-9999,c96b68020a4f61cf,5.378999948501587,0.14600014686584473,1638296258.202,29,noon,strawberry,night,strawberry,noon,noon,strawberry,night,strawberry,noon,6903.112872123718,2021-11-30T18:17:38.202000,1638289355.0891278
1,5,26,26,Random,-9999,c96b68020a4f61cf,5.553999900817871,0.1549999713897705,1638296263.917,5,above,day,pants,day,above,above,day,pants,day,above,6908.827872276306,2021-11-30T18:17:43.917000,1638289355.0891278
7,23,16,23,Random,-9999,c96b68020a4f61cf,1.7139999866485596,0.1530001163482666,1638296265.712,16,sky,lemon,beside,sky,lemon,sky,lemon,beside,sky,lemon,6910.6228721141815,2021-11-30T18:17:45.712000,1638289355.0891278
20,6,2,6,Random,-9999,ed074deb127a9e04,7.658999919891357,0.13300013542175293,1638296265.917,2,below,shirt,beach,below,shirt,below,shirt,beach,below,shirt,6910.827872276306,2021-11-30T18:17:45.917000,1638289355.0891278
27,25,3,25,Random,-9999,ed074deb127a9e04,1.2949998378753662,0.13700008392333984,1638296267.285,3,dawn,shoes,dusk,dawn,shoes,dawn,shoes,dusk,dawn,shoes,6912.195872306824,2021-11-30T18:17:47.285000,1638289355.0891278
20,25,4,25,Random,-9999,c96b68020a4f61cf,1.7760000228881836,0.08699989318847656,1638296267.573,4,dawn,socks,beach,dawn,socks,dawn,socks,beach,dawn,socks,6912.483872175217,2021-11-30T18:17:47.573000,1638289355.0891278
15,28,22,28,Random,-9999,ed074deb127a9e04,1.687999963760376,0.07200002670288086,1638296269.045,22,night,ocean,blueberry,night,ocean,night,ocean,blueberry,night,ocean,6913.955872297287,2021-11-30T18:17:49.045000,1638289355.0891278
17,29,26,26,Random,-9999,c96b68020a4f61cf,2.509999990463257,0.08299994468688965,1638296270.238,29,noon,day,mango,day,noon,noon,day,mango,day,noon,6915.14887213707,2021-11-30T18:17:50.238000,1638289355.0891278
6,4,10,4,Random,-9999,ed074deb127a9e04,2.0420000553131104,0.07000017166137695,1638296271.211,10,socks,angry,below,socks,angry,socks,angry,below,socks,angry,6916.121872186661,2021-11-30T18:17:51.211000,1638289355.0891278
27,12,0,12,Random,-9999,c96b68020a4f61cf,2.236999988555908,0.15900015830993652,1638296272.626,0,fearful,dress,dusk,fearful,dress,fearful,dress,dusk,fearful,dress,6917.536872148514,2021-11-30T18:17:52.626000,1638289355.0891278
27,29,19,29,Random,-9999,ed074deb127a9e04,1.3479998111724854,0.13199996948242188,1638296272.639,19,noon,watermelon,dusk,noon,watermelon,noon,watermelon,dusk,noon,watermelon,6917.549872159958,2021-11-30T18:17:52.639000,1638289355.0891278
29,26,15,26,Random,-9999,ed074deb127a9e04,1.6640000343322754,0.07200002670288086,1638296274.369,15,day,blueberry,noon,day,blueberry,day,blueberry,noon,day,blueberry,6919.279872179031,2021-11-30T18:17:54.369000,1638289355.0891278
25,28,27,28,Random,-9999,ed074deb127a9e04,1.4560000896453857,0.07200002670288086,1638296275.897,27,night,dusk,dawn,night,dusk,night,dusk,dawn,night,dusk,6920.80787229538,2021-11-30T18:17:55.897000,1638289355.0891278
13,17,9,17,Random,-9999,c96b68020a4f61cf,5.726999998092651,0.15400004386901855,1638296278.511,9,mango,near,happy,mango,near,mango,near,happy,mango,near,6923.421872138977,2021-11-30T18:17:58.511000,1638289355.0891278
20,27,23,27,Random,-9999,ed074deb127a9e04,4.249000072479248,0.0709998607635498,1638296280.284,23,dusk,sky,beach,dusk,sky,dusk,sky,beach,dusk,sky,6925.194872140884,2021-11-30T18:18:00.284000,1638289355.0891278
29,24,21,21,Random,-9999,ed074deb127a9e04,2.572000026702881,0.13199996948242188,1638296282.993,24,sunset,field,noon,field,sunset,sunset,field,noon,field,sunset,6927.903872251511,2021-11-30T18:18:02.993000,1638289355.0891278
9,3,19,3,Random,-9999,c96b68020a4f61cf,5.375999927520752,0.16499996185302734,1638296284.057,19,shoes,watermelon,near,shoes,watermelon,shoes,watermelon,near,shoes,watermelon,6928.967872142792,2021-11-30T18:18:04.057000,1638289355.0891278
0,12,26,26,Random,-9999,ed074deb127a9e04,2.3339998722076416,0.12199997901916504,1638296285.441,12,fearful,day,dress,day,fearful,fearful,day,dress,day,fearful,6930.351872205734,2021-11-30T18:18:05.441000,1638289355.0891278
8,4,23,23,Random,-9999,c96b68020a4f61cf,1.8269999027252197,0.15700006484985352,1638296285.97,4,socks,sky,far,sky,socks,socks,sky,far,sky,socks,6930.880872249603,2021-11-30T18:18:05.970000,1638289355.0891278
23,15,4,15,Random,-9999,c96b68020a4f61cf,1.749000072479248,0.08500003814697266,1638296287.811,4,blueberry,socks,sky,blueberry,socks,blueberry,socks,sky,blueberry,socks,6932.721872329712,2021-11-30T18:18:07.811000,1638289355.0891278
7,16,1,1,Random,-9999,ed074deb127a9e04,2.2660000324249268,0.13400006294250488,1638296287.835,16,lemon,pants,beside,pants,lemon,lemon,pants,beside,pants,lemon,6932.74587225914,2021-11-30T18:18:07.835000,1638289355.0891278
29,22,19,22,Random,-9999,ed074deb127a9e04,2.810999870300293,0.14100003242492676,1638296290.794,19,ocean,watermelon,noon,ocean,watermelon,ocean,watermelon,noon,ocean,watermelon,6935.704872131348,2021-11-30T18:18:10.794000,1638289355.0891278
12,1,3,3,Random,-9999,c96b68020a4f61cf,3.1480000019073486,0.09200000762939453,1638296291.098,1,pants,shoes,fearful,shoes,pants,pants,shoes,fearful,shoes,pants,6936.008872270584,2021-11-30T18:18:11.098000,1638289355.0891278
2,21,27,27,Random,-9999,c96b68020a4f61cf,2.0799999237060547,0.16100001335144043,1638296293.339,21,field,dusk,shirt,dusk,field,field,dusk,shirt,dusk,field,6938.249872207642,2021-11-30T18:18:13.339000,1638289355.0891278
4,20,28,20,Random,-9999,ed074deb127a9e04,2.505999803543091,0.12600016593933105,1638296293.433,28,beach,night,socks,beach,night,beach,night,socks,beach,night,6938.343872308731,2021-11-30T18:18:13.433000,1638289355.0891278
7,18,28,28,Random,-9999,c96b68020a4f61cf,1.9100000858306885,0.13899993896484375,1638296295.327,18,strawberry,night,beside,night,strawberry,strawberry,night,beside,night,strawberry,6940.237872123718,2021-11-30T18:18:15.327000,1638289355.0891278
17,7,5,7,Random,-9999,ed074deb127a9e04,2.1570000648498535,0.1230001449584961,1638296295.715,5,beside,above,mango,beside,above,beside,above,mango,beside,above,6940.625872135162,2021-11-30T18:18:15.715000,1638289355.0891278
21,24,13,24,Random,-9999,ed074deb127a9e04,2.509999990463257,0.12999987602233887,1638296298.346,13,sunset,happy,field,sunset,happy,sunset,happy,field,sunset,happy,6943.256872177124,2021-11-30T18:18:18.346000,1638289355.0891278
22,26,20,20,Random,-9999,c96b68020a4f61cf,3.077000141143799,0.07799983024597168,1638296298.558,26,day,beach,ocean,beach,day,day,beach,ocean,beach,day,6943.468872308731,2021-11-30T18:18:18.558000,1638289355.0891278
8,5,2,5,Random,-9999,c96b68020a4f61cf,1.7810001373291016,0.15699982643127441,1638296300.431,2,above,shirt,far,above,shirt,above,shirt,far,above,shirt,6945.341872215271,2021-11-30T18:18:20.431000,1638289355.0891278
9,23,20,20,Random,-9999,ed074deb127a9e04,2.741999864578247,0.13000011444091797,1638296301.225,23,sky,beach,near,beach,sky,sky,beach,near,beach,sky,6946.135872125626,2021-11-30T18:18:21.225000,1638289355.0891278
2,19,20,20,Random,-9999,ed074deb127a9e04,1.6760001182556152,0.13199996948242188,1638296302.968,19,watermelon,beach,shirt,beach,watermelon,watermelon,beach,shirt,beach,watermelon,6947.878872156143,2021-11-30T18:18:22.968000,1638289355.0891278
6,29,24,24,Random,-9999,c96b68020a4f61cf,2.4749999046325684,0.09200000762939453,1638296303.054,29,noon,sunset,below,sunset,noon,noon,sunset,below,sunset,noon,6947.964872121811,2021-11-30T18:18:23.054000,1638289355.0891278
28,5,27,27,Random,-9999,c96b68020a4f61cf,1.4300000667572021,0.15400004386901855,1638296304.581,5,above,dusk,night,dusk,above,above,dusk,night,dusk,above,6949.491872310638,2021-11-30T18:18:24.581000,1638289355.0891278
1,9,2,2,Random,-9999,c96b68020a4f61cf,1.3450000286102295,0.08099985122680664,1638296306.005,9,near,shirt,pants,shirt,near,near,shirt,pants,shirt,near,6950.915872335434,2021-11-30T18:18:26.005000,1638289355.0891278
20,29,8,29,Random,-9999,ed074deb127a9e04,3.0510001182556152,0.07699990272521973,1638296306.158,8,noon,far,beach,noon,far,noon,far,beach,noon,far,6951.068872213364,2021-11-30T18:18:26.158000,1638289355.0891278
18,24,6,24,Random,-9999,ed074deb127a9e04,2.3580000400543213,0.13699984550476074,1638296308.643,6,sunset,below,strawberry,sunset,below,sunset,below,strawberry,sunset,below,6953.5538721084595,2021-11-30T18:18:28.643000,1638289355.0891278
7,2,29,2,Random,-9999,c96b68020a4f61cf,3.5950000286102295,0.08800005912780762,1638296309.746,29,shirt,noon,beside,shirt,noon,shirt,noon,beside,shirt,noon,6954.6568722724915,2021-11-30T18:18:29.746000,1638289355.0891278
8,20,0,20,Random,-9999,c96b68020a4f61cf,2.371000051498413,0.15600013732910156,1638296312.28,0,beach,dress,far,beach,dress,beach,dress,far,beach,dress,6957.190872192383,2021-11-30T18:18:32.280000,1638289355.0891278
16,14,23,23,Random,-9999,ed074deb127a9e04,5.208000183105469,0.12899994850158691,1638296313.992,14,sad,sky,lemon,sky,sad,sad,sky,lemon,sky,sad,6958.90287232399,2021-11-30T18:18:33.992000,1638289355.0891278
16,0,7,0,Random,-9999,c96b68020a4f61cf,2.075000047683716,0.15899991989135742,1638296314.496,7,dress,beside,lemon,dress,beside,dress,beside,lemon,dress,beside,6959.4068722724915,2021-11-30T18:18:34.496000,1638289355.0891278
10,15,13,13,Random,-9999,c96b68020a4f61cf,2.3010001182556152,0.15599989891052246,1638296316.959,15,blueberry,happy,angry,happy,blueberry,blueberry,happy,angry,happy,blueberry,6961.869872331619,2021-11-30T18:18:36.959000,1638289355.0891278
23,8,6,8,Random,-9999,ed074deb127a9e04,3.501000165939331,0.14800000190734863,1638296317.626,6,far,below,sky,far,below,far,below,sky,far,below,6962.536872148514,2021-11-30T18:18:37.626000,1638289355.0891278
7,23,5,5,Random,-9999,ed074deb127a9e04,4.332000017166138,0.12399983406066895,1638296322.091,23,sky,above,beside,above,sky,sky,above,beside,above,sky,6967.001872301102,2021-11-30T18:18:42.091000,1638289355.0891278
29,15,7,7,Random,-9999,c96b68020a4f61cf,7.956999778747559,0.14400005340576172,1638296325.073,15,blueberry,beside,noon,beside,blueberry,blueberry,beside,noon,beside,blueberry,6969.983872175217,2021-11-30T18:18:45.073000,1638289355.0891278
25,27,3,27,Random,-9999,ed074deb127a9e04,3.294999837875366,0.13700008392333984,1638296325.515,3,dusk,shoes,dawn,dusk,shoes,dusk,shoes,dawn,dusk,shoes,6970.425872325897,2021-11-30T18:18:45.515000,1638289355.0891278
10,4,9,4,Random,-9999,c96b68020a4f61cf,2.069999933242798,0.1550002098083496,1638296327.296,9,socks,near,angry,socks,near,socks,near,angry,socks,near,6972.206872224808,2021-11-30T18:18:47.296000,1638289355.0891278
8,27,17,27,Random,-9999,c96b68020a4f61cf,1.4270000457763672,0.15199995040893555,1638296328.81,17,dusk,mango,far,dusk,mango,dusk,mango,far,dusk,mango,6973.720872163773,2021-11-30T18:18:48.810000,1638289355.0891278
7,29,3,29,Random,-9999,c96b68020a4f61cf,3.375,0.08999991416931152,1638296332.328,3,noon,shoes,beside,noon,shoes,noon,shoes,beside,noon,shoes,6977.238872289658,2021-11-30T18:18:52.328000,1638289355.0891278
1,6,15,6,Random,-9999,ed074deb127a9e04,9.365999937057495,0.13000011444091797,1638296335.011,15,below,blueberry,pants,below,blueberry,below,blueberry,pants,below,blueberry,6979.921872138977,2021-11-30T18:18:55.011000,1638289355.0891278
3,5,10,5,Random,-9999,c96b68020a4f61cf,2.558000087738037,0.1529998779296875,1638296335.065,10,above,angry,shoes,above,angry,above,angry,shoes,above,angry,6979.9758722782135,2021-11-30T18:18:55.065000,1638289355.0891278
10,28,22,28,Random,-9999,c96b68020a4f61cf,2.5220000743865967,0.1679999828338623,1638296337.737,22,night,ocean,angry,night,ocean,night,ocean,angry,night,ocean,6982.647872209549,2021-11-30T18:18:57.737000,1638289355.0891278
4,24,1,1,Random,-9999,ed074deb127a9e04,1.6140000820159912,0.07399988174438477,1638296338.711,24,sunset,pants,socks,pants,sunset,sunset,pants,socks,pants,sunset,6983.621872186661,2021-11-30T18:18:58.711000,1638289355.0891278
24,6,5,6,Random,-9999,c96b68020a4f61cf,1.690999984741211,0.15700006484985352,1638296339.586,5,below,above,sunset,below,above,below,above,sunset,below,above,6984.496872186661,2021-11-30T18:18:59.586000,1638289355.0891278
27,18,4,18,Random,-9999,c96b68020a4f61cf,3.4709999561309814,0.2649998664855957,1638296343.321,4,strawberry,socks,dusk,strawberry,socks,strawberry,socks,dusk,strawberry,socks,6988.231872320175,2021-11-30T18:19:03.321000,1638289355.0891278
10,11,8,11,Random,-9999,ed074deb127a9e04,5.05400013923645,0.14599990844726562,1638296343.985,8,disgust,far,angry,disgust,far,disgust,far,angry,disgust,far,6988.895872116089,2021-11-30T18:19:03.985000,1638289355.0891278
3,0,20,0,Random,-9999,c96b68020a4f61cf,2.675999879837036,0.1490001678466797,1638296346.143,20,dress,beach,shoes,dress,beach,dress,beach,shoes,dress,beach,6991.0538721084595,2021-11-30T18:19:06.143000,1638289355.0891278
4,2,0,2,Random,-9999,ed074deb127a9e04,3.933000087738037,0.14699983596801758,1638296348.059,0,shirt,dress,socks,shirt,dress,shirt,dress,socks,shirt,dress,6992.969872236252,2021-11-30T18:19:08.059000,1638289355.0891278
2,19,5,5,Random,-9999,c96b68020a4f61cf,2.0180001258850098,0.1679999828338623,1638296348.343,19,watermelon,above,shirt,above,watermelon,watermelon,above,shirt,above,watermelon,6993.253872156143,2021-11-30T18:19:08.343000,1638289355.0891278
13,2,26,26,Random,-9999,c96b68020a4f61cf,2.936999797821045,0.1510000228881836,1638296351.418,2,shirt,day,happy,day,shirt,shirt,day,happy,day,shirt,6996.328872203827,2021-11-30T18:19:11.418000,1638289355.0891278
29,14,19,14,Random,-9999,ed074deb127a9e04,5.2149999141693115,0.13700008392333984,1638296353.401,19,sad,watermelon,noon,sad,watermelon,sad,watermelon,noon,sad,watermelon,6998.311872243881,2021-11-30T18:19:13.401000,1638289355.0891278
27,3,5,5,Random,-9999,c96b68020a4f61cf,2.9860000610351562,0.15199995040893555,1638296354.567,3,shoes,above,dusk,above,shoes,shoes,above,dusk,above,shoes,6999.477872133255,2021-11-30T18:19:14.567000,1638289355.0891278
1,9,17,9,Random,-9999,ed074deb127a9e04,1.875,0.12400007247924805,1638296355.338,17,near,mango,pants,near,mango,near,mango,pants,near,mango,7000.248872280121,2021-11-30T18:19:15.338000,1638289355.0891278
29,15,1,15,Random,-9999,c96b68020a4f61cf,1.8489999771118164,0.16700005531311035,1638296356.51,1,blueberry,pants,noon,blueberry,pants,blueberry,pants,noon,blueberry,pants,7001.420872211456,2021-11-30T18:19:16.510000,1638289355.0891278
4,1,25,1,Random,-9999,ed074deb127a9e04,2.4539999961853027,0.06599998474121094,1638296357.931,25,pants,dawn,socks,pants,dawn,pants,dawn,socks,pants,dawn,7002.841872215271,2021-11-30T18:19:17.931000,1638289355.0891278
8,24,10,24,Random,-9999,ed074deb127a9e04,1.7589998245239258,0.14499998092651367,1638296359.768,10,sunset,angry,far,sunset,angry,sunset,angry,far,sunset,angry,7004.6788721084595,2021-11-30T18:19:19.768000,1638289355.0891278
29,5,7,5,Random,-9999,c96b68020a4f61cf,3.1549999713897705,0.09599995613098145,1638296359.827,7,above,beside,noon,above,beside,above,beside,noon,above,beside,7004.737872123718,2021-11-30T18:19:19.827000,1638289355.0891278
14,28,6,28,Random,-9999,c96b68020a4f61cf,1.4070000648498535,0.15399980545043945,1638296361.314,6,night,below,sad,night,below,night,below,sad,night,below,7006.224872112274,2021-11-30T18:19:21.314000,1638289355.0891278
3,11,28,28,Random,-9999,ed074deb127a9e04,3.2730000019073486,0.07899999618530273,1638296363.179,11,disgust,night,shoes,night,disgust,disgust,night,shoes,night,disgust,7008.089872121811,2021-11-30T18:19:23.179000,1638289355.0891278
4,26,9,9,Random,-9999,c96b68020a4f61cf,2.5480000972747803,0.09200000762939453,1638296364.018,26,day,near,socks,near,day,day,near,socks,near,day,7008.9288721084595,2021-11-30T18:19:24.018000,1638289355.0891278
13,6,28,28,Random,-9999,ed074deb127a9e04,2.8889999389648438,0.13500022888183594,1638296366.205,6,below,night,happy,night,below,below,night,happy,night,below,7011.115872144699,2021-11-30T18:19:26.205000,1638289355.0891278
27,21,6,6,Random,-9999,c96b68020a4f61cf,2.4200000762939453,0.15199995040893555,1638296366.614,21,field,below,dusk,below,field,field,below,dusk,below,field,7011.524872303009,2021-11-30T18:19:26.614000,1638289355.0891278
16,12,20,20,Random,-9999,c96b68020a4f61cf,1.751999855041504,0.17499995231628418,1638296368.464,12,fearful,beach,lemon,beach,fearful,fearful,beach,lemon,beach,fearful,7013.374872207642,2021-11-30T18:19:28.464000,1638289355.0891278
14,24,19,24,Random,-9999,ed074deb127a9e04,2.699000120162964,0.13299989700317383,1638296369.046,19,sunset,watermelon,sad,sunset,watermelon,sunset,watermelon,sad,sunset,watermelon,7013.956872224808,2021-11-30T18:19:29.046000,1638289355.0891278
7,5,21,5,Random,-9999,c96b68020a4f61cf,1.63100004196167,0.0970001220703125,1638296370.19,21,above,field,beside,above,field,above,field,beside,above,field,7015.1008722782135,2021-11-30T18:19:30.190000,1638289355.0891278
7,23,15,15,Random,-9999,ed074deb127a9e04,3.2760000228881836,0.13199996948242188,1638296372.453,23,sky,blueberry,beside,blueberry,sky,sky,blueberry,beside,blueberry,sky,7017.363872289658,2021-11-30T18:19:32.453000,1638289355.0891278
23,4,9,9,Random,-9999,c96b68020a4f61cf,2.4190001487731934,0.09399986267089844,1638296372.745,4,socks,near,sky,near,socks,socks,near,sky,near,socks,7017.655872106552,2021-11-30T18:19:32.745000,1638289355.0891278
12,21,10,10,Random,-9999,ed074deb127a9e04,2.3010001182556152,0.14699983596801758,1638296374.898,21,field,angry,fearful,angry,field,field,angry,fearful,angry,field,7019.8088722229,2021-11-30T18:19:34.898000,1638289355.0891278
14,10,28,10,Random,-9999,c96b68020a4f61cf,2.5,0.14999985694885254,1638296375.418,28,angry,night,sad,angry,night,angry,night,sad,angry,night,7020.328872203827,2021-11-30T18:19:35.418000,1638289355.0891278
17,14,16,16,Random,-9999,c96b68020a4f61cf,1.6370000839233398,0.16300010681152344,1638296377.151,14,sad,lemon,mango,lemon,sad,sad,lemon,mango,lemon,sad,7022.061872243881,2021-11-30T18:19:37.151000,1638289355.0891278
21,1,12,12,Random,-9999,ed074deb127a9e04,2.1589999198913574,0.12899994850158691,1638296377.188,1,pants,fearful,field,fearful,pants,pants,fearful,field,fearful,pants,7022.098872184753,2021-11-30T18:19:37.188000,1638289355.0891278
13,17,3,17,Random,-9999,c96b68020a4f61cf,2.375,0.09499979019165039,1638296379.677,3,mango,shoes,happy,mango,shoes,mango,shoes,happy,mango,shoes,7024.587872266769,2021-11-30T18:19:39.677000,1638289355.0891278
1,19,3,3,Random,-9999,ed074deb127a9e04,3.1019999980926514,0.14600014686584473,1638296380.439,19,watermelon,shoes,pants,shoes,watermelon,watermelon,shoes,pants,shoes,watermelon,7025.349872112274,2021-11-30T18:19:40.439000,1638289355.0891278
18,0,15,15,Random,-9999,c96b68020a4f61cf,1.7340002059936523,0.14800000190734863,1638296381.501,0,dress,blueberry,strawberry,blueberry,dress,dress,blueberry,strawberry,blueberry,dress,7026.411872148514,2021-11-30T18:19:41.501000,1638289355.0891278
0,7,12,7,Random,-9999,c96b68020a4f61cf,2.267000198364258,0.08499979972839355,1638296383.918,12,beside,fearful,dress,beside,fearful,beside,fearful,dress,beside,fearful,7028.828872203827,2021-11-30T18:19:43.918000,1638289355.0891278
24,2,22,22,Random,-9999,ed074deb127a9e04,2.0719997882843018,0.16000008583068848,1638296384.783,2,shirt,ocean,sunset,ocean,shirt,shirt,ocean,sunset,ocean,shirt,7029.693872213364,2021-11-30T18:19:44.783000,1638289355.0891278
26,18,13,13,Random,-9999,ed074deb127a9e04,1.8670001029968262,0.1419999599456787,1638296386.721,18,strawberry,happy,day,happy,strawberry,strawberry,happy,day,happy,strawberry,7031.631872177124,2021-11-30T18:19:46.721000,1638289355.0891278
21,10,11,11,Random,-9999,c96b68020a4f61cf,3.7320001125335693,0.15699982643127441,1638296387.795,10,angry,disgust,field,disgust,angry,angry,disgust,field,disgust,angry,7032.705872297287,2021-11-30T18:19:47.795000,1638289355.0891278
28,5,19,19,Random,-9999,ed074deb127a9e04,2.2079999446868896,0.07999992370605469,1638296389.071,5,above,watermelon,night,watermelon,above,above,watermelon,night,watermelon,above,7033.981872320175,2021-11-30T18:19:49.071000,1638289355.0891278
16,6,0,0,Random,-9999,c96b68020a4f61cf,2.057999849319458,0.1510000228881836,1638296390.007,6,below,dress,lemon,dress,below,below,dress,lemon,dress,below,7034.9178721904755,2021-11-30T18:19:50.007000,1638289355.0891278
1,5,10,10,Random,-9999,ed074deb127a9e04,2.9140000343322754,0.13300013542175293,1638296392.117,5,above,angry,pants,angry,above,above,angry,pants,angry,above,7037.02787232399,2021-11-30T18:19:52.117000,1638289355.0891278
11,9,19,9,Random,-9999,c96b68020a4f61cf,2.7929999828338623,0.16100001335144043,1638296392.97,19,near,watermelon,disgust,near,watermelon,near,watermelon,disgust,near,watermelon,7037.880872249603,2021-11-30T18:19:52.970000,1638289355.0891278
28,10,2,10,Random,-9999,c96b68020a4f61cf,1.9040000438690186,0.16000008583068848,1638296394.969,2,angry,shirt,night,angry,shirt,angry,shirt,night,angry,shirt,7039.8798723220825,2021-11-30T18:19:54.969000,1638289355.0891278
12,10,9,10,Random,-9999,c96b68020a4f61cf,2.1089999675750732,0.08899998664855957,1638296397.213,9,angry,near,fearful,angry,near,angry,near,fearful,angry,near,7042.123872280121,2021-11-30T18:19:57.213000,1638289355.0891278
13,7,24,24,Random,-9999,c96b68020a4f61cf,2.312999963760376,0.15400004386901855,1638296399.69,7,beside,sunset,happy,sunset,beside,beside,sunset,happy,sunset,beside,7044.6008722782135,2021-11-30T18:19:59.690000,1638289355.0891278
22,10,15,15,Random,-9999,c96b68020a4f61cf,1.9149999618530273,0.15000009536743164,1638296401.692,10,angry,blueberry,ocean,blueberry,angry,angry,blueberry,ocean,blueberry,angry,7046.602872133255,2021-11-30T18:20:01.692000,1638289355.0891278
19,17,12,17,Random,-9999,c96b68020a4f61cf,2.0910000801086426,0.1099998950958252,1638296404.009,12,mango,fearful,watermelon,mango,fearful,mango,fearful,watermelon,mango,fearful,7048.919872283936,2021-11-30T18:20:04.009000,1638289355.0891278
29,11,16,16,Random,-9999,c96b68020a4f61cf,2.0510001182556152,0.2049999237060547,1638296406.451,11,disgust,lemon,noon,lemon,disgust,disgust,lemon,noon,lemon,disgust,7051.3618721961975,2021-11-30T18:20:06.451000,1638289355.0891278
22,4,1,1,Random,-9999,ed074deb127a9e04,15.63700008392334,0.12299990653991699,1638296407.878,4,socks,pants,ocean,pants,socks,socks,pants,ocean,pants,socks,7052.788872241974,2021-11-30T18:20:07.878000,1638289355.0891278
6,15,8,8,Random,-9999,c96b68020a4f61cf,1.6400001049041748,0.39299988746643066,1638296408.433,15,blueberry,far,below,far,blueberry,blueberry,far,below,far,blueberry,7053.343872308731,2021-11-30T18:20:08.433000,1638289355.0891278
19,6,1,1,Random,-9999,c96b68020a4f61cf,1.7009999752044678,0.34800004959106445,1638296410.235,6,below,pants,watermelon,pants,below,below,pants,watermelon,pants,below,7055.145872116089,2021-11-30T18:20:10.235000,1638289355.0891278
20,28,25,25,Random,-9999,ed074deb127a9e04,2.6580002307891846,0.13399982452392578,1638296410.674,28,night,dawn,beach,dawn,night,night,dawn,beach,dawn,night,7055.584872245789,2021-11-30T18:20:10.674000,1638289355.0891278
17,1,9,9,Random,-9999,c96b68020a4f61cf,1.685999870300293,0.08300018310546875,1638296412.097,1,pants,near,mango,near,pants,pants,near,mango,near,pants,7057.007872104645,2021-11-30T18:20:12.097000,1638289355.0891278
5,16,6,6,Random,-9999,ed074deb127a9e04,2.2209999561309814,0.13899993896484375,1638296413.035,16,lemon,below,above,below,lemon,lemon,below,above,below,lemon,7057.945872306824,2021-11-30T18:20:13.035000,1638289355.0891278
21,11,17,17,Random,-9999,c96b68020a4f61cf,2.252000093460083,0.1809999942779541,1638296414.431,11,disgust,mango,field,mango,disgust,disgust,mango,field,mango,disgust,7059.341872215271,2021-11-30T18:20:14.431000,1638289355.0891278
10,23,14,14,Random,-9999,ed074deb127a9e04,1.5160000324249268,0.13199996948242188,1638296414.622,23,sky,sad,angry,sad,sky,sky,sad,angry,sad,sky,7059.532872200012,2021-11-30T18:20:14.622000,1638289355.0891278
18,14,27,27,Random,-9999,ed074deb127a9e04,1.7660000324249268,0.07399988174438477,1638296416.462,14,sad,dusk,strawberry,dusk,sad,sad,dusk,strawberry,dusk,sad,7061.3728721141815,2021-11-30T18:20:16.462000,1638289355.0891278
29,18,2,18,Random,-9999,c96b68020a4f61cf,2.8289999961853027,0.17300009727478027,1638296417.437,2,strawberry,shirt,noon,strawberry,shirt,strawberry,shirt,noon,strawberry,shirt,7062.347872257233,2021-11-30T18:20:17.437000,1638289355.0891278
29,21,23,23,Random,-9999,ed074deb127a9e04,2.312000036239624,0.07200002670288086,1638296418.907,21,field,sky,noon,sky,field,field,sky,noon,sky,field,7063.817872285843,2021-11-30T18:20:18.907000,1638289355.0891278
12,11,24,11,Random,-9999,c96b68020a4f61cf,2.007000207901001,0.14599990844726562,1638296419.64,24,disgust,sunset,fearful,disgust,sunset,disgust,sunset,fearful,disgust,sunset,7064.550872325897,2021-11-30T18:20:19.640000,1638289355.0891278
7,26,25,26,Random,-9999,ed074deb127a9e04,2.9000000953674316,0.13199996948242188,1638296421.929,25,day,dawn,beside,day,dawn,day,dawn,beside,day,dawn,7066.839872121811,2021-11-30T18:20:21.929000,1638289355.0891278
29,7,3,7,Random,-9999,c96b68020a4f61cf,2.0399999618530273,0.26600003242492676,1638296422.004,3,beside,shoes,noon,beside,shoes,beside,shoes,noon,beside,shoes,7066.914872169495,2021-11-30T18:20:22.004000,1638289355.0891278
23,24,9,24,Random,-9999,c96b68020a4f61cf,1.5880000591278076,0.1979999542236328,1638296423.674,9,sunset,near,sky,sunset,near,sunset,near,sky,sunset,near,7068.584872245789,2021-11-30T18:20:23.674000,1638289355.0891278
14,22,2,2,Random,-9999,c96b68020a4f61cf,2.4850001335144043,0.08299994468688965,1638296426.303,22,ocean,shirt,sad,shirt,ocean,ocean,shirt,sad,shirt,ocean,7071.21387219429,2021-11-30T18:20:26.303000,1638289355.0891278
10,6,22,6,Random,-9999,c96b68020a4f61cf,2.5,0.14099979400634766,1638296428.956,22,below,ocean,angry,below,ocean,below,ocean,angry,below,ocean,7073.866872310638,2021-11-30T18:20:28.956000,1638289355.0891278
3,17,22,22,Random,-9999,c96b68020a4f61cf,4.868000030517578,0.15899991989135742,1638296434.201,17,mango,ocean,shoes,ocean,mango,mango,ocean,shoes,ocean,mango,7079.1118721961975,2021-11-30T18:20:34.201000,1638289355.0891278
0,1,24,24,Random,-9999,ed074deb127a9e04,12.383999824523926,0.12800002098083496,1638296434.454,1,pants,sunset,dress,sunset,pants,pants,sunset,dress,sunset,pants,7079.364872217178,2021-11-30T18:20:34.454000,1638289355.0891278
23,25,10,25,Random,-9999,c96b68020a4f61cf,1.566999912261963,0.3940000534057617,1638296435.869,10,dawn,angry,sky,dawn,angry,dawn,angry,sky,dawn,angry,7080.779872179031,2021-11-30T18:20:35.869000,1638289355.0891278
3,21,16,21,Random,-9999,c96b68020a4f61cf,2.0480000972747803,0.08899998664855957,1638296438.071,16,field,lemon,shoes,field,lemon,field,lemon,shoes,field,lemon,7082.981872320175,2021-11-30T18:20:38.071000,1638289355.0891278
13,2,26,26,Random,-9999,ed074deb127a9e04,4.365999937057495,0.14500021934509277,1638296438.948,2,shirt,day,happy,day,shirt,shirt,day,happy,day,shirt,7083.858872175217,2021-11-30T18:20:38.948000,1638289355.0891278
3,2,12,2,Random,-9999,c96b68020a4f61cf,1.9010000228881836,0.09099984169006348,1638296440.002,12,shirt,fearful,shoes,shirt,fearful,shirt,fearful,shoes,shirt,fearful,7084.912872314453,2021-11-30T18:20:40.002000,1638289355.0891278
16,26,4,26,Random,-9999,c96b68020a4f61cf,1.3980000019073486,0.09100008010864258,1638296441.494,4,day,socks,lemon,day,socks,day,socks,lemon,day,socks,7086.404872179031,2021-11-30T18:20:41.494000,1638289355.0891278
1,28,20,20,Random,-9999,c96b68020a4f61cf,2.3970000743865967,0.0839998722076416,1638296444.032,28,night,beach,pants,beach,night,night,beach,pants,beach,night,7088.942872285843,2021-11-30T18:20:44.032000,1638289355.0891278
2,11,26,26,Random,-9999,c96b68020a4f61cf,5.934000015258789,0.15599989891052246,1638296450.122,11,disgust,day,shirt,day,disgust,disgust,day,shirt,day,disgust,7095.032872200012,2021-11-30T18:20:50.122000,1638289355.0891278
9,10,8,8,Random,-9999,ed074deb127a9e04,13.263999938964844,0.14400005340576172,1638296452.374,10,angry,far,near,far,angry,angry,far,near,far,angry,7097.284872293472,2021-11-30T18:20:52.374000,1638289355.0891278
5,24,16,24,Random,-9999,c96b68020a4f61cf,2.7690000534057617,0.15400004386901855,1638296453.045,16,sunset,lemon,above,sunset,lemon,sunset,lemon,above,sunset,lemon,7097.955872297287,2021-11-30T18:20:53.045000,1638289355.0891278
18,24,11,24,Random,-9999,ed074deb127a9e04,1.7339999675750732,0.14599990844726562,1638296454.188,11,sunset,disgust,strawberry,sunset,disgust,sunset,disgust,strawberry,sunset,disgust,7099.098872184753,2021-11-30T18:20:54.188000,1638289355.0891278
8,7,21,7,Random,-9999,c96b68020a4f61cf,9.640999794006348,0.15900015830993652,1638296462.849,21,beside,field,far,beside,field,beside,field,far,beside,field,7107.759872198105,2021-11-30T18:21:02.849000,1638289355.0891278
24,26,3,26,Random,-9999,c96b68020a4f61cf,1.1519999504089355,0.1700000762939453,1638296464.104,3,day,shoes,sunset,day,shoes,day,shoes,sunset,day,shoes,7109.014872312546,2021-11-30T18:21:04.104000,1638289355.0891278
24,7,6,7,Random,-9999,ed074deb127a9e04,11.770999908447266,0.07700014114379883,1638296466.101,6,beside,below,sunset,beside,below,beside,below,sunset,beside,below,7111.011872291565,2021-11-30T18:21:06.101000,1638289355.0891278
14,18,19,18,Random,-9999,c96b68020a4f61cf,1.9119999408721924,0.09300017356872559,1638296466.106,19,strawberry,watermelon,sad,strawberry,watermelon,strawberry,watermelon,sad,strawberry,watermelon,7111.016872167587,2021-11-30T18:21:06.106000,1638289355.0891278
12,14,4,14,Random,-9999,c96b68020a4f61cf,1.7120001316070557,0.08799982070922852,1638296467.903,4,sad,socks,fearful,sad,socks,sad,socks,fearful,sad,socks,7112.813872337341,2021-11-30T18:21:07.903000,1638289355.0891278
11,24,22,22,Random,-9999,ed074deb127a9e04,2.2660000324249268,0.15000009536743164,1638296468.52,24,sunset,ocean,disgust,ocean,sunset,sunset,ocean,disgust,ocean,sunset,7113.43087220192,2021-11-30T18:21:08.520000,1638289355.0891278
24,15,20,20,Random,-9999,c96b68020a4f61cf,2.2309999465942383,0.07699990272521973,1638296470.279,15,blueberry,beach,sunset,beach,blueberry,blueberry,beach,sunset,beach,blueberry,7115.189872264862,2021-11-30T18:21:10.279000,1638289355.0891278
11,29,27,29,Random,-9999,ed074deb127a9e04,2.4509999752044678,0.13300013542175293,1638296471.094,27,noon,dusk,disgust,noon,dusk,noon,dusk,disgust,noon,dusk,7116.0048723220825,2021-11-30T18:21:11.094000,1638289355.0891278
1,26,27,26,Random,-9999,c96b68020a4f61cf,2.2769999504089355,0.15000009536743164,1638296472.713,27,day,dusk,pants,day,dusk,day,dusk,pants,day,dusk,7117.623872280121,2021-11-30T18:21:12.713000,1638289355.0891278
17,2,4,2,Random,-9999,ed074deb127a9e04,1.812999963760376,0.12299990653991699,1638296472.965,4,shirt,socks,mango,shirt,socks,shirt,socks,mango,shirt,socks,7117.875872135162,2021-11-30T18:21:12.965000,1638289355.0891278
21,1,13,1,Random,-9999,c96b68020a4f61cf,2.5169999599456787,0.15600013732910156,1638296475.384,13,pants,happy,field,pants,happy,pants,happy,field,pants,happy,7120.294872283936,2021-11-30T18:21:15.384000,1638289355.0891278
7,14,13,13,Random,-9999,ed074deb127a9e04,2.4789998531341553,0.07300019264221191,1638296475.589,14,sad,happy,beside,happy,sad,sad,happy,beside,happy,sad,7120.499872207642,2021-11-30T18:21:15.589000,1638289355.0891278
23,26,17,26,Random,-9999,ed074deb127a9e04,1.738999843597412,0.13300013542175293,1638296477.39,17,day,mango,sky,day,mango,day,mango,sky,day,mango,7122.300872325897,2021-11-30T18:21:17.390000,1638289355.0891278
14,5,20,5,Random,-9999,c96b68020a4f61cf,2.5490000247955322,0.16199994087219238,1638296478.085,20,above,beach,sad,above,beach,above,beach,sad,above,beach,7122.99587225914,2021-11-30T18:21:18.085000,1638289355.0891278
27,23,24,24,Random,-9999,ed074deb127a9e04,1.878000020980835,0.07400012016296387,1638296479.342,23,sky,sunset,dusk,sunset,sky,sky,sunset,dusk,sunset,sky,7124.252872228622,2021-11-30T18:21:19.342000,1638289355.0891278
7,25,12,25,Random,-9999,c96b68020a4f61cf,2.669999837875366,0.14700007438659668,1638296480.908,12,dawn,fearful,beside,dawn,fearful,dawn,fearful,beside,dawn,fearful,7125.818872213364,2021-11-30T18:21:20.908000,1638289355.0891278
1,14,9,9,Random,-9999,ed074deb127a9e04,2.1510000228881836,0.07299995422363281,1638296481.632,14,sad,near,pants,near,sad,sad,near,pants,near,sad,7126.5428721904755,2021-11-30T18:21:21.632000,1638289355.0891278
5,4,22,22,Random,-9999,c96b68020a4f61cf,2.2149999141693115,0.15400004386901855,1638296483.272,4,socks,ocean,above,ocean,socks,socks,ocean,above,ocean,socks,7128.18287229538,2021-11-30T18:21:23.272000,1638289355.0891278
6,28,0,0,Random,-9999,ed074deb127a9e04,3.296999931335449,0.13499999046325684,1638296485.072,28,night,dress,below,dress,night,night,dress,below,dress,night,7129.982872247696,2021-11-30T18:21:25.072000,1638289355.0891278
17,14,6,6,Random,-9999,c96b68020a4f61cf,1.748999834060669,0.15600013732910156,1638296485.12,14,sad,below,mango,below,sad,sad,below,mango,below,sad,7130.030872106552,2021-11-30T18:21:25.120000,1638289355.0891278
9,18,12,18,Random,-9999,c96b68020a4f61cf,1.7680001258850098,0.08599996566772461,1638296486.975,12,strawberry,fearful,near,strawberry,fearful,strawberry,fearful,near,strawberry,fearful,7131.885872125626,2021-11-30T18:21:26.975000,1638289355.0891278
6,26,4,4,Random,-9999,ed074deb127a9e04,2.3869998455047607,0.13300013542175293,1638296487.582,26,day,socks,below,socks,day,day,socks,below,socks,day,7132.492872238159,2021-11-30T18:21:27.582000,1638289355.0891278
10,19,13,13,Random,-9999,c96b68020a4f61cf,1.758000135421753,0.09299993515014648,1638296488.81,19,watermelon,happy,angry,happy,watermelon,watermelon,happy,angry,happy,watermelon,7133.720872163773,2021-11-30T18:21:28.810000,1638289355.0891278
23,0,15,15,Random,-9999,c96b68020a4f61cf,1.8020000457763672,0.08800005912780762,1638296490.718,0,dress,blueberry,sky,blueberry,dress,dress,blueberry,sky,blueberry,dress,7135.628872156143,2021-11-30T18:21:30.718000,1638289355.0891278
19,4,15,15,Random,-9999,c96b68020a4f61cf,1.4000000953674316,0.10599994659423828,1638296492.222,4,socks,blueberry,watermelon,blueberry,socks,socks,blueberry,watermelon,blueberry,socks,7137.132872104645,2021-11-30T18:21:32.222000,1638289355.0891278
16,11,2,2,Random,-9999,c96b68020a4f61cf,2.077000141143799,0.08999991416931152,1638296494.442,11,disgust,shirt,lemon,shirt,disgust,disgust,shirt,lemon,shirt,disgust,7139.352872133255,2021-11-30T18:21:34.442000,1638289355.0891278
26,3,23,23,Random,-9999,c96b68020a4f61cf,2.06000018119812,0.16499996185302734,1638296496.717,3,shoes,sky,day,sky,shoes,shoes,sky,day,sky,shoes,7141.627872228622,2021-11-30T18:21:36.717000,1638289355.0891278
14,18,27,27,Random,-9999,c96b68020a4f61cf,4.375,0.20299983024597168,1638296501.244,18,strawberry,dusk,sad,dusk,strawberry,strawberry,dusk,sad,dusk,strawberry,7146.154872179031,2021-11-30T18:21:41.244000,1638289355.0891278
24,8,26,26,Random,-9999,c96b68020a4f61cf,1.3540000915527344,0.15799999237060547,1638296502.699,8,far,day,sunset,day,far,far,day,sunset,day,far,7147.609872102737,2021-11-30T18:21:42.699000,1638289355.0891278
3,0,15,0,Random,-9999,c96b68020a4f61cf,1.9559998512268066,0.07800006866455078,1638296504.824,15,dress,blueberry,shoes,dress,blueberry,dress,blueberry,shoes,dress,blueberry,7149.734872102737,2021-11-30T18:21:44.824000,1638289355.0891278
25,26,11,26,Random,-9999,c96b68020a4f61cf,1.065999984741211,0.17300009727478027,1638296505.962,11,day,disgust,dawn,day,disgust,day,disgust,dawn,day,disgust,7150.8728721141815,2021-11-30T18:21:45.962000,1638289355.0891278
10,2,3,3,Random,-9999,c96b68020a4f61cf,1.5799999237060547,0.07599997520446777,1638296507.622,2,shirt,shoes,angry,shoes,shirt,shirt,shoes,angry,shoes,shirt,7152.532872200012,2021-11-30T18:21:47.622000,1638289355.0891278
11,20,5,5,Random,-9999,c96b68020a4f61cf,4.053999900817871,0.08000016212463379,1638296511.828,20,beach,above,disgust,above,beach,beach,above,disgust,above,beach,7156.738872289658,2021-11-30T18:21:51.828000,1638289355.0891278
13,6,16,16,Random,-9999,c96b68020a4f61cf,2.1519999504089355,0.16100001335144043,1638296514.136,6,below,lemon,happy,lemon,below,below,lemon,happy,lemon,below,7159.046872138977,2021-11-30T18:21:54.136000,1638289355.0891278
20,3,0,0,Random,-9999,c96b68020a4f61cf,1.9519999027252197,0.15700006484985352,1638296516.276,3,shoes,dress,beach,dress,shoes,shoes,dress,beach,dress,shoes,7161.186872243881,2021-11-30T18:21:56.276000,1638289355.0891278
11,9,2,9,Random,-9999,ed074deb127a9e04,31.33299994468689,0.1380000114440918,1638296519.062,2,near,shirt,disgust,near,shirt,near,shirt,disgust,near,shirt,7163.972872257233,2021-11-30T18:21:59.062000,1638289355.0891278
25,7,15,15,Random,-9999,c96b68020a4f61cf,2.630000114440918,0.1919999122619629,1638296519.068,7,beside,blueberry,dawn,blueberry,beside,beside,blueberry,dawn,blueberry,beside,7163.978872299194,2021-11-30T18:21:59.068000,1638289355.0891278
20,12,10,12,Random,-9999,ed074deb127a9e04,2.3340001106262207,0.1380000114440918,1638296521.533,10,fearful,angry,beach,fearful,angry,fearful,angry,beach,fearful,angry,7166.443872213364,2021-11-30T18:22:01.533000,1638289355.0891278
0,16,21,21,Random,-9999,c96b68020a4f61cf,2.4089999198913574,0.15199995040893555,1638296521.634,16,lemon,field,dress,field,lemon,lemon,field,dress,field,lemon,7166.544872283936,2021-11-30T18:22:01.634000,1638289355.0891278
10,16,24,24,Random,-9999,ed074deb127a9e04,1.7720000743865967,0.14800000190734863,1638296523.392,16,lemon,sunset,angry,sunset,lemon,lemon,sunset,angry,sunset,lemon,7168.302872180939,2021-11-30T18:22:03.392000,1638289355.0891278
25,10,18,18,Random,-9999,c96b68020a4f61cf,2.4650001525878906,0.16100001335144043,1638296524.245,10,angry,strawberry,dawn,strawberry,angry,angry,strawberry,dawn,strawberry,angry,7169.155872106552,2021-11-30T18:22:04.245000,1638289355.0891278
15,24,17,17,Random,-9999,ed074deb127a9e04,1.444000005722046,0.07599997520446777,1638296524.915,24,sunset,mango,blueberry,mango,sunset,sunset,mango,blueberry,mango,sunset,7169.825872182846,2021-11-30T18:22:04.915000,1638289355.0891278
8,9,25,9,Random,-9999,c96b68020a4f61cf,1.4579999446868896,0.15700006484985352,1638296525.809,25,near,dawn,far,near,dawn,near,dawn,far,near,dawn,7170.719872236252,2021-11-30T18:22:05.809000,1638289355.0891278
1,29,7,7,Random,-9999,ed074deb127a9e04,1.8020000457763672,0.07799983024597168,1638296526.803,29,noon,beside,pants,beside,noon,noon,beside,pants,beside,noon,7171.71387219429,2021-11-30T18:22:06.803000,1638289355.0891278
11,4,2,4,Random,-9999,c96b68020a4f61cf,1.9860000610351562,0.08599996566772461,1638296527.956,2,socks,shirt,disgust,socks,shirt,socks,shirt,disgust,socks,shirt,7172.866872310638,2021-11-30T18:22:07.956000,1638289355.0891278
11,29,17,29,Random,-9999,ed074deb127a9e04,2.2730000019073486,0.08700013160705566,1638296529.206,17,noon,mango,disgust,noon,mango,noon,mango,disgust,noon,mango,7174.116872310638,2021-11-30T18:22:09.206000,1638289355.0891278
13,23,10,10,Random,-9999,c96b68020a4f61cf,1.9009997844696045,0.1640000343322754,1638296529.942,23,sky,angry,happy,angry,sky,sky,angry,happy,angry,sky,7174.852872133255,2021-11-30T18:22:09.942000,1638289355.0891278
14,5,15,5,Random,-9999,ed074deb127a9e04,2.2029998302459717,0.125,1638296531.541,15,above,blueberry,sad,above,blueberry,above,blueberry,sad,above,blueberry,7176.451872110367,2021-11-30T18:22:11.541000,1638289355.0891278
23,25,16,25,Random,-9999,c96b68020a4f61cf,1.6530001163482666,0.09299993515014648,1638296531.69,16,dawn,lemon,sky,dawn,lemon,dawn,lemon,sky,dawn,lemon,7176.6008722782135,2021-11-30T18:22:11.690000,1638289355.0891278
20,26,7,26,Random,-9999,c96b68020a4f61cf,1.686000108718872,0.09999990463256836,1638296533.47,7,day,beside,beach,day,beside,day,beside,beach,day,beside,7178.380872249603,2021-11-30T18:22:13.470000,1638289355.0891278
0,20,19,20,Random,-9999,ed074deb127a9e04,1.998999834060669,0.1360001564025879,1638296533.677,19,beach,watermelon,dress,beach,watermelon,beach,watermelon,dress,beach,watermelon,7178.587872266769,2021-11-30T18:22:13.677000,1638289355.0891278
5,9,4,9,Random,-9999,c96b68020a4f61cf,1.8369998931884766,0.08999991416931152,1638296535.406,4,near,socks,above,near,socks,near,socks,above,near,socks,7180.316872119904,2021-11-30T18:22:15.406000,1638289355.0891278
20,11,17,17,Random,-9999,ed074deb127a9e04,1.696000099182129,0.13700008392333984,1638296535.446,11,disgust,mango,beach,mango,disgust,disgust,mango,beach,mango,disgust,7180.356872320175,2021-11-30T18:22:15.446000,1638289355.0891278
0,2,19,2,Random,-9999,ed074deb127a9e04,2.376000165939331,0.07199978828430176,1638296537.957,19,shirt,watermelon,dress,shirt,watermelon,shirt,watermelon,dress,shirt,watermelon,7182.867872238159,2021-11-30T18:22:17.957000,1638289355.0891278
12,25,3,3,Random,-9999,c96b68020a4f61cf,2.5220000743865967,0.09800004959106445,1638296538.081,25,dawn,shoes,fearful,shoes,dawn,dawn,shoes,fearful,shoes,dawn,7182.991872310638,2021-11-30T18:22:18.081000,1638289355.0891278
12,0,14,14,Random,-9999,ed074deb127a9e04,1.7809998989105225,0.12199997901916504,1638296539.79,0,dress,sad,fearful,sad,dress,dress,sad,fearful,sad,dress,7184.700872182846,2021-11-30T18:22:19.790000,1638289355.0891278
11,21,18,21,Random,-9999,c96b68020a4f61cf,2.0139999389648438,0.15400004386901855,1638296540.264,18,field,strawberry,disgust,field,strawberry,field,strawberry,disgust,field,strawberry,7185.174872159958,2021-11-30T18:22:20.264000,1638289355.0891278
19,8,26,8,Random,-9999,ed074deb127a9e04,1.8440001010894775,0.0690000057220459,1638296541.703,26,far,day,watermelon,far,day,far,day,watermelon,far,day,7186.613872289658,2021-11-30T18:22:21.703000,1638289355.0891278
22,19,23,23,Random,-9999,c96b68020a4f61cf,2.760999917984009,0.14400005340576172,1638296543.16,19,watermelon,sky,ocean,sky,watermelon,watermelon,sky,ocean,sky,watermelon,7188.070872306824,2021-11-30T18:22:23.160000,1638289355.0891278
25,11,13,13,Random,-9999,ed074deb127a9e04,1.6100001335144043,0.06999993324279785,1638296543.383,11,disgust,happy,dawn,happy,disgust,disgust,happy,dawn,happy,disgust,7188.293872117996,2021-11-30T18:22:23.383000,1638289355.0891278
28,24,12,24,Random,-9999,ed074deb127a9e04,2.056999921798706,0.0710000991821289,1638296545.583,12,sunset,fearful,night,sunset,fearful,sunset,fearful,night,sunset,fearful,7190.49387216568,2021-11-30T18:22:25.583000,1638289355.0891278
21,17,19,17,Random,-9999,c96b68020a4f61cf,2.822000026702881,0.1640000343322754,1638296546.143,19,mango,watermelon,field,mango,watermelon,mango,watermelon,field,mango,watermelon,7191.0538721084595,2021-11-30T18:22:26.143000,1638289355.0891278
16,13,26,13,Random,-9999,ed074deb127a9e04,1.6659998893737793,0.13400006294250488,1638296547.316,26,happy,day,lemon,happy,day,happy,day,lemon,happy,day,7192.226872205734,2021-11-30T18:22:27.316000,1638289355.0891278
10,4,21,4,Random,-9999,c96b68020a4f61cf,2.5850000381469727,0.1679999828338623,1638296548.882,21,socks,field,angry,socks,field,socks,field,angry,socks,field,7193.7928721904755,2021-11-30T18:22:28.882000,1638289355.0891278
13,12,1,1,Random,-9999,ed074deb127a9e04,1.7799999713897705,0.06800007820129395,1638296549.165,12,fearful,pants,happy,pants,fearful,fearful,pants,happy,pants,fearful,7194.075872182846,2021-11-30T18:22:29.165000,1638289355.0891278
12,10,8,10,Random,-9999,c96b68020a4f61cf,1.556999921798706,0.14899992942810059,1638296550.541,8,angry,far,fearful,angry,far,angry,far,fearful,angry,far,7195.451872110367,2021-11-30T18:22:30.541000,1638289355.0891278
13,19,3,19,Random,-9999,ed074deb127a9e04,3.056999921798706,0.0710000991821289,1638296552.351,3,watermelon,shoes,happy,watermelon,shoes,watermelon,shoes,happy,watermelon,shoes,7197.261872291565,2021-11-30T18:22:32.351000,1638289355.0891278
5,17,16,17,Random,-9999,c96b68020a4f61cf,2.8589999675750732,0.08700013160705566,1638296553.537,16,mango,lemon,above,mango,lemon,mango,lemon,above,mango,lemon,7198.447872161865,2021-11-30T18:22:33.537000,1638289355.0891278
5,21,29,29,Random,-9999,ed074deb127a9e04,2.235999822616577,0.12400007247924805,1638296554.722,21,field,noon,above,noon,field,field,noon,above,noon,field,7199.632872104645,2021-11-30T18:22:34.722000,1638289355.0891278
5,2,9,2,Random,-9999,c96b68020a4f61cf,4.480999946594238,0.16100001335144043,1638296558.183,9,shirt,near,above,shirt,near,shirt,near,above,shirt,near,7203.093872308731,2021-11-30T18:22:38.183000,1638289355.0891278
27,28,4,28,Random,-9999,c96b68020a4f61cf,2.6529998779296875,0.14700007438659668,1638296560.997,4,night,socks,dusk,night,socks,night,socks,dusk,night,socks,7205.907872200012,2021-11-30T18:22:40.997000,1638289355.0891278
0,24,21,24,Random,-9999,c96b68020a4f61cf,1.8359999656677246,0.16700005531311035,1638296562.925,21,sunset,field,dress,sunset,field,sunset,field,dress,sunset,field,7207.835872173309,2021-11-30T18:22:42.925000,1638289355.0891278
23,6,5,5,Random,-9999,c96b68020a4f61cf,2.38700008392334,0.09299993515014648,1638296565.476,6,below,above,sky,above,below,below,above,sky,above,below,7210.386872291565,2021-11-30T18:22:45.476000,1638289355.0891278
26,5,8,8,Random,-9999,c96b68020a4f61cf,2.4820001125335693,0.15899991989135742,1638296568.109,5,above,far,day,far,above,above,far,day,far,above,7213.019872188568,2021-11-30T18:22:48.109000,1638289355.0891278
2,25,1,1,Random,-9999,ed074deb127a9e04,18.91100001335144,0.12900018692016602,1638296573.755,25,dawn,pants,shirt,pants,dawn,dawn,pants,shirt,pants,dawn,7218.665872335434,2021-11-30T18:22:53.755000,1638289355.0891278
7,23,8,8,Random,-9999,c96b68020a4f61cf,5.610000133514404,0.15999984741210938,1638296573.874,23,sky,far,beside,far,sky,sky,far,beside,far,sky,7218.784872293472,2021-11-30T18:22:53.874000,1638289355.0891278
15,3,22,22,Random,-9999,ed074deb127a9e04,1.5780000686645508,0.13399982452392578,1638296575.413,3,shoes,ocean,blueberry,ocean,shoes,shoes,ocean,blueberry,ocean,shoes,7220.323872327805,2021-11-30T18:22:55.413000,1638289355.0891278
19,15,12,15,Random,-9999,ed074deb127a9e04,1.3259999752044678,0.07400012016296387,1638296576.81,12,blueberry,fearful,watermelon,blueberry,fearful,blueberry,fearful,watermelon,blueberry,fearful,7221.720872163773,2021-11-30T18:22:56.810000,1638289355.0891278
15,6,8,8,Random,-9999,c96b68020a4f61cf,4.016000032424927,0.1529998779296875,1638296578.039,6,below,far,blueberry,far,below,below,far,blueberry,far,below,7222.949872255325,2021-11-30T18:22:58.039000,1638289355.0891278
16,22,19,19,Random,-9999,c96b68020a4f61cf,1.8240001201629639,0.15199995040893555,1638296579.962,22,ocean,watermelon,lemon,watermelon,ocean,ocean,watermelon,lemon,watermelon,ocean,7224.8728721141815,2021-11-30T18:22:59.962000,1638289355.0891278
14,20,15,15,Random,-9999,ed074deb127a9e04,4.727999925613403,0.07200002670288086,1638296581.671,20,beach,blueberry,sad,blueberry,beach,beach,blueberry,sad,blueberry,beach,7226.581872224808,2021-11-30T18:23:01.671000,1638289355.0891278
23,20,4,20,Random,-9999,c96b68020a4f61cf,2.1640000343322754,0.08500003814697266,1638296582.273,4,beach,socks,sky,beach,socks,beach,socks,sky,beach,socks,7227.1838722229,2021-11-30T18:23:02.273000,1638289355.0891278
0,28,14,28,Random,-9999,ed074deb127a9e04,2.0470001697540283,0.13699984550476074,1638296583.854,14,night,sad,dress,night,sad,night,sad,dress,night,sad,7228.764872312546,2021-11-30T18:23:03.854000,1638289355.0891278
4,25,27,27,Random,-9999,c96b68020a4f61cf,2.0789999961853027,0.15399980545043945,1638296584.499,25,dawn,dusk,socks,dusk,dawn,dawn,dusk,socks,dusk,dawn,7229.409872293472,2021-11-30T18:23:04.499000,1638289355.0891278
13,6,17,17,Random,-9999,ed074deb127a9e04,1.5439999103546143,0.1529998779296875,1638296585.486,6,below,mango,happy,mango,below,below,mango,happy,mango,below,7230.396872282028,2021-11-30T18:23:05.486000,1638289355.0891278
8,20,13,20,Random,-9999,ed074deb127a9e04,2.3289999961853027,0.0710000991821289,1638296587.946,13,beach,happy,far,beach,happy,beach,happy,far,beach,happy,7232.856872320175,2021-11-30T18:23:07.946000,1638289355.0891278
26,21,23,23,Random,-9999,ed074deb127a9e04,2.569000005722046,0.13499999046325684,1638296590.657,21,field,sky,day,sky,field,field,sky,day,sky,field,7235.567872285843,2021-11-30T18:23:10.657000,1638289355.0891278
6,25,3,3,Random,-9999,ed074deb127a9e04,3.2660000324249268,0.14999985694885254,1638296594.06,25,dawn,shoes,below,shoes,dawn,dawn,shoes,below,shoes,dawn,7238.970872163773,2021-11-30T18:23:14.060000,1638289355.0891278
15,6,14,6,Random,-9999,ed074deb127a9e04,9.96399998664856,0.13199996948242188,1638296604.153,14,below,sad,blueberry,below,sad,below,sad,blueberry,below,sad,7249.063872337341,2021-11-30T18:23:24.153000,1638289355.0891278
7,22,6,6,Random,-9999,ed074deb127a9e04,5.41700005531311,0.13499999046325684,1638296609.724,22,ocean,below,beside,below,ocean,ocean,below,beside,below,ocean,7254.634872198105,2021-11-30T18:23:29.724000,1638289355.0891278
14,24,13,13,Random,-9999,ed074deb127a9e04,2.0829999446868896,0.13300013542175293,1638296611.923,24,sunset,happy,sad,happy,sunset,sunset,happy,sad,happy,sunset,7256.833872318268,2021-11-30T18:23:31.923000,1638289355.0891278
3,6,23,6,Random,-9999,95d3dc596a5d940c,50.64100003242493,0.13299989700317383,1638320508.383,23,below,sky,shoes,below,sky,below,sky,shoes,below,sky,31153.293872117996,2021-12-01T01:01:48.383000,1638289355.0891278
12,26,21,21,Random,-9999,95d3dc596a5d940c,4.430000066757202,0.13699984550476074,1638320512.961,26,day,field,fearful,field,day,day,field,fearful,field,day,31157.87187218666,2021-12-01T01:01:52.961000,1638289355.0891278
22,10,0,10,Random,-9999,95d3dc596a5d940c,2.326000213623047,0.16299986839294434,1638320517.559,0,angry,dress,ocean,angry,dress,angry,dress,ocean,angry,dress,31162.469872236252,2021-12-01T01:01:57.559000,1638289355.0891278
5,10,15,10,Random,-9999,95d3dc596a5d940c,4.311000108718872,0.14699983596801758,1638320522.018,15,angry,blueberry,above,angry,blueberry,angry,blueberry,above,angry,blueberry,31166.92887210846,2021-12-01T01:02:02.018000,1638289355.0891278
14,13,23,13,Random,-9999,95d3dc596a5d940c,5.656000137329102,0.1399998664855957,1638320527.807,23,happy,sky,sad,happy,sky,happy,sky,sad,happy,sky,31172.71787214279,2021-12-01T01:02:07.807000,1638289355.0891278
10,25,3,25,Random,-9999,95d3dc596a5d940c,2.3570001125335693,0.13899993896484375,1638320530.295,3,dawn,shoes,angry,dawn,shoes,dawn,shoes,angry,dawn,shoes,31175.205872297287,2021-12-01T01:02:10.295000,1638289355.0891278
15,23,10,23,Random,-9999,95d3dc596a5d940c,3.5210001468658447,0.13499999046325684,1638320533.963,10,sky,angry,blueberry,sky,angry,sky,angry,blueberry,sky,angry,31178.87387228012,2021-12-01T01:02:13.963000,1638289355.0891278
14,9,29,29,Random,-9999,95d3dc596a5d940c,2.802000045776367,0.14899992942810059,1638320536.913,9,near,noon,sad,noon,near,near,noon,sad,noon,near,31181.823872327805,2021-12-01T01:02:16.913000,1638289355.0891278
13,0,6,0,Random,-9999,95d3dc596a5d940c,2.440999984741211,0.14499998092651367,1638320539.498,6,dress,below,happy,dress,below,dress,below,happy,dress,below,31184.408872127533,2021-12-01T01:02:19.498000,1638289355.0891278
17,6,24,24,Random,-9999,95d3dc596a5d940c,2.444000005722046,0.14299988746643066,1638320542.094,6,below,sunset,mango,sunset,below,below,sunset,mango,sunset,below,31187.004872322083,2021-12-01T01:02:22.094000,1638289355.0891278
1,12,2,2,Random,-9999,95d3dc596a5d940c,2.1009998321533203,0.14300012588500977,1638320544.318,12,fearful,shirt,pants,shirt,fearful,fearful,shirt,pants,shirt,fearful,31189.228872299194,2021-12-01T01:02:24.318000,1638289355.0891278
15,26,24,26,Random,-9999,95d3dc596a5d940c,6.208000183105469,0.13199996948242188,1638320550.663,24,day,sunset,blueberry,day,sunset,day,sunset,blueberry,day,sunset,31195.573872327805,2021-12-01T01:02:30.663000,1638289355.0891278
26,18,5,5,Random,-9999,95d3dc596a5d940c,3.625,0.13900017738342285,1638320554.431,18,strawberry,above,day,above,strawberry,strawberry,above,day,above,strawberry,31199.34187221527,2021-12-01T01:02:34.431000,1638289355.0891278
15,8,11,8,Random,-9999,95d3dc596a5d940c,2.422999858856201,0.0820000171661377,1638320559.005,11,far,disgust,blueberry,far,disgust,far,disgust,blueberry,far,disgust,31203.915872335434,2021-12-01T01:02:39.005000,1638289355.0891278
13,10,14,14,Random,-9999,95d3dc596a5d940c,3.249000072479248,0.14700007438659668,1638320562.404,10,angry,sad,happy,sad,angry,angry,sad,happy,sad,angry,31207.314872264862,2021-12-01T01:02:42.404000,1638289355.0891278
12,11,23,11,Random,-9999,95d3dc596a5d940c,1.6619999408721924,0.14600014686584473,1638320564.147,23,disgust,sky,fearful,disgust,sky,disgust,sky,fearful,disgust,sky,31209.05787229538,2021-12-01T01:02:44.147000,1638289355.0891278
29,5,20,20,Random,-9999,95d3dc596a5d940c,2.758000135421753,0.08099985122680664,1638320567.041,5,above,beach,noon,beach,above,above,beach,noon,beach,above,31211.951872110367,2021-12-01T01:02:47.041000,1638289355.0891278
13,20,14,20,Random,-9999,95d3dc596a5d940c,2.697999954223633,0.13699984550476074,1638320569.879,14,beach,sad,happy,beach,sad,beach,sad,happy,beach,sad,31214.789872169495,2021-12-01T01:02:49.879000,1638289355.0891278
27,14,1,14,Random,-9999,95d3dc596a5d940c,2.694999933242798,0.14300012588500977,1638320572.721,1,sad,pants,dusk,sad,pants,sad,pants,dusk,sad,pants,31217.631872177124,2021-12-01T01:02:52.721000,1638289355.0891278
0,10,14,14,Random,-9999,95d3dc596a5d940c,5.658999919891357,0.14400005340576172,1638320578.515,10,angry,sad,dress,sad,angry,angry,sad,dress,sad,angry,31223.425872325897,2021-12-01T01:02:58.515000,1638289355.0891278
12,11,16,11,Random,-9999,95d3dc596a5d940c,2.4790000915527344,0.13899993896484375,1638320581.144,16,disgust,lemon,fearful,disgust,lemon,disgust,lemon,fearful,disgust,lemon,31226.0548722744,2021-12-01T01:03:01.144000,1638289355.0891278
1,5,26,26,Random,-9999,95d3dc596a5d940c,2.7860000133514404,0.14800000190734863,1638320584.07,5,above,day,pants,day,above,above,day,pants,day,above,31228.980872154236,2021-12-01T01:03:04.070000,1638289355.0891278
26,28,4,28,Random,-9999,95d3dc596a5d940c,2.7019999027252197,0.15400004386901855,1638320586.923,4,night,socks,day,night,socks,night,socks,day,night,socks,31231.833872318268,2021-12-01T01:03:06.923000,1638289355.0891278
6,24,20,24,Random,-9999,95d3dc596a5d940c,3.879999876022339,0.1400001049041748,1638320590.946,20,sunset,beach,below,sunset,beach,sunset,beach,below,sunset,beach,31235.856872320175,2021-12-01T01:03:10.946000,1638289355.0891278
21,5,4,5,Random,-9999,95d3dc596a5d940c,2.4140000343322754,0.1400001049041748,1638320593.499,4,above,socks,field,above,socks,above,socks,field,above,socks,31238.409872293472,2021-12-01T01:03:13.499000,1638289355.0891278
9,24,17,24,Random,-9999,95d3dc596a5d940c,2.42900013923645,0.14999985694885254,1638320598.209,17,sunset,mango,near,sunset,mango,sunset,mango,near,sunset,mango,31243.11987233162,2021-12-01T01:03:18.209000,1638289355.0891278
3,2,26,2,Random,-9999,95d3dc596a5d940c,1.7019999027252197,0.14600014686584473,1638320599.99,26,shirt,day,shoes,shirt,day,shirt,day,shoes,shirt,day,31244.90087223053,2021-12-01T01:03:19.990000,1638289355.0891278
24,10,21,21,Random,-9999,95d3dc596a5d940c,4.075000047683716,0.08299994468688965,1638320604.206,10,angry,field,sunset,field,angry,angry,field,sunset,field,angry,31249.11687231064,2021-12-01T01:03:24.206000,1638289355.0891278
16,28,8,8,Random,-9999,95d3dc596a5d940c,3.389000177383423,0.14499998092651367,1638320607.742,28,night,far,lemon,far,night,night,far,lemon,far,night,31252.65287232399,2021-12-01T01:03:27.742000,1638289355.0891278
7,27,11,27,Random,-9999,95d3dc596a5d940c,4.859999895095825,0.1419999599456787,1638320612.736,11,dusk,disgust,beside,dusk,disgust,dusk,disgust,beside,dusk,disgust,31257.64687228203,2021-12-01T01:03:32.736000,1638289355.0891278
10,15,26,15,Random,-9999,95d3dc596a5d940c,2.2960000038146973,0.13699984550476074,1638320615.169,26,blueberry,day,angry,blueberry,day,blueberry,day,angry,blueberry,day,31260.079872131348,2021-12-01T01:03:35.169000,1638289355.0891278
26,23,15,23,Random,-9999,95d3dc596a5d940c,2.370000123977661,0.1510000228881836,1638320617.695,15,sky,blueberry,day,sky,blueberry,sky,blueberry,day,sky,blueberry,31262.605872154236,2021-12-01T01:03:37.695000,1638289355.0891278
20,14,22,22,Random,-9999,95d3dc596a5d940c,2.1600000858306885,0.14099979400634766,1638320619.989,14,sad,ocean,beach,ocean,sad,sad,ocean,beach,ocean,sad,31264.89987230301,2021-12-01T01:03:39.989000,1638289355.0891278
15,3,10,10,Random,-9999,95d3dc596a5d940c,3.427999973297119,0.1400001049041748,1638320623.556,3,shoes,angry,blueberry,angry,shoes,shoes,angry,blueberry,angry,shoes,31268.46687221527,2021-12-01T01:03:43.556000,1638289355.0891278
1,27,2,2,Random,-9999,95d3dc596a5d940c,1.371999979019165,0.1360001564025879,1638320625.002,27,dusk,shirt,pants,shirt,dusk,dusk,shirt,pants,shirt,dusk,31269.912872314453,2021-12-01T01:03:45.002000,1638289355.0891278
17,3,20,20,Random,-9999,95d3dc596a5d940c,1.7079999446868896,0.07500004768371582,1638320626.791,3,shoes,beach,mango,beach,shoes,shoes,beach,mango,beach,shoes,31271.701872110367,2021-12-01T01:03:46.791000,1638289355.0891278
19,17,21,17,Random,-9999,95d3dc596a5d940c,1.1519999504089355,0.08100008964538574,1638320628.025,21,mango,field,watermelon,mango,field,mango,field,watermelon,mango,field,31272.93587231636,2021-12-01T01:03:48.025000,1638289355.0891278
10,3,1,3,Random,-9999,95d3dc596a5d940c,4.264000177383423,0.08099985122680664,1638320632.431,1,shoes,pants,angry,shoes,pants,shoes,pants,angry,shoes,pants,31277.34187221527,2021-12-01T01:03:52.431000,1638289355.0891278
22,13,2,13,Random,-9999,95d3dc596a5d940c,2.1480000019073486,0.1399998664855957,1638320634.71,2,happy,shirt,ocean,happy,shirt,happy,shirt,ocean,happy,shirt,31279.62087225914,2021-12-01T01:03:54.710000,1638289355.0891278
3,28,4,4,Random,-9999,95d3dc596a5d940c,2.1080000400543213,0.13400006294250488,1638320636.956,28,night,socks,shoes,socks,night,night,socks,shoes,socks,night,31281.86687231064,2021-12-01T01:03:56.956000,1638289355.0891278
7,24,12,24,Random,-9999,95d3dc596a5d940c,2.9639999866485596,0.13299989700317383,1638320640.065,12,sunset,fearful,beside,sunset,fearful,sunset,fearful,beside,sunset,fearful,31284.975872278214,2021-12-01T01:04:00.065000,1638289355.0891278
28,14,12,14,Random,-9999,95d3dc596a5d940c,2.138000011444092,0.14899992942810059,1638320642.338,12,sad,fearful,night,sad,fearful,sad,fearful,night,sad,fearful,31287.24887228012,2021-12-01T01:04:02.338000,1638289355.0891278
14,7,27,27,Random,-9999,95d3dc596a5d940c,1.5090000629425049,0.1359999179840088,1638320646.107,7,beside,dusk,sad,dusk,beside,beside,dusk,sad,dusk,beside,31291.017872333527,2021-12-01T01:04:06.107000,1638289355.0891278
19,26,4,26,Random,-9999,95d3dc596a5d940c,1.8450000286102295,0.1419999599456787,1638320648.094,4,day,socks,watermelon,day,socks,day,socks,watermelon,day,socks,31293.004872322083,2021-12-01T01:04:08.094000,1638289355.0891278
14,8,20,8,Random,-9999,95d3dc596a5d940c,1.8480000495910645,0.08299994468688965,1638320650.021,20,far,beach,sad,far,beach,far,beach,sad,far,beach,31294.93187212944,2021-12-01T01:04:10.021000,1638289355.0891278
6,4,26,4,Random,-9999,95d3dc596a5d940c,3.5360000133514404,0.08000016212463379,1638320653.704,26,socks,day,below,socks,day,socks,day,below,socks,day,31298.61487221718,2021-12-01T01:04:13.704000,1638289355.0891278
2,27,19,27,Random,-9999,95d3dc596a5d940c,3.806999921798706,0.1419999599456787,1638320661.88,19,dusk,watermelon,shirt,dusk,watermelon,dusk,watermelon,shirt,dusk,watermelon,31306.790872335434,2021-12-01T01:04:21.880000,1638289355.0891278
23,7,6,7,Random,-9999,95d3dc596a5d940c,5.947000026702881,0.14100003242492676,1638320667.963,6,beside,below,sky,beside,below,beside,below,sky,beside,below,31312.87387228012,2021-12-01T01:04:27.963000,1638289355.0891278
22,1,7,7,Random,-9999,95d3dc596a5d940c,1.5309998989105225,0.1400001049041748,1638320669.575,1,pants,beside,ocean,beside,pants,pants,beside,ocean,beside,pants,31314.485872268677,2021-12-01T01:04:29.575000,1638289355.0891278
18,5,6,5,Random,-9999,95d3dc596a5d940c,1.9229998588562012,0.0820000171661377,1638320671.578,6,above,below,strawberry,above,below,above,below,strawberry,above,below,31316.488872289658,2021-12-01T01:04:31.578000,1638289355.0891278
29,20,24,24,Random,-9999,95d3dc596a5d940c,1.7160000801086426,0.08100008964538574,1638320673.375,20,beach,sunset,noon,sunset,beach,beach,sunset,noon,sunset,beach,31318.285872220993,2021-12-01T01:04:33.375000,1638289355.0891278
1,23,22,22,Random,-9999,95d3dc596a5d940c,3.819000005722046,0.08100008964538574,1638320677.34,23,sky,ocean,pants,ocean,sky,sky,ocean,pants,ocean,sky,31322.250872135162,2021-12-01T01:04:37.340000,1638289355.0891278
12,10,29,10,Random,-9999,95d3dc596a5d940c,2.1610000133514404,0.14100003242492676,1638320679.629,29,angry,noon,fearful,angry,noon,angry,noon,fearful,angry,noon,31324.539872169495,2021-12-01T01:04:39.629000,1638289355.0891278
15,27,26,27,Random,-9999,95d3dc596a5d940c,1.5769999027252197,0.13299989700317383,1638320681.343,26,dusk,day,blueberry,dusk,day,dusk,day,blueberry,dusk,day,31326.253872156143,2021-12-01T01:04:41.343000,1638289355.0891278
8,25,4,25,Random,-9999,95d3dc596a5d940c,1.946000099182129,0.252000093460083,1638320683.539,4,dawn,socks,far,dawn,socks,dawn,socks,far,dawn,socks,31328.449872255325,2021-12-01T01:04:43.539000,1638289355.0891278
17,25,11,25,Random,-9999,95d3dc596a5d940c,1.6069998741149902,0.13499999046325684,1638320685.228,11,dawn,disgust,mango,dawn,disgust,dawn,disgust,mango,dawn,disgust,31330.138872146606,2021-12-01T01:04:45.228000,1638289355.0891278
6,12,2,12,Random,-9999,95d3dc596a5d940c,3.2849998474121094,0.08700013160705566,1638320688.658,2,fearful,shirt,below,fearful,shirt,fearful,shirt,below,fearful,shirt,31333.568872213364,2021-12-01T01:04:48.658000,1638289355.0891278
18,5,8,5,Random,-9999,95d3dc596a5d940c,3.3530001640319824,0.14299988746643066,1638320692.156,8,above,far,strawberry,above,far,above,far,strawberry,above,far,31337.066872119904,2021-12-01T01:04:52.156000,1638289355.0891278
10,16,27,27,Random,-9999,95d3dc596a5d940c,2.7199997901916504,0.14100003242492676,1638320695.02,16,lemon,dusk,angry,dusk,lemon,lemon,dusk,angry,dusk,lemon,31339.93087220192,2021-12-01T01:04:55.020000,1638289355.0891278
11,0,22,0,Random,-9999,95d3dc596a5d940c,2.1720001697540283,0.14800000190734863,1638320699.556,22,dress,ocean,disgust,dress,ocean,dress,ocean,disgust,dress,ocean,31344.46687221527,2021-12-01T01:04:59.556000,1638289355.0891278
29,13,14,14,Random,-9999,95d3dc596a5d940c,1.8460001945495605,0.13399982452392578,1638320701.479,13,happy,sad,noon,sad,happy,happy,sad,noon,sad,happy,31346.389872312546,2021-12-01T01:05:01.479000,1638289355.0891278
26,3,24,24,Random,-9999,95d3dc596a5d940c,3.4739999771118164,0.0820000171661377,1638320705.098,3,shoes,sunset,day,sunset,shoes,shoes,sunset,day,sunset,shoes,31350.008872270584,2021-12-01T01:05:05.098000,1638289355.0891278
5,4,15,15,Random,-9999,95d3dc596a5d940c,2.565999984741211,0.1419999599456787,1638320707.805,4,socks,blueberry,above,blueberry,socks,socks,blueberry,above,blueberry,socks,31352.71587228775,2021-12-01T01:05:07.805000,1638289355.0891278
11,16,25,16,Random,-9999,95d3dc596a5d940c,3.376999855041504,0.1419999599456787,1638320711.328,25,lemon,dawn,disgust,lemon,dawn,lemon,dawn,disgust,lemon,dawn,31356.238872289658,2021-12-01T01:05:11.328000,1638289355.0891278
17,23,14,23,Random,-9999,95d3dc596a5d940c,1.502000093460083,0.14400005340576172,1638320712.908,14,sky,sad,mango,sky,sad,sky,sad,mango,sky,sad,31357.818872213364,2021-12-01T01:05:12.908000,1638289355.0891278
9,19,3,3,Random,-9999,95d3dc596a5d940c,1.6389999389648438,0.08100008964538574,1638320714.627,19,watermelon,shoes,near,shoes,watermelon,watermelon,shoes,near,shoes,watermelon,31359.537872314453,2021-12-01T01:05:14.627000,1638289355.0891278
3,16,25,25,Random,-9999,95d3dc596a5d940c,2.4559998512268066,0.08000016212463379,1638320717.224,16,lemon,dawn,shoes,dawn,lemon,lemon,dawn,shoes,dawn,lemon,31362.134872198105,2021-12-01T01:05:17.224000,1638289355.0891278
27,22,15,22,Random,-9999,95d3dc596a5d940c,3.1469998359680176,0.13700008392333984,1638320720.509,15,ocean,blueberry,dusk,ocean,blueberry,ocean,blueberry,dusk,ocean,blueberry,31365.419872283936,2021-12-01T01:05:20.509000,1638289355.0891278
27,0,29,29,Random,-9999,95d3dc596a5d940c,1.4539999961853027,0.1419999599456787,1638320722.049,0,dress,noon,dusk,noon,dress,dress,noon,dusk,noon,dress,31366.95987224579,2021-12-01T01:05:22.049000,1638289355.0891278
13,23,29,23,Random,-9999,95d3dc596a5d940c,2.13100004196167,0.08299994468688965,1638320724.312,29,sky,noon,happy,sky,noon,sky,noon,happy,sky,noon,31369.222872257233,2021-12-01T01:05:24.312000,1638289355.0891278
20,26,7,26,Random,-9999,95d3dc596a5d940c,1.4670000076293945,0.13899993896484375,1638320725.86,7,day,beside,beach,day,beside,day,beside,beach,day,beside,31370.77087211609,2021-12-01T01:05:25.860000,1638289355.0891278
22,29,14,29,Random,-9999,95d3dc596a5d940c,2.6459999084472656,0.07899999618530273,1638320728.663,14,noon,sad,ocean,noon,sad,noon,sad,ocean,noon,sad,31373.573872327805,2021-12-01T01:05:28.663000,1638289355.0891278
26,25,14,25,Random,-9999,95d3dc596a5d940c,1.632000207901001,0.14299988746643066,1638320730.359,14,dawn,sad,day,dawn,sad,dawn,sad,day,dawn,sad,31375.269872188568,2021-12-01T01:05:30.359000,1638289355.0891278
19,9,8,9,Random,-9999,95d3dc596a5d940c,1.9079999923706055,0.07899999618530273,1638320732.347,8,near,far,watermelon,near,far,near,far,watermelon,near,far,31377.257872104645,2021-12-01T01:05:32.347000,1638289355.0891278
4,18,1,1,Random,-9999,95d3dc596a5d940c,3.2860000133514404,0.08100008964538574,1638320735.775,18,strawberry,pants,socks,pants,strawberry,strawberry,pants,socks,pants,strawberry,31380.68587231636,2021-12-01T01:05:35.775000,1638289355.0891278
6,0,27,0,Random,-9999,95d3dc596a5d940c,1.8389999866485596,0.14599990844726562,1638320737.695,27,dress,dusk,below,dress,dusk,dress,dusk,below,dress,dusk,31382.605872154236,2021-12-01T01:05:37.695000,1638289355.0891278
26,6,22,22,Random,-9999,95d3dc596a5d940c,2.2129998207092285,0.0820000171661377,1638320740.046,6,below,ocean,day,ocean,below,below,ocean,day,ocean,below,31384.956872224808,2021-12-01T01:05:40.046000,1638289355.0891278
6,8,25,25,Random,-9999,95d3dc596a5d940c,2.7760000228881836,0.14400005340576172,1638320742.972,8,far,dawn,below,dawn,far,far,dawn,below,dawn,far,31387.882872104645,2021-12-01T01:05:42.972000,1638289355.0891278
27,3,12,12,Random,-9999,95d3dc596a5d940c,2.5439999103546143,0.14499998092651367,1638320745.659,3,shoes,fearful,dusk,fearful,shoes,shoes,fearful,dusk,fearful,shoes,31390.569872140884,2021-12-01T01:05:45.659000,1638289355.0891278
1,21,15,21,Random,-9999,95d3dc596a5d940c,2.438000202178955,0.1419999599456787,1638320748.243,15,field,blueberry,pants,field,blueberry,field,blueberry,pants,field,blueberry,31393.15387225151,2021-12-01T01:05:48.243000,1638289355.0891278
6,2,29,29,Random,-9999,95d3dc596a5d940c,2.4210000038146973,0.1400001049041748,1638320750.801,2,shirt,noon,below,noon,shirt,shirt,noon,below,noon,shirt,31395.71187233925,2021-12-01T01:05:50.801000,1638289355.0891278
14,11,12,11,Random,-9999,95d3dc596a5d940c,1.560999870300293,0.1419999599456787,1638320752.442,12,disgust,fearful,sad,disgust,fearful,disgust,fearful,sad,disgust,fearful,31397.352872133255,2021-12-01T01:05:52.442000,1638289355.0891278
15,2,9,9,Random,-9999,95d3dc596a5d940c,4.04800009727478,0.08100008964538574,1638320756.629,2,shirt,near,blueberry,near,shirt,shirt,near,blueberry,near,shirt,31401.539872169495,2021-12-01T01:05:56.629000,1638289355.0891278
25,14,15,14,Random,-9999,95d3dc596a5d940c,2.3550000190734863,0.13899993896484375,1638320759.128,15,sad,blueberry,dawn,sad,blueberry,sad,blueberry,dawn,sad,blueberry,31404.038872241974,2021-12-01T01:05:59.128000,1638289355.0891278
25,27,9,27,Random,-9999,95d3dc596a5d940c,2.812999963760376,0.14499998092651367,1638320762.092,9,dusk,near,dawn,dusk,near,dusk,near,dawn,dusk,near,31407.002872228622,2021-12-01T01:06:02.092000,1638289355.0891278
1,20,0,0,Random,-9999,95d3dc596a5d940c,2.1700000762939453,0.14800000190734863,1638320764.399,20,beach,dress,pants,dress,beach,beach,dress,pants,dress,beach,31409.30987215042,2021-12-01T01:06:04.399000,1638289355.0891278
4,7,5,7,Random,-9999,95d3dc596a5d940c,2.6659998893737793,0.13899993896484375,1638320767.21,5,beside,above,socks,beside,above,beside,above,socks,beside,above,31412.12087225914,2021-12-01T01:06:07.210000,1638289355.0891278
11,27,29,27,Random,-9999,95d3dc596a5d940c,1.9279999732971191,0.13900017738342285,1638320769.21,29,dusk,noon,disgust,dusk,noon,dusk,noon,disgust,dusk,noon,31414.12087225914,2021-12-01T01:06:09.210000,1638289355.0891278
8,29,11,29,Random,-9999,95d3dc596a5d940c,2.6640000343322754,0.07999992370605469,1638320772.021,11,noon,disgust,far,noon,disgust,noon,disgust,far,noon,disgust,31416.93187212944,2021-12-01T01:06:12.021000,1638289355.0891278
15,24,25,24,Random,-9999,95d3dc596a5d940c,2.50600004196167,0.14100003242492676,1638320774.664,25,sunset,dawn,blueberry,sunset,dawn,sunset,dawn,blueberry,sunset,dawn,31419.574872255325,2021-12-01T01:06:14.664000,1638289355.0891278
15,2,12,2,Random,-9999,95d3dc596a5d940c,1.928999900817871,0.13899993896484375,1638320776.667,12,shirt,fearful,blueberry,shirt,fearful,shirt,fearful,blueberry,shirt,fearful,31421.577872276306,2021-12-01T01:06:16.667000,1638289355.0891278
20,27,7,27,Random,-9999,95d3dc596a5d940c,4.892999887466431,0.07700014114379883,1638320781.707,7,dusk,beside,beach,dusk,beside,dusk,beside,beach,dusk,beside,31426.61787223816,2021-12-01T01:06:21.707000,1638289355.0891278
11,0,2,2,Random,-9999,95d3dc596a5d940c,4.38100004196167,0.14300012588500977,1638320786.231,0,dress,shirt,disgust,shirt,dress,dress,shirt,disgust,shirt,dress,31431.141872167587,2021-12-01T01:06:26.231000,1638289355.0891278
28,5,1,5,Random,-9999,95d3dc596a5d940c,3.302000045776367,0.14299988746643066,1638320789.676,1,above,pants,night,above,pants,above,pants,night,above,pants,31434.58687233925,2021-12-01T01:06:29.676000,1638289355.0891278
23,27,14,27,Random,-9999,95d3dc596a5d940c,1.4129998683929443,0.14499998092651367,1638320791.167,14,dusk,sad,sky,dusk,sad,dusk,sad,sky,dusk,sad,31436.077872276306,2021-12-01T01:06:31.167000,1638289355.0891278
7,23,18,23,Random,-9999,95d3dc596a5d940c,1.6670000553131104,0.0839998722076416,1638320792.918,18,sky,strawberry,beside,sky,strawberry,sky,strawberry,beside,sky,strawberry,31437.828872203827,2021-12-01T01:06:32.918000,1638289355.0891278
26,27,5,27,Random,-9999,95d3dc596a5d940c,1.7609999179840088,0.08000016212463379,1638320794.76,5,dusk,above,day,dusk,above,dusk,above,day,dusk,above,31439.670872211456,2021-12-01T01:06:34.760000,1638289355.0891278
5,20,3,20,Random,-9999,95d3dc596a5d940c,2.4040000438690186,0.0839998722076416,1638320797.304,3,beach,shoes,above,beach,shoes,beach,shoes,above,beach,shoes,31442.21487212181,2021-12-01T01:06:37.304000,1638289355.0891278
28,7,3,7,Random,-9999,95d3dc596a5d940c,1.6560001373291016,0.13499999046325684,1638320799.038,3,beside,shoes,night,beside,shoes,beside,shoes,night,beside,shoes,31443.948872327805,2021-12-01T01:06:39.038000,1638289355.0891278
14,15,0,15,Random,-9999,95d3dc596a5d940c,3.4639999866485596,0.07899999618530273,1638320802.64,0,blueberry,dress,sad,blueberry,dress,blueberry,dress,sad,blueberry,dress,31447.550872325897,2021-12-01T01:06:42.640000,1638289355.0891278
20,0,19,0,Random,-9999,95d3dc596a5d940c,3.9790000915527344,0.1419999599456787,1638320806.779,19,dress,watermelon,beach,dress,watermelon,dress,watermelon,beach,dress,watermelon,31451.689872264862,2021-12-01T01:06:46.779000,1638289355.0891278
22,25,18,25,Random,-9999,95d3dc596a5d940c,1.5910000801086426,0.1510000228881836,1638320808.442,18,dawn,strawberry,ocean,dawn,strawberry,dawn,strawberry,ocean,dawn,strawberry,31453.352872133255,2021-12-01T01:06:48.442000,1638289355.0891278
16,0,21,21,Random,-9999,95d3dc596a5d940c,2.748000144958496,0.0820000171661377,1638320811.379,0,dress,field,lemon,field,dress,dress,field,lemon,field,dress,31456.289872169495,2021-12-01T01:06:51.379000,1638289355.0891278
9,25,13,25,Random,-9999,7aa8a5d51b7ea379,27.950999975204468,0.13100004196166992,1638320857.044,13,dawn,happy,near,dawn,happy,dawn,happy,near,dawn,happy,31501.954872131348,2021-12-01T01:07:37.044000,1638289355.0891278
23,2,0,0,Random,-9999,7aa8a5d51b7ea379,3.1080000400543213,0.14300012588500977,1638320862.501,2,shirt,dress,sky,dress,shirt,shirt,dress,sky,dress,shirt,31507.411872148514,2021-12-01T01:07:42.501000,1638289355.0891278
4,0,28,0,Random,-9999,7aa8a5d51b7ea379,1.809999942779541,0.14299988746643066,1638320864.389,28,dress,night,socks,dress,night,dress,night,socks,dress,night,31509.299872159958,2021-12-01T01:07:44.389000,1638289355.0891278
1,10,24,24,Random,-9999,7aa8a5d51b7ea379,2.5160000324249268,0.182999849319458,1638320869.181,10,angry,sunset,pants,sunset,angry,angry,sunset,pants,sunset,angry,31514.09187221527,2021-12-01T01:07:49.181000,1638289355.0891278
25,0,21,21,Random,-9999,7aa8a5d51b7ea379,1.9190001487731934,0.14899992942810059,1638320871.184,0,dress,field,dawn,field,dress,dress,field,dawn,field,dress,31516.094872236252,2021-12-01T01:07:51.184000,1638289355.0891278
4,16,5,5,Random,-9999,7aa8a5d51b7ea379,2.186000108718872,0.0839998722076416,1638320873.509,16,lemon,above,socks,above,lemon,lemon,above,socks,above,lemon,31518.419872283936,2021-12-01T01:07:53.509000,1638289355.0891278
20,19,4,19,Random,-9999,7aa8a5d51b7ea379,1.7319998741149902,0.14100003242492676,1638320875.324,4,watermelon,socks,beach,watermelon,socks,watermelon,socks,beach,watermelon,socks,31520.234872102737,2021-12-01T01:07:55.324000,1638289355.0891278
15,13,12,13,Random,-9999,7aa8a5d51b7ea379,1.6970000267028809,0.07899999618530273,1638320877.099,12,happy,fearful,blueberry,happy,fearful,happy,fearful,blueberry,happy,fearful,31522.009872198105,2021-12-01T01:07:57.099000,1638289355.0891278
1,29,26,26,Random,-9999,7aa8a5d51b7ea379,2.2169997692108154,0.07700014114379883,1638320879.451,29,noon,day,pants,day,noon,noon,day,pants,day,noon,31524.361872196198,2021-12-01T01:07:59.451000,1638289355.0891278
10,15,0,0,Random,-9999,7aa8a5d51b7ea379,2.743000030517578,0.13899993896484375,1638320882.336,15,blueberry,dress,angry,dress,blueberry,blueberry,dress,angry,dress,blueberry,31527.24687218666,2021-12-01T01:08:02.336000,1638289355.0891278
13,10,9,10,Random,-9999,7aa8a5d51b7ea379,1.4229998588562012,0.1400001049041748,1638320883.834,9,angry,near,happy,angry,near,angry,near,happy,angry,near,31528.74487233162,2021-12-01T01:08:03.834000,1638289355.0891278
24,3,27,3,Random,-9999,7aa8a5d51b7ea379,1.8299999237060547,0.07500004768371582,1638320885.744,27,shoes,dusk,sunset,shoes,dusk,shoes,dusk,sunset,shoes,dusk,31530.65487217903,2021-12-01T01:08:05.744000,1638289355.0891278
26,5,23,23,Random,-9999,7aa8a5d51b7ea379,2.61299991607666,0.07800006866455078,1638320888.5,5,above,sky,day,sky,above,above,sky,day,sky,above,31533.410872220993,2021-12-01T01:08:08.500000,1638289355.0891278
24,6,9,6,Random,-9999,7aa8a5d51b7ea379,1.6129999160766602,0.14600014686584473,1638320890.192,9,below,near,sunset,below,near,below,near,sunset,below,near,31535.102872133255,2021-12-01T01:08:10.192000,1638289355.0891278
16,4,10,10,Random,-9999,7aa8a5d51b7ea379,14.38699984550476,0.07800006866455078,1638320904.715,4,socks,angry,lemon,angry,socks,socks,angry,lemon,angry,socks,31549.625872135162,2021-12-01T01:08:24.715000,1638289355.0891278
24,10,2,10,Random,-9999,7aa8a5d51b7ea379,3.6710000038146973,0.1359999179840088,1638320908.527,2,angry,shirt,sunset,angry,shirt,angry,shirt,sunset,angry,shirt,31553.437872171402,2021-12-01T01:08:28.527000,1638289355.0891278
6,11,24,24,Random,-9999,7aa8a5d51b7ea379,6.302999973297119,0.15200018882751465,1638320914.978,11,disgust,sunset,below,sunset,disgust,disgust,sunset,below,sunset,disgust,31559.888872146606,2021-12-01T01:08:34.978000,1638289355.0891278
23,27,15,27,Random,-9999,7aa8a5d51b7ea379,1.4089999198913574,0.1380000114440918,1638320916.465,15,dusk,blueberry,sky,dusk,blueberry,dusk,blueberry,sky,dusk,blueberry,31561.375872135162,2021-12-01T01:08:36.465000,1638289355.0891278
23,28,4,28,Random,-9999,7aa8a5d51b7ea379,1.2990000247955322,0.07699990272521973,1638320917.84,4,night,socks,sky,night,socks,night,socks,sky,night,socks,31562.750872135162,2021-12-01T01:08:37.840000,1638289355.0891278
11,8,15,8,Random,-9999,7aa8a5d51b7ea379,1.564000129699707,0.07599997520446777,1638320919.48,15,far,blueberry,disgust,far,blueberry,far,blueberry,disgust,far,blueberry,31564.390872240067,2021-12-01T01:08:39.480000,1638289355.0891278
16,3,4,3,Random,-9999,7aa8a5d51b7ea379,3.513000011444092,0.07800006866455078,1638320923.133,4,shoes,socks,lemon,shoes,socks,shoes,socks,lemon,shoes,socks,31568.043872117996,2021-12-01T01:08:43.133000,1638289355.0891278
6,3,13,3,Random,-9999,7aa8a5d51b7ea379,1.684000015258789,0.14099979400634766,1638320924.898,13,shoes,happy,below,shoes,happy,shoes,happy,below,shoes,happy,31569.8088722229,2021-12-01T01:08:44.898000,1638289355.0891278
16,2,4,4,Random,-9999,7aa8a5d51b7ea379,1.7360000610351562,0.07899999618530273,1638320926.711,2,shirt,socks,lemon,socks,shirt,shirt,socks,lemon,socks,shirt,31571.62187218666,2021-12-01T01:08:46.711000,1638289355.0891278
10,27,1,27,Random,-9999,7aa8a5d51b7ea379,1.2950000762939453,0.07599997520446777,1638320928.082,1,dusk,pants,angry,dusk,pants,dusk,pants,angry,dusk,pants,31572.99287223816,2021-12-01T01:08:48.082000,1638289355.0891278
9,6,13,6,Random,-9999,7aa8a5d51b7ea379,1.8629999160766602,0.07699990272521973,1638320930.021,13,below,happy,near,below,happy,below,happy,near,below,happy,31574.93187212944,2021-12-01T01:08:50.021000,1638289355.0891278
3,10,17,10,Random,-9999,7aa8a5d51b7ea379,4.889999866485596,0.07800006866455078,1638320935.052,17,angry,mango,shoes,angry,mango,angry,mango,shoes,angry,mango,31579.96287226677,2021-12-01T01:08:55.052000,1638289355.0891278
0,12,14,14,Random,-9999,7aa8a5d51b7ea379,1.6429998874664307,0.14100003242492676,1638320936.773,12,fearful,sad,dress,sad,fearful,fearful,sad,dress,sad,fearful,31581.6838722229,2021-12-01T01:08:56.773000,1638289355.0891278
12,14,24,14,Random,-9999,7aa8a5d51b7ea379,2.0220000743865967,0.07899999618530273,1638320938.931,24,sad,sunset,fearful,sad,sunset,sad,sunset,fearful,sad,sunset,31583.84187221527,2021-12-01T01:08:58.931000,1638289355.0891278
5,21,23,23,Random,-9999,7aa8a5d51b7ea379,2.134999990463257,0.13499999046325684,1638320941.197,21,field,sky,above,sky,field,field,sky,above,sky,field,31586.107872247696,2021-12-01T01:09:01.197000,1638289355.0891278
9,2,12,2,Random,-9999,7aa8a5d51b7ea379,3.991999864578247,0.14300012588500977,1638320947.564,12,shirt,fearful,near,shirt,fearful,shirt,fearful,near,shirt,fearful,31592.474872112274,2021-12-01T01:09:07.564000,1638289355.0891278
4,10,6,6,Random,-9999,7aa8a5d51b7ea379,1.6740000247955322,0.1419999599456787,1638320949.307,10,angry,below,socks,below,angry,angry,below,socks,below,angry,31594.21787214279,2021-12-01T01:09:09.307000,1638289355.0891278
21,8,25,8,Random,-9999,7aa8a5d51b7ea379,2.0909998416900635,0.07500004768371582,1638320951.535,25,far,dawn,field,far,dawn,far,dawn,field,far,dawn,31596.445872306824,2021-12-01T01:09:11.535000,1638289355.0891278
19,23,2,23,Random,-9999,7aa8a5d51b7ea379,1.4779999256134033,0.13400006294250488,1638320953.09,2,sky,shirt,watermelon,sky,shirt,sky,shirt,watermelon,sky,shirt,31598.000872135162,2021-12-01T01:09:13.090000,1638289355.0891278
7,8,18,8,Random,-9999,7aa8a5d51b7ea379,3.6069998741149902,0.07700014114379883,1638320956.838,18,far,strawberry,beside,far,strawberry,far,strawberry,beside,far,strawberry,31601.74887228012,2021-12-01T01:09:16.838000,1638289355.0891278
28,13,8,8,Random,-9999,7aa8a5d51b7ea379,2.2890000343322754,0.1400001049041748,1638320959.263,13,happy,far,night,far,happy,happy,far,night,far,happy,31604.173872232437,2021-12-01T01:09:19.263000,1638289355.0891278
17,24,22,22,Random,-9999,7aa8a5d51b7ea379,2.684000015258789,0.13699984550476074,1638320962.086,24,sunset,ocean,mango,ocean,sunset,sunset,ocean,mango,ocean,sunset,31606.99687218666,2021-12-01T01:09:22.086000,1638289355.0891278
17,11,8,8,Random,-9999,7aa8a5d51b7ea379,3.694999933242798,0.14100003242492676,1638320965.921,11,disgust,far,mango,far,disgust,disgust,far,mango,far,disgust,31610.831872224808,2021-12-01T01:09:25.921000,1638289355.0891278
18,29,15,15,Random,-9999,7aa8a5d51b7ea379,3.809000015258789,0.14499998092651367,1638320969.876,29,noon,blueberry,strawberry,blueberry,noon,noon,blueberry,strawberry,blueberry,noon,31614.786872148514,2021-12-01T01:09:29.876000,1638289355.0891278
28,6,29,29,Random,-9999,7aa8a5d51b7ea379,1.86899995803833,0.14100003242492676,1638320971.825,6,below,noon,night,noon,below,below,noon,night,noon,below,31616.735872268677,2021-12-01T01:09:31.825000,1638289355.0891278
22,16,7,7,Random,-9999,7aa8a5d51b7ea379,1.7089998722076416,0.08100008964538574,1638320973.616,16,lemon,beside,ocean,beside,lemon,lemon,beside,ocean,beside,lemon,31618.52687215805,2021-12-01T01:09:33.616000,1638289355.0891278
10,2,14,2,Random,-9999,7aa8a5d51b7ea379,5.521000146865845,0.09200000762939453,1638320979.288,14,shirt,sad,angry,shirt,sad,shirt,sad,angry,shirt,sad,31624.198872327805,2021-12-01T01:09:39.288000,1638289355.0891278
29,5,19,5,Random,-9999,7aa8a5d51b7ea379,3.2939999103546143,0.1400001049041748,1638320982.955,19,above,watermelon,noon,above,watermelon,above,watermelon,noon,above,watermelon,31627.8658721447,2021-12-01T01:09:42.955000,1638289355.0891278
12,26,27,27,Random,-9999,7aa8a5d51b7ea379,2.5880000591278076,0.4850001335144043,1638320985.795,26,day,dusk,fearful,dusk,day,day,dusk,fearful,dusk,day,31630.705872297287,2021-12-01T01:09:45.795000,1638289355.0891278
21,23,10,23,Random,-9999,7aa8a5d51b7ea379,2.4680001735687256,0.1419999599456787,1638320988.403,10,sky,angry,field,sky,angry,sky,angry,field,sky,angry,31633.31387233734,2021-12-01T01:09:48.403000,1638289355.0891278
18,10,9,10,Random,-9999,7aa8a5d51b7ea379,2.740000009536743,0.14100003242492676,1638320991.287,9,angry,near,strawberry,angry,near,angry,near,strawberry,angry,near,31636.197872161865,2021-12-01T01:09:51.287000,1638289355.0891278
5,13,29,13,Random,-9999,7aa8a5d51b7ea379,2.4790000915527344,0.13699984550476074,1638320993.904,29,happy,noon,above,happy,noon,happy,noon,above,happy,noon,31638.814872264862,2021-12-01T01:09:53.904000,1638289355.0891278
13,7,19,19,Random,-9999,7aa8a5d51b7ea379,1.688999891281128,0.1419999599456787,1638320995.672,7,beside,watermelon,happy,watermelon,beside,beside,watermelon,happy,watermelon,beside,31640.58287215233,2021-12-01T01:09:55.672000,1638289355.0891278
3,27,2,2,Random,-9999,7aa8a5d51b7ea379,1.6699998378753662,0.08000016212463379,1638320997.423,27,dusk,shirt,shoes,shirt,dusk,dusk,shirt,shoes,shirt,dusk,31642.333872318268,2021-12-01T01:09:57.423000,1638289355.0891278
8,29,1,29,Random,-9999,7aa8a5d51b7ea379,2.5900001525878906,0.07899999618530273,1638321000.149,1,noon,pants,far,noon,pants,noon,pants,far,noon,pants,31645.05987215042,2021-12-01T01:10:00.149000,1638289355.0891278
21,9,20,20,Random,-9999,7aa8a5d51b7ea379,1.6380000114440918,0.1400001049041748,1638321001.867,9,near,beach,field,beach,near,near,beach,field,beach,near,31646.77787232399,2021-12-01T01:10:01.867000,1638289355.0891278
9,4,26,26,Random,-9999,7aa8a5d51b7ea379,2.2009999752044678,0.08100008964538574,1638321004.206,4,socks,day,near,day,socks,socks,day,near,day,socks,31649.11687231064,2021-12-01T01:10:04.206000,1638289355.0891278
14,25,11,11,Random,-9999,7aa8a5d51b7ea379,1.9020001888275146,0.13399982452392578,1638321006.185,25,dawn,disgust,sad,disgust,dawn,dawn,disgust,sad,disgust,dawn,31651.095872163773,2021-12-01T01:10:06.185000,1638289355.0891278
4,9,29,9,Random,-9999,7aa8a5d51b7ea379,3.6620001792907715,0.09200000762939453,1638321009.997,29,near,noon,socks,near,noon,near,noon,socks,near,noon,31654.907872200012,2021-12-01T01:10:09.997000,1638289355.0891278
27,14,18,14,Random,-9999,7aa8a5d51b7ea379,1.7869999408721924,0.1419999599456787,1638321011.868,18,sad,strawberry,dusk,sad,strawberry,sad,strawberry,dusk,sad,strawberry,31656.77887225151,2021-12-01T01:10:11.868000,1638289355.0891278
6,29,21,21,Random,-9999,7aa8a5d51b7ea379,2.501000165939331,0.07999992370605469,1638321014.512,29,noon,field,below,field,noon,noon,field,below,field,noon,31659.422872304916,2021-12-01T01:10:14.512000,1638289355.0891278
2,8,25,8,Random,-9999,7aa8a5d51b7ea379,1.8250000476837158,0.14299988746643066,1638321016.42,25,far,dawn,shirt,far,dawn,far,dawn,shirt,far,dawn,31661.330872297287,2021-12-01T01:10:16.420000,1638289355.0891278
4,12,14,14,Random,-9999,7aa8a5d51b7ea379,2.3999998569488525,0.0820000171661377,1638321018.964,12,fearful,sad,socks,sad,fearful,fearful,sad,socks,sad,fearful,31663.87487220764,2021-12-01T01:10:18.964000,1638289355.0891278
3,27,26,27,Random,-9999,7aa8a5d51b7ea379,1.686000108718872,0.14599990844726562,1638321020.73,26,dusk,day,shoes,dusk,day,dusk,day,shoes,dusk,day,31665.640872240067,2021-12-01T01:10:20.730000,1638289355.0891278
8,21,11,11,Random,-9999,7aa8a5d51b7ea379,1.7369999885559082,0.07999992370605469,1638321022.548,21,field,disgust,far,disgust,field,field,disgust,far,disgust,field,31667.458872318268,2021-12-01T01:10:22.548000,1638289355.0891278
8,29,28,28,Random,-9999,7aa8a5d51b7ea379,3.1700000762939453,0.08299994468688965,1638321025.858,29,noon,night,far,night,noon,noon,night,far,night,noon,31670.768872261047,2021-12-01T01:10:25.858000,1638289355.0891278
18,4,14,4,Random,-9999,7aa8a5d51b7ea379,2.2089998722076416,0.1380000114440918,1638321028.201,14,socks,sad,strawberry,socks,sad,socks,sad,strawberry,socks,sad,31673.111872196198,2021-12-01T01:10:28.201000,1638289355.0891278
29,22,14,14,Random,-9999,7aa8a5d51b7ea379,3.7059998512268066,0.14500021934509277,1638321032.057,22,ocean,sad,noon,sad,ocean,ocean,sad,noon,sad,ocean,31676.96787214279,2021-12-01T01:10:32.057000,1638289355.0891278
23,7,14,7,Random,-9999,7aa8a5d51b7ea379,3.8399999141693115,0.1419999599456787,1638321036.043,14,beside,sad,sky,beside,sad,beside,sad,sky,beside,sad,31680.953872203827,2021-12-01T01:10:36.043000,1638289355.0891278
17,5,18,18,Random,-9999,7aa8a5d51b7ea379,1.3580000400543213,0.1789999008178711,1638321039.609,5,above,strawberry,mango,strawberry,above,above,strawberry,mango,strawberry,above,31684.519872188568,2021-12-01T01:10:39.609000,1638289355.0891278
8,1,29,1,Random,-9999,7aa8a5d51b7ea379,1.5939998626708984,0.14100003242492676,1638321041.342,29,pants,noon,far,pants,noon,pants,noon,far,pants,noon,31686.252872228622,2021-12-01T01:10:41.342000,1638289355.0891278
0,3,17,3,Random,-9999,7aa8a5d51b7ea379,1.7189998626708984,0.08000016212463379,1638321043.143,17,shoes,mango,dress,shoes,mango,shoes,mango,dress,shoes,mango,31688.05387210846,2021-12-01T01:10:43.143000,1638289355.0891278
9,29,19,29,Random,-9999,7aa8a5d51b7ea379,1.7590000629425049,0.0820000171661377,1638321044.984,19,noon,watermelon,near,noon,watermelon,noon,watermelon,near,noon,watermelon,31689.894872188568,2021-12-01T01:10:44.984000,1638289355.0891278
26,8,21,21,Random,-9999,7aa8a5d51b7ea379,2.1039998531341553,0.08500003814697266,1638321047.227,8,far,field,day,field,far,far,field,day,field,far,31692.137872219086,2021-12-01T01:10:47.227000,1638289355.0891278
15,23,1,23,Random,-9999,7aa8a5d51b7ea379,4.049999952316284,0.13300013542175293,1638321051.416,1,sky,pants,blueberry,sky,pants,sky,pants,blueberry,sky,pants,31696.326872110367,2021-12-01T01:10:51.416000,1638289355.0891278
19,22,8,22,Random,-9999,7aa8a5d51b7ea379,4.098999977111816,0.13699984550476074,1638321055.653,8,ocean,far,watermelon,ocean,far,ocean,far,watermelon,ocean,far,31700.56387233734,2021-12-01T01:10:55.653000,1638289355.0891278
14,18,28,28,Random,-9999,7aa8a5d51b7ea379,3.003000020980835,0.13900017738342285,1638321058.798,18,strawberry,night,sad,night,strawberry,strawberry,night,sad,night,strawberry,31703.708872318268,2021-12-01T01:10:58.798000,1638289355.0891278
22,2,23,23,Random,-9999,7aa8a5d51b7ea379,2.3919999599456787,0.1530001163482666,1638321061.339,2,shirt,sky,ocean,sky,shirt,shirt,sky,ocean,sky,shirt,31706.24987220764,2021-12-01T01:11:01.339000,1638289355.0891278
26,6,1,1,Random,-9999,7aa8a5d51b7ea379,3.138000011444092,0.1400001049041748,1638321064.615,6,below,pants,day,pants,below,below,pants,day,pants,below,31709.52587223053,2021-12-01T01:11:04.615000,1638289355.0891278
8,14,22,22,Random,-9999,7aa8a5d51b7ea379,2.3519999980926514,0.1419999599456787,1638321067.112,14,sad,ocean,far,ocean,sad,sad,ocean,far,ocean,sad,31712.02287220955,2021-12-01T01:11:07.112000,1638289355.0891278
2,0,1,0,Random,-9999,7aa8a5d51b7ea379,1.5729999542236328,0.14599990844726562,1638321068.775,1,dress,pants,shirt,dress,pants,dress,pants,shirt,dress,pants,31713.68587231636,2021-12-01T01:11:08.775000,1638289355.0891278
12,29,24,29,Random,-9999,7aa8a5d51b7ea379,3.4179999828338623,0.0840001106262207,1638321072.337,24,noon,sunset,fearful,noon,sunset,noon,sunset,fearful,noon,sunset,31717.24787211418,2021-12-01T01:11:12.337000,1638289355.0891278
26,20,3,20,Random,-9999,7aa8a5d51b7ea379,1.875999927520752,0.14400005340576172,1638321074.294,3,beach,shoes,day,beach,shoes,beach,shoes,day,beach,shoes,31719.204872131348,2021-12-01T01:11:14.294000,1638289355.0891278
13,19,29,19,Random,-9999,7aa8a5d51b7ea379,2.116999864578247,0.0820000171661377,1638321076.54,29,watermelon,noon,happy,watermelon,noon,watermelon,noon,happy,watermelon,noon,31721.450872182846,2021-12-01T01:11:16.540000,1638289355.0891278
21,29,25,25,Random,-9999,7aa8a5d51b7ea379,1.7880001068115234,0.13199996948242188,1638321078.408,29,noon,dawn,field,dawn,noon,noon,dawn,field,dawn,noon,31723.318872213364,2021-12-01T01:11:18.408000,1638289355.0891278
8,7,26,7,Random,-9999,7aa8a5d51b7ea379,0.8600001335144043,0.08099985122680664,1638321079.346,26,beside,day,far,beside,day,beside,day,far,beside,day,31724.256872177124,2021-12-01T01:11:19.346000,1638289355.0891278
11,26,5,5,Random,-9999,7aa8a5d51b7ea379,0.8199999332427979,0.07899999618530273,1638321080.244,26,day,above,disgust,above,day,day,above,disgust,above,day,31725.15487217903,2021-12-01T01:11:20.244000,1638289355.0891278
11,14,21,14,Random,-9999,7aa8a5d51b7ea379,1.8670001029968262,0.07999992370605469,1638321082.192,21,sad,field,disgust,sad,field,sad,field,disgust,sad,field,31727.102872133255,2021-12-01T01:11:22.192000,1638289355.0891278
29,12,4,4,Random,-9999,7aa8a5d51b7ea379,1.8590002059936523,0.07899999618530273,1638321084.129,12,fearful,socks,noon,socks,fearful,fearful,socks,noon,socks,fearful,31729.039872169495,2021-12-01T01:11:24.129000,1638289355.0891278
11,12,23,12,Random,-9999,7aa8a5d51b7ea379,1.4620001316070557,0.12999987602233887,1638321085.721,23,fearful,sky,disgust,fearful,sky,fearful,sky,disgust,fearful,sky,31730.631872177124,2021-12-01T01:11:25.721000,1638289355.0891278
24,7,25,25,Random,-9999,7aa8a5d51b7ea379,1.5139999389648438,0.07999992370605469,1638321087.315,7,beside,dawn,sunset,dawn,beside,beside,dawn,sunset,dawn,beside,31732.225872278214,2021-12-01T01:11:27.315000,1638289355.0891278
14,26,23,26,Random,-9999,7aa8a5d51b7ea379,2.6629998683929443,0.07899999618530273,1638321090.117,23,day,sky,sad,day,sky,day,sky,sad,day,sky,31735.02787232399,2021-12-01T01:11:30.117000,1638289355.0891278
28,22,13,22,Random,-9999,7aa8a5d51b7ea379,2.425999879837036,0.14300012588500977,1638321092.696,13,ocean,happy,night,ocean,happy,ocean,happy,night,ocean,happy,31737.606872320175,2021-12-01T01:11:32.696000,1638289355.0891278
25,23,3,23,Random,-9999,7aa8a5d51b7ea379,2.4070000648498535,0.14700007438659668,1638321095.238,3,sky,shoes,dawn,sky,shoes,sky,shoes,dawn,sky,shoes,31740.14887213707,2021-12-01T01:11:35.238000,1638289355.0891278
5,6,28,6,Random,-9999,7aa8a5d51b7ea379,1.616999864578247,0.14300012588500977,1638321096.937,28,below,night,above,below,night,below,night,above,below,night,31741.847872257233,2021-12-01T01:11:36.937000,1638289355.0891278
10,8,0,8,Random,-9999,7aa8a5d51b7ea379,2.318000078201294,0.0839998722076416,1638321099.405,0,far,dress,angry,far,dress,far,dress,angry,far,dress,31744.315872192383,2021-12-01T01:11:39.405000,1638289355.0891278
8,10,2,10,Random,-9999,7aa8a5d51b7ea379,1.8929998874664307,0.1490001678466797,1638321103.552,2,angry,shirt,far,angry,shirt,angry,shirt,far,angry,shirt,31748.46287226677,2021-12-01T01:11:43.552000,1638289355.0891278
4,2,12,2,Random,-9999,7aa8a5d51b7ea379,2.003000020980835,0.13700008392333984,1638321105.769,12,shirt,fearful,socks,shirt,fearful,shirt,fearful,socks,shirt,fearful,31750.6798722744,2021-12-01T01:11:45.769000,1638289355.0891278
2,10,29,10,Random,-9999,7aa8a5d51b7ea379,2.4110000133514404,0.15899991989135742,1638321108.326,29,angry,noon,shirt,angry,noon,angry,noon,shirt,angry,noon,31753.236872196198,2021-12-01T01:11:48.326000,1638289355.0891278
14,13,25,13,Random,-9999,7aa8a5d51b7ea379,1.7220001220703125,0.14499998092651367,1638321110.129,25,happy,dawn,sad,happy,dawn,happy,dawn,sad,happy,dawn,31755.039872169495,2021-12-01T01:11:50.129000,1638289355.0891278
29,0,27,27,Random,-9999,7aa8a5d51b7ea379,6.080000162124634,0.07799983024597168,1638321116.348,0,dress,dusk,noon,dusk,dress,dress,dusk,noon,dusk,dress,31761.258872270584,2021-12-01T01:11:56.348000,1638289355.0891278
21,0,22,22,Random,-9999,7aa8a5d51b7ea379,2.631999969482422,0.21200013160705566,1638321121.27,0,dress,ocean,field,ocean,dress,dress,ocean,field,ocean,dress,31766.18087220192,2021-12-01T01:12:01.270000,1638289355.0891278
15,7,9,7,Random,-9999,7aa8a5d51b7ea379,2.513000011444092,0.14799976348876953,1638321126.096,9,beside,near,blueberry,beside,near,beside,near,blueberry,beside,near,31771.006872177124,2021-12-01T01:12:06.096000,1638289355.0891278
8,25,4,25,Random,-9999,7aa8a5d51b7ea379,1.5699999332427979,0.14600014686584473,1638321127.748,4,dawn,socks,far,dawn,socks,dawn,socks,far,dawn,socks,31772.658872127533,2021-12-01T01:12:07.748000,1638289355.0891278
10,20,8,8,Random,-9999,7aa8a5d51b7ea379,1.7020001411437988,0.08099985122680664,1638321129.527,20,beach,far,angry,far,beach,beach,far,angry,far,beach,31774.437872171402,2021-12-01T01:12:09.527000,1638289355.0891278
15,21,28,21,Random,-9999,7aa8a5d51b7ea379,1.8289999961853027,0.07599997520446777,1638321131.434,28,field,night,blueberry,field,night,field,night,blueberry,field,night,31776.344872236252,2021-12-01T01:12:11.434000,1638289355.0891278
0,28,23,23,Random,-9999,7aa8a5d51b7ea379,1.8420000076293945,0.07999992370605469,1638321133.357,28,night,sky,dress,sky,night,night,sky,dress,sky,night,31778.267872333527,2021-12-01T01:12:13.357000,1638289355.0891278
3,23,29,23,Random,-9999,7aa8a5d51b7ea379,2.7330000400543213,0.08099985122680664,1638321136.237,29,sky,noon,shoes,sky,noon,sky,noon,shoes,sky,noon,31781.14787220955,2021-12-01T01:12:16.237000,1638289355.0891278
27,17,18,18,Random,-9999,7aa8a5d51b7ea379,2.2909998893737793,0.14400005340576172,1638321138.665,17,mango,strawberry,dusk,strawberry,mango,mango,strawberry,dusk,strawberry,mango,31783.575872182846,2021-12-01T01:12:18.665000,1638289355.0891278
9,12,29,29,Random,-9999,7aa8a5d51b7ea379,2.3489999771118164,0.1360001564025879,1638321141.15,12,fearful,noon,near,noon,fearful,fearful,noon,near,noon,fearful,31786.06087231636,2021-12-01T01:12:21.150000,1638289355.0891278
20,15,2,2,Random,-9999,7aa8a5d51b7ea379,3.802000045776367,0.13900017738342285,1638321145.093,15,blueberry,shirt,beach,shirt,blueberry,blueberry,shirt,beach,shirt,blueberry,31790.003872156143,2021-12-01T01:12:25.093000,1638289355.0891278
10,0,16,16,Random,-9999,7aa8a5d51b7ea379,3.3269999027252197,0.14300012588500977,1638321148.566,0,dress,lemon,angry,lemon,dress,dress,lemon,angry,lemon,dress,31793.476872205734,2021-12-01T01:12:28.566000,1638289355.0891278
25,1,5,5,Random,-9999,7aa8a5d51b7ea379,1.8929998874664307,0.14100003242492676,1638321150.532,1,pants,above,dawn,above,pants,pants,above,dawn,above,pants,31795.442872285843,2021-12-01T01:12:30.532000,1638289355.0891278
12,11,3,11,Random,-9999,7aa8a5d51b7ea379,1.3640000820159912,0.07899999618530273,1638321151.976,3,disgust,shoes,fearful,disgust,shoes,disgust,shoes,fearful,disgust,shoes,31796.886872291565,2021-12-01T01:12:31.976000,1638289355.0891278
10,18,15,15,Random,-9999,7aa8a5d51b7ea379,2.564000129699707,0.0820000171661377,1638321154.681,18,strawberry,blueberry,angry,blueberry,strawberry,strawberry,blueberry,angry,blueberry,strawberry,31799.59187221527,2021-12-01T01:12:34.681000,1638289355.0891278
2,10,26,26,Random,-9999,7aa8a5d51b7ea379,1.5600001811981201,0.1379997730255127,1638321156.322,10,angry,day,shirt,day,angry,angry,day,shirt,day,angry,31801.232872247696,2021-12-01T01:12:36.322000,1638289355.0891278
5,22,26,26,Random,-9999,7aa8a5d51b7ea379,1.6349999904632568,0.08299994468688965,1638321158.037,22,ocean,day,above,day,ocean,ocean,day,above,day,ocean,31802.947872161865,2021-12-01T01:12:38.037000,1638289355.0891278
17,1,25,1,Random,-9999,7aa8a5d51b7ea379,2.623000144958496,0.07699990272521973,1638321160.806,25,pants,dawn,mango,pants,dawn,pants,dawn,mango,pants,dawn,31805.71687221527,2021-12-01T01:12:40.806000,1638289355.0891278
13,7,19,19,Random,-9999,7aa8a5d51b7ea379,1.7549998760223389,0.1419999599456787,1638321162.636,7,beside,watermelon,happy,watermelon,beside,beside,watermelon,happy,watermelon,beside,31807.546872138977,2021-12-01T01:12:42.636000,1638289355.0891278
22,0,17,0,Random,-9999,7aa8a5d51b7ea379,3.6570000648498535,0.07899999618530273,1638321166.439,17,dress,mango,ocean,dress,mango,dress,mango,ocean,dress,mango,31811.349872112274,2021-12-01T01:12:46.439000,1638289355.0891278
18,16,27,16,Random,-9999,7aa8a5d51b7ea379,1.3509998321533203,0.14300012588500977,1638321167.865,27,lemon,dusk,strawberry,lemon,dusk,lemon,dusk,strawberry,lemon,dusk,31812.77587223053,2021-12-01T01:12:47.865000,1638289355.0891278
22,20,28,20,Random,-9999,7aa8a5d51b7ea379,1.4720001220703125,0.08299994468688965,1638321169.421,28,beach,night,ocean,beach,night,beach,night,ocean,beach,night,31814.331872224808,2021-12-01T01:12:49.421000,1638289355.0891278
5,16,0,0,Random,-9999,7aa8a5d51b7ea379,1.8439998626708984,0.08500003814697266,1638321171.347,16,lemon,dress,above,dress,lemon,lemon,dress,above,dress,lemon,31816.257872104645,2021-12-01T01:12:51.347000,1638289355.0891278
27,29,2,29,Random,-9999,7aa8a5d51b7ea379,1.3469998836517334,0.0820000171661377,1638321172.777,2,noon,shirt,dusk,noon,shirt,noon,shirt,dusk,noon,shirt,31817.687872171402,2021-12-01T01:12:52.777000,1638289355.0891278
6,17,16,16,Random,-9999,7aa8a5d51b7ea379,3.634999990463257,0.08599996566772461,1638321176.56,17,mango,lemon,below,lemon,mango,mango,lemon,below,lemon,mango,31821.470872163773,2021-12-01T01:12:56.560000,1638289355.0891278
19,20,25,20,Random,-9999,7aa8a5d51b7ea379,1.878999948501587,0.14400005340576172,1638321178.519,25,beach,dawn,watermelon,beach,dawn,beach,dawn,watermelon,beach,dawn,31823.4298722744,2021-12-01T01:12:58.519000,1638289355.0891278
29,0,9,9,Random,-9999,7aa8a5d51b7ea379,2.872999906539917,0.0820000171661377,1638321181.535,0,dress,near,noon,near,dress,dress,near,noon,near,dress,31826.445872306824,2021-12-01T01:13:01.535000,1638289355.0891278
17,0,4,0,Random,-9999,7aa8a5d51b7ea379,1.8619999885559082,0.14100003242492676,1638321185.637,4,dress,socks,mango,dress,socks,dress,socks,mango,dress,socks,31830.547872304916,2021-12-01T01:13:05.637000,1638289355.0891278
24,10,8,8,Random,-9999,7aa8a5d51b7ea379,1.4619998931884766,0.14300012588500977,1638321187.245,10,angry,far,sunset,far,angry,angry,far,sunset,far,angry,31832.155872106552,2021-12-01T01:13:07.245000,1638289355.0891278
10,0,5,5,Random,-9999,7aa8a5d51b7ea379,2.251999855041504,0.08300018310546875,1638321189.633,0,dress,above,angry,above,dress,dress,above,angry,above,dress,31834.543872117996,2021-12-01T01:13:09.633000,1638289355.0891278
27,19,29,29,Random,-9999,7aa8a5d51b7ea379,1.9060001373291016,0.1359999179840088,1638321191.621,19,watermelon,noon,dusk,noon,watermelon,watermelon,noon,dusk,noon,watermelon,31836.53187227249,2021-12-01T01:13:11.621000,1638289355.0891278
12,4,24,4,Random,-9999,7aa8a5d51b7ea379,1.7220001220703125,0.07999992370605469,1638321193.422,24,socks,sunset,fearful,socks,sunset,socks,sunset,fearful,socks,sunset,31838.33287215233,2021-12-01T01:13:13.422000,1638289355.0891278
6,20,3,3,Random,-9999,7aa8a5d51b7ea379,3.1439998149871826,0.07899999618530273,1638321196.711,20,beach,shoes,below,shoes,beach,beach,shoes,below,shoes,beach,31841.62187218666,2021-12-01T01:13:16.711000,1638289355.0891278
23,27,18,27,Random,-9999,7aa8a5d51b7ea379,2.2699999809265137,0.14300012588500977,1638321199.114,18,dusk,strawberry,sky,dusk,strawberry,dusk,strawberry,sky,dusk,strawberry,31844.02487230301,2021-12-01T01:13:19.114000,1638289355.0891278
21,29,22,22,Random,-9999,7aa8a5d51b7ea379,1.7260000705718994,0.13699984550476074,1638321200.922,29,noon,ocean,field,ocean,noon,noon,ocean,field,ocean,noon,31845.83287215233,2021-12-01T01:13:20.922000,1638289355.0891278
5,13,20,13,Random,-9999,7aa8a5d51b7ea379,2.1579999923706055,0.08100008964538574,1638321203.222,20,happy,beach,above,happy,beach,happy,beach,above,happy,beach,31848.132872104645,2021-12-01T01:13:23.222000,1638289355.0891278
0,17,26,26,Random,-9999,7aa8a5d51b7ea379,2.302000045776367,0.13699984550476074,1638321205.662,17,mango,day,dress,day,mango,mango,day,dress,day,mango,31850.572872161865,2021-12-01T01:13:25.662000,1638289355.0891278
5,1,10,1,Random,-9999,7aa8a5d51b7ea379,1.569000005722046,0.14300012588500977,1638321207.311,10,pants,angry,above,pants,angry,pants,angry,above,pants,angry,31852.221872329712,2021-12-01T01:13:27.311000,1638289355.0891278
15,29,11,11,Random,-9999,7aa8a5d51b7ea379,3.072000026702881,0.07899999618530273,1638321210.523,29,noon,disgust,blueberry,disgust,noon,noon,disgust,blueberry,disgust,noon,31855.4338722229,2021-12-01T01:13:30.523000,1638289355.0891278
3,24,14,14,Random,-9999,7aa8a5d51b7ea379,3.242000102996826,0.14699983596801758,1638321213.915,24,sunset,sad,shoes,sad,sunset,sunset,sad,shoes,sad,sunset,31858.825872182846,2021-12-01T01:13:33.915000,1638289355.0891278
24,5,2,5,Random,-9999,7aa8a5d51b7ea379,1.75,0.13899993896484375,1638321215.748,2,above,shirt,sunset,above,shirt,above,shirt,sunset,above,shirt,31860.658872127533,2021-12-01T01:13:35.748000,1638289355.0891278
8,9,19,9,Random,-9999,7aa8a5d51b7ea379,1.5709998607635498,0.0840001106262207,1638321217.399,19,near,watermelon,far,near,watermelon,near,watermelon,far,near,watermelon,31862.30987215042,2021-12-01T01:13:37.399000,1638289355.0891278
26,3,15,3,Random,-9999,7aa8a5d51b7ea379,1.8420000076293945,0.08599996566772461,1638321219.327,15,shoes,blueberry,day,shoes,blueberry,shoes,blueberry,day,shoes,blueberry,31864.23787212372,2021-12-01T01:13:39.327000,1638289355.0891278
5,19,24,24,Random,-9999,7aa8a5d51b7ea379,2.1529998779296875,0.0840001106262207,1638321221.613,19,watermelon,sunset,above,sunset,watermelon,watermelon,sunset,above,sunset,watermelon,31866.52387213707,2021-12-01T01:13:41.613000,1638289355.0891278
11,7,22,7,Random,-9999,7aa8a5d51b7ea379,2.370000123977661,0.1359999179840088,1638321224.131,22,beside,ocean,disgust,beside,ocean,beside,ocean,disgust,beside,ocean,31869.041872262955,2021-12-01T01:13:44.131000,1638289355.0891278
17,22,23,23,Random,-9999,7aa8a5d51b7ea379,2.75,0.14299988746643066,1638321227.022,22,ocean,sky,mango,sky,ocean,ocean,sky,mango,sky,ocean,31871.93287229538,2021-12-01T01:13:47.022000,1638289355.0891278
0,16,2,2,Random,-9999,7aa8a5d51b7ea379,1.5460000038146973,0.1400001049041748,1638321228.642,16,lemon,shirt,dress,shirt,lemon,lemon,shirt,dress,shirt,lemon,31873.55287218094,2021-12-01T01:13:48.642000,1638289355.0891278
27,23,20,23,Random,-9999,7aa8a5d51b7ea379,2.388000011444092,0.07999992370605469,1638321231.173,20,sky,beach,dusk,sky,beach,sky,beach,dusk,sky,beach,31876.083872318268,2021-12-01T01:13:51.173000,1638289355.0891278
26,12,4,12,Random,-9999,7aa8a5d51b7ea379,2.177999973297119,0.1380000114440918,1638321233.489,4,fearful,socks,day,fearful,socks,fearful,socks,day,fearful,socks,31878.39987230301,2021-12-01T01:13:53.489000,1638289355.0891278
25,0,2,0,Random,-9999,7aa8a5d51b7ea379,2.2939999103546143,0.1380000114440918,1638321235.921,2,dress,shirt,dawn,dress,shirt,dress,shirt,dawn,dress,shirt,31880.831872224808,2021-12-01T01:13:55.921000,1638289355.0891278
20,22,13,22,Random,-9999,7aa8a5d51b7ea379,2.317000150680542,0.13899993896484375,1638321238.367,13,ocean,happy,beach,ocean,happy,ocean,happy,beach,ocean,happy,31883.27787232399,2021-12-01T01:13:58.367000,1638289355.0891278
24,21,4,21,Random,-9999,7aa8a5d51b7ea379,1.6059999465942383,0.1530001163482666,1638321242.199,4,field,socks,sunset,field,socks,field,socks,sunset,field,socks,31887.109872102737,2021-12-01T01:14:02.199000,1638289355.0891278
20,29,13,13,Random,-9999,7aa8a5d51b7ea379,1.8539998531341553,0.1400001049041748,1638321244.193,29,noon,happy,beach,happy,noon,noon,happy,beach,happy,noon,31889.103872299194,2021-12-01T01:14:04.193000,1638289355.0891278
12,2,27,27,Random,-9999,7aa8a5d51b7ea379,2.0839998722076416,0.0820000171661377,1638321246.415,2,shirt,dusk,fearful,dusk,shirt,shirt,dusk,fearful,dusk,shirt,31891.325872182846,2021-12-01T01:14:06.415000,1638289355.0891278
9,1,28,28,Random,-9999,7aa8a5d51b7ea379,2.071000099182129,0.1419999599456787,1638321248.621,1,pants,night,near,night,pants,pants,night,near,night,pants,31893.53187227249,2021-12-01T01:14:08.621000,1638289355.0891278
4,26,10,26,Random,-9999,7aa8a5d51b7ea379,1.7639999389648438,0.13199996948242188,1638321250.463,10,day,angry,socks,day,angry,day,angry,socks,day,angry,31895.37387228012,2021-12-01T01:14:10.463000,1638289355.0891278
28,21,29,29,Random,-9999,7aa8a5d51b7ea379,1.869999885559082,0.07700014114379883,1638321252.41,21,field,noon,night,noon,field,field,noon,night,noon,field,31897.320872306824,2021-12-01T01:14:12.410000,1638289355.0891278
4,15,2,2,Random,-9999,7aa8a5d51b7ea379,2.1030001640319824,0.07699990272521973,1638321254.644,15,blueberry,shirt,socks,shirt,blueberry,blueberry,shirt,socks,shirt,blueberry,31899.5548722744,2021-12-01T01:14:14.644000,1638289355.0891278
11,16,19,16,Random,-9999,7aa8a5d51b7ea379,1.738999843597412,0.13400006294250488,1638321256.464,19,lemon,watermelon,disgust,lemon,watermelon,lemon,watermelon,disgust,lemon,watermelon,31901.37487220764,2021-12-01T01:14:16.464000,1638289355.0891278
16,20,3,3,Random,-9999,7aa8a5d51b7ea379,1.7290000915527344,0.07999992370605469,1638321258.272,20,beach,shoes,lemon,shoes,beach,beach,shoes,lemon,shoes,beach,31903.18287229538,2021-12-01T01:14:18.272000,1638289355.0891278
26,19,15,15,Random,-9999,7aa8a5d51b7ea379,4.515000104904175,0.0820000171661377,1638321262.989,19,watermelon,blueberry,day,blueberry,watermelon,watermelon,blueberry,day,blueberry,watermelon,31907.89987230301,2021-12-01T01:14:22.989000,1638289355.0891278
15,10,2,2,Random,-9999,7aa8a5d51b7ea379,1.7999999523162842,0.20099997520446777,1638321264.869,10,angry,shirt,blueberry,shirt,angry,angry,shirt,blueberry,shirt,angry,31909.77987217903,2021-12-01T01:14:24.869000,1638289355.0891278
11,29,0,0,Random,-9999,7aa8a5d51b7ea379,4.796000003814697,0.08599996566772461,1638321269.809,29,noon,dress,disgust,dress,noon,noon,dress,disgust,dress,noon,31914.719872236252,2021-12-01T01:14:29.809000,1638289355.0891278
1,16,22,16,Random,-9999,7aa8a5d51b7ea379,2.4110000133514404,0.13499999046325684,1638321272.36,22,lemon,ocean,pants,lemon,ocean,lemon,ocean,pants,lemon,ocean,31917.27087211609,2021-12-01T01:14:32.360000,1638289355.0891278
0,20,12,20,Random,-9999,7aa8a5d51b7ea379,1.312000036239624,0.14699983596801758,1638321273.758,12,beach,fearful,dress,beach,fearful,beach,fearful,dress,beach,fearful,31918.668872117996,2021-12-01T01:14:33.758000,1638289355.0891278
17,0,22,22,Random,-9999,7aa8a5d51b7ea379,1.8350000381469727,0.07899999618530273,1638321275.671,0,dress,ocean,mango,ocean,dress,dress,ocean,mango,ocean,dress,31920.581872224808,2021-12-01T01:14:35.671000,1638289355.0891278
2,10,6,6,Random,-9999,7aa8a5d51b7ea379,1.7999999523162842,0.07899999618530273,1638321277.551,10,angry,below,shirt,below,angry,angry,below,shirt,below,angry,31922.46187233925,2021-12-01T01:14:37.551000,1638289355.0891278
14,4,0,4,Random,-9999,7aa8a5d51b7ea379,0.7400000095367432,0.07999992370605469,1638321278.4,0,socks,dress,sad,socks,dress,socks,dress,sad,socks,dress,31923.31087231636,2021-12-01T01:14:38.400000,1638289355.0891278
11,9,14,14,Random,-9999,7aa8a5d51b7ea379,2.177000045776367,0.11700010299682617,1638321280.722,9,near,sad,disgust,sad,near,near,sad,disgust,sad,near,31925.632872104645,2021-12-01T01:14:40.722000,1638289355.0891278
8,11,28,28,Random,-9999,7aa8a5d51b7ea379,1.8799998760223389,0.1380000114440918,1638321282.674,11,disgust,night,far,night,disgust,disgust,night,far,night,disgust,31927.58487224579,2021-12-01T01:14:42.674000,1638289355.0891278
0,22,19,22,Random,-9999,7aa8a5d51b7ea379,1.2969999313354492,0.11500000953674316,1638321284.099,19,ocean,watermelon,dress,ocean,watermelon,ocean,watermelon,dress,ocean,watermelon,31929.009872198105,2021-12-01T01:14:44.099000,1638289355.0891278
22,19,14,19,Random,-9999,7aa8a5d51b7ea379,1.5889999866485596,0.08800005912780762,1638321285.769,14,watermelon,sad,ocean,watermelon,sad,watermelon,sad,ocean,watermelon,sad,31930.6798722744,2021-12-01T01:14:45.769000,1638289355.0891278
23,10,8,8,Random,-9999,7aa8a5d51b7ea379,2.296999931335449,0.07899999618530273,1638321288.206,10,angry,far,sky,far,angry,angry,far,sky,far,angry,31933.11687231064,2021-12-01T01:14:48.206000,1638289355.0891278
4,17,21,17,Random,-9999,7aa8a5d51b7ea379,1.306999921798706,0.14499998092651367,1638321289.594,21,mango,field,socks,mango,field,mango,field,socks,mango,field,31934.504872322083,2021-12-01T01:14:49.594000,1638289355.0891278
9,24,15,24,Random,-9999,7aa8a5d51b7ea379,2.486999988555908,0.08299994468688965,1638321292.228,15,sunset,blueberry,near,sunset,blueberry,sunset,blueberry,near,sunset,blueberry,31937.138872146606,2021-12-01T01:14:52.228000,1638289355.0891278
19,15,9,15,Random,-9999,7aa8a5d51b7ea379,1.738999843597412,0.14300012588500977,1638321294.053,9,blueberry,near,watermelon,blueberry,near,blueberry,near,watermelon,blueberry,near,31938.96387219429,2021-12-01T01:14:54.053000,1638289355.0891278
12,10,16,10,Random,-9999,7aa8a5d51b7ea379,1.4609999656677246,0.08700013160705566,1638321295.596,16,angry,lemon,fearful,angry,lemon,angry,lemon,fearful,angry,lemon,31940.506872177124,2021-12-01T01:14:55.596000,1638289355.0891278
22,21,12,21,Random,-9999,7aa8a5d51b7ea379,2.1730000972747803,0.08099985122680664,1638321297.897,12,field,fearful,ocean,field,fearful,field,fearful,ocean,field,fearful,31942.80787229538,2021-12-01T01:14:57.897000,1638289355.0891278
10,26,14,14,Random,-9999,7aa8a5d51b7ea379,1.5379998683929443,0.1400001049041748,1638321301.704,26,day,sad,angry,sad,day,day,sad,angry,sad,day,31946.61487221718,2021-12-01T01:15:01.704000,1638289355.0891278
11,8,15,8,Random,-9999,7aa8a5d51b7ea379,1.309000015258789,0.14300012588500977,1638321303.154,15,far,blueberry,disgust,far,blueberry,far,blueberry,disgust,far,blueberry,31948.064872264862,2021-12-01T01:15:03.154000,1638289355.0891278
0,2,27,2,Random,-9999,7aa8a5d51b7ea379,1.4140000343322754,0.08700013160705566,1638321304.654,27,shirt,dusk,dress,shirt,dusk,shirt,dusk,dress,shirt,dusk,31949.564872264862,2021-12-01T01:15:04.654000,1638289355.0891278
15,27,18,18,Random,-9999,7aa8a5d51b7ea379,1.6560001373291016,0.07799983024597168,1638321306.389,27,dusk,strawberry,blueberry,strawberry,dusk,dusk,strawberry,blueberry,strawberry,dusk,31951.299872159958,2021-12-01T01:15:06.389000,1638289355.0891278
24,21,22,21,Random,-9999,7aa8a5d51b7ea379,1.5269999504089355,0.07899999618530273,1638321307.996,22,field,ocean,sunset,field,ocean,field,ocean,sunset,field,ocean,31952.90687227249,2021-12-01T01:15:07.996000,1638289355.0891278
8,4,2,4,Random,-9999,7aa8a5d51b7ea379,2.422999858856201,0.08299994468688965,1638321310.568,2,socks,shirt,far,socks,shirt,socks,shirt,far,socks,shirt,31955.478872299194,2021-12-01T01:15:10.568000,1638289355.0891278
6,25,24,25,Random,-9999,7aa8a5d51b7ea379,3.763000011444092,0.14599990844726562,1638321314.469,24,dawn,sunset,below,dawn,sunset,dawn,sunset,below,dawn,sunset,31959.379872322083,2021-12-01T01:15:14.469000,1638289355.0891278
16,3,23,23,Random,-9999,7aa8a5d51b7ea379,1.6569998264312744,0.1420001983642578,1638321316.206,3,shoes,sky,lemon,sky,shoes,shoes,sky,lemon,sky,shoes,31961.11687231064,2021-12-01T01:15:16.206000,1638289355.0891278
21,14,26,26,Random,-9999,7aa8a5d51b7ea379,1.758000135421753,0.0820000171661377,1638321318.047,14,sad,day,field,day,sad,sad,day,field,day,sad,31962.95787215233,2021-12-01T01:15:18.047000,1638289355.0891278
16,7,8,8,Random,-9999,7aa8a5d51b7ea379,2.0920000076293945,0.0820000171661377,1638321320.278,7,beside,far,lemon,far,beside,beside,far,lemon,far,beside,31965.18887233734,2021-12-01T01:15:20.278000,1638289355.0891278
27,29,22,29,Random,-9999,7aa8a5d51b7ea379,2.1669998168945312,0.1360001564025879,1638321322.576,22,noon,ocean,dusk,noon,ocean,noon,ocean,dusk,noon,ocean,31967.486872196198,2021-12-01T01:15:22.576000,1638289355.0891278
22,10,23,23,Random,-9999,7aa8a5d51b7ea379,1.7269999980926514,0.13700008392333984,1638321324.387,10,angry,sky,ocean,sky,angry,angry,sky,ocean,sky,angry,31969.297872304916,2021-12-01T01:15:24.387000,1638289355.0891278
10,8,15,8,Random,-9999,7aa8a5d51b7ea379,3.049999952316284,0.19300007820129395,1638321329.723,15,far,blueberry,angry,far,blueberry,far,blueberry,angry,far,blueberry,31974.633872270584,2021-12-01T01:15:29.723000,1638289355.0891278
1,18,7,7,Random,-9999,7aa8a5d51b7ea379,2.172999858856201,0.15400004386901855,1638321332.041,18,strawberry,beside,pants,beside,strawberry,strawberry,beside,pants,beside,strawberry,31976.951872110367,2021-12-01T01:15:32.041000,1638289355.0891278
14,19,25,25,Random,-9999,7aa8a5d51b7ea379,1.6779999732971191,0.13899993896484375,1638321338.081,19,watermelon,dawn,sad,dawn,watermelon,watermelon,dawn,sad,dawn,watermelon,31982.99187231064,2021-12-01T01:15:38.081000,1638289355.0891278
12,11,9,11,Random,-9999,06de4b89fe011190,6.711000204086304,0.2070000171661377,1638333427.407,9,disgust,near,fearful,disgust,near,disgust,near,fearful,disgust,near,44072.31787228584,2021-12-01T04:37:07.407000,1638289355.0891278
6,8,7,7,Random,-9999,06de4b89fe011190,2.811000108718872,0.13499999046325684,1638333430.355,8,far,beside,below,beside,far,far,beside,below,beside,far,44075.26587224007,2021-12-01T04:37:10.355000,1638289355.0891278
9,28,1,1,Random,-9999,06de4b89fe011190,7.822000026702881,0.1269998550415039,1638333438.305,28,night,pants,near,pants,night,night,pants,near,pants,night,44083.21587228775,2021-12-01T04:37:18.305000,1638289355.0891278
10,8,27,8,Random,-9999,06de4b89fe011190,2.193000078201294,0.12800002098083496,1638333440.626,27,far,dusk,angry,far,dusk,far,dusk,angry,far,dusk,44085.536872148514,2021-12-01T04:37:20.626000,1638289355.0891278
19,11,16,16,Random,-9999,06de4b89fe011190,3.812999963760376,0.13100004196166992,1638333444.566,11,disgust,lemon,watermelon,lemon,disgust,disgust,lemon,watermelon,lemon,disgust,44089.476872205734,2021-12-01T04:37:24.566000,1638289355.0891278
7,10,6,6,Random,-9999,06de4b89fe011190,3.7350001335144043,0.1269998550415039,1638333448.432,10,angry,below,beside,below,angry,angry,below,beside,below,angry,44093.34287214279,2021-12-01T04:37:28.432000,1638289355.0891278
23,21,10,21,Random,-9999,06de4b89fe011190,2.053999900817871,0.13400006294250488,1638333450.632,10,field,angry,sky,field,angry,field,angry,sky,field,angry,44095.542872190475,2021-12-01T04:37:30.632000,1638289355.0891278
8,5,7,7,Random,-9999,06de4b89fe011190,3.693000078201294,0.13899993896484375,1638333454.45,5,above,beside,far,beside,above,above,beside,far,beside,above,44099.36087226868,2021-12-01T04:37:34.450000,1638289355.0891278
10,26,9,9,Random,-9999,06de4b89fe011190,5.059999942779541,0.13100004196166992,1638333459.641,26,day,near,angry,near,day,day,near,angry,near,day,44104.55187225342,2021-12-01T04:37:39.641000,1638289355.0891278
29,21,3,21,Random,-9999,06de4b89fe011190,6.6539998054504395,0.13100004196166992,1638333466.424,3,field,shoes,noon,field,shoes,field,shoes,noon,field,shoes,44111.33487224579,2021-12-01T04:37:46.424000,1638289355.0891278
11,19,6,6,Random,-9999,06de4b89fe011190,2.174999952316284,0.13199996948242188,1638333468.731,19,watermelon,below,disgust,below,watermelon,watermelon,below,disgust,below,watermelon,44113.64187216759,2021-12-01T04:37:48.731000,1638289355.0891278
25,3,18,18,Random,-9999,06de4b89fe011190,2.7960000038146973,0.127000093460083,1638333471.662,3,shoes,strawberry,dawn,strawberry,shoes,shoes,strawberry,dawn,strawberry,shoes,44116.572872161865,2021-12-01T04:37:51.662000,1638289355.0891278
10,1,17,17,Random,-9999,06de4b89fe011190,2.878999948501587,0.1380000114440918,1638333474.676,1,pants,mango,angry,mango,pants,pants,mango,angry,mango,pants,44119.58687233925,2021-12-01T04:37:54.676000,1638289355.0891278
28,29,10,29,Random,-9999,06de4b89fe011190,1.6480000019073486,0.13299989700317383,1638333476.396,10,noon,angry,night,noon,angry,noon,angry,night,noon,angry,44121.30687212944,2021-12-01T04:37:56.396000,1638289355.0891278
28,5,8,5,Random,-9999,06de4b89fe011190,2.506999969482422,0.0710000991821289,1638333479.028,8,above,far,night,above,far,above,far,night,above,far,44123.93887233734,2021-12-01T04:37:59.028000,1638289355.0891278
5,29,8,8,Random,-9999,06de4b89fe011190,3.0429999828338623,0.12899994850158691,1638333482.212,29,noon,far,above,far,noon,noon,far,above,far,noon,44127.12287211418,2021-12-01T04:38:02.212000,1638289355.0891278
10,1,8,8,Random,-9999,06de4b89fe011190,2.6410000324249268,0.14499998092651367,1638333484.99,1,pants,far,angry,far,pants,pants,far,angry,far,pants,44129.90087223053,2021-12-01T04:38:04.990000,1638289355.0891278
18,5,16,16,Random,-9999,06de4b89fe011190,3.807999849319458,0.13000011444091797,1638333488.925,5,above,lemon,strawberry,lemon,above,above,lemon,strawberry,lemon,above,44133.83587217331,2021-12-01T04:38:08.925000,1638289355.0891278
27,24,4,24,Random,-9999,06de4b89fe011190,2.5379998683929443,0.12900018692016602,1638333491.593,4,sunset,socks,dusk,sunset,socks,sunset,socks,dusk,sunset,socks,44136.50387215614,2021-12-01T04:38:11.593000,1638289355.0891278
18,23,12,23,Random,-9999,06de4b89fe011190,3.4579999446868896,0.12800002098083496,1638333495.176,12,sky,fearful,strawberry,sky,fearful,sky,fearful,strawberry,sky,fearful,44140.08687233925,2021-12-01T04:38:15.176000,1638289355.0891278
22,1,27,27,Random,-9999,06de4b89fe011190,2.2049999237060547,0.13100004196166992,1638333497.511,1,pants,dusk,ocean,dusk,pants,pants,dusk,ocean,dusk,pants,44142.42187213898,2021-12-01T04:38:17.511000,1638289355.0891278
20,7,10,7,Random,-9999,06de4b89fe011190,2.3550000190734863,0.12800002098083496,1638333499.999,10,beside,angry,beach,beside,angry,beside,angry,beach,beside,angry,44144.90987229347,2021-12-01T04:38:19.999000,1638289355.0891278
22,27,0,27,Random,-9999,06de4b89fe011190,3.302999973297119,0.13100004196166992,1638333503.436,0,dusk,dress,ocean,dusk,dress,dusk,dress,ocean,dusk,dress,44148.34687232971,2021-12-01T04:38:23.436000,1638289355.0891278
11,10,18,10,Random,-9999,06de4b89fe011190,2.3540000915527344,0.13400006294250488,1638333505.925,18,angry,strawberry,disgust,angry,strawberry,angry,strawberry,disgust,angry,strawberry,44150.83587217331,2021-12-01T04:38:25.925000,1638289355.0891278
13,15,20,20,Random,-9999,06de4b89fe011190,8.65999984741211,0.1360001564025879,1638333514.71,15,blueberry,beach,happy,beach,blueberry,blueberry,beach,happy,beach,blueberry,44159.62087225914,2021-12-01T04:38:34.710000,1638289355.0891278
25,19,24,24,Random,-9999,06de4b89fe011190,2.5909998416900635,0.1230001449584961,1638333517.426,19,watermelon,sunset,dawn,sunset,watermelon,watermelon,sunset,dawn,sunset,watermelon,44162.33687233925,2021-12-01T04:38:37.426000,1638289355.0891278
24,6,8,6,Random,-9999,06de4b89fe011190,2.4210000038146973,0.12599992752075195,1638333519.971,8,below,far,sunset,below,far,below,far,sunset,below,far,44164.881872177124,2021-12-01T04:38:39.971000,1638289355.0891278
9,29,12,29,Random,-9999,06de4b89fe011190,2.6019999980926514,0.12800002098083496,1638333522.702,12,noon,fearful,near,noon,fearful,noon,fearful,near,noon,fearful,44167.61287212372,2021-12-01T04:38:42.702000,1638289355.0891278
22,8,27,8,Random,-9999,06de4b89fe011190,2.25600004196167,0.12800002098083496,1638333525.085,27,far,dusk,ocean,far,dusk,far,dusk,ocean,far,dusk,44169.99587225914,2021-12-01T04:38:45.085000,1638289355.0891278
20,4,23,23,Random,-9999,06de4b89fe011190,2.125,0.12899994850158691,1638333527.337,4,socks,sky,beach,sky,socks,socks,sky,beach,sky,socks,44172.24787211418,2021-12-01T04:38:47.337000,1638289355.0891278
22,28,23,23,Random,-9999,06de4b89fe011190,3.180999994277954,0.125,1638333530.645,28,night,sky,ocean,sky,night,night,sky,ocean,sky,night,44175.55587220192,2021-12-01T04:38:50.645000,1638289355.0891278
8,19,26,26,Random,-9999,06de4b89fe011190,2.9769999980926514,0.125,1638333533.749,19,watermelon,day,far,day,watermelon,watermelon,day,far,day,watermelon,44178.65987229347,2021-12-01T04:38:53.749000,1638289355.0891278
5,26,9,26,Random,-9999,06de4b89fe011190,4.319999933242798,0.127000093460083,1638333538.195,9,day,near,above,day,near,day,near,above,day,near,44183.105872154236,2021-12-01T04:38:58.195000,1638289355.0891278
6,26,17,26,Random,-9999,06de4b89fe011190,2.1410000324249268,0.12999987602233887,1638333540.464,17,day,mango,below,day,mango,day,mango,below,day,mango,44185.37487220764,2021-12-01T04:39:00.464000,1638289355.0891278
1,9,25,9,Random,-9999,06de4b89fe011190,2.194999933242798,0.127000093460083,1638333542.786,25,near,dawn,pants,near,dawn,near,dawn,pants,near,dawn,44187.696872234344,2021-12-01T04:39:02.786000,1638289355.0891278
20,0,21,21,Random,-9999,06de4b89fe011190,3.5910000801086426,0.1359999179840088,1638333546.512,0,dress,field,beach,field,dress,dress,field,beach,field,dress,44191.42287230492,2021-12-01T04:39:06.512000,1638289355.0891278
8,1,28,28,Random,-9999,06de4b89fe011190,39.08699989318848,0.12800002098083496,1638333585.727,1,pants,night,far,night,pants,pants,night,far,night,pants,44230.637872219086,2021-12-01T04:39:45.727000,1638289355.0891278
3,8,12,8,Random,-9999,06de4b89fe011190,2.1700000762939453,0.12800002098083496,1638333588.024,12,far,fearful,shoes,far,fearful,far,fearful,shoes,far,fearful,44232.93487215042,2021-12-01T04:39:48.024000,1638289355.0891278
28,29,5,29,Random,-9999,06de4b89fe011190,1.8259999752044678,0.12599992752075195,1638333589.925,5,noon,above,night,noon,above,noon,above,night,noon,above,44234.83587217331,2021-12-01T04:39:49.925000,1638289355.0891278
2,16,6,6,Random,-9999,06de4b89fe011190,3.871999979019165,0.12599992752075195,1638333593.976,16,lemon,below,shirt,below,lemon,lemon,below,shirt,below,lemon,44238.886872291565,2021-12-01T04:39:53.976000,1638289355.0891278
13,0,24,0,Random,-9999,06de4b89fe011190,1.7950000762939453,0.127000093460083,1638333595.843,24,dress,sunset,happy,dress,sunset,dress,sunset,happy,dress,sunset,44240.75387215614,2021-12-01T04:39:55.843000,1638289355.0891278
27,1,4,4,Random,-9999,06de4b89fe011190,2.879000186920166,0.0709998607635498,1638333598.847,1,pants,socks,dusk,socks,pants,pants,socks,dusk,socks,pants,44243.757872104645,2021-12-01T04:39:58.847000,1638289355.0891278
27,5,28,28,Random,-9999,06de4b89fe011190,4.682000160217285,0.1269998550415039,1638333603.657,5,above,night,dusk,night,above,above,night,dusk,night,above,44248.56787228584,2021-12-01T04:40:03.657000,1638289355.0891278
26,25,29,25,Random,-9999,06de4b89fe011190,1.4470000267028809,0.12899994850158691,1638333605.177,29,dawn,noon,day,dawn,noon,dawn,noon,day,dawn,noon,44250.08787226677,2021-12-01T04:40:05.177000,1638289355.0891278
1,14,3,3,Random,-9999,06de4b89fe011190,4.866999864578247,0.07000017166137695,1638333610.167,14,sad,shoes,pants,shoes,sad,sad,shoes,pants,shoes,sad,44255.077872276306,2021-12-01T04:40:10.167000,1638289355.0891278
21,2,8,8,Random,-9999,06de4b89fe011190,1.8299999237060547,0.12400007247924805,1638333612.066,2,shirt,far,field,far,shirt,shirt,far,field,far,shirt,44256.976872205734,2021-12-01T04:40:12.066000,1638289355.0891278
24,9,19,9,Random,-9999,06de4b89fe011190,1.940000057220459,0.06800007820129395,1638333614.187,19,near,watermelon,sunset,near,watermelon,near,watermelon,sunset,near,watermelon,44259.09787225723,2021-12-01T04:40:14.187000,1638289355.0891278
16,19,11,11,Random,-9999,06de4b89fe011190,2.256999969482422,0.1809999942779541,1638333616.613,19,watermelon,disgust,lemon,disgust,watermelon,watermelon,disgust,lemon,disgust,watermelon,44261.52387213707,2021-12-01T04:40:16.613000,1638289355.0891278
19,7,22,7,Random,-9999,06de4b89fe011190,2.0190000534057617,0.19099998474121094,1638333618.779,22,beside,ocean,watermelon,beside,ocean,beside,ocean,watermelon,beside,ocean,44263.68987226486,2021-12-01T04:40:18.779000,1638289355.0891278
1,15,21,21,Random,-9999,06de4b89fe011190,1.806999921798706,0.12899994850158691,1638333620.664,15,blueberry,field,pants,field,blueberry,blueberry,field,pants,field,blueberry,44265.574872255325,2021-12-01T04:40:20.664000,1638289355.0891278
29,21,26,26,Random,-9999,06de4b89fe011190,1.6079998016357422,0.09000015258789062,1638333622.36,21,field,day,noon,day,field,field,day,noon,day,field,44267.27087211609,2021-12-01T04:40:22.360000,1638289355.0891278
12,21,14,14,Random,-9999,06de4b89fe011190,1.9019999504089355,0.13100004196166992,1638333624.484,21,field,sad,fearful,sad,field,field,sad,fearful,sad,field,44269.39487218857,2021-12-01T04:40:24.484000,1638289355.0891278
7,5,29,5,Random,-9999,06de4b89fe011190,3.3430001735687256,0.1789999008178711,1638333627.971,29,above,noon,beside,above,noon,above,noon,beside,above,noon,44272.881872177124,2021-12-01T04:40:27.971000,1638289355.0891278
3,24,15,24,Random,-9999,06de4b89fe011190,4.016000032424927,0.25,1638333632.273,15,sunset,blueberry,shoes,sunset,blueberry,sunset,blueberry,shoes,sunset,blueberry,44277.1838722229,2021-12-01T04:40:32.273000,1638289355.0891278
20,7,0,7,Random,-9999,06de4b89fe011190,2.376000165939331,0.18999981880187988,1638333634.801,0,beside,dress,beach,beside,dress,beside,dress,beach,beside,dress,44279.71187233925,2021-12-01T04:40:34.801000,1638289355.0891278
16,12,21,12,Random,-9999,06de4b89fe011190,2.8379998207092285,0.12800002098083496,1638333637.766,21,fearful,field,lemon,fearful,field,fearful,field,lemon,fearful,field,44282.67687225342,2021-12-01T04:40:37.766000,1638289355.0891278
12,0,24,24,Random,-9999,06de4b89fe011190,1.8880000114440918,0.12900018692016602,1638333639.725,0,dress,sunset,fearful,sunset,dress,dress,sunset,fearful,sunset,dress,44284.635872125626,2021-12-01T04:40:39.725000,1638289355.0891278
14,6,22,22,Random,-9999,06de4b89fe011190,2.2750000953674316,0.07200002670288086,1638333642.127,6,below,ocean,sad,ocean,below,below,ocean,sad,ocean,below,44287.03787231445,2021-12-01T04:40:42.127000,1638289355.0891278
23,0,14,14,Random,-9999,06de4b89fe011190,1.7850000858306885,0.12899994850158691,1638333643.986,0,dress,sad,sky,sad,dress,dress,sad,sky,sad,dress,44288.89687228203,2021-12-01T04:40:43.986000,1638289355.0891278
27,26,21,26,Random,-9999,06de4b89fe011190,1.808000087738037,0.07199978828430176,1638333645.865,21,day,field,dusk,day,field,day,field,dusk,day,field,44290.77587223053,2021-12-01T04:40:45.865000,1638289355.0891278
28,12,3,12,Random,-9999,06de4b89fe011190,1.9490001201629639,0.10899996757507324,1638333647.989,3,fearful,shoes,night,fearful,shoes,fearful,shoes,night,fearful,shoes,44292.89987230301,2021-12-01T04:40:47.989000,1638289355.0891278
24,11,13,13,Random,-9999,06de4b89fe011190,3.372000217437744,0.13499999046325684,1638333651.517,11,disgust,happy,sunset,happy,disgust,disgust,happy,sunset,happy,disgust,44296.42787218094,2021-12-01T04:40:51.517000,1638289355.0891278
15,8,28,8,Random,-9999,06de4b89fe011190,1.187999963760376,0.18199992179870605,1638333652.807,28,far,night,blueberry,far,night,far,night,blueberry,far,night,44297.71787214279,2021-12-01T04:40:52.807000,1638289355.0891278
11,21,4,21,Random,-9999,06de4b89fe011190,3.184000015258789,0.09599995613098145,1638333656.137,4,field,socks,disgust,field,socks,field,socks,disgust,field,socks,44301.04787230492,2021-12-01T04:40:56.137000,1638289355.0891278
3,11,10,11,Random,-9999,06de4b89fe011190,2.259999990463257,0.12599992752075195,1638333658.526,10,disgust,angry,shoes,disgust,angry,disgust,angry,shoes,disgust,angry,44303.43687224388,2021-12-01T04:40:58.526000,1638289355.0891278
23,28,7,28,Random,-9999,06de4b89fe011190,1.8580000400543213,0.1360001564025879,1638333660.461,7,night,beside,sky,night,beside,night,beside,sky,night,beside,44305.37187218666,2021-12-01T04:41:00.461000,1638289355.0891278
0,7,5,5,Random,-9999,06de4b89fe011190,2.065000057220459,0.07299995422363281,1638333662.661,7,beside,above,dress,above,beside,beside,above,dress,above,beside,44307.571872234344,2021-12-01T04:41:02.661000,1638289355.0891278
14,8,27,27,Random,-9999,06de4b89fe011190,2.809999942779541,0.12800002098083496,1638333665.59,8,far,dusk,sad,dusk,far,far,dusk,sad,dusk,far,44310.50087213516,2021-12-01T04:41:05.590000,1638289355.0891278
15,9,7,9,Random,-9999,06de4b89fe011190,2.7299997806549072,0.13100004196166992,1638333668.453,7,near,beside,blueberry,near,beside,near,beside,blueberry,near,beside,44313.36387228966,2021-12-01T04:41:08.453000,1638289355.0891278
28,19,26,26,Random,-9999,06de4b89fe011190,2.0340001583099365,0.12899994850158691,1638333670.622,19,watermelon,day,night,day,watermelon,watermelon,day,night,day,watermelon,44315.53287220001,2021-12-01T04:41:10.622000,1638289355.0891278
0,12,7,7,Random,-9999,06de4b89fe011190,1.937999963760376,0.13400006294250488,1638333672.744,12,fearful,beside,dress,beside,fearful,fearful,beside,dress,beside,fearful,44317.65487217903,2021-12-01T04:41:12.744000,1638289355.0891278
17,23,13,13,Random,-9999,06de4b89fe011190,2.181999921798706,0.1830000877380371,1638333675.05,23,sky,happy,mango,happy,sky,sky,happy,mango,happy,sky,44319.96087217331,2021-12-01T04:41:15.050000,1638289355.0891278
10,15,9,9,Random,-9999,06de4b89fe011190,2.433000087738037,0.13100004196166992,1638333677.613,15,blueberry,near,angry,near,blueberry,blueberry,near,angry,near,blueberry,44322.52387213707,2021-12-01T04:41:17.613000,1638289355.0891278
4,3,9,3,Random,-9999,06de4b89fe011190,3.0160000324249268,0.12800002098083496,1638333680.757,9,shoes,near,socks,shoes,near,shoes,near,socks,shoes,near,44325.667872190475,2021-12-01T04:41:20.757000,1638289355.0891278
10,28,0,0,Random,-9999,06de4b89fe011190,4.128999948501587,0.12899994850158691,1638333685.017,28,night,dress,angry,dress,night,night,dress,angry,dress,night,44329.92787218094,2021-12-01T04:41:25.017000,1638289355.0891278
2,3,15,3,Random,-9999,06de4b89fe011190,2.317000150680542,0.13899993896484375,1638333687.471,15,shoes,blueberry,shirt,shoes,blueberry,shoes,blueberry,shirt,shoes,blueberry,44332.381872177124,2021-12-01T04:41:27.471000,1638289355.0891278
0,6,23,6,Random,-9999,06de4b89fe011190,1.8020000457763672,0.12599992752075195,1638333689.346,23,below,sky,dress,below,sky,below,sky,dress,below,sky,44334.256872177124,2021-12-01T04:41:29.346000,1638289355.0891278
29,21,13,13,Random,-9999,06de4b89fe011190,3.3470001220703125,0.0709998607635498,1638333692.82,21,field,happy,noon,happy,field,field,happy,noon,happy,field,44337.730872154236,2021-12-01T04:41:32.820000,1638289355.0891278
11,8,4,8,Random,-9999,06de4b89fe011190,2.5999999046325684,0.12800002098083496,1638333695.549,4,far,socks,disgust,far,socks,far,socks,disgust,far,socks,44340.45987224579,2021-12-01T04:41:35.549000,1638289355.0891278
20,9,29,29,Random,-9999,06de4b89fe011190,2.1579999923706055,0.13000011444091797,1638333697.838,9,near,noon,beach,noon,near,near,noon,beach,noon,near,44342.74887228012,2021-12-01T04:41:37.838000,1638289355.0891278
18,2,28,2,Random,-9999,06de4b89fe011190,2.3429999351501465,0.12899994850158691,1638333700.306,28,shirt,night,strawberry,shirt,night,shirt,night,strawberry,shirt,night,44345.21687221527,2021-12-01T04:41:40.306000,1638289355.0891278
12,15,1,15,Random,-9999,06de4b89fe011190,2.375999927520752,0.12800002098083496,1638333702.812,1,blueberry,pants,fearful,blueberry,pants,blueberry,pants,fearful,blueberry,pants,44347.72287225723,2021-12-01T04:41:42.812000,1638289355.0891278
21,17,22,22,Random,-9999,06de4b89fe011190,2.4659998416900635,0.12900018692016602,1638333705.464,17,mango,ocean,field,ocean,mango,mango,ocean,field,ocean,mango,44350.37487220764,2021-12-01T04:41:45.464000,1638289355.0891278
15,24,7,24,Random,-9999,06de4b89fe011190,2.746000051498413,0.18700003623962402,1638333708.338,7,sunset,beside,blueberry,sunset,beside,sunset,beside,blueberry,sunset,beside,44353.24887228012,2021-12-01T04:41:48.338000,1638289355.0891278
14,17,21,21,Random,-9999,06de4b89fe011190,1.9909999370574951,0.12899994850158691,1638333710.465,17,mango,field,sad,field,mango,mango,field,sad,field,mango,44355.37587213516,2021-12-01T04:41:50.465000,1638289355.0891278
13,10,9,10,Random,-9999,06de4b89fe011190,1.7690000534057617,0.13199996948242188,1638333712.311,9,angry,near,happy,angry,near,angry,near,happy,angry,near,44357.22187232971,2021-12-01T04:41:52.311000,1638289355.0891278
6,4,14,14,Random,-9999,06de4b89fe011190,2.192000150680542,0.0820000171661377,1638333714.633,4,socks,sad,below,sad,socks,socks,sad,below,sad,socks,44359.543872117996,2021-12-01T04:41:54.633000,1638289355.0891278
29,4,9,9,Random,-9999,06de4b89fe011190,4.174999952316284,0.12899994850158691,1638333718.938,4,socks,near,noon,near,socks,socks,near,noon,near,socks,44363.84887218475,2021-12-01T04:41:58.938000,1638289355.0891278
3,13,2,2,Random,-9999,06de4b89fe011190,2.442999839782715,0.13100004196166992,1638333721.511,13,happy,shirt,shoes,shirt,happy,happy,shirt,shoes,shirt,happy,44366.42187213898,2021-12-01T04:42:01.511000,1638289355.0891278
1,0,4,0,Random,-9999,06de4b89fe011190,3.6510000228881836,0.12900018692016602,1638333725.291,4,dress,socks,pants,dress,socks,dress,socks,pants,dress,socks,44370.20187211037,2021-12-01T04:42:05.291000,1638289355.0891278
19,20,29,29,Random,-9999,06de4b89fe011190,2.5250000953674316,0.13099980354309082,1638333727.95,20,beach,noon,watermelon,noon,beach,beach,noon,watermelon,noon,beach,44372.86087226868,2021-12-01T04:42:07.950000,1638289355.0891278
4,15,19,19,Random,-9999,06de4b89fe011190,6.465000152587891,0.12899994850158691,1638333734.545,15,blueberry,watermelon,socks,watermelon,blueberry,blueberry,watermelon,socks,watermelon,blueberry,44379.45587229729,2021-12-01T04:42:14.545000,1638289355.0891278
25,16,7,16,Random,-9999,06de4b89fe011190,2.5450000762939453,0.12999987602233887,1638333737.214,7,lemon,beside,dawn,lemon,beside,lemon,beside,dawn,lemon,beside,44382.12487220764,2021-12-01T04:42:17.214000,1638289355.0891278
8,0,2,0,Random,-9999,06de4b89fe011190,3.187999963760376,0.12600016593933105,1638333740.537,2,dress,shirt,far,dress,shirt,dress,shirt,far,dress,shirt,44385.447872161865,2021-12-01T04:42:20.537000,1638289355.0891278
6,5,7,5,Random,-9999,06de4b89fe011190,4.0299999713897705,0.13400006294250488,1638333744.696,7,above,beside,below,above,beside,above,beside,below,above,beside,44389.606872320175,2021-12-01T04:42:24.696000,1638289355.0891278
17,0,2,2,Random,-9999,06de4b89fe011190,2.177999973297119,0.13100004196166992,1638333747.001,0,dress,shirt,mango,shirt,dress,dress,shirt,mango,shirt,dress,44391.911872148514,2021-12-01T04:42:27.001000,1638289355.0891278
29,27,7,27,Random,-9999,06de4b89fe011190,5.138999938964844,0.13000011444091797,1638333752.341,7,dusk,beside,noon,dusk,beside,dusk,beside,noon,dusk,beside,44397.2518723011,2021-12-01T04:42:32.341000,1638289355.0891278
10,12,0,12,Random,-9999,06de4b89fe011190,2.007000207901001,0.1959998607635498,1638333754.516,0,fearful,dress,angry,fearful,dress,fearful,dress,angry,fearful,dress,44399.42687225342,2021-12-01T04:42:34.516000,1638289355.0891278
21,5,1,5,Random,-9999,06de4b89fe011190,1.7200000286102295,0.1699998378753662,1638333756.306,1,above,pants,field,above,pants,above,pants,field,above,pants,44401.21687221527,2021-12-01T04:42:36.306000,1638289355.0891278
24,10,15,10,Random,-9999,06de4b89fe011190,2.2980000972747803,0.07299995422363281,1638333758.991,15,angry,blueberry,sunset,angry,blueberry,angry,blueberry,sunset,angry,blueberry,44403.90187215805,2021-12-01T04:42:38.991000,1638289355.0891278
17,21,28,21,Random,-9999,06de4b89fe011190,2.3990001678466797,0.37999987602233887,1638333761.513,28,field,night,mango,field,night,field,night,mango,field,night,44406.42387223244,2021-12-01T04:42:41.513000,1638289355.0891278
1,0,29,0,Random,-9999,06de4b89fe011190,1.8460001945495605,0.17999982833862305,1638333763.686,29,dress,noon,pants,dress,noon,dress,noon,pants,dress,noon,44408.59687232971,2021-12-01T04:42:43.686000,1638289355.0891278
8,18,0,0,Random,-9999,06de4b89fe011190,1.9809999465942383,0.22499990463256836,1638333765.804,18,strawberry,dress,far,dress,strawberry,strawberry,dress,far,dress,strawberry,44410.71487212181,2021-12-01T04:42:45.804000,1638289355.0891278
2,22,26,26,Random,-9999,06de4b89fe011190,3.497999906539917,0.14400005340576172,1638333769.386,22,ocean,day,shirt,day,ocean,ocean,day,shirt,day,ocean,44414.29687213898,2021-12-01T04:42:49.386000,1638289355.0891278
6,11,24,24,Random,-9999,06de4b89fe011190,3.305000066757202,0.12800002098083496,1638333773.045,11,disgust,sunset,below,sunset,disgust,disgust,sunset,below,sunset,disgust,44417.95587229729,2021-12-01T04:42:53.045000,1638289355.0891278
28,0,29,29,Random,-9999,06de4b89fe011190,11.101999998092651,0.35500001907348633,1638333784.22,0,dress,noon,night,noon,dress,dress,noon,night,noon,dress,44429.1308722496,2021-12-01T04:43:04.220000,1638289355.0891278
7,8,2,8,Random,-9999,06de4b89fe011190,1.75,0.13899993896484375,1638333786.196,2,far,shirt,beside,far,shirt,far,shirt,beside,far,shirt,44431.106872320175,2021-12-01T04:43:06.196000,1638289355.0891278
7,0,28,28,Random,-9999,06de4b89fe011190,2.11899995803833,0.1549999713897705,1638333788.445,0,dress,night,beside,night,dress,dress,night,beside,night,dress,44433.355872154236,2021-12-01T04:43:08.445000,1638289355.0891278
27,0,6,6,Random,-9999,06de4b89fe011190,7.972999811172485,0.1360001564025879,1638333796.55,0,dress,below,dusk,below,dress,dress,below,dusk,below,dress,44441.46087217331,2021-12-01T04:43:16.550000,1638289355.0891278
7,15,9,9,Random,-9999,06de4b89fe011190,2.071000099182129,0.13100004196166992,1638333798.755,15,blueberry,near,beside,near,blueberry,blueberry,near,beside,near,blueberry,44443.665872335434,2021-12-01T04:43:18.755000,1638289355.0891278
26,2,17,2,Random,-9999,06de4b89fe011190,2.671999931335449,0.12800002098083496,1638333801.557,17,shirt,mango,day,shirt,mango,shirt,mango,day,shirt,mango,44446.46787214279,2021-12-01T04:43:21.557000,1638289355.0891278
17,19,28,19,Random,-9999,06de4b89fe011190,2.486999988555908,0.13499999046325684,1638333804.175,28,watermelon,night,mango,watermelon,night,watermelon,night,mango,watermelon,night,44449.08587217331,2021-12-01T04:43:24.175000,1638289355.0891278
3,25,20,20,Random,-9999,06de4b89fe011190,3.427999973297119,0.13400006294250488,1638333807.738,25,dawn,beach,shoes,beach,dawn,dawn,beach,shoes,beach,dawn,44452.64887213707,2021-12-01T04:43:27.738000,1638289355.0891278
24,6,21,6,Random,-9999,06de4b89fe011190,1.9170000553131104,0.13299989700317383,1638333809.728,21,below,field,sunset,below,field,below,field,sunset,below,field,44454.63887214661,2021-12-01T04:43:29.728000,1638289355.0891278
19,23,3,23,Random,-9999,06de4b89fe011190,2.575000047683716,0.07200002670288086,1638333812.43,3,sky,shoes,watermelon,sky,shoes,sky,shoes,watermelon,sky,shoes,44457.34087228775,2021-12-01T04:43:32.430000,1638289355.0891278
0,13,2,13,Random,-9999,06de4b89fe011190,2.063999891281128,0.12899994850158691,1638333814.629,2,happy,shirt,dress,happy,shirt,happy,shirt,dress,happy,shirt,44459.539872169495,2021-12-01T04:43:34.629000,1638289355.0891278
7,24,4,4,Random,-9999,06de4b89fe011190,3.319000005722046,0.13100004196166992,1638333818.095,24,sunset,socks,beside,socks,sunset,sunset,socks,beside,socks,sunset,44463.0058722496,2021-12-01T04:43:38.095000,1638289355.0891278
7,3,2,2,Random,-9999,06de4b89fe011190,2.8289999961853027,0.15799999237060547,1638333821.059,3,shoes,shirt,beside,shirt,shoes,shoes,shirt,beside,shirt,shoes,44465.96987223625,2021-12-01T04:43:41.059000,1638289355.0891278
15,22,16,16,Random,-9999,06de4b89fe011190,2.377000093460083,0.13000011444091797,1638333823.565,22,ocean,lemon,blueberry,lemon,ocean,ocean,lemon,blueberry,lemon,ocean,44468.47587227821,2021-12-01T04:43:43.565000,1638289355.0891278
6,22,18,22,Random,-9999,06de4b89fe011190,2.632999897003174,0.12899994850158691,1638333826.325,18,ocean,strawberry,below,ocean,strawberry,ocean,strawberry,below,ocean,strawberry,44471.23587226868,2021-12-01T04:43:46.325000,1638289355.0891278
14,0,9,0,Random,-9999,06de4b89fe011190,2.5379998683929443,0.12400007247924805,1638333828.991,9,dress,near,sad,dress,near,dress,near,sad,dress,near,44473.90187215805,2021-12-01T04:43:48.991000,1638289355.0891278
27,3,2,2,Random,-9999,06de4b89fe011190,3.8610000610351562,0.13100004196166992,1638333832.981,3,shoes,shirt,dusk,shirt,shoes,shoes,shirt,dusk,shirt,shoes,44477.89187216759,2021-12-01T04:43:52.981000,1638289355.0891278
11,9,8,8,Random,-9999,06de4b89fe011190,4.485000133514404,0.13199996948242188,1638333837.6,9,near,far,disgust,far,near,near,far,disgust,far,near,44482.510872125626,2021-12-01T04:43:57.600000,1638289355.0891278
6,15,8,8,Random,-9999,06de4b89fe011190,2.491999864578247,0.12899994850158691,1638333840.219,15,blueberry,far,below,far,blueberry,blueberry,far,below,far,blueberry,44485.12987232208,2021-12-01T04:44:00.219000,1638289355.0891278
23,2,14,14,Random,-9999,06de4b89fe011190,2.7309999465942383,0.1420001983642578,1638333843.092,2,shirt,sad,sky,sad,shirt,shirt,sad,sky,sad,shirt,44488.00287222862,2021-12-01T04:44:03.092000,1638289355.0891278
24,5,11,5,Random,-9999,06de4b89fe011190,3.753000020980835,0.12600016593933105,1638333846.969,11,above,disgust,sunset,above,disgust,above,disgust,sunset,above,disgust,44491.87987232208,2021-12-01T04:44:06.969000,1638289355.0891278
5,23,25,23,Random,-9999,06de4b89fe011190,5.979999780654907,0.12900018692016602,1638333853.079,25,sky,dawn,above,sky,dawn,sky,dawn,above,sky,dawn,44497.98987221718,2021-12-01T04:44:13.079000,1638289355.0891278
7,18,23,18,Random,-9999,06de4b89fe011190,3.38100004196167,0.13000011444091797,1638333856.588,23,strawberry,sky,beside,strawberry,sky,strawberry,sky,beside,strawberry,sky,44501.49887228012,2021-12-01T04:44:16.588000,1638289355.0891278
27,17,3,3,Random,-9999,06de4b89fe011190,2.8949999809265137,0.13099980354309082,1638333859.614,17,mango,shoes,dusk,shoes,mango,mango,shoes,dusk,shoes,mango,44504.52487230301,2021-12-01T04:44:19.614000,1638289355.0891278
21,7,16,16,Random,-9999,06de4b89fe011190,2.5169999599456787,0.12900018692016602,1638333862.262,7,beside,lemon,field,lemon,beside,beside,lemon,field,lemon,beside,44507.17287230492,2021-12-01T04:44:22.262000,1638289355.0891278
20,23,19,23,Random,-9999,06de4b89fe011190,2.2219998836517334,0.13199996948242188,1638333864.615,19,sky,watermelon,beach,sky,watermelon,sky,watermelon,beach,sky,watermelon,44509.52587223053,2021-12-01T04:44:24.615000,1638289355.0891278
6,13,7,7,Random,-9999,06de4b89fe011190,1.2660000324249268,0.13000011444091797,1638333865.955,13,happy,beside,below,beside,happy,happy,beside,below,beside,happy,44510.8658721447,2021-12-01T04:44:25.955000,1638289355.0891278
0,14,29,14,Random,-9999,06de4b89fe011190,1.944000005722046,0.07200002670288086,1638333868.075,29,sad,noon,dress,sad,noon,sad,noon,dress,sad,noon,44512.98587226868,2021-12-01T04:44:28.075000,1638289355.0891278
6,17,0,0,Random,-9999,06de4b89fe011190,3.0890002250671387,0.17699980735778809,1638333871.293,17,mango,dress,below,dress,mango,mango,dress,below,dress,mango,44516.20387220383,2021-12-01T04:44:31.293000,1638289355.0891278
6,27,28,27,Random,-9999,06de4b89fe011190,9.509999990463257,0.12899994850158691,1638333880.933,28,dusk,night,below,dusk,night,dusk,night,below,dusk,night,44525.84387230873,2021-12-01T04:44:40.933000,1638289355.0891278
14,26,8,26,Random,-9999,06de4b89fe011190,1.9689998626708984,0.13499999046325684,1638333883.065,8,day,far,sad,day,far,day,far,sad,day,far,44527.97587227821,2021-12-01T04:44:43.065000,1638289355.0891278
11,4,20,20,Random,-9999,06de4b89fe011190,2.0390000343322754,0.14600014686584473,1638333885.223,4,socks,beach,disgust,beach,socks,socks,beach,disgust,beach,socks,44530.133872270584,2021-12-01T04:44:45.223000,1638289355.0891278
18,21,24,21,Random,-9999,06de4b89fe011190,3.3600001335144043,0.13099980354309082,1638333888.714,24,field,sunset,strawberry,field,sunset,field,sunset,strawberry,field,sunset,44533.62487220764,2021-12-01T04:44:48.714000,1638289355.0891278
21,29,14,14,Random,-9999,06de4b89fe011190,2.318000078201294,0.12800002098083496,1638333891.17,29,noon,sad,field,sad,noon,noon,sad,field,sad,noon,44536.08087229729,2021-12-01T04:44:51.170000,1638289355.0891278
10,14,1,14,Random,-9999,06de4b89fe011190,2.197000026702881,0.14699983596801758,1638333893.501,1,sad,pants,angry,sad,pants,sad,pants,angry,sad,pants,44538.411872148514,2021-12-01T04:44:53.501000,1638289355.0891278
4,14,16,16,Random,-9999,06de4b89fe011190,1.9519999027252197,0.1380000114440918,1638333895.633,14,sad,lemon,socks,lemon,sad,sad,lemon,socks,lemon,sad,44540.543872117996,2021-12-01T04:44:55.633000,1638289355.0891278
10,29,7,29,Random,-9999,06de4b89fe011190,3.2760000228881836,0.15400004386901855,1638333899.021,7,noon,beside,angry,noon,beside,noon,beside,angry,noon,beside,44543.93187212944,2021-12-01T04:44:59.021000,1638289355.0891278
10,24,9,24,Random,-9999,06de4b89fe011190,2.7289998531341553,0.13000011444091797,1638333901.878,9,sunset,near,angry,sunset,near,sunset,near,angry,sunset,near,44546.788872241974,2021-12-01T04:45:01.878000,1638289355.0891278
2,1,3,1,Random,-9999,06de4b89fe011190,1.635000228881836,0.14299988746643066,1638333903.601,3,pants,shoes,shirt,pants,shoes,pants,shoes,shirt,pants,shoes,44548.511872291565,2021-12-01T04:45:03.601000,1638289355.0891278
18,10,2,2,Random,-9999,06de4b89fe011190,2.6610000133514404,0.0689997673034668,1638333906.387,10,angry,shirt,strawberry,shirt,angry,angry,shirt,strawberry,shirt,angry,44551.29787230492,2021-12-01T04:45:06.387000,1638289355.0891278
18,10,16,16,Random,-9999,06de4b89fe011190,2.0260000228881836,0.13000011444091797,1638333908.547,10,angry,lemon,strawberry,lemon,angry,angry,lemon,strawberry,lemon,angry,44553.45787215233,2021-12-01T04:45:08.547000,1638289355.0891278
21,14,18,14,Random,-9999,06de4b89fe011190,4.630999803543091,0.13400006294250488,1638333913.309,18,sad,strawberry,field,sad,strawberry,sad,strawberry,field,sad,strawberry,44558.21987223625,2021-12-01T04:45:13.309000,1638289355.0891278
9,23,12,23,Random,-9999,06de4b89fe011190,3.074000120162964,0.13199996948242188,1638333916.518,12,sky,fearful,near,sky,fearful,sky,fearful,near,sky,fearful,44561.42887210846,2021-12-01T04:45:16.518000,1638289355.0891278
26,16,2,2,Random,-9999,06de4b89fe011190,11.507999897003174,0.14499998092651367,1638333928.497,16,lemon,shirt,day,shirt,lemon,lemon,shirt,day,shirt,lemon,44573.40787220001,2021-12-01T04:45:28.497000,1638289355.0891278
3,10,23,23,Random,-9999,06de4b89fe011190,2.0149998664855957,0.4650001525878906,1638333930.677,10,angry,sky,shoes,sky,angry,angry,sky,shoes,sky,angry,44575.58787226677,2021-12-01T04:45:30.677000,1638289355.0891278
8,27,5,27,Random,-9999,06de4b89fe011190,1.2609999179840088,0.3940000534057617,1638333932.48,5,dusk,above,far,dusk,above,dusk,above,far,dusk,above,44577.39087224007,2021-12-01T04:45:32.480000,1638289355.0891278
4,20,24,24,Random,-9999,06de4b89fe011190,2.059999942779541,0.33500003814697266,1638333934.693,20,beach,sunset,socks,sunset,beach,beach,sunset,socks,sunset,beach,44579.603872299194,2021-12-01T04:45:34.693000,1638289355.0891278
9,14,29,14,Random,-9999,06de4b89fe011190,3.2820000648498535,0.13199996948242188,1638333938.308,29,sad,noon,near,sad,noon,sad,noon,near,sad,noon,44583.21887230873,2021-12-01T04:45:38.308000,1638289355.0891278
24,18,3,3,Random,-9999,06de4b89fe011190,3.0510001182556152,0.3279998302459717,1638333941.432,18,strawberry,shoes,sunset,shoes,strawberry,strawberry,shoes,sunset,shoes,strawberry,44586.34287214279,2021-12-01T04:45:41.432000,1638289355.0891278
13,22,16,22,Random,-9999,06de4b89fe011190,2.421999931335449,0.14400005340576172,1638333944.058,16,ocean,lemon,happy,ocean,lemon,ocean,lemon,happy,ocean,lemon,44588.96887230873,2021-12-01T04:45:44.058000,1638289355.0891278
7,14,9,9,Random,-9999,06de4b89fe011190,2.003000020980835,0.13199996948242188,1638333946.214,14,sad,near,beside,near,sad,sad,near,beside,near,sad,44591.12487220764,2021-12-01T04:45:46.214000,1638289355.0891278
25,29,19,29,Random,-9999,06de4b89fe011190,1.5490000247955322,0.14899992942810059,1638333947.83,19,noon,watermelon,dawn,noon,watermelon,noon,watermelon,dawn,noon,watermelon,44592.7408721447,2021-12-01T04:45:47.830000,1638289355.0891278
28,14,20,14,Random,-9999,06de4b89fe011190,2.8510000705718994,0.07999992370605469,1638333950.889,20,sad,beach,night,sad,beach,sad,beach,night,sad,beach,44595.79987215996,2021-12-01T04:45:50.889000,1638289355.0891278
20,23,24,24,Random,-9999,06de4b89fe011190,4.661999940872192,0.20200014114379883,1638333955.682,23,sky,sunset,beach,sunset,sky,sky,sunset,beach,sunset,sky,44600.59287214279,2021-12-01T04:45:55.682000,1638289355.0891278
10,20,1,20,Random,-9999,06de4b89fe011190,2.2829999923706055,0.13100004196166992,1638333958.096,1,beach,pants,angry,beach,pants,beach,pants,angry,beach,pants,44603.006872177124,2021-12-01T04:45:58.096000,1638289355.0891278
6,7,15,7,Random,-9999,06de4b89fe011190,1.872999906539917,0.12899994850158691,1638333960.04,15,beside,blueberry,below,beside,blueberry,beside,blueberry,below,beside,blueberry,44604.950872182846,2021-12-01T04:46:00.040000,1638289355.0891278
29,2,12,2,Random,-9999,06de4b89fe011190,6.3480000495910645,0.07299995422363281,1638333966.52,12,shirt,fearful,noon,shirt,fearful,shirt,fearful,noon,shirt,fearful,44611.43087220192,2021-12-01T04:46:06.520000,1638289355.0891278
3,20,14,20,Random,-9999,06de4b89fe011190,2.2200000286102295,0.13499999046325684,1638333968.872,14,beach,sad,shoes,beach,sad,beach,sad,shoes,beach,sad,44613.78287220001,2021-12-01T04:46:08.872000,1638289355.0891278
15,20,3,20,Random,-9999,06de4b89fe011190,2.4049999713897705,0.13199996948242188,1638333971.406,3,beach,shoes,blueberry,beach,shoes,beach,shoes,blueberry,beach,shoes,44616.3168721199,2021-12-01T04:46:11.406000,1638289355.0891278
19,28,1,28,Random,-9999,06de4b89fe011190,2.5390000343322754,0.12799978256225586,1638333974.073,1,night,pants,watermelon,night,pants,night,pants,watermelon,night,pants,44618.98387217522,2021-12-01T04:46:14.073000,1638289355.0891278
7,6,14,6,Random,-9999,06de4b89fe011190,2.2929999828338623,0.127000093460083,1638333976.494,14,below,sad,beside,below,sad,below,sad,beside,below,sad,44621.40487217903,2021-12-01T04:46:16.494000,1638289355.0891278
8,21,25,21,Random,-9999,06de4b89fe011190,2.0870001316070557,0.12999987602233887,1638333978.709,25,field,dawn,far,field,dawn,field,dawn,far,field,dawn,44623.61987233162,2021-12-01T04:46:18.709000,1638289355.0891278
10,13,20,13,Random,-9999,06de4b89fe011190,2.1470000743865967,0.12599992752075195,1638333980.983,20,happy,beach,angry,happy,beach,happy,beach,angry,happy,beach,44625.89387226105,2021-12-01T04:46:20.983000,1638289355.0891278
27,3,28,28,Random,-9999,06de4b89fe011190,3.182000160217285,0.12999987602233887,1638333984.295,3,shoes,night,dusk,night,shoes,shoes,night,dusk,night,shoes,44629.20587229729,2021-12-01T04:46:24.295000,1638289355.0891278
7,8,13,8,Random,-9999,06de4b89fe011190,3.5490000247955322,0.1269998550415039,1638333987.971,13,far,happy,beside,far,happy,far,happy,beside,far,happy,44632.881872177124,2021-12-01T04:46:27.971000,1638289355.0891278
6,29,2,2,Random,-9999,06de4b89fe011190,5.075999975204468,0.12600016593933105,1638333993.173,29,noon,shirt,below,shirt,noon,noon,shirt,below,shirt,noon,44638.08387231827,2021-12-01T04:46:33.173000,1638289355.0891278
11,3,24,3,Random,-9999,06de4b89fe011190,3.5250000953674316,0.12999987602233887,1638333996.827,24,shoes,sunset,disgust,shoes,sunset,shoes,sunset,disgust,shoes,sunset,44641.73787212372,2021-12-01T04:46:36.827000,1638289355.0891278
15,2,12,2,Random,-9999,06de4b89fe011190,2.9210000038146973,0.127000093460083,1638333999.877,12,shirt,fearful,blueberry,shirt,fearful,shirt,fearful,blueberry,shirt,fearful,44644.78787231445,2021-12-01T04:46:39.877000,1638289355.0891278
28,7,25,25,Random,-9999,06de4b89fe011190,3.000999927520752,0.12800002098083496,1638334003.005,7,beside,dawn,night,dawn,beside,beside,dawn,night,dawn,beside,44647.915872335434,2021-12-01T04:46:43.005000,1638289355.0891278
7,0,15,0,Random,-9999,06de4b89fe011190,4.023000001907349,0.12900018692016602,1638334007.156,15,dress,blueberry,beside,dress,blueberry,dress,blueberry,beside,dress,blueberry,44652.0668721199,2021-12-01T04:46:47.156000,1638289355.0891278
24,7,12,12,Random,-9999,06de4b89fe011190,4.820000171661377,0.12799978256225586,1638334012.105,7,beside,fearful,sunset,fearful,beside,beside,fearful,sunset,fearful,beside,44657.01587224007,2021-12-01T04:46:52.105000,1638289355.0891278
3,22,14,22,Random,-9999,06de4b89fe011190,2.9749999046325684,0.12899994850158691,1638334015.211,14,ocean,sad,shoes,ocean,sad,ocean,sad,shoes,ocean,sad,44660.12187218666,2021-12-01T04:46:55.211000,1638289355.0891278
13,5,19,19,Random,-9999,06de4b89fe011190,1.8259999752044678,0.13499999046325684,1638334017.114,5,above,watermelon,happy,watermelon,above,above,watermelon,happy,watermelon,above,44662.02487230301,2021-12-01T04:46:57.114000,1638289355.0891278
9,0,4,0,Random,-9999,06de4b89fe011190,2.370000123977661,0.0710000991821289,1638334019.611,4,dress,socks,near,dress,socks,dress,socks,near,dress,socks,44664.52187228203,2021-12-01T04:46:59.611000,1638289355.0891278
15,8,3,8,Random,-9999,06de4b89fe011190,1.9210000038146973,0.12899994850158691,1638334021.605,3,far,shoes,blueberry,far,shoes,far,shoes,blueberry,far,shoes,44666.51587224007,2021-12-01T04:47:01.605000,1638289355.0891278
14,22,17,22,Random,-9999,06de4b89fe011190,2.7879998683929443,0.07700014114379883,1638334024.528,17,ocean,mango,sad,ocean,mango,ocean,mango,sad,ocean,mango,44669.43887233734,2021-12-01T04:47:04.528000,1638289355.0891278
23,5,12,5,Random,-9999,06de4b89fe011190,1.9040000438690186,0.13000011444091797,1638334026.504,12,above,fearful,sky,above,fearful,above,fearful,sky,above,fearful,44671.414872169495,2021-12-01T04:47:06.504000,1638289355.0891278
9,0,24,0,Random,-9999,06de4b89fe011190,2.378999948501587,0.07899999618530273,1638334029.018,24,dress,sunset,near,dress,sunset,dress,sunset,near,dress,sunset,44673.92887210846,2021-12-01T04:47:09.018000,1638289355.0891278
2,9,7,7,Random,-9999,06de4b89fe011190,2.3600001335144043,0.1359999179840088,1638334031.512,9,near,beside,shirt,beside,near,near,beside,shirt,beside,near,44676.42287230492,2021-12-01T04:47:11.512000,1638289355.0891278
22,1,3,3,Random,-9999,06de4b89fe011190,3.0420000553131104,0.12899994850158691,1638334034.686,1,pants,shoes,ocean,shoes,pants,pants,shoes,ocean,shoes,pants,44679.59687232971,2021-12-01T04:47:14.686000,1638289355.0891278
0,14,3,14,Random,-9999,06de4b89fe011190,2.188999891281128,0.13200020790100098,1638334037.004,3,sad,shoes,dress,sad,shoes,sad,shoes,dress,sad,shoes,44681.914872169495,2021-12-01T04:47:17.004000,1638289355.0891278
3,20,10,20,Random,-9999,06de4b89fe011190,2.5420000553131104,0.1380000114440918,1638334039.687,10,beach,angry,shoes,beach,angry,beach,angry,shoes,beach,angry,44684.59787225723,2021-12-01T04:47:19.687000,1638289355.0891278
27,13,23,23,Random,-9999,06de4b89fe011190,2.618000030517578,0.13199996948242188,1638334042.432,13,happy,sky,dusk,sky,happy,happy,sky,dusk,sky,happy,44687.34287214279,2021-12-01T04:47:22.432000,1638289355.0891278
12,7,3,3,Random,-9999,06de4b89fe011190,2.431999921798706,0.12800002098083496,1638334044.996,7,beside,shoes,fearful,shoes,beside,beside,shoes,fearful,shoes,beside,44689.90687227249,2021-12-01T04:47:24.996000,1638289355.0891278
5,8,2,8,Random,-9999,06de4b89fe011190,2.134000062942505,0.13199996948242188,1638334047.258,2,far,shirt,above,far,shirt,far,shirt,above,far,shirt,44692.168872117996,2021-12-01T04:47:27.258000,1638289355.0891278
14,2,4,4,Random,-9999,06de4b89fe011190,2.4830000400543213,0.125,1638334049.867,2,shirt,socks,sad,socks,shirt,shirt,socks,sad,socks,shirt,44694.77787232399,2021-12-01T04:47:29.867000,1638289355.0891278
26,20,8,20,Random,-9999,06de4b89fe011190,1.7039999961853027,0.12999987602233887,1638334051.646,8,beach,far,day,beach,far,beach,far,day,beach,far,44696.55687212944,2021-12-01T04:47:31.646000,1638289355.0891278
20,10,6,6,Random,-9999,06de4b89fe011190,3.927999973297119,0.07400012016296387,1638334055.705,10,angry,below,beach,below,angry,angry,below,beach,below,angry,44700.6158721447,2021-12-01T04:47:35.705000,1638289355.0891278
12,7,18,7,Random,-9999,06de4b89fe011190,2.0119998455047607,0.12800002098083496,1638334057.851,18,beside,strawberry,fearful,beside,strawberry,beside,strawberry,fearful,beside,strawberry,44702.761872291565,2021-12-01T04:47:37.851000,1638289355.0891278
29,12,0,0,Random,-9999,06de4b89fe011190,3.4739999771118164,0.1360001564025879,1638334061.456,12,fearful,dress,noon,dress,fearful,fearful,dress,noon,dress,fearful,44706.36687231064,2021-12-01T04:47:41.456000,1638289355.0891278
6,21,25,25,Random,-9999,06de4b89fe011190,3.5960001945495605,0.12999987602233887,1638334065.188,21,field,dawn,below,dawn,field,field,dawn,below,dawn,field,44710.09887218475,2021-12-01T04:47:45.188000,1638289355.0891278
10,20,11,11,Random,-9999,06de4b89fe011190,3.2200000286102295,0.13899993896484375,1638334068.538,20,beach,disgust,angry,disgust,beach,beach,disgust,angry,disgust,beach,44713.448872327805,2021-12-01T04:47:48.538000,1638289355.0891278
29,1,11,11,Random,-9999,06de4b89fe011190,3.1069998741149902,0.12900018692016602,1638334071.775,1,pants,disgust,noon,disgust,pants,pants,disgust,noon,disgust,pants,44716.68587231636,2021-12-01T04:47:51.775000,1638289355.0891278
5,16,21,21,Random,-9999,06de4b89fe011190,2.430000066757202,0.13100004196166992,1638334074.338,16,lemon,field,above,field,lemon,lemon,field,above,field,lemon,44719.24887228012,2021-12-01T04:47:54.338000,1638289355.0891278
13,2,9,2,Random,-9999,06de4b89fe011190,3.813000202178955,0.13199996948242188,1638334078.283,9,shirt,near,happy,shirt,near,shirt,near,happy,shirt,near,44723.193872213364,2021-12-01T04:47:58.283000,1638289355.0891278
