,0,1,2,3,4,5,6,7,8,9,10,11,12,13,14,15,16,17,18,19,20,21,22,23,24,25,26,27,28,29,30,31,32,33,34,35,36,37,38,39,40,41,42,43,44,45,46,47,48,49,50,51,52,53,54,55,56,57,58,59,60,61,62,63,64,65,66,67,68,69,70,71,72,73,74,75,76,77,78,79,80,81,82,83,84,85,86,87,88,89,90,91,92,93,94,95,96,97,98,99,100,101,102,103,104,105,106,107,108,109,110,111,112,113,114,115,116,117,118,119,120,121,122,123,124,125,126,127,128,129,130,131,132,133,134,135,136,137,138,139,140,141,142,143,144,145,146,147,148,149,150,151,152,153,154,155,156,157,158,159,160,161,162,163,164,165,166,167,168,169,170,171,172,173,174,175,176,177,178,179,180,181,182,183,184,185,186,187,188,189,190,191,192,193,194,195,196,197,198,199,200,201,202,203,204,205,206,207,208,209,210,211,212,213,214,215,216,217,218,219,220,221,222,223,224,225,226,227,228,229,230,231,232,233,234,235,236,237,238,239,240,241,242,243,244,245,246,247,248,249,250,251,252,253,254,255,256,257,258,259,260,261,262,263,264,265,266,267,268,269,270,271,272,273,274,275,276,277,278,279,280,281,282,283,284,285,286,287,288,289,290,291,292,293,294,295,296,297,298,299,concept
0,-0.12402344,-0.20605469,-0.08886719,0.265625,-0.024291992,0.044677734,0.10107422,-0.034179688,0.24707031,0.10595703,-0.18359375,0.025512695,0.012817383,-0.017700195,-0.10058594,-0.063964844,-0.049316406,-0.05810547,-0.087890625,0.00012874603,-0.06689453,-0.09765625,-0.17480469,-0.2734375,0.07128906,-0.091796875,-0.107910156,0.22558594,0.19335938,-0.055908203,0.0005378723,0.03466797,0.18164062,-0.19238281,-0.14746094,-0.07470703,-0.0043945312,-0.05126953,0.017333984,0.04272461,0.09765625,-0.008666992,0.015136719,-0.110839844,-0.106933594,-0.029785156,-0.019042969,-0.19921875,0.13769531,-0.24609375,-0.15820312,-0.13671875,-0.061523438,-0.099609375,0.048828125,-0.043945312,-0.11816406,0.10498047,0.0056762695,0.05078125,-0.17480469,0.1875,-0.040283203,-0.39453125,0.020507812,0.004333496,-0.092285156,0.109375,0.171875,0.18164062,0.017333984,-0.3046875,0.23535156,0.08300781,-0.045166016,-0.08496094,0.11767578,0.08496094,-0.12207031,-0.07421875,0.15527344,-0.068359375,-0.104003906,-0.14453125,0.092285156,0.24023438,-0.0119018555,-0.014343262,0.024658203,0.12695312,-0.064453125,-0.02319336,-0.21582031,-0.09375,-0.02758789,0.09863281,0.16210938,0.008972168,-0.0063476562,0.25195312,-0.040527344,-0.25976562,0.068847656,-0.2421875,-0.024047852,-0.0057678223,-0.19726562,-0.037353516,-0.13769531,-0.080566406,0.080078125,0.25,-0.3671875,0.36523438,0.0025024414,0.15332031,0.125,0.068359375,-0.09423828,0.051513672,-0.03125,-0.052001953,-0.076660156,0.021606445,-0.09667969,0.060546875,-0.109375,-0.12988281,0.08496094,0.15722656,-0.06542969,-0.095214844,0.036865234,-0.107421875,0.009094238,-0.01586914,0.17285156,-0.18554688,-0.099121094,-0.022583008,0.15136719,-0.059570312,-0.10644531,-0.09667969,0.0038909912,-0.09814453,0.02331543,-0.2578125,-0.16894531,0.13574219,0.08935547,0.123046875,-0.05834961,-0.03149414,-0.14550781,0.29296875,-0.044921875,0.115234375,0.018188477,-0.011291504,0.12695312,0.08154297,0.13183594,0.1171875,-0.0038452148,-0.15527344,0.08544922,0.005126953,-0.1953125,0.10888672,-0.3125,-0.079589844,-0.08496094,0.0040283203,0.11767578,-0.043945312,-0.11767578,-0.013549805,-0.030029297,-0.19042969,-0.21582031,-0.010925293,-0.13671875,0.08935547,0.12402344,0.027832031,0.03466797,0.03955078,0.064941406,0.24804688,0.026977539,0.13085938,-0.012512207,-0.25,0.0625,0.18359375,-0.15332031,0.07910156,-0.045654297,-0.31640625,0.18164062,0.31640625,-0.1484375,-0.1953125,0.052734375,-0.23242188,-0.041748047,-0.0032653809,-0.051757812,-0.028320312,-0.03515625,-0.18164062,-0.30664062,0.15917969,-0.24511719,0.29296875,0.056396484,0.025146484,-0.083496094,0.13476562,0.016723633,0.40429688,-0.016967773,-0.34765625,0.22070312,0.03173828,-0.0115356445,0.12158203,0.14550781,0.23339844,-0.04711914,-0.25,0.040283203,0.234375,-0.21875,0.30078125,0.171875,0.123046875,0.24316406,0.18847656,0.14160156,0.07324219,-0.0014343262,-0.07763672,-0.119140625,0.064941406,-0.22753906,-0.15234375,-0.018310547,0.010620117,0.026000977,0.019042969,-0.037841797,0.022216797,-0.04736328,-0.1328125,-0.019897461,0.25,-0.028320312,0.16601562,0.053222656,-0.022216797,0.045898438,0.09472656,0.14355469,0.25390625,-0.048583984,-0.10546875,0.17871094,-0.22363281,-0.08642578,0.057373047,0.25585938,-0.107421875,-0.005554199,-0.09765625,-0.096191406,-0.22265625,0.043945312,0.13085938,0.11816406,0.23632812,-0.26953125,0.21972656,0.17089844,0.06640625,-0.20605469,0.12402344,-0.09033203,-0.001159668,0.079589844,-0.044433594,-0.14941406,0.02368164,-0.09033203,0.09375,0.13769531,-0.026855469,-0.060791016,-0.123535156,above
1,0.22265625,0.087890625,0.12597656,-0.10546875,-0.30078125,0.0546875,0.05102539,-0.114746094,0.15234375,0.32421875,-0.11230469,-0.17089844,-0.022338867,0.064453125,-0.107421875,-0.01574707,-0.103027344,0.17089844,0.07910156,-0.053466797,0.15429688,0.24414062,0.38476562,0.079589844,0.037841797,0.028930664,0.009094238,-0.07373047,0.41796875,-0.23535156,0.26367188,0.06933594,-0.18652344,0.020019531,0.26953125,-0.20019531,0.18652344,0.044433594,-0.16308594,0.22753906,0.1328125,-0.10839844,0.22851562,-0.27148438,-0.31445312,-0.21582031,-0.34960938,-0.06933594,-0.35546875,-0.019165039,-0.15234375,0.05126953,-0.14550781,0.049804688,0.053710938,0.22460938,-0.083496094,-0.22558594,-0.014160156,-0.12695312,-0.01953125,0.07714844,-0.265625,0.11621094,-0.21582031,-0.03515625,0.021728516,-0.083984375,-0.15136719,-0.11621094,-0.14160156,-0.111328125,0.13769531,0.022827148,-0.44726562,0.20019531,0.11035156,0.18359375,0.107421875,0.088378906,0.072753906,0.33789062,0.011962891,0.19726562,-0.01184082,-0.083984375,-0.26171875,0.08105469,0.0079956055,-0.09765625,-0.12207031,0.27734375,-0.28515625,-0.11669922,-0.18847656,0.17382812,0.111328125,-0.19726562,-0.076171875,-0.055419922,0.053466797,-0.029541016,-0.08691406,0.010803223,0.171875,-0.03881836,0.2421875,-0.14355469,0.24902344,-0.08642578,-0.14160156,-0.33007812,0.23242188,-0.06347656,-0.10107422,-0.22753906,0.21484375,-0.33984375,0.19335938,0.10107422,-0.111816406,0.18261719,-0.15039062,-0.171875,-0.056396484,-0.20605469,-0.19433594,-0.08251953,0.18261719,-0.17871094,-0.13085938,0.099609375,-0.21191406,0.22753906,0.015625,-0.057861328,-0.080078125,0.18164062,-0.15234375,0.04638672,0.07910156,0.32421875,0.12451172,-0.103515625,-0.08300781,-0.040283203,-0.1640625,0.057861328,0.035888672,-0.2734375,0.16601562,0.265625,0.0058898926,0.10644531,-0.104003906,-0.15136719,-0.21972656,-0.09814453,0.0625,0.103515625,-0.15234375,0.16113281,0.1875,0.018554688,-0.0625,-0.115234375,0.078125,-0.20800781,0.21875,0.08642578,-0.12695312,-0.041259766,-0.012939453,-0.032226562,-0.110839844,-0.104003906,-0.1796875,0.22167969,-0.05810547,-0.079589844,0.17382812,-0.08251953,0.009033203,0.091796875,-0.022705078,0.01159668,-0.25976562,0.29101562,-0.060302734,-0.10644531,0.115722656,-0.17480469,0.051757812,0.06982422,-0.026855469,-0.06640625,0.03173828,-0.007171631,-0.19042969,0.33398438,-0.17675781,0.03540039,-0.03100586,-0.23339844,0.12695312,-0.08105469,-0.020751953,0.1875,-0.03881836,-0.12597656,0.037841797,0.072265625,0.33398438,-0.09863281,-0.11230469,-0.041015625,0.08154297,0.09667969,-0.11669922,-0.09716797,0.106933594,0.075683594,-0.057617188,0.087402344,0.25976562,-0.22167969,0.23339844,0.10449219,0.03491211,-0.16992188,0.014038086,0.033447266,-0.06738281,0.20410156,0.071777344,-0.15820312,0.17285156,-0.2890625,0.060302734,-0.030761719,0.10839844,-0.03881836,-0.04296875,-0.061767578,-0.18945312,0.06640625,0.033935547,0.040771484,0.06347656,0.15332031,0.12890625,0.017578125,0.30078125,0.076660156,-0.0703125,-0.13574219,0.08154297,-0.15625,-0.0028381348,-0.042236328,-0.15820312,-0.02734375,-0.14746094,0.23046875,-0.06933594,0.010498047,0.033935547,-0.016967773,0.05053711,0.111816406,-0.06225586,0.28125,0.23535156,0.106933594,-0.114746094,0.046875,-0.119140625,0.005584717,0.20898438,0.13964844,0.20117188,-0.0625,-0.123046875,0.043945312,-0.111328125,-0.005859375,-0.084472656,0.09814453,0.087402344,-0.21386719,0.21191406,-0.203125,-0.022827148,-0.040771484,-0.15332031,0.1328125,-0.13378906,0.08886719,0.0859375,0.04248047,angry
2,0.19335938,0.00049972534,-0.13964844,0.009399414,0.033203125,-0.04248047,-0.2578125,-0.09667969,0.24316406,0.10107422,0.30664062,-0.43945312,-0.14355469,-0.019897461,-0.03515625,0.01574707,-0.060791016,-0.13574219,0.06201172,0.15136719,-0.016235352,0.29492188,-0.16992188,0.203125,0.11376953,-0.17285156,0.083496094,0.13769531,0.30078125,-0.057861328,-0.05102539,0.23730469,0.006591797,0.18164062,0.006225586,-0.31445312,0.0859375,-0.026977539,-0.06933594,0.15722656,-0.33007812,0.053222656,0.114746094,0.13476562,-0.24511719,-0.3984375,-0.061035156,-0.19824219,0.076171875,0.06542969,0.36132812,0.13671875,0.39453125,0.07910156,0.11279297,-0.122558594,0.079589844,-0.052734375,-0.040527344,-0.15722656,-0.296875,-0.08300781,0.119628906,-0.140625,0.18164062,0.15820312,-0.5234375,0.010314941,0.064453125,-0.12890625,0.014709473,-0.072753906,-0.10986328,0.20019531,-0.075683594,0.17871094,0.018310547,-0.099121094,0.0018157959,-0.09814453,-0.03540039,-0.047607422,-0.033447266,-0.0234375,-0.092285156,0.29101562,0.079589844,0.099121094,0.20117188,0.004333496,0.00680542,0.13476562,-0.1875,-0.05859375,-0.04321289,0.16601562,0.26367188,-0.122558594,-0.034423828,0.21679688,-0.095214844,0.08105469,0.29492188,0.36523438,0.13964844,0.114746094,0.25390625,-0.10107422,-0.17871094,0.06689453,-0.22851562,0.032958984,0.42773438,0.00026130676,0.28125,0.0009841919,0.061035156,-0.115722656,-0.28125,0.00390625,-0.14550781,0.06542969,0.017700195,0.063964844,0.27148438,-0.076171875,-0.01965332,-0.2890625,0.125,0.10205078,0.019042969,-0.08691406,-0.041992188,0.14355469,-0.28515625,-0.16113281,0.21777344,-0.017089844,0.14453125,0.088378906,-0.072753906,-0.092285156,0.1875,0.118652344,0.16113281,0.18164062,-0.21386719,0.13671875,0.07519531,0.16503906,0.18847656,-0.017089844,-0.15722656,0.09277344,-0.043945312,-0.019042969,0.08105469,-0.35351562,0.15234375,0.25390625,0.10546875,0.14746094,0.15136719,-0.005493164,0.040771484,-0.034423828,-0.22558594,-0.14160156,-0.2734375,-0.16503906,-0.171875,0.25,0.07861328,0.08886719,-0.36914062,-0.08300781,0.24902344,-0.11230469,-0.18945312,0.24316406,-0.12109375,-0.032714844,-0.18066406,-0.012329102,-0.07324219,-0.05126953,0.08984375,-0.15625,0.54296875,-0.09082031,0.013366699,0.11767578,-0.12060547,0.19238281,-0.19726562,0.3359375,0.05126953,0.35742188,0.04663086,-0.19335938,0.025634766,0.087402344,-0.36914062,-0.3828125,-0.0859375,0.03955078,0.025878906,0.019042969,-0.3046875,-0.23144531,-0.072265625,0.13574219,-0.24707031,0.1484375,0.13867188,0.095703125,0.24902344,0.078125,-0.053222656,-0.06640625,-0.09082031,0.15234375,-0.008178711,-0.30078125,0.008728027,-0.17480469,0.17578125,0.30273438,0.29492188,0.20019531,0.072265625,-0.13671875,-0.26757812,-0.30078125,0.22558594,-0.025634766,0.16894531,0.15429688,0.26953125,0.19335938,0.03125,-0.18945312,0.064941406,0.099121094,-0.1328125,-0.059814453,0.05883789,0.1171875,0.033691406,-0.07714844,-0.08642578,0.09423828,0.23925781,0.33984375,-0.018432617,-0.20800781,0.13378906,0.037353516,-0.17480469,0.075683594,-0.26171875,-0.24609375,-0.13183594,-0.018920898,0.16601562,-0.16894531,-0.34570312,-0.0859375,-0.13476562,0.0074768066,0.044921875,0.36523438,-0.30078125,0.32617188,-0.076171875,0.26171875,-0.109375,-0.07373047,-0.022216797,-0.14550781,0.16601562,-0.13574219,0.07714844,-0.111328125,0.026855469,-0.16894531,-0.1328125,0.16699219,-0.171875,0.40429688,0.13085938,-0.064453125,-0.30078125,0.2421875,0.061523438,0.06298828,-0.119140625,-0.09423828,0.016113281,0.016479492,beach
3,-0.1796875,-0.41210938,-0.057861328,0.23535156,-0.21679688,0.109375,-0.12011719,-0.125,0.26757812,0.010498047,-0.328125,-0.107421875,0.059570312,-0.10449219,-0.18457031,-0.13378906,0.071777344,-0.265625,-0.17089844,-0.012817383,0.15429688,-0.050048828,-0.1953125,-0.25976562,0.10595703,0.0015716553,-0.15234375,0.17480469,0.37304688,-0.03930664,-0.16113281,0.123535156,0.15820312,-0.2890625,-0.33203125,0.0035247803,-0.114746094,-0.04663086,0.05078125,0.18164062,-0.095214844,-0.15820312,0.02368164,-0.060546875,-0.10449219,0.12695312,0.05859375,0.006439209,0.08935547,-0.25585938,-0.067871094,-0.2578125,-0.07373047,-0.111328125,0.09326172,-0.18652344,-0.20410156,0.15917969,0.08691406,-0.0071411133,-0.25390625,0.16015625,-0.17382812,-0.30859375,-0.024658203,-0.01361084,0.03491211,0.07421875,0.36132812,0.21777344,0.017211914,-0.107421875,0.0703125,0.107910156,-0.083496094,-0.13964844,0.14257812,0.063964844,-0.140625,0.0054016113,0.07080078,-0.16308594,-0.111328125,0.09863281,0.3125,0.20117188,-0.035888672,0.03466797,0.006866455,0.07519531,0.028076172,0.042236328,-0.265625,0.10595703,-0.026000977,0.018798828,0.21386719,0.010864258,-0.014343262,0.22167969,0.03930664,-0.14746094,-0.07910156,-0.3046875,-0.100097656,0.014038086,-0.31054688,0.028442383,-0.19238281,-0.022583008,0.11328125,0.30078125,-0.31640625,0.140625,0.110839844,0.088378906,0.25,-0.024047852,-0.111328125,0.08886719,-0.06640625,0.016967773,0.005432129,0.0061035156,0.10205078,0.076171875,-0.14648438,-0.08154297,-0.07421875,0.06933594,-0.14355469,-0.12792969,0.10839844,-0.119140625,0.03149414,-0.20117188,0.110839844,-0.38867188,-0.08886719,0.010620117,0.005706787,-0.087402344,-0.15136719,-0.08691406,0.03149414,-0.19726562,0.09033203,-0.4140625,-0.19140625,0.24511719,0.2421875,0.10888672,-0.008544922,0.18359375,-0.06347656,0.16210938,-0.04321289,0.17871094,-0.026611328,0.037353516,0.29101562,0.19433594,0.20019531,0.09472656,0.055419922,-0.18945312,0.21484375,-0.055664062,-0.296875,-0.0056152344,-0.33984375,0.008239746,-0.19335938,0.18554688,0.076660156,0.06689453,-0.07421875,0.030761719,-0.010986328,-0.13671875,-0.24511719,-0.04272461,-0.24511719,0.37109375,0.024780273,0.06298828,-0.041015625,0.14160156,0.061523438,0.3125,-0.017822266,0.0008201599,-0.16503906,-0.31640625,0.032226562,0.328125,0.0071411133,-0.005065918,-0.041748047,-0.27734375,0.19726562,0.37890625,-0.22167969,-0.11035156,0.068847656,-0.2734375,-0.10107422,0.032470703,-0.16113281,0.018432617,0.055664062,-0.072753906,-0.171875,0.18261719,-0.23828125,0.26171875,0.14746094,0.05493164,0.024414062,0.15234375,0.044189453,0.43164062,-0.043945312,-0.32226562,0.053466797,-0.100097656,-0.009094238,-0.072265625,0.052734375,0.1640625,-0.123046875,-0.20507812,0.020385742,0.22460938,-0.18847656,0.21386719,0.26953125,0.028808594,0.27539062,0.17773438,0.15625,0.11279297,0.055664062,-0.25390625,-0.14746094,0.140625,-0.09667969,0.04321289,-0.0059509277,-0.020629883,-0.04345703,-0.019897461,-0.104003906,-0.122558594,-0.00045967102,-0.01940918,0.05419922,-0.024536133,-0.17675781,0.111816406,0.004760742,-0.013000488,0.08544922,-0.048828125,0.16796875,0.33007812,-0.18261719,-0.020507812,0.16308594,-0.38476562,0.052490234,-0.045898438,0.28710938,-0.24414062,-0.023925781,-0.265625,-0.06298828,-0.17089844,0.043945312,0.21972656,0.17382812,0.083496094,-0.23144531,0.14746094,0.1953125,-0.08203125,-0.17382812,0.24316406,-0.17089844,-0.1171875,-0.057617188,-0.18652344,-0.18945312,-0.012817383,-0.14550781,0.09765625,0.048583984,-0.08105469,0.00030899048,-0.16113281,below
4,0.1328125,-0.1484375,0.24511719,0.2578125,0.068847656,-0.19140625,0.047851562,-0.20214844,0.16796875,0.35546875,0.26953125,-0.064941406,-0.0033721924,-0.048095703,-0.17480469,-0.06738281,-0.095214844,0.04736328,-0.064453125,-0.0030670166,-0.060302734,0.05419922,-0.17773438,0.005706787,-0.005584717,-0.25195312,-0.14355469,0.17480469,-0.0087890625,-0.15136719,-0.021240234,0.049316406,-0.032226562,0.012451172,-0.0009765625,-0.21191406,0.18359375,0.1171875,-0.21777344,-0.091308594,-0.23535156,-0.036621094,0.14746094,-0.35546875,0.025878906,0.033203125,-0.171875,0.14941406,0.080566406,0.05102539,-0.122558594,0.020141602,-0.012878418,-0.22851562,0.0055236816,0.13671875,-0.18945312,0.07861328,0.17675781,-0.023803711,-0.15527344,0.025024414,-0.029541016,-0.31445312,-0.02746582,0.019042969,-0.036621094,-0.12890625,0.010559082,0.107421875,0.21582031,0.21289062,0.15527344,0.0625,-0.25976562,-0.078125,0.12597656,-0.022705078,0.1328125,0.20703125,0.079589844,0.09765625,0.1953125,-0.060546875,0.087890625,0.034179688,0.06542969,-0.14453125,0.026367188,-0.061523438,-0.21679688,0.012268066,0.053466797,0.040771484,-0.103515625,-0.10498047,0.26953125,0.045410156,-0.12158203,-0.24121094,-0.18847656,-0.16503906,0.34570312,-0.028442383,0.04321289,0.0059814453,-0.036621094,0.03881836,-0.0087890625,0.21679688,-0.07421875,0.052246094,0.19140625,-0.067871094,0.08154297,-0.24511719,0.0076904297,0.123535156,-0.13867188,0.21972656,0.072265625,-0.12988281,0.056396484,-0.140625,-0.091796875,-0.10839844,-0.13671875,-0.008239746,0.24414062,0.1875,-0.10986328,0.14257812,-0.0014953613,-0.010192871,0.016113281,0.21679688,0.024169922,0.043701172,0.025268555,0.05126953,0.296875,0.20410156,0.12890625,0.024902344,0.06542969,0.1953125,-0.088378906,-0.27148438,-0.18652344,0.07861328,0.09033203,0.20507812,-0.042236328,0.0035095215,0.078125,0.32617188,-0.18066406,0.10253906,-0.09765625,0.04736328,0.083496094,-0.044433594,-0.067871094,-0.037597656,0.26757812,-0.1796875,0.24804688,0.038085938,-0.2265625,-0.14257812,-0.06298828,0.17285156,0.16894531,-0.23730469,-0.18554688,-0.0234375,0.067871094,-0.19726562,-0.050048828,0.10595703,-0.19726562,-0.0022125244,-0.0390625,-0.016235352,-0.13671875,-0.04345703,-0.04296875,0.22460938,-0.13183594,0.05419922,0.052490234,-0.022338867,-0.026489258,0.09814453,-0.0032196045,0.17285156,-0.13476562,0.19335938,-0.057617188,-0.060546875,0.024169922,0.02734375,-0.20703125,-0.23144531,0.08154297,-0.061767578,0.1328125,0.34375,-0.024902344,-0.04248047,-0.19433594,-0.08935547,-0.23535156,-0.053710938,0.012878418,0.06982422,0.039794922,-0.019042969,-0.125,0.013427734,0.016113281,0.27734375,0.0078125,-0.08984375,-0.026733398,-0.057128906,0.042236328,0.034179688,0.012634277,-0.08496094,-0.005279541,-0.103515625,0.20898438,-0.08691406,0.21777344,-0.099121094,0.39257812,0.171875,0.35546875,0.22949219,-0.30859375,-0.014465332,-0.18359375,-0.110839844,-0.063964844,-0.13378906,0.12060547,-0.01977539,-0.111328125,-0.040039062,0.111816406,-0.11035156,0.17480469,0.053222656,0.0055236816,-0.12890625,-0.16503906,0.014465332,-0.2109375,0.015258789,-0.122558594,-0.029663086,0.16210938,0.09472656,0.10498047,0.24511719,-0.0035552979,0.09082031,-0.11621094,-0.004699707,-0.07910156,-0.15820312,0.14746094,-0.114746094,-0.16601562,0.032958984,-0.12695312,-0.28320312,-0.18066406,-0.17871094,0.11328125,-0.021728516,0.008422852,-0.029418945,0.0703125,0.032958984,-0.3984375,-0.10449219,0.10546875,0.020507812,-0.0018997192,0.092285156,-0.14355469,-0.048583984,-0.05810547,0.022949219,-0.07373047,-0.11669922,-0.24023438,0.107910156,beside
5,-0.091308594,-0.19238281,-0.17480469,0.18261719,0.25585938,0.022583008,0.10839844,-0.2109375,-0.13085938,-0.01550293,0.28320312,-0.33398438,-0.18261719,-0.09863281,-0.0009918213,0.02368164,-0.26757812,0.24609375,-0.072753906,-0.068359375,-0.11328125,0.2890625,-0.15527344,-0.16894531,-0.123535156,-0.08642578,0.030029297,0.234375,0.15039062,0.33789062,-0.25976562,0.09667969,-0.100097656,0.037841797,-0.25585938,-0.061523438,0.095703125,-0.19726562,0.36914062,0.23144531,0.14648438,-0.24121094,-0.16796875,-0.13867188,-0.17382812,-0.29492188,0.088378906,-0.076660156,0.051757812,-0.025878906,-0.20800781,-0.06933594,0.115234375,0.19628906,-0.013122559,0.08642578,-0.1796875,-0.15917969,-0.025878906,-0.37890625,-0.106933594,0.10839844,-0.020507812,-0.012878418,0.08691406,-0.36914062,-0.07128906,-0.17675781,0.2890625,-0.009155273,0.125,-0.16210938,0.030761719,-0.118652344,-0.07128906,-0.096191406,-0.13183594,-0.16992188,-0.083984375,0.02331543,-0.19628906,-0.11035156,-0.067871094,-0.2734375,0.20214844,-0.0703125,-0.12060547,0.5078125,-0.23144531,-0.096191406,-0.18261719,-0.17089844,0.15429688,-0.052978516,-0.06591797,-0.09277344,0.14746094,-0.140625,0.12158203,-0.3671875,-0.25585938,-0.34570312,-0.038330078,0.20605469,0.20605469,0.000831604,0.033935547,0.13085938,-0.34375,-0.040527344,-0.25,-0.15625,0.095214844,0.20019531,-0.03100586,-0.028320312,0.17871094,-0.038085938,-0.052734375,-0.328125,-0.12207031,0.15234375,0.08154297,-0.18554688,0.38476562,0.072265625,-0.15625,0.06298828,0.017089844,0.31835938,-0.39257812,-0.07519531,-0.06933594,0.29296875,-0.05517578,0.41601562,0.032958984,0.18652344,0.3671875,-0.16699219,-0.10644531,0.039794922,-0.36328125,-0.00034713745,0.18066406,-0.06298828,0.16796875,0.21582031,-0.37109375,-0.11816406,-0.022827148,-0.047851562,-0.14453125,0.24902344,-0.12158203,-0.17773438,0.076171875,-0.13964844,-0.24023438,0.17578125,-0.22167969,-0.3671875,0.067871094,0.091796875,0.35742188,-0.17675781,-0.118652344,-0.076660156,-0.11621094,0.022460938,0.0072021484,0.20605469,-0.18359375,-0.21191406,-0.640625,-0.40625,0.11621094,0.20019531,-0.038085938,0.24121094,-0.19628906,-0.20019531,-0.021118164,0.23925781,0.013671875,-0.041503906,0.12597656,0.08642578,-0.018066406,0.11035156,-0.14355469,0.1484375,-0.115722656,0.01574707,0.17480469,0.42578125,0.23828125,-0.07470703,-0.21777344,-0.010498047,-0.107910156,-0.06591797,0.14648438,-0.23730469,-0.32617188,0.25585938,0.24316406,0.08642578,0.068359375,-0.053955078,-0.24121094,0.05908203,0.0001296997,0.48046875,0.068847656,0.13085938,-0.031982422,-0.22167969,0.16601562,0.3671875,0.16699219,0.07763672,-0.10205078,-0.040283203,0.055664062,-0.13378906,0.026367188,0.12158203,0.049804688,0.26953125,0.29101562,-0.19921875,-0.047851562,0.28320312,-0.42773438,-0.52734375,-0.026000977,-0.29492188,0.099609375,-0.100097656,0.068847656,-0.16503906,-0.010314941,-0.13769531,-0.012084961,-0.13574219,0.006439209,-0.033203125,0.099121094,0.017578125,-0.25195312,-0.29882812,0.34570312,-0.07373047,0.20019531,-0.08154297,-0.07128906,-0.30273438,-0.29296875,-0.11425781,-0.17382812,0.08300781,-0.100097656,0.265625,0.21582031,-0.20117188,-0.37304688,0.18945312,-0.27148438,-0.14941406,0.06347656,0.122558594,0.119628906,-0.13964844,0.12158203,-0.0016174316,0.026245117,-0.32226562,-0.11816406,0.296875,-0.015197754,0.16601562,0.33203125,0.0031280518,0.014526367,-0.359375,0.13183594,-0.01953125,-0.055419922,0.21191406,0.015625,-0.22753906,0.004547119,0.014709473,0.07421875,0.16308594,0.08105469,0.20410156,0.19140625,0.12988281,blueberry
6,-0.032714844,0.107421875,-0.14746094,-0.08203125,0.010620117,-0.234375,-0.07470703,-0.17285156,0.125,0.20117188,0.15039062,-0.30664062,-0.01965332,-0.061035156,-0.18261719,-0.027954102,-0.15234375,-0.03149414,0.5,-0.19921875,-0.28515625,-0.27148438,-0.017700195,-0.038330078,0.033935547,0.006164551,0.0008430481,-0.039794922,0.24316406,-0.016357422,-0.12597656,0.07714844,0.12988281,-0.171875,0.025024414,0.068847656,-0.203125,-0.08935547,-0.039794922,0.08300781,0.096191406,-0.10449219,0.31445312,-0.037353516,0.20605469,0.28320312,-0.484375,0.37109375,-0.09423828,0.2421875,0.1796875,0.048095703,0.026123047,0.23632812,0.23046875,-0.10888672,0.09326172,-0.36914062,-0.25,-0.22265625,-0.20996094,0.27734375,-0.1484375,-0.23632812,0.006164551,-0.118652344,0.12060547,-0.02758789,-0.25585938,0.021850586,-0.14550781,0.23925781,0.078125,0.123046875,-0.17480469,-0.09667969,-0.115234375,-0.15527344,-0.001701355,0.09423828,0.10058594,0.19726562,0.13476562,-0.13671875,-0.11328125,0.22070312,-0.045654297,-0.15917969,0.11279297,0.24414062,0.04638672,-0.1484375,0.084472656,-0.12792969,-0.29296875,0.19238281,0.15917969,-0.15136719,0.15332031,-0.16601562,0.095703125,-0.22851562,0.21679688,0.22363281,-0.106933594,0.023071289,0.011108398,0.09814453,-0.055908203,0.04736328,0.10058594,0.19140625,0.10986328,-0.057373047,0.15625,0.09326172,0.17382812,0.14355469,-0.10595703,0.012878418,0.26953125,0.026123047,-0.19433594,-0.09716797,0.08544922,0.017333984,0.11279297,0.02746582,0.29101562,0.38085938,-0.13085938,-0.10986328,0.056884766,-0.12109375,-0.16699219,0.26171875,-0.028076172,-0.20996094,0.016967773,0.18847656,-0.19628906,-0.16210938,-0.024169922,0.24121094,-0.115722656,0.13574219,0.23144531,-0.23632812,0.09277344,-0.43359375,0.13476562,0.08544922,-0.13085938,-0.060302734,0.08642578,-0.17480469,-0.064941406,-0.10888672,0.13671875,-0.048339844,-0.096191406,-0.21582031,-0.19824219,-0.24316406,0.084472656,-0.020019531,-0.041259766,-0.1796875,0.006591797,-0.080078125,0.08154297,0.07324219,-0.03149414,-0.08886719,0.016723633,-0.10888672,0.07421875,-0.16210938,0.033935547,-0.10546875,-0.03466797,-0.12890625,-0.05810547,-0.119628906,-0.099609375,-0.08496094,-0.055908203,-0.084472656,0.20214844,-0.01977539,0.038085938,0.34375,0.26757812,-0.2734375,-0.16992188,0.53515625,-0.15136719,0.31640625,0.19042969,0.10205078,0.21191406,-0.10449219,0.061767578,-0.083984375,0.32421875,-0.107910156,0.09277344,0.16601562,-0.095703125,-0.21679688,-0.23144531,0.12451172,-0.13671875,-0.1640625,-0.20800781,-0.026733398,-0.2265625,-0.04248047,-0.26367188,0.21777344,0.018920898,0.056152344,0.0012893677,0.13085938,0.015014648,-0.14746094,-0.013061523,0.27734375,-0.09423828,0.059326172,0.34765625,-0.115722656,-0.2578125,-0.07421875,0.203125,0.18164062,0.11669922,-0.096191406,0.17578125,-0.20214844,0.15039062,-0.23046875,-0.20703125,-0.022460938,-0.16796875,-0.033203125,-0.16015625,0.15625,0.06591797,0.096191406,-0.029541016,0.23730469,0.003753662,0.022460938,-0.140625,0.01928711,-0.051757812,-0.19140625,-0.08984375,-0.31054688,-0.0119018555,-0.39257812,0.05126953,0.057861328,-0.16015625,-0.10498047,0.17871094,-0.068359375,-0.1953125,0.1484375,0.061035156,0.07080078,0.06689453,0.032958984,0.21484375,-0.1328125,-0.16113281,-0.16992188,0.041503906,0.04345703,-0.16699219,0.09033203,0.12988281,0.0010604858,0.24023438,0.16308594,0.091308594,0.37890625,-0.111816406,0.25976562,-0.012268066,0.07421875,-0.29882812,0.0625,-0.09082031,0.0013046265,-0.29492188,-0.05908203,0.19140625,0.23632812,dawn
7,-0.15039062,0.072265625,0.030517578,0.041503906,0.018066406,-0.036865234,0.16894531,-0.125,0.21875,0.045898438,0.079589844,-0.06347656,0.15332031,-0.03466797,0.060546875,0.13085938,-0.119140625,0.03515625,0.15917969,-0.09277344,-0.123535156,0.0043029785,0.049804688,-0.12109375,-0.08984375,0.087890625,0.111816406,0.125,0.12402344,0.07421875,-0.041503906,0.05444336,0.080078125,0.0234375,-0.11230469,-0.016845703,-0.087890625,-0.10644531,-0.08251953,0.061279297,0.059814453,-0.024658203,0.23730469,0.05126953,-0.052978516,-0.052490234,-0.103027344,0.1328125,-0.076171875,0.042236328,0.027832031,-0.08935547,-0.02734375,0.09375,0.07128906,0.026000977,0.0055236816,-0.014465332,0.08300781,-0.15234375,-0.08203125,0.091796875,-0.0010299683,-0.10205078,0.10888672,-0.012145996,-0.04638672,-0.041503906,0.045654297,0.04248047,0.064453125,0.03491211,-0.030395508,0.111816406,0.095214844,-0.11328125,0.072265625,0.037597656,-0.003967285,0.06591797,-0.0048828125,-0.099121094,0.00592041,-0.063964844,0.048828125,0.019042969,-0.114746094,-0.080078125,0.14257812,0.16210938,0.24121094,0.21386719,-0.06347656,-0.24804688,-0.375,-0.008544922,0.13085938,0.07861328,0.063964844,-0.046875,0.16210938,-0.16113281,-0.118652344,-0.014831543,-0.10986328,-0.21777344,-0.04321289,-0.010253906,-0.10644531,0.014221191,0.16308594,0.033447266,0.044921875,-0.001701355,0.2578125,-0.029663086,0.14453125,-0.020019531,0.025634766,0.110839844,-0.115722656,-0.091308594,0.025512695,0.0625,0.0002861023,0.010253906,0.15625,-0.029052734,0.0008659363,0.04736328,-0.10498047,-0.18359375,-0.015075684,-0.084472656,-0.15722656,-0.18847656,0.0037841797,0.04296875,-0.099121094,-0.075683594,0.19335938,-0.12890625,0.04736328,-0.123535156,-0.1484375,0.068359375,0.034423828,-0.18261719,-0.008666992,-0.07470703,0.08496094,0.1875,-0.14941406,-0.009887695,0.06591797,-0.111816406,-0.057861328,-0.25,-0.17285156,0.07470703,-0.09277344,0.0390625,0.12109375,0.12695312,-0.011230469,0.046142578,0.039794922,-0.09277344,0.099121094,-0.11816406,-0.10644531,0.06689453,-0.010131836,-0.23925781,-0.06933594,-0.1796875,0.014343262,0.036132812,-0.018066406,-0.010864258,-0.18066406,0.049560547,0.017700195,0.047851562,0.19140625,0.03564453,0.1875,-0.06591797,0.19042969,-0.0138549805,0.02319336,0.095214844,-0.12890625,0.024902344,-0.20703125,0.07470703,-0.049804688,0.107910156,-0.296875,0.024414062,0.018920898,0.007080078,-0.103515625,-0.06347656,0.22851562,-0.0043029785,-0.18066406,0.14648438,0.072265625,-0.15722656,0.09082031,0.059814453,-0.14941406,-0.036132812,-0.10498047,0.025878906,-0.021972656,0.02746582,-0.265625,0.06542969,0.16992188,0.17773438,0.18652344,-0.14746094,-0.05419922,-0.12988281,0.032714844,-0.004760742,-0.053222656,-0.03955078,0.18261719,0.029907227,0.036621094,-0.015991211,-5.722046e-06,-0.028686523,-0.037109375,0.13867188,0.05053711,-0.10107422,0.18066406,0.05029297,-0.08935547,-0.23144531,0.0115356445,-0.08544922,-0.11035156,-0.068359375,0.028442383,0.003036499,-0.10449219,0.107910156,0.071777344,-0.021362305,0.0154418945,0.0045166016,0.10058594,0.055664062,-0.0065612793,-0.06298828,0.03100586,-0.083496094,0.13671875,-0.017822266,0.17089844,0.10107422,0.21582031,0.203125,-0.13476562,0.15039062,0.10253906,0.00075149536,0.14160156,0.14746094,0.20214844,-0.064941406,-0.12890625,-0.025024414,0.08154297,-0.056396484,0.018188477,0.018676758,-0.076171875,0.1484375,-0.0053710938,-0.1328125,-0.140625,0.18457031,0.072753906,0.15722656,0.10986328,-0.041992188,-0.16894531,-0.07421875,-0.04272461,-0.057128906,-0.20703125,0.13183594,0.084472656,0.018676758,day
8,0.28320312,-0.17285156,0.28125,0.13964844,-0.32226562,-0.17773438,-0.079589844,-0.2265625,0.37890625,0.13964844,0.0053100586,-0.24511719,0.15332031,0.18261719,-0.048339844,0.0039367676,0.0859375,0.39257812,-0.019042969,-0.19042969,0.16113281,0.11621094,0.07373047,0.12890625,0.07080078,-0.111816406,-0.05834961,0.43945312,0.16601562,-0.083984375,0.072265625,0.18554688,0.03881836,0.022338867,0.015136719,0.12451172,0.45507812,0.30664062,-0.16503906,0.04663086,0.19238281,-0.1875,0.09472656,-0.29882812,-0.25585938,-0.12988281,0.00793457,-0.040527344,-0.140625,0.31835938,-0.18652344,0.1171875,-0.07861328,-0.006713867,-0.1328125,-0.18359375,-0.27929688,0.016235352,0.125,-0.19140625,-0.0703125,0.17382812,-0.02734375,-0.017822266,-0.2890625,-0.11767578,-0.24609375,0.12695312,-0.015014648,0.09277344,0.123046875,-0.13867188,0.115234375,0.15820312,-0.072265625,-0.09472656,0.18261719,0.24316406,0.20898438,0.04345703,-0.16015625,0.13476562,-0.026245117,-0.024291992,0.15917969,0.037597656,0.049560547,-0.015197754,-0.07080078,0.07714844,-0.109375,0.31445312,-0.28515625,0.21582031,-0.16894531,0.16015625,0.19921875,-0.09667969,-0.016479492,0.14648438,-0.026123047,0.07519531,0.14550781,-0.060058594,0.20898438,0.016113281,0.33007812,-0.026733398,0.12011719,-0.110839844,-0.30664062,-0.06738281,-0.26953125,0.07470703,0.092285156,0.09765625,-0.047607422,-0.1171875,0.016113281,0.068847656,-0.36132812,0.095214844,-0.107910156,-0.07080078,-0.0138549805,-0.014343262,-0.103515625,-0.049072266,0.16503906,-0.06591797,-0.48828125,0.12695312,-0.20117188,0.1640625,-0.088378906,0.15234375,0.09277344,0.19238281,-0.30664062,-0.12158203,-0.0027770996,0.12451172,-0.15332031,0.08984375,0.19335938,-0.10058594,-0.24316406,0.19042969,0.091308594,-0.1953125,0.28125,0.106933594,0.0033416748,0.22851562,0.00017356873,0.041992188,-0.083984375,-0.29492188,0.076171875,-0.23730469,0.04711914,0.111816406,-0.14355469,-0.125,-0.08105469,-0.22070312,-0.009338379,0.0063476562,0.075683594,0.14648438,0.22265625,-0.075683594,-0.22167969,0.3359375,-0.18457031,-0.08984375,-0.045166016,-0.29492188,0.2265625,-0.20898438,-0.05883789,0.25585938,-0.052246094,0.004638672,-0.10058594,-0.040283203,-0.36132812,0.022216797,-0.014160156,0.014343262,0.14941406,0.051513672,0.00018501282,0.021362305,-0.31835938,0.14746094,0.21191406,0.35742188,0.027709961,0.24609375,-0.25390625,-0.018310547,0.0546875,-0.111816406,0.31054688,-0.11035156,-0.084472656,0.5,-0.022460938,0.16113281,0.04272461,-0.15234375,0.21777344,0.06738281,-0.09863281,-0.0035858154,-0.33203125,0.09667969,0.02758789,-0.21191406,0.08886719,-0.265625,-0.07470703,0.010192871,-0.16210938,-0.21191406,0.11621094,0.015075684,0.45117188,-0.40234375,0.08544922,0.026733398,0.26757812,0.38085938,0.16113281,-0.16113281,0.091308594,0.390625,-0.091796875,0.17285156,0.068359375,-0.18554688,0.09082031,-0.034179688,-0.24316406,0.0012283325,0.10498047,0.059814453,-0.15332031,0.15039062,0.17285156,0.0625,0.18847656,-0.025146484,-0.15429688,-0.12890625,0.041015625,-0.083496094,0.068847656,-0.18847656,-0.30273438,0.3125,-0.19628906,0.23242188,-0.14355469,-0.018432617,0.008728027,0.27539062,0.22265625,0.012756348,-0.19335938,0.18261719,0.13964844,-0.10546875,-0.14550781,0.13476562,-0.3125,0.01977539,0.110839844,0.10595703,0.44140625,-0.014770508,0.029907227,0.22558594,-0.16308594,0.0074157715,0.08300781,0.09716797,-0.16015625,0.007080078,-0.1953125,-0.14648438,-0.040771484,0.008361816,0.109375,-0.08886719,-0.096191406,-0.037109375,0.002960205,0.18652344,disgust
9,0.0043640137,-0.04345703,-0.087402344,0.22753906,-0.020629883,-0.0029296875,-0.060546875,-0.33203125,-0.15820312,0.024902344,-0.11425781,-0.2421875,0.09716797,0.34179688,-0.31445312,0.048095703,0.11328125,-0.10595703,0.041015625,-0.33789062,0.09277344,-0.016235352,-0.21191406,-0.021484375,0.06542969,-0.01361084,-0.20117188,-0.07861328,0.12158203,-0.07080078,-0.08984375,0.09326172,0.16796875,-0.0066223145,-0.13183594,-0.26757812,0.61328125,0.104003906,-0.32226562,0.24609375,-0.28125,0.083496094,-0.020263672,-0.19238281,0.13476562,-0.061523438,-0.37890625,-0.15039062,-0.05419922,0.09375,-0.05126953,0.015380859,0.29101562,0.048828125,-0.09667969,-0.20996094,0.34179688,0.15527344,-0.19335938,-0.051757812,0.15136719,-0.14648438,-0.11669922,0.033691406,-0.07910156,0.4296875,-0.20996094,0.11230469,0.53125,0.296875,0.3828125,0.32226562,-0.106933594,0.05126953,-0.03173828,-0.060302734,0.234375,0.04345703,-0.11230469,0.3671875,-0.026000977,-0.09423828,-0.32226562,-0.022216797,-0.4453125,0.103027344,0.08886719,0.20996094,-0.016967773,0.038085938,0.08935547,0.06738281,-0.24316406,-0.13378906,0.31835938,-0.35351562,0.1484375,-0.07470703,0.051513672,-0.20214844,-0.22167969,-0.12597656,-0.030273438,-0.018066406,-0.25585938,0.01953125,0.4296875,-0.0625,-0.13964844,-0.010131836,-0.13085938,0.109375,-0.057128906,0.087890625,-0.008056641,-0.21777344,0.21777344,-0.119140625,0.11035156,0.2109375,0.06298828,-0.12207031,0.16308594,-0.10986328,0.35742188,0.18359375,-0.083984375,0.008850098,0.0043029785,-0.01977539,-0.18554688,-0.107910156,-0.07373047,0.38085938,-0.05810547,0.19238281,-0.19824219,0.048339844,0.08496094,-0.29101562,0.15039062,-0.13867188,0.12402344,-0.009399414,-0.13476562,0.09716797,0.11816406,0.10058594,-0.032226562,-0.03515625,0.017211914,-0.06933594,0.060546875,0.012512207,0.12792969,-0.09765625,-0.10839844,-0.25,-0.021972656,-0.044433594,0.26367188,0.16113281,0.3828125,0.09765625,-0.05029297,-0.045654297,0.15820312,-0.21386719,-0.053222656,0.3046875,-0.44335938,-0.037841797,-0.18261719,0.34570312,-0.0007171631,0.053955078,0.50390625,-0.19238281,-0.064941406,-0.04736328,-0.050048828,-0.14257812,0.004852295,0.12988281,0.22851562,-0.3671875,0.0076293945,-0.0078125,-0.17089844,0.15234375,0.05444336,0.12597656,0.014770508,0.22558594,-0.109375,-0.11279297,0.04711914,0.09423828,-0.23242188,-0.095703125,-0.11230469,-0.26953125,-0.18261719,-0.14257812,-0.001876831,-0.045410156,-0.036376953,0.10107422,0.18847656,0.04248047,-0.41601562,0.16796875,0.03955078,-0.25,-0.060058594,-0.05859375,-0.20996094,-0.20703125,-0.080078125,-0.111816406,-0.0079956055,0.24804688,0.20898438,-0.01928711,0.04663086,-0.203125,0.072265625,-0.061279297,-0.049316406,0.110839844,0.22753906,0.06689453,-0.096191406,-0.00793457,0.41992188,-0.045654297,-0.15136719,-0.016845703,0.06347656,-0.099609375,0.15820312,0.012756348,-0.014404297,-0.21972656,-0.031982422,-0.083984375,0.045654297,-0.013183594,0.020385742,-0.203125,-0.15820312,0.11621094,0.29882812,0.23144531,0.026489258,-0.23730469,0.09277344,0.18847656,-0.19433594,-0.31445312,0.23242188,0.11816406,-0.20507812,-0.2734375,0.20605469,0.15429688,-0.029052734,0.24609375,-0.027832031,-0.076171875,-0.171875,0.29882812,-0.005126953,0.24511719,0.40820312,-0.21777344,0.08642578,0.15136719,-0.09326172,0.14453125,-0.203125,0.037841797,0.28515625,-0.09033203,0.12597656,0.06738281,-0.05859375,0.13964844,-0.03515625,0.06225586,-0.21386719,0.03540039,-0.103515625,0.29882812,0.046875,-0.10205078,0.3984375,0.028442383,0.10986328,0.1640625,dress
10,0.119628906,0.087890625,-0.08496094,-0.10253906,-0.23046875,-0.056152344,0.08251953,0.03466797,0.10644531,-0.008422852,0.40820312,-0.12597656,0.10498047,0.03515625,-0.26953125,-0.11669922,0.024414062,-0.041992188,0.40234375,-0.20703125,-0.16210938,-0.103515625,-0.21191406,0.009277344,-0.13671875,-0.22558594,0.21289062,0.18945312,0.20703125,0.0019989014,-0.41015625,-0.12792969,-0.02331543,-0.21875,-0.15136719,-0.12402344,-0.14160156,-0.33203125,-0.029174805,0.16015625,0.44335938,-0.25195312,0.2578125,-0.21972656,-0.11816406,0.13183594,-0.3515625,-0.20214844,0.049072266,0.03540039,0.12695312,-0.041259766,0.056884766,0.10839844,0.22070312,-0.27734375,0.18457031,-0.36523438,-0.40429688,-0.040771484,-0.53125,0.06640625,-0.20996094,-0.13183594,0.15332031,-0.029663086,0.10546875,0.296875,0.0051574707,-0.14941406,0.08984375,-0.0071105957,-0.064941406,-0.15136719,-0.055664062,0.029785156,-0.29101562,-0.39453125,0.13378906,0.25195312,0.006378174,0.0064086914,0.3203125,0.041992188,0.045654297,0.30859375,-0.14160156,-0.2890625,0.18554688,0.050048828,-0.27539062,-0.015258789,0.100097656,0.053710938,-0.19335938,-0.109375,0.40039062,-0.28710938,-0.03564453,-0.25195312,0.064453125,0.010375977,-0.047851562,0.119140625,-0.020141602,-0.01159668,0.21289062,0.05102539,-0.26953125,-0.25,0.040039062,-0.0025177002,0.28125,-0.16308594,0.27539062,-0.18164062,0.020751953,-0.061035156,-0.32226562,-0.018920898,0.021362305,0.14453125,0.16601562,-0.1484375,0.025146484,-0.18554688,-0.021240234,0.13867188,0.1796875,0.018188477,-0.19726562,-0.15429688,-0.079589844,-0.14648438,-0.46484375,0.049804688,0.08691406,-0.296875,0.29101562,0.20800781,0.021972656,0.05810547,-0.12890625,-0.09472656,0.05810547,0.2265625,0.16796875,0.13476562,0.08642578,-0.4140625,0.24511719,0.13964844,-0.010681152,-0.18945312,-0.053466797,-0.1171875,0.41015625,-0.18652344,-0.091796875,0.18945312,-0.14160156,-0.1796875,0.088378906,-0.060302734,0.007537842,0.017211914,-0.0625,-0.043945312,0.12988281,-0.13574219,-0.1875,0.111328125,0.017944336,0.21191406,-0.13964844,-0.31640625,0.16796875,-0.25976562,-0.13769531,-0.30273438,-0.40429688,-0.103027344,0.03881836,-0.08105469,-0.18457031,-0.28320312,0.14746094,-0.19335938,0.3046875,0.039794922,-0.13769531,0.27929688,-0.17089844,-0.11328125,-0.20507812,0.27148438,-0.24707031,0.23535156,0.016357422,0.35546875,0.359375,-0.23535156,-0.25976562,-0.29101562,0.32617188,-0.171875,0.091308594,0.21484375,-0.024902344,0.029418945,-0.22851562,-0.080566406,-0.23828125,-0.13964844,-0.32617188,0.052490234,-0.30078125,0.111816406,-0.21386719,0.27148438,0.11669922,0.080566406,0.08642578,0.079589844,-0.30078125,-0.0028533936,0.060546875,0.39453125,0.11230469,-0.020874023,0.30078125,-0.19140625,-0.20117188,-0.018554688,0.41015625,-0.07373047,-0.044433594,-0.171875,0.111328125,-0.01550293,0.029541016,-0.17382812,0.0046081543,0.03564453,-0.14746094,-0.1484375,-0.017700195,-0.095703125,0.032470703,-0.123046875,0.15917969,-0.0029754639,-0.080078125,-0.033447266,-0.18261719,-0.15625,0.23535156,-0.22363281,-0.28125,-0.19042969,-0.12011719,-0.23632812,0.21777344,-0.28125,-0.13085938,0.053222656,-0.140625,0.02355957,-0.12451172,0.33789062,0.042236328,0.011291504,0.03881836,0.075683594,0.38671875,-0.18652344,-0.39257812,0.012390137,0.06591797,0.06201172,-0.017211914,0.103515625,0.21777344,-0.03540039,-0.033935547,-0.1796875,0.05908203,0.26757812,-0.11816406,0.1875,-0.1015625,0.115234375,-0.32617188,0.13671875,-0.118652344,0.13671875,-0.33203125,-0.08496094,0.21582031,0.114746094,dusk
11,-0.025390625,-0.0015869141,-0.028320312,0.05444336,0.040771484,-0.0040893555,0.06933594,-0.08544922,0.25390625,0.13378906,0.018920898,-0.171875,0.29296875,0.12890625,0.039794922,0.14160156,0.17871094,-0.05102539,-0.012817383,-0.02331543,-0.045898438,0.012756348,0.057861328,-0.20996094,0.30078125,-0.17773438,0.046875,-0.084472656,0.019042969,-0.09033203,0.06591797,0.15917969,-0.072753906,-0.19726562,-0.19433594,0.055419922,-0.071777344,-0.036865234,0.061279297,0.03515625,0.109375,-0.045898438,-0.015625,0.15917969,-0.16015625,-0.107421875,-0.18847656,0.16601562,0.11621094,-0.296875,0.24511719,-0.15722656,0.032714844,-0.049072266,0.059814453,0.16015625,-0.05419922,-0.068847656,-0.038085938,-0.0057373047,-0.12158203,0.19140625,0.15136719,-0.296875,0.017456055,-0.12060547,0.048095703,0.13574219,-0.12695312,0.111328125,0.08300781,0.06591797,0.15234375,-0.14550781,-0.030273438,0.03881836,0.07861328,0.0546875,0.13574219,-0.09716797,0.053955078,-0.07763672,0.16503906,0.041992188,-0.16992188,-0.103515625,-0.25976562,-0.057373047,0.07861328,-0.060302734,0.18066406,0.1640625,-0.29296875,-0.10107422,-0.029296875,-0.040039062,0.033447266,0.05102539,-0.06640625,0.107421875,-0.03466797,-0.07763672,-0.07861328,0.12988281,0.013793945,-0.20703125,0.060058594,-0.07861328,0.052001953,-0.1328125,0.09472656,0.04711914,0.16308594,-0.078125,0.050048828,0.20605469,0.3203125,-0.19042969,0.053222656,0.10839844,0.0051879883,0.26367188,-0.06542969,0.01940918,-0.10644531,0.024291992,-0.053710938,-0.052978516,-0.080566406,-0.140625,-0.13085938,-0.20898438,0.068359375,-0.11669922,-0.22070312,-0.15332031,0.13867188,0.19628906,0.15136719,-0.07421875,0.032958984,0.051757812,0.16308594,-0.064941406,0.17089844,-0.028320312,-0.16308594,-0.015563965,-0.23828125,-0.05883789,-0.079589844,-0.07470703,-0.18164062,-0.036865234,-0.091308594,0.04638672,0.12597656,-0.030029297,-0.17578125,0.00970459,-0.016967773,0.24902344,0.05810547,-0.12890625,0.19433594,-0.17578125,0.011230469,0.0033416748,-0.039794922,-0.016235352,-0.1875,0.075683594,-0.014404297,-0.18457031,0.11425781,0.06591797,-0.09326172,-0.2109375,-0.0138549805,-0.09814453,0.03125,-0.12207031,-0.061767578,0.024291992,0.025146484,0.051757812,-0.09863281,0.064941406,-0.0625,0.20898438,0.19628906,0.106933594,0.22949219,0.072753906,-0.079589844,-0.07470703,-0.014953613,0.0064086914,0.21289062,-0.19042969,0.02331543,0.088378906,0.07519531,0.17675781,0.014831543,-0.12695312,-0.16210938,-0.20214844,-0.18164062,0.09375,-0.119628906,-0.06933594,-0.09326172,-0.103515625,-0.30273438,-0.16113281,0.20605469,0.056884766,0.020385742,0.16894531,-0.09033203,-0.07373047,0.040771484,0.08984375,-0.04248047,-0.10449219,0.115722656,0.04736328,0.13769531,-0.100097656,0.03100586,-0.25976562,0.24707031,-0.10449219,-0.044433594,0.16992188,-0.20117188,-0.30664062,0.122558594,-0.013244629,0.06689453,0.04321289,0.20214844,-0.19921875,0.107910156,0.13769531,0.0033569336,0.022827148,-0.072753906,0.14257812,0.023925781,-0.008178711,0.27148438,0.03564453,0.0025024414,-0.05053711,0.13476562,0.13476562,0.0052490234,-0.18457031,0.111328125,-0.06201172,-0.01928711,-0.17285156,0.21972656,0.20019531,-0.24511719,-0.22265625,-0.068359375,0.037841797,-0.0390625,0.040283203,0.12060547,-0.01586914,-0.19921875,0.009338379,-0.14550781,-0.09667969,-0.078125,-0.087890625,0.15429688,0.034423828,-0.125,-0.055419922,-0.013305664,0.080566406,-0.06298828,-0.12695312,0.16503906,0.15625,-0.37304688,-0.09667969,-0.07373047,0.08203125,0.064941406,0.037841797,0.21582031,-0.18554688,0.11035156,-0.15722656,far
12,0.20898438,0.099121094,0.09814453,0.055419922,-0.3359375,0.18359375,0.140625,-0.011413574,0.30664062,0.1328125,0.007446289,-0.16210938,-0.10058594,0.0008659363,-0.16894531,0.055908203,-0.15332031,0.28515625,-0.044433594,-0.057128906,0.088378906,-0.11767578,0.115722656,0.053955078,0.24609375,0.04321289,0.13085938,-0.10986328,0.34375,-0.19238281,0.203125,-0.16308594,-0.15234375,-0.009460449,-0.12988281,-0.09423828,0.030273438,0.011962891,-0.0050354004,0.030273438,0.26367188,-0.07128906,0.22851562,-0.16601562,-0.15722656,0.06933594,-0.17871094,0.20117188,-0.009155273,0.07324219,-0.25976562,0.09082031,-0.14648438,0.12890625,0.13476562,0.087402344,0.10498047,-0.02734375,0.052490234,-0.05859375,-0.08642578,-0.084472656,-0.12597656,0.16113281,-0.04321289,-0.014709473,0.14550781,0.32226562,-0.14355469,-0.21582031,-0.20214844,0.045166016,0.09472656,0.13085938,-0.29492188,-0.03955078,0.061279297,0.13964844,0.24804688,0.21484375,0.03564453,0.23535156,0.19921875,0.017456055,0.010131836,-0.010192871,-0.45507812,0.059814453,0.140625,-0.11425781,-0.035888672,0.06298828,-0.20507812,-0.23144531,0.10253906,0.103515625,0.17675781,-0.0546875,-0.078125,-0.07421875,-0.045166016,-0.034179688,-0.22558594,0.12451172,0.20019531,-0.10449219,0.057373047,-0.119628906,0.028564453,-0.119140625,-0.009277344,0.23632812,0.22460938,-0.12011719,-0.20703125,-0.17285156,0.103027344,-0.05126953,0.103515625,0.028930664,-0.09033203,0.30859375,-0.12890625,-0.14355469,-0.012939453,-0.18359375,-0.053955078,0.056884766,-0.100097656,-0.05053711,0.17285156,0.061279297,-0.15332031,0.13476562,-0.041259766,-0.21484375,-0.009216309,0.33789062,0.11328125,0.111816406,-0.026611328,-0.096191406,0.055419922,0.072265625,0.05908203,0.05883789,-0.10205078,0.13183594,-0.052978516,-0.28320312,0.10839844,-0.1328125,-0.07763672,0.15234375,-0.052246094,0.053466797,-0.421875,-0.13183594,-0.22265625,0.13671875,0.03466797,0.21972656,0.02722168,-0.18457031,-0.10205078,-0.0390625,0.0625,0.10107422,0.13183594,0.024902344,-0.10498047,-0.12011719,-0.15722656,-0.10449219,-0.10058594,-0.18359375,0.04711914,0.12060547,-0.087402344,-0.087402344,0.059814453,-0.061523438,0.14941406,-0.07128906,-0.16210938,-0.16699219,-0.08496094,0.24609375,0.08496094,0.13964844,0.123046875,-0.022705078,0.16210938,0.05834961,-0.16601562,-0.18359375,-0.11621094,0.17285156,-0.13769531,0.09277344,-0.018432617,0.052001953,0.068847656,-0.47070312,0.047851562,-0.04663086,-0.06225586,0.044677734,-0.11376953,-0.29492188,-0.13476562,0.04248047,0.19824219,-0.12451172,-0.0015258789,-0.07421875,-0.0703125,-0.06591797,-0.103515625,0.052978516,0.041992188,0.08251953,-0.079589844,0.028808594,0.0027008057,-0.11376953,0.37109375,-0.0138549805,0.099609375,-0.22753906,-0.12890625,0.17089844,0.14453125,0.13964844,0.03173828,0.061035156,0.088378906,-0.32421875,-0.24414062,-0.1328125,0.033691406,-0.103027344,-0.039794922,0.014770508,-0.08300781,0.05053711,0.13964844,0.015136719,-0.0008087158,0.18554688,-0.021118164,-0.123535156,0.328125,-0.051757812,-0.26171875,-0.37304688,0.18359375,0.037353516,0.008605957,0.068359375,-0.28320312,0.09277344,-0.21386719,0.24121094,-0.15625,0.15625,-0.08642578,-0.047851562,-0.0859375,-0.06689453,-0.08203125,0.37304688,0.34960938,0.20019531,-0.06347656,-0.24804688,-0.028808594,0.014038086,0.28710938,0.12451172,0.096191406,-0.02722168,-0.028076172,-0.13378906,0.13183594,0.14550781,-0.08691406,0.087890625,0.0079956055,-0.078125,-0.16796875,-0.048339844,0.11279297,0.05029297,-0.08984375,-0.06298828,-0.2734375,0.018676758,0.24804688,0.033203125,fearful
13,-0.29492188,0.14648438,0.123046875,-0.29296875,0.03466797,-0.32617188,0.022216797,-0.29492188,0.02722168,0.091796875,0.26367188,-0.171875,0.18359375,0.048828125,-0.23046875,-0.03173828,0.05029297,0.16894531,0.27929688,0.028442383,-0.09716797,0.11767578,0.053222656,0.0020751953,0.14550781,-0.087890625,-0.328125,-0.09765625,-0.12890625,-0.04663086,-0.06933594,-0.1015625,-0.061767578,-0.055664062,-0.25195312,0.056884766,-0.08935547,0.009887695,0.27539062,0.0035858154,0.22851562,0.044433594,-0.09814453,0.08691406,-0.20703125,0.008422852,-0.12011719,0.047851562,0.13671875,0.00982666,0.011230469,-0.07519531,-0.0045776367,-0.123535156,0.032226562,0.09326172,0.21191406,0.09423828,0.061035156,-0.0018157959,-0.20214844,-0.18847656,0.095214844,-0.04638672,0.0073242188,0.1796875,0.05126953,0.08544922,0.17675781,0.21875,-0.15722656,0.027832031,-0.06542969,-0.0859375,-0.028808594,-0.015991211,0.15527344,-0.025268555,0.0859375,-0.11767578,-0.061767578,0.08886719,0.203125,0.040771484,0.25,-0.18261719,0.18457031,0.084472656,0.05859375,0.059570312,-0.080078125,0.002532959,0.09472656,-0.09326172,0.08642578,0.012084961,0.125,0.013305664,0.0234375,0.055419922,0.11767578,-0.052978516,0.0095825195,0.06982422,0.006439209,-0.00062179565,-0.029052734,-0.05517578,0.017822266,-0.32421875,0.087402344,-0.08886719,-0.11035156,0.091796875,0.34960938,0.06640625,-0.028076172,0.030517578,-0.07519531,-0.016967773,-0.25585938,-0.080078125,-0.08300781,0.11669922,-0.12207031,-0.21582031,-0.234375,-0.036865234,-0.0154418945,0.095214844,-0.04272461,-0.16601562,-0.041503906,-0.033203125,-0.055664062,-0.080078125,-0.005004883,0.10546875,-0.23730469,-0.068359375,-0.28515625,0.063964844,0.19238281,0.18164062,0.025390625,0.024536133,-0.031982422,-0.023803711,-0.16796875,-0.05419922,-0.08496094,0.30664062,-0.041503906,0.13867188,-0.052001953,0.10839844,0.06591797,-0.24414062,0.09863281,0.017089844,-0.14160156,0.18261719,0.091308594,-0.14355469,0.14160156,0.09863281,0.009155273,-0.23144531,-0.060546875,-0.078125,-0.20996094,-0.03540039,0.013916016,-0.26953125,0.00061798096,-0.18652344,-0.076171875,-0.14257812,-0.2890625,-0.033447266,-0.23828125,-0.06640625,0.11767578,0.11230469,-0.22363281,0.016723633,0.14746094,-0.18261719,0.21777344,0.021362305,-0.0015716553,-0.14453125,0.015197754,-0.014038086,-0.0014648438,0.11621094,0.045166016,-0.015075684,-0.1875,0.043945312,-0.17675781,-0.08984375,-0.19335938,-0.05102539,0.12597656,-0.0031738281,0.14355469,-0.07128906,-0.09716797,0.053710938,-0.021118164,-0.12158203,-0.118652344,0.01184082,-0.07519531,0.076171875,-0.14550781,-0.0032043457,-0.004699707,-0.07714844,-0.10253906,-0.060546875,0.036865234,-0.22558594,0.17773438,0.07373047,-0.0020446777,-0.044433594,0.171875,-0.20019531,0.05908203,0.038085938,0.203125,-0.125,0.030639648,0.00061416626,-0.022827148,0.076171875,0.048828125,-0.0859375,-0.020629883,0.099121094,-0.04321289,-0.0703125,-0.003036499,0.13378906,-0.044677734,0.115234375,-0.095214844,-0.114746094,-0.12988281,-0.26757812,0.19238281,-0.09423828,0.059570312,-0.18554688,0.13867188,-0.064453125,-0.052001953,-0.122558594,-0.076171875,0.017333984,-0.15429688,0.10253906,0.2890625,0.015991211,0.028442383,0.0119018555,-0.21191406,0.19335938,-0.17871094,-0.15527344,-0.045898438,-0.18261719,0.010620117,0.08544922,-0.11621094,-0.2109375,-0.17871094,-0.019165039,0.19238281,0.016357422,0.16210938,0.11230469,-0.12402344,-0.20605469,-0.03540039,0.076660156,0.09423828,-0.035888672,0.07470703,0.23730469,-0.31835938,0.046142578,0.20019531,0.055664062,0.12451172,-0.07470703,-0.03173828,0.0859375,field
14,-0.0005187988,0.16015625,0.0016098022,0.025390625,0.099121094,-0.0859375,0.32421875,-0.021728516,0.13476562,0.11035156,-0.10498047,-0.029052734,-0.023803711,-0.040283203,-0.036865234,0.23242188,0.3203125,0.10107422,0.05834961,-0.00029182434,-0.032958984,0.21191406,0.04321289,-0.0859375,0.28125,-0.017822266,0.0037994385,-0.171875,0.20605469,-0.18554688,0.037353516,-0.012145996,0.20410156,-0.038085938,0.036132812,-0.08154297,0.084472656,0.09375,0.14453125,0.07421875,0.25195312,-0.07910156,0.08691406,0.01586914,0.109375,-0.22363281,-0.0051574707,0.16894531,-0.13671875,-0.025146484,-0.03857422,-0.013305664,0.13867188,0.17675781,0.11035156,0.15136719,0.07861328,-0.16992188,0.12060547,-0.4375,-0.04321289,0.13476562,-0.34570312,0.091308594,0.04711914,0.09667969,-0.016113281,-0.04711914,-0.046875,0.13769531,0.099609375,0.044921875,-0.024902344,0.15820312,-0.35742188,-0.12109375,0.115722656,0.09082031,0.140625,0.16015625,-0.004425049,0.053466797,0.22851562,0.18847656,-0.03881836,-0.25390625,-0.17480469,0.09814453,0.010864258,0.14160156,0.0078125,0.13671875,-0.20800781,-0.034179688,-0.25,0.12597656,0.15722656,0.0033111572,-0.15136719,-0.06982422,-0.140625,0.20605469,-0.03540039,0.15722656,0.05834961,-0.035888672,0.21289062,-0.11376953,0.14160156,-0.012939453,0.091308594,-0.03955078,0.09765625,-0.026977539,0.013000488,-0.13085938,0.33203125,-0.35351562,-0.05444336,-0.025024414,-0.14257812,0.064941406,0.055419922,-0.048339844,-0.11230469,-0.1328125,-0.06738281,-0.14160156,-0.20507812,-0.12988281,-0.104003906,-0.08105469,-0.16796875,0.16308594,-0.11376953,-0.051757812,0.076171875,0.359375,0.104003906,0.359375,-0.087402344,0.06542969,-0.010986328,-0.18847656,-0.06591797,0.23046875,-0.296875,0.006591797,0.14941406,-0.17382812,0.13183594,0.23632812,-0.092285156,0.17089844,-0.017089844,0.03125,-0.0033721924,0.09667969,-0.26171875,-0.018432617,-0.18554688,0.12402344,0.30078125,0.24316406,0.30664062,-0.328125,-0.05053711,0.1015625,0.07861328,-0.14453125,-0.12597656,-0.024169922,0.29492188,-0.15039062,-0.039794922,0.27539062,0.12695312,-0.09863281,-0.13964844,0.025268555,-0.08544922,-0.017211914,0.091796875,0.13964844,-0.23925781,-0.21191406,-0.22167969,0.15332031,-0.01586914,-0.20019531,-0.020751953,0.035888672,-6.966293e-07,-0.21386719,0.20019531,-0.109375,-0.051513672,0.06225586,-0.32226562,-0.07861328,0.05029297,0.07080078,0.12011719,-0.1796875,0.15917969,-0.0010223389,-0.34960938,0.125,0.064453125,0.08105469,-0.033935547,0.07421875,-0.030883789,-0.13867188,-0.031982422,0.19921875,0.125,0.056884766,-0.16796875,0.13085938,0.029052734,-0.014953613,-0.13964844,0.040771484,-0.010559082,-0.17480469,0.21289062,-0.14160156,0.023071289,-0.033691406,-0.087890625,-0.06640625,-0.06933594,-0.07421875,0.0703125,-0.020141602,-0.12695312,-0.036376953,0.059326172,0.11816406,-0.0063476562,-0.07421875,0.031982422,0.06689453,-0.22753906,0.06542969,0.017944336,0.14648438,-0.05493164,-0.115234375,-0.21679688,0.087402344,0.26171875,0.15429688,0.006713867,-0.027832031,-0.0041503906,-0.020996094,-0.05517578,-0.009765625,-0.12988281,0.13183594,-0.008422852,0.22949219,0.17871094,0.19433594,0.046875,0.021850586,-0.02758789,0.17382812,0.13378906,0.13671875,0.31054688,0.009399414,0.092285156,-0.24414062,-0.05102539,0.078125,-0.14355469,0.091796875,0.029663086,0.009460449,-0.20410156,0.16015625,0.14355469,-0.020263672,0.021362305,-0.06982422,-0.003112793,-0.025268555,-0.10986328,0.107910156,-0.0703125,-0.12792969,-0.05078125,0.04272461,-0.07324219,-0.03540039,0.08886719,-0.30273438,happy
15,-0.042236328,0.055908203,0.13867188,-0.014770508,-0.14257812,-0.026245117,0.40039062,-0.16992188,-0.14355469,0.546875,-0.05810547,-0.08496094,-0.26367188,0.075683594,-0.40039062,0.103515625,-0.05078125,0.044921875,-0.15722656,-0.05444336,0.13085938,0.35351562,0.15429688,-0.12988281,0.06201172,-0.075683594,-0.34960938,0.17382812,-0.17382812,0.21875,0.0107421875,-0.06347656,0.063964844,0.123535156,0.063964844,0.24121094,0.12060547,-0.067871094,0.32421875,0.078125,0.0004310608,-0.36914062,0.008666992,-0.01965332,-0.013977051,-0.029174805,-0.17382812,0.027709961,0.075683594,-0.11621094,-0.29101562,0.42773438,-0.023925781,0.03149414,-0.106933594,0.19921875,0.0042419434,0.30273438,-0.24316406,-0.140625,-0.14355469,0.15136719,-0.14257812,-0.029663086,-0.036132812,-0.061523438,-0.06201172,-0.47070312,0.13867188,-0.0234375,0.13183594,0.027954102,0.091796875,-0.11230469,-0.265625,0.12109375,-0.12988281,0.048583984,-0.07421875,-0.08935547,0.11376953,-0.072265625,-0.0234375,-0.17480469,-0.103027344,0.056152344,-0.17089844,0.52734375,-0.15625,0.18457031,0.02734375,-0.19238281,0.08496094,0.10986328,0.07861328,-0.05810547,-0.0076904297,-0.15234375,-0.028442383,0.30273438,-0.041748047,-0.022216797,0.106933594,0.080078125,-0.24316406,-0.17871094,0.15722656,0.30859375,-0.19824219,-0.20117188,-0.24707031,-0.041259766,0.13769531,0.17773438,-0.02746582,-0.030761719,0.114746094,-0.115722656,0.045898438,-0.104003906,0.10253906,0.03149414,-0.07324219,0.078125,0.12158203,0.061279297,0.016479492,-0.16894531,0.48046875,0.29101562,-0.3671875,-0.0026550293,0.05102539,0.06542969,0.07763672,0.2890625,0.09863281,-0.24414062,0.16015625,0.03540039,0.012207031,-0.25585938,-0.22460938,-0.10449219,0.09863281,0.05859375,-0.15234375,0.34570312,-0.23828125,-0.111328125,0.21582031,-0.16308594,-0.30664062,0.068847656,0.25195312,-0.26171875,-0.10595703,-0.15722656,-0.36132812,0.088378906,-0.008666992,-0.08984375,0.15625,0.041015625,0.03491211,-0.19628906,0.18066406,-0.17089844,0.1484375,0.020507812,-0.30859375,0.14941406,-0.09667969,0.0074768066,-0.34960938,-0.063964844,0.2109375,-0.049560547,-0.17285156,0.171875,-0.25,-0.15234375,-0.39453125,0.15917969,-0.17480469,-0.071777344,0.18066406,0.09375,-0.15917969,-0.20800781,-0.50390625,0.13378906,-0.23632812,0.11230469,0.14160156,0.43164062,-0.20507812,-0.057861328,0.08544922,-0.07373047,-0.06591797,-0.052734375,-0.09863281,0.11035156,0.09277344,0.080078125,-0.26171875,-0.0026855469,-0.014892578,-0.13378906,-0.55859375,-0.076660156,-0.080566406,0.024047852,0.07861328,0.26953125,-0.10205078,0.067871094,0.33398438,0.16503906,-0.11425781,0.2421875,0.076660156,0.10839844,-0.044433594,0.16894531,0.23632812,0.038085938,-0.20117188,0.13183594,-0.045654297,-0.10839844,-0.10888672,0.007019043,-0.07421875,-0.1640625,-0.24121094,-0.119140625,-0.0030975342,-0.037841797,0.16015625,0.114746094,0.064941406,0.109375,-0.029541016,0.123046875,-0.15332031,0.29101562,0.015319824,-0.014587402,0.019165039,-0.18554688,0.4296875,-0.053710938,0.035888672,-0.30664062,-0.16699219,-0.10595703,0.23242188,-0.003692627,-0.19628906,0.3359375,-0.1953125,0.13085938,0.17285156,-0.15234375,-0.18359375,0.17773438,-0.17285156,-0.22753906,0.29882812,0.18359375,-0.06591797,0.046875,0.047607422,-0.104003906,-0.076660156,-0.111328125,-0.07080078,0.16210938,-0.123046875,0.0703125,0.28710938,-0.016967773,-0.10595703,-0.18652344,-0.13183594,-0.048583984,-0.13964844,0.16503906,0.07763672,-0.17089844,-0.07324219,-0.33007812,0.265625,0.056152344,-0.20214844,0.06982422,-0.091308594,-0.018554688,lemon
16,-0.27148438,0.092285156,0.087890625,0.23925781,0.008972168,0.13671875,0.059814453,-0.25390625,-0.125,0.16210938,0.15917969,-0.16503906,-0.068359375,0.19628906,-0.1640625,0.22265625,-0.109375,-0.026123047,-0.22460938,0.13671875,-0.24804688,0.010986328,0.1171875,-0.07080078,0.03149414,-0.10107422,-0.063964844,0.057373047,-0.023071289,0.110839844,-0.22265625,-0.09375,-0.09277344,0.14550781,-0.22949219,-0.046142578,-0.15039062,-0.33007812,0.20507812,-0.13769531,-0.018066406,-0.076171875,-0.05859375,0.24609375,-0.2421875,-0.31640625,-0.15722656,-0.10058594,0.1328125,0.15820312,-0.010253906,0.19726562,0.13476562,0.0703125,-0.20800781,-0.087890625,0.049072266,-0.026123047,-0.118652344,-0.25976562,-0.09277344,-0.19335938,-0.029663086,0.0390625,0.01940918,-0.15039062,-0.09277344,-0.5,0.35351562,-0.19238281,0.11425781,0.056396484,-0.025878906,0.068359375,-0.3515625,-0.14453125,-0.17285156,-0.078125,-0.14648438,-0.064941406,-0.17285156,0.25390625,-0.040771484,-0.31640625,0.041748047,0.040527344,-0.050048828,0.20605469,-0.25390625,-0.05908203,-0.05444336,-0.15039062,0.03881836,-0.24414062,0.021362305,-0.021240234,0.2890625,0.22753906,0.26171875,-0.13964844,-0.25,-0.115722656,-0.2109375,0.12988281,0.055908203,0.115722656,0.06225586,-0.006011963,-0.057617188,-0.11767578,-0.375,-0.3203125,0.07714844,-0.021118164,-0.17871094,0.22070312,0.052001953,-0.43359375,-0.014282227,-0.265625,0.118652344,0.18652344,-0.18359375,-0.057617188,-0.09863281,0.26953125,-0.07714844,-0.07373047,0.17480469,0.359375,-0.3359375,0.1015625,0.15039062,-0.33984375,-0.087890625,0.22460938,-0.09033203,-0.02331543,0.15625,-0.15429688,-0.06591797,-0.30273438,-0.25585938,0.059326172,0.008850098,-0.033935547,0.096191406,0.17089844,-0.390625,0.014343262,0.16113281,-0.1796875,-0.28515625,0.32421875,-0.13964844,-0.27734375,-0.14941406,-0.23632812,-0.23925781,-0.21289062,-0.375,-0.19628906,0.17578125,0.26171875,-4.9352646e-05,-0.37109375,0.4453125,-0.104003906,0.12207031,-0.12011719,-0.07910156,0.36914062,-0.09033203,-0.22167969,-0.48242188,-0.111328125,0.35742188,-0.09277344,-0.18554688,0.19628906,-0.21484375,-0.16699219,-0.34960938,0.119140625,-0.029785156,-0.050048828,0.106933594,-0.028320312,0.056396484,0.15234375,-0.1640625,0.16992188,-0.24316406,-0.07128906,0.40234375,0.3203125,0.09082031,0.16503906,-0.060546875,-0.2109375,0.13574219,-0.21289062,0.08642578,-0.11376953,-0.041503906,0.013000488,0.018920898,0.10595703,0.15722656,-0.11376953,-0.55078125,0.17480469,0.018432617,0.016235352,0.10449219,0.14941406,-0.123535156,-0.02758789,0.23242188,0.41992188,0.03930664,0.13671875,-0.19335938,0.30273438,0.24121094,-0.021362305,0.056152344,0.18164062,0.079589844,0.25976562,-0.18066406,-0.16210938,0.0036621094,0.3046875,-0.072265625,-0.41992188,-0.047607422,-0.14746094,0.09423828,0.07763672,0.012573242,0.09033203,0.11035156,-0.03466797,-0.07763672,-0.41015625,-0.16699219,-0.21386719,0.014038086,0.20117188,-0.125,-0.13671875,0.44921875,-0.234375,0.16113281,-0.29296875,-0.033691406,-0.060058594,-0.18066406,-0.28320312,0.16796875,0.30664062,-0.171875,0.011413574,0.06982422,-0.32617188,-0.26953125,0.31835938,-0.14453125,-0.3125,-0.16015625,0.140625,0.0087890625,-0.09716797,0.21777344,0.19335938,-0.10888672,-0.03564453,-0.21191406,0.15820312,-0.08984375,0.061035156,0.071777344,-0.24902344,0.21972656,-0.25390625,-0.18945312,-0.016479492,-0.23046875,0.33007812,-0.3046875,-0.2734375,0.14355469,-0.34570312,0.118652344,0.103027344,0.0013046265,0.11621094,0.19921875,0.24121094,mango
17,0.092285156,-0.20117188,0.06933594,0.16894531,0.078125,-0.028076172,-0.057373047,-0.20507812,0.12695312,0.09765625,-0.16894531,0.0625,-0.15527344,0.034179688,-0.072753906,-0.21582031,-0.13867188,0.111328125,-0.019897461,-0.18164062,-0.14746094,-0.026245117,-0.31640625,-0.0051574707,0.087890625,-0.28125,0.004272461,0.05883789,0.092285156,-0.20605469,0.15234375,-0.1171875,-0.022827148,-0.25585938,-0.21582031,0.0050354004,0.09667969,-0.10058594,-0.035888672,0.01171875,-0.2578125,-0.040527344,-0.0390625,-0.26757812,-0.20507812,0.00592041,-0.030883789,0.029418945,-0.03881836,0.18359375,0.10839844,0.12109375,0.11425781,-0.09863281,-0.063964844,-0.035888672,-0.076660156,-0.0058288574,0.171875,-0.12792969,-0.0859375,-0.050048828,-0.06982422,-0.31445312,-0.0625,0.104003906,0.26171875,0.08251953,-0.01574707,0.19824219,0.16308594,-0.0043029785,-0.0050354004,0.09033203,-0.11279297,-0.08105469,-0.25,-0.04248047,-0.021850586,-0.022094727,0.125,0.057373047,0.13476562,0.04272461,0.16894531,0.009765625,-0.042236328,-0.12207031,-0.107421875,-0.06347656,-0.123535156,-0.099121094,-0.08154297,0.052001953,-0.20898438,0.07324219,0.16113281,0.12158203,0.080078125,-0.16015625,0.09033203,0.014770508,0.29882812,0.0126953125,0.2890625,-0.10205078,-0.046875,-0.09814453,-0.20410156,-0.084472656,0.03125,0.13769531,0.0703125,-0.122558594,-0.057128906,-0.12988281,0.027832031,0.12451172,-0.025756836,0.06738281,0.17675781,0.007446289,0.033935547,-0.07910156,-0.014770508,-0.029541016,-0.07324219,-0.20507812,0.115234375,0.0859375,-0.07910156,-0.16699219,0.049316406,-0.05859375,-0.09472656,-0.100097656,0.041992188,-0.16503906,-0.20214844,0.21875,0.12109375,0.0020599365,0.1796875,0.15234375,0.057617188,-0.0028839111,0.01953125,-0.07080078,-0.25976562,-0.18554688,-0.013305664,0.15917969,0.11376953,0.02331543,-0.14453125,0.10205078,-0.068847656,0.25195312,0.049072266,0.07470703,-0.07861328,-0.0390625,-0.118652344,0.04711914,0.100097656,0.23730469,0.19726562,-0.012878418,-0.061279297,-0.21777344,-0.067871094,-0.049560547,-0.038330078,-0.12890625,-0.048583984,-0.084472656,0.032470703,0.08984375,-0.040771484,0.13671875,-0.09863281,0.03930664,-0.10888672,0.076660156,-0.08886719,-0.09082031,0.122558594,0.15234375,0.1328125,0.24023438,-0.053466797,0.07519531,0.0051574707,0.20898438,-0.30859375,0.08935547,-0.23046875,0.05419922,0.12890625,-0.10888672,0.22558594,-0.125,-0.015136719,-0.27734375,0.11669922,-0.03540039,0.032958984,0.13769531,0.030273438,-0.08300781,0.009033203,-0.06738281,-0.24609375,0.043701172,-0.14648438,-0.07128906,0.16015625,0.013549805,-0.20117188,0.22167969,0.04345703,0.26757812,-0.053222656,-0.16894531,0.15332031,-0.10839844,0.025878906,0.009216309,0.13183594,-0.040283203,0.07128906,-0.203125,0.049072266,0.08300781,0.07128906,-0.007080078,0.10449219,0.028808594,0.27539062,0.20703125,-0.03881836,-0.016845703,-0.052490234,-0.28710938,-0.09814453,0.029541016,0.092285156,-0.026489258,0.0703125,0.032958984,-0.10498047,-0.07519531,0.27539062,0.123046875,0.14257812,-0.07763672,0.052978516,0.17382812,-0.12207031,-0.008850098,0.00390625,0.037841797,0.12597656,0.203125,0.23535156,0.13574219,-0.0625,-0.19824219,0.06738281,0.08886719,-0.123535156,-0.11035156,-0.036376953,-0.119628906,-0.08642578,-0.13183594,-0.028930664,-0.21386719,-0.021728516,-0.08544922,0.05908203,-0.027832031,-0.11425781,0.19628906,-0.024291992,0.05517578,-0.17285156,-0.07324219,-0.109375,0.060791016,-0.11230469,0.026489258,-0.119140625,0.06347656,0.045654297,-0.09667969,-0.19433594,-0.008666992,0.12890625,-0.21582031,near
18,0.01574707,0.076660156,-0.032226562,0.020141602,0.015258789,-0.052978516,-0.014465332,-0.1953125,0.05883789,0.125,0.048095703,-0.10107422,0.041992188,0.03930664,0.103027344,0.032958984,-0.08300781,0.1328125,0.24609375,0.11035156,0.12695312,0.049560547,-0.011169434,-0.14453125,-0.15429688,0.060058594,0.13867188,0.15722656,0.07861328,0.017578125,-0.019042969,-0.050048828,0.16796875,-0.02722168,0.018798828,0.08203125,0.09033203,-0.025756836,-0.092285156,0.019042969,-0.16015625,-0.14160156,0.40039062,0.017944336,0.053466797,0.076660156,-0.125,-0.03466797,0.21582031,0.15332031,0.1640625,0.2421875,-0.010681152,0.037841797,0.15917969,-0.23828125,0.122558594,-0.041259766,0.04736328,-0.05102539,-0.15039062,0.29101562,-0.017700195,-0.041748047,-0.024658203,0.09033203,0.041259766,-0.013977051,0.111328125,0.03881836,0.09326172,-0.011230469,0.16113281,0.09472656,0.0018463135,-0.00491333,0.19042969,-0.115234375,0.21972656,-0.038330078,-0.080078125,-0.13476562,-0.033447266,0.019897461,0.088378906,0.03930664,-0.12060547,0.006439209,0.024291992,0.19140625,-0.118652344,0.0546875,0.042236328,0.017211914,-0.17480469,-0.20117188,-0.0043029785,0.17285156,-0.05883789,-0.10253906,0.16894531,-0.06298828,0.010559082,-0.15429688,-0.015258789,-0.114746094,-0.040039062,-0.13964844,-0.017578125,-0.080078125,0.19433594,0.036621094,0.09472656,-0.076660156,0.22460938,-0.05810547,0.203125,0.071777344,-0.01586914,0.106933594,-0.15625,-0.0049438477,-0.080078125,-0.16308594,0.06347656,0.052734375,-0.07861328,-0.10253906,0.061035156,-0.14550781,-0.104003906,-0.22460938,0.110839844,0.029907227,-0.33789062,-0.03466797,-0.022949219,-0.0037078857,-0.17675781,0.067871094,0.12792969,-0.064453125,0.13671875,-0.076171875,-0.026977539,0.24511719,0.008056641,-0.11230469,-0.09423828,0.06738281,0.043945312,0.18261719,-0.035888672,-0.20507812,0.100097656,-0.20800781,0.15625,-0.119628906,0.018554688,0.05078125,-0.07519531,-0.13183594,0.18847656,0.10498047,0.10839844,0.026489258,-0.171875,-0.00090408325,0.19335938,-0.07910156,-0.05126953,0.028564453,-0.15722656,-0.06933594,-0.2578125,-0.20019531,0.023803711,0.08642578,-0.16796875,0.06689453,-0.09716797,0.044189453,0.11328125,-0.022460938,0.05859375,-0.0067749023,-0.020507812,-0.04296875,0.12792969,-0.21875,0.119628906,0.10839844,0.026000977,0.12890625,-0.33398438,0.15625,0.06201172,-0.018920898,-0.23046875,0.01965332,0.12792969,0.06640625,-0.055664062,0.031982422,0.29101562,-0.048339844,-0.007385254,0.26953125,0.17285156,-0.19042969,-0.045654297,-0.05102539,-0.059326172,-0.20800781,-0.28710938,-0.07861328,0.13378906,0.022216797,-0.30859375,0.033447266,0.068359375,0.06591797,0.18847656,0.064941406,-0.060546875,-0.12890625,0.04321289,0.35546875,-0.055419922,0.014587402,0.1796875,-0.012878418,-0.14648438,0.07373047,0.19433594,-0.13085938,0.053955078,-0.1640625,0.05126953,-0.052978516,0.22851562,-0.05102539,0.04711914,-0.17871094,-0.079589844,-0.08984375,0.22265625,-0.06640625,-0.029052734,0.017944336,-0.11279297,0.24023438,0.18359375,0.02709961,0.04736328,0.049072266,0.06982422,0.08496094,-0.19628906,-0.053466797,-0.06982422,-0.12890625,0.140625,-0.007751465,-0.10595703,0.084472656,0.12597656,0.123535156,-0.17578125,-0.032470703,-0.109375,-0.044433594,0.041992188,0.011779785,0.23046875,0.046142578,-0.055908203,0.036376953,-0.088378906,-0.10498047,0.033691406,0.115722656,-0.08544922,-0.033203125,0.060791016,-0.15039062,0.13476562,0.028442383,0.0126953125,-0.012573242,0.13671875,0.027954102,-0.25,-0.052978516,-0.15136719,-0.18164062,-0.11230469,-0.1171875,0.16894531,-0.05126953,night
19,-0.18164062,-0.026123047,-0.20996094,-0.013122559,-0.055908203,-0.02746582,0.049072266,0.12402344,0.20996094,0.05029297,0.084472656,0.037353516,0.24609375,-0.15820312,-0.15820312,0.18554688,-0.1328125,0.03149414,0.4765625,-0.030517578,-0.046875,-0.13378906,-0.071777344,-0.02734375,-0.26757812,0.064941406,0.09472656,-0.010681152,0.29296875,-0.16894531,-0.119140625,-0.18359375,-0.15625,-0.484375,0.12890625,0.004852295,0.016479492,-0.19238281,-0.14648438,-0.06933594,-0.059326172,-0.48632812,0.34375,-0.22949219,-0.100097656,-0.015625,-0.30859375,0.29101562,0.064453125,0.07910156,-0.14257812,0.00680542,-0.16699219,0.104003906,0.024291992,0.033935547,-0.088378906,-0.453125,0.0028839111,-0.12597656,-0.17089844,0.05834961,0.13671875,-0.11767578,0.18847656,-0.19433594,0.026367188,0.27148438,0.046875,0.13769531,0.13476562,-0.02368164,0.22265625,0.01574707,-0.004486084,0.020874023,-0.099609375,-0.21582031,0.13867188,0.18164062,0.119628906,-0.103027344,0.16308594,0.09814453,-0.056884766,-0.03112793,-0.2265625,-0.0546875,0.068359375,0.15429688,-0.17480469,-0.21191406,0.29492188,-0.021484375,-0.20996094,0.043945312,0.10888672,-0.01940918,0.08886719,-0.033691406,0.1796875,-0.025512695,-0.19433594,0.018066406,-0.19140625,-0.24414062,0.053955078,-0.17480469,-0.043945312,-0.21191406,0.3046875,-0.031982422,0.17382812,-0.05883789,0.00680542,0.07861328,0.17480469,-0.053466797,0.21484375,0.21582031,0.020263672,-0.07324219,0.24609375,0.029052734,0.123535156,0.0045776367,-0.125,0.1328125,0.30859375,0.057373047,-0.037597656,-0.25195312,0.2734375,-0.06225586,-0.3359375,-0.15722656,0.029785156,-0.23339844,0.118652344,0.15429688,-0.13867188,0.28515625,0.15332031,-0.40234375,-0.37109375,0.13867188,0.23730469,-0.4140625,0.14941406,-0.37109375,0.14160156,0.22363281,-0.078125,0.052246094,-0.0234375,-0.16992188,-0.05078125,0.115234375,-0.22460938,0.083984375,-0.08544922,-0.23925781,0.036865234,-0.2890625,0.09472656,0.06542969,0.12695312,0.13671875,0.15136719,-0.08984375,-0.125,0.0070495605,0.059326172,0.140625,-0.33398438,-0.31835938,0.15136719,-0.034179688,-0.14257812,0.049560547,-0.18945312,-0.265625,0.08300781,0.08691406,-0.07763672,0.006713867,0.14453125,-0.103027344,0.30078125,-0.16992188,0.060302734,0.20800781,-0.028442383,-0.03857422,-0.17480469,-0.18847656,-0.11035156,-0.087402344,-0.06298828,-0.13671875,-0.12695312,-0.14648438,-0.123046875,-0.14257812,0.1484375,-0.09326172,0.09814453,0.34570312,0.14160156,0.080566406,-0.125,-0.26757812,-0.12988281,0.024780273,-0.12695312,0.08544922,-0.012939453,-0.056396484,-0.16308594,-0.025634766,0.27539062,0.020141602,-0.026123047,-0.03173828,-0.27734375,-0.25585938,-0.203125,0.33203125,-0.0028839111,-0.19238281,0.36523438,-0.013427734,-0.3125,0.234375,0.08154297,0.060302734,0.21972656,-0.025146484,0.084472656,-0.026611328,0.140625,0.23828125,0.078125,-0.0032043457,-0.21191406,-0.12792969,-0.080566406,-0.03491211,0.080566406,-0.048828125,0.071777344,0.1875,-0.10498047,-0.057128906,0.36523438,-0.045654297,0.14453125,-0.25585938,-0.063964844,0.01171875,0.09082031,-0.38085938,0.23242188,-0.23339844,-0.07128906,0.09814453,0.12060547,0.31054688,-0.0703125,0.003479004,0.056152344,0.029663086,-0.08642578,-0.033447266,0.21875,-0.265625,-0.22167969,-0.0390625,-0.125,0.22265625,-0.12890625,-0.11816406,-0.07080078,-0.043701172,0.06933594,-0.27929688,0.12695312,0.29882812,0.018432617,0.21679688,0.095703125,-0.055419922,-0.265625,-0.0234375,0.28320312,-0.10449219,-0.18652344,-0.1875,0.00680542,-0.016601562,noon
20,-0.0859375,0.0859375,-0.11425781,-0.020629883,-0.05859375,-0.12402344,-0.20117188,-0.013183594,0.20507812,0.31445312,-0.02709961,-0.33007812,-0.13964844,-0.359375,-0.13769531,0.00491333,0.005645752,0.057617188,-0.0036773682,0.2734375,-0.068359375,0.024780273,-0.08544922,-0.22558594,0.15039062,-0.31835938,-0.016113281,0.24414062,0.15136719,-0.3046875,-0.33984375,0.17871094,-0.22753906,-0.024169922,-0.060302734,0.04345703,-0.05883789,-0.099609375,-0.115722656,0.078125,-0.2109375,-0.0023498535,0.018920898,0.16015625,-0.30664062,-0.17871094,0.009277344,0.012756348,0.08154297,-0.03881836,0.21679688,0.19726562,0.1640625,-0.23242188,-0.045166016,0.25195312,0.083984375,0.017211914,0.33789062,-0.103515625,-0.13476562,-0.12695312,0.12890625,-0.078125,0.19140625,0.13769531,-0.29101562,0.014831543,-0.049072266,-0.12597656,-0.29882812,-0.26171875,0.15039062,-0.14746094,-0.25195312,-0.19628906,0.15136719,-0.10253906,-0.035888672,-0.22460938,0.104003906,0.06298828,-0.16894531,-0.29492188,0.063964844,0.32617188,0.06640625,-0.14648438,0.2578125,0.18554688,-0.034423828,0.25390625,-0.20019531,0.042236328,-0.014221191,0.13867188,0.23730469,-0.13964844,0.4140625,0.12792969,-0.28125,0.06298828,0.14257812,-0.21484375,-0.22851562,0.08886719,-0.010620117,-0.028564453,0.091796875,0.18066406,-0.28710938,-0.0859375,-0.041992188,0.014343262,0.23046875,0.18554688,0.07373047,-0.08935547,-0.06738281,0.078125,-0.42773438,-0.22363281,0.08203125,0.21484375,0.08300781,-0.32226562,-0.038330078,-0.07128906,-0.008544922,0.25,-0.046875,0.1328125,-0.265625,0.41015625,0.11035156,0.0077819824,0.056884766,-0.011047363,-0.02319336,0.20703125,-0.041015625,-0.08251953,-0.15527344,0.09667969,0.19628906,0.21484375,0.12792969,0.23632812,0.010070801,0.140625,0.171875,0.13867188,-0.3046875,0.33789062,0.040039062,-0.036132812,0.4453125,-0.23242188,0.049804688,-0.04272461,0.08300781,0.08935547,0.13378906,0.09472656,0.13476562,-0.10107422,0.037353516,0.10839844,0.021606445,0.05444336,-0.15039062,0.040527344,-0.084472656,0.20898438,-0.0027770996,-0.15820312,-0.140625,0.02709961,-0.21582031,0.013671875,-0.33789062,-0.050048828,-0.25195312,0.08935547,0.114746094,-0.030395508,0.21972656,0.022094727,0.20703125,0.0859375,0.047607422,-0.07080078,-0.021850586,0.100097656,-0.25195312,0.39257812,0.14160156,0.16796875,0.01953125,-0.19042969,-0.07324219,-0.059570312,-0.23925781,-0.23925781,-0.19628906,0.22753906,-0.012084961,0.05126953,-0.42773438,-0.024658203,-0.296875,0.23925781,-0.123535156,0.17285156,-0.026367188,-0.032470703,0.41015625,0.15917969,-0.01184082,-0.12890625,0.21191406,0.029785156,0.20898438,-0.122558594,-0.13183594,-0.06689453,0.28320312,0.26953125,0.16601562,0.125,0.07519531,0.048339844,-0.012512207,-0.40039062,0.16113281,0.10205078,0.0025482178,-0.07080078,0.14453125,-0.08203125,0.11767578,-0.22167969,-0.16308594,0.012329102,-0.15527344,-0.048339844,-0.004486084,0.0072021484,-0.02734375,-0.076171875,0.0039367676,-0.36523438,0.0010681152,0.26953125,0.16796875,-0.36328125,0.24316406,-0.083984375,0.008544922,0.064941406,-0.106933594,-0.26953125,-0.421875,0.0014877319,-0.071777344,-0.083496094,-0.33203125,-0.25390625,0.015075684,-0.20800781,-0.3125,0.11767578,-0.15234375,0.12988281,-0.057128906,0.24414062,-0.32617188,0.028686523,0.107421875,-0.12988281,-0.091796875,-0.22363281,0.19335938,0.052490234,0.19921875,-0.30078125,0.0068969727,0.05493164,0.039794922,0.37304688,-0.010070801,-0.030151367,0.047607422,0.04345703,-0.050048828,0.043945312,0.12109375,-0.024291992,0.28125,0.10986328,ocean
21,0.02331543,-0.22851562,0.060058594,0.04296875,-0.28320312,-0.22558594,-0.1328125,-0.009460449,0.2109375,0.234375,-0.0057678223,-0.27929688,0.115722656,0.17480469,-0.5234375,0.080078125,-0.0024261475,0.060546875,0.11816406,0.0115356445,0.14355469,-0.17578125,-0.10449219,-0.007659912,0.025390625,-0.22167969,0.01184082,0.123046875,-0.007873535,-0.026000977,0.06933594,0.24316406,0.103027344,0.017700195,-0.203125,-0.049072266,0.12792969,0.12792969,-0.026489258,0.12060547,-0.27734375,0.203125,0.13671875,-0.16992188,0.011779785,-0.09033203,-0.16894531,-0.22363281,0.19726562,0.06982422,-0.1875,-0.037109375,0.10546875,-0.0079956055,0.2421875,-0.13378906,0.1328125,0.17871094,-0.06225586,-0.11035156,0.12792969,-0.064941406,0.084472656,0.15527344,0.008728027,0.17675781,-0.16113281,0.056152344,0.5,0.16699219,0.27734375,0.29101562,-0.21484375,0.22460938,-0.42382812,0.19433594,0.2578125,-0.08300781,0.0859375,0.0022125244,0.05029297,0.0065307617,-0.110839844,0.09423828,-0.1796875,-0.12988281,0.09423828,0.29296875,0.12890625,-0.1953125,-0.21191406,0.040527344,-0.107910156,-0.2421875,0.15039062,-0.36914062,0.10205078,-0.092285156,0.068847656,-0.23828125,-0.34765625,-0.28125,-0.123535156,-0.19433594,-0.18847656,0.140625,0.6015625,0.064941406,-0.015075684,0.0076293945,0.049560547,-0.125,0.033203125,-0.0012207031,-0.008544922,-0.2109375,0.0030059814,-0.040771484,-0.03564453,0.16601562,-0.22167969,-0.063964844,-0.07910156,-0.16796875,0.30078125,0.171875,-0.04736328,0.125,0.0011367798,0.09814453,-0.31445312,-0.28320312,-0.26171875,-0.092285156,-0.26171875,0.45898438,0.16503906,-0.031982422,0.15722656,0.2109375,-0.11328125,-0.12792969,0.0005760193,-0.23925781,-0.09375,-0.171875,-0.067871094,-0.15722656,0.034179688,0.12011719,0.21679688,-0.048095703,0.087402344,0.036621094,0.04248047,0.0038146973,-0.20703125,0.02319336,-0.26171875,-0.006134033,0.17578125,-3.9815903e-05,0.41796875,-0.12402344,-0.10205078,-0.04345703,0.0037078857,0.010192871,-0.140625,0.006591797,0.037597656,0.015563965,-0.13964844,0.29296875,-0.061279297,-0.060302734,0.22167969,-0.09277344,-0.234375,-0.07861328,-0.007659912,-0.02758789,0.0001449585,0.203125,-0.026123047,-0.09814453,0.10644531,0.10595703,0.15527344,0.24609375,0.22558594,-0.046875,0.072753906,0.2578125,0.099609375,0.13671875,-0.1328125,0.05419922,-0.27929688,-0.15429688,-0.13476562,-0.103515625,0.049560547,-0.22363281,0.21386719,0.019042969,-0.41015625,-0.04321289,-0.18554688,0.27734375,-0.09863281,0.23144531,-0.35351562,-0.021118164,-0.030273438,-0.30859375,-0.07324219,0.09423828,-0.20996094,0.13378906,-0.26953125,-0.041748047,0.18457031,0.1796875,-0.123535156,0.03564453,0.22265625,-0.11669922,-0.26757812,-0.17773438,0.15039062,0.033447266,-0.003967285,-0.10546875,0.013122559,0.3359375,-0.13964844,-0.12011719,0.19921875,-0.1328125,0.22265625,0.10546875,-0.09472656,-0.25195312,0.0703125,-0.026367188,-0.13574219,-0.017822266,0.1875,-0.13378906,-0.18652344,0.019897461,-0.025390625,0.4453125,0.21191406,-0.122558594,0.25,0.1796875,0.061767578,-0.30664062,0.18164062,0.33203125,-0.09326172,-0.07324219,0.122558594,0.16113281,-0.11376953,-0.1640625,0.08984375,0.0028076172,-0.42773438,0.25390625,-0.026855469,0.3203125,0.083496094,-0.13183594,-0.08544922,0.030029297,-0.22558594,0.022216797,0.07128906,-0.030761719,0.40039062,-0.016601562,-0.017944336,-0.06933594,-0.22851562,0.0625,0.056152344,-0.27734375,-0.13378906,0.16894531,0.0859375,0.3203125,0.296875,-0.2109375,0.24316406,-0.12207031,-0.049560547,0.36523438,pants
22,0.18945312,0.045898438,0.06689453,-0.044677734,0.17871094,0.01965332,0.34765625,-0.024658203,0.40625,0.10595703,0.045410156,-0.15722656,-0.16503906,0.09716797,0.13867188,0.15136719,0.011779785,0.044677734,-0.092285156,-0.1640625,0.05493164,0.123046875,0.36328125,0.0022583008,0.27929688,0.07519531,0.16113281,-0.022094727,0.203125,-0.20996094,-0.10449219,-0.028076172,0.29492188,-0.001159668,0.041503906,-0.123535156,0.09033203,0.19140625,0.015563965,0.21484375,0.29101562,-0.029296875,0.20800781,-0.11669922,0.15722656,0.072753906,-0.06298828,0.14746094,-0.20800781,-0.09472656,-0.17675781,0.011291504,0.27734375,0.03125,0.15332031,0.0033569336,-0.14941406,-0.059570312,0.296875,-0.09765625,-0.18066406,0.21191406,-0.033935547,-0.084472656,0.13867188,-0.16308594,0.076171875,0.083984375,-0.043701172,-0.067871094,-0.028930664,-0.008056641,-0.13085938,-0.05883789,-0.27539062,-0.011779785,-0.20898438,0.048828125,0.42773438,0.22949219,0.017211914,-0.02368164,0.14941406,-0.08642578,-0.17871094,-0.18164062,-0.34375,0.17675781,-0.06542969,-0.034179688,0.09082031,0.05834961,-0.057128906,0.032470703,-0.3046875,0.075683594,0.25,0.13964844,0.045654297,-0.19335938,-0.09667969,0.30664062,-0.0012207031,-0.0029296875,-0.06542969,0.14257812,0.31835938,-0.12695312,-0.020996094,-0.091308594,-0.119628906,0.013000488,0.0047912598,-0.0035095215,0.20800781,-0.16015625,0.23046875,-0.122558594,0.3203125,0.17382812,-0.12597656,-0.038330078,-0.057128906,-0.20703125,-0.15625,-0.24414062,-0.140625,0.15039062,0.22070312,-0.059814453,-0.08203125,-0.02355957,-0.119140625,0.08496094,0.013671875,-0.009887695,-0.140625,0.17578125,0.07080078,-0.1328125,-0.07128906,-0.0036621094,0.119628906,-0.028198242,-0.04736328,0.10888672,-0.2890625,0.013183594,-0.0859375,-0.2734375,0.3828125,0.114746094,-0.09765625,0.23144531,-0.28710938,-0.012451172,0.05029297,-0.07714844,-0.38085938,-0.32421875,-0.119628906,0.20019531,0.19921875,0.24804688,0.36914062,-0.44335938,0.033447266,-0.13574219,0.2265625,0.12109375,0.10888672,0.13867188,0.036621094,-0.08984375,0.033935547,0.12890625,0.13476562,-0.06982422,0.34375,-0.04638672,0.044433594,-0.06689453,-0.14257812,-0.063964844,-0.2890625,0.21191406,-0.19824219,0.38476562,0.21777344,0.12207031,0.06591797,0.07373047,0.005065918,-0.13867188,0.15625,0.12988281,0.05102539,0.02319336,-0.13476562,0.38867188,-0.01550293,-0.053466797,-0.1875,-0.23242188,-0.026000977,-0.022216797,-0.3515625,0.25976562,-0.16601562,-0.019165039,0.018798828,0.045410156,0.09765625,-0.09423828,-0.034179688,0.12890625,0.15136719,-0.04736328,-0.18261719,-0.0023651123,0.14941406,0.19140625,-0.19433594,0.35351562,0.10449219,-0.375,0.12988281,-0.33007812,-0.050048828,0.16503906,-0.10205078,0.18066406,-0.026000977,-0.016479492,0.3984375,-0.0078125,-0.14746094,0.05810547,0.13769531,0.17578125,0.25390625,-0.23925781,0.17675781,-0.16992188,-0.19726562,0.26757812,0.125,0.09326172,-0.16503906,-0.12011719,-0.15429688,0.22363281,0.19628906,0.12792969,-0.068359375,-0.19042969,0.23144531,0.016113281,0.039794922,-0.08544922,-0.096191406,-0.010925293,0.09863281,0.20214844,0.10498047,0.26953125,0.14941406,0.067871094,-0.18261719,0.23144531,0.16113281,0.19335938,0.28515625,0.20410156,-0.0625,-0.36523438,-0.044433594,0.096191406,-0.14453125,-0.028442383,-0.056884766,-0.37304688,-0.021484375,0.119628906,0.06640625,-0.1484375,-0.100097656,-0.0046081543,-0.110839844,-0.19335938,-0.14550781,0.033447266,0.00047683716,0.14648438,-0.14648438,0.033935547,-0.052490234,-0.06201172,0.08251953,-0.025512695,sad
23,0.03149414,0.016723633,0.14941406,-0.008361816,-0.18066406,-0.052978516,0.030517578,-0.21386719,0.30664062,-0.06933594,0.014526367,-0.21289062,0.06347656,0.052490234,-0.33789062,0.13964844,-0.15332031,0.19824219,0.119140625,-0.020019531,-0.0069885254,0.083984375,0.013000488,-0.036621094,-0.20507812,-0.265625,-0.1484375,0.023071289,0.32421875,0.18554688,0.17089844,0.26367188,0.13574219,-0.027709961,-0.14160156,0.25585938,0.22265625,0.15332031,-0.08886719,0.30664062,-0.265625,0.017822266,0.029785156,-0.020874023,0.040039062,-0.2109375,-0.14648438,-0.037353516,0.053466797,0.03173828,-0.14453125,0.07080078,0.19238281,-0.099609375,0.16894531,-0.33984375,0.10595703,0.087402344,0.087890625,-0.080566406,-0.059814453,0.0068969727,-0.17480469,-0.11816406,-0.20507812,0.47851562,-0.41015625,-0.21679688,0.36523438,0.2734375,0.20507812,0.16796875,-0.068847656,-0.17773438,-0.125,-0.07421875,0.25976562,0.16210938,0.19433594,-0.12207031,0.19238281,-0.13183594,-0.20898438,-0.099609375,-0.12597656,-0.37109375,0.10839844,0.26757812,0.017700195,-0.15136719,-0.09033203,0.111816406,-0.034423828,-0.28710938,-0.14257812,-0.019897461,0.063964844,0.030517578,0.011108398,-0.13378906,-0.30078125,-0.07324219,-0.021972656,-0.01953125,-0.17285156,-0.0859375,0.82421875,-0.15332031,-0.24511719,-0.01940918,-0.05029297,-0.20898438,0.30273438,0.050048828,0.084472656,-0.18945312,-0.080078125,-0.12207031,0.32617188,0.25,0.119628906,-0.19921875,-0.10253906,-0.014770508,0.12890625,0.123535156,-0.09375,0.04663086,-0.09472656,0.06591797,-0.12792969,-0.14453125,0.0024414062,-0.07080078,0.20703125,0.18945312,-0.032470703,0.2109375,-0.06201172,-0.0077209473,-0.25195312,-0.01171875,0.28710938,-0.19824219,0.12060547,0.008972168,-0.06982422,-0.043701172,-0.030395508,-0.18457031,0.045654297,0.328125,0.115722656,0.125,0.091308594,0.052978516,-0.37304688,-0.10644531,0.047607422,0.15820312,0.125,0.07861328,0.6171875,-0.0073242188,-0.11425781,-0.119140625,0.044433594,-0.08203125,-0.28710938,-0.0049743652,0.24316406,-0.033935547,-0.10986328,0.22167969,-0.26757812,-0.028564453,0.14453125,-0.068847656,0.06640625,-0.25976562,-0.16015625,-0.13085938,0.0028533936,0.2421875,0.049804688,-0.10498047,0.07470703,0.26953125,0.016113281,0.09033203,-0.24121094,0.16015625,0.026733398,0.21972656,0.0703125,-0.118652344,-0.1640625,0.030761719,-0.2890625,-0.28320312,-0.3671875,-0.053222656,-0.03564453,-0.15332031,0.28515625,-0.080078125,-0.09423828,-0.016235352,0.09716797,0.20214844,-0.2265625,0.020263672,-0.34570312,0.057128906,0.044433594,-0.06298828,-0.004272461,-0.23339844,-0.29101562,-0.21484375,-0.32617188,-0.10888672,0.23632812,0.10107422,0.057373047,0.106933594,0.36914062,-0.013977051,-0.026489258,-0.22460938,0.13769531,0.04248047,-0.24707031,-0.12011719,-0.04296875,0.051513672,-0.24511719,0.060791016,0.13476562,-0.14746094,0.23535156,-0.059814453,-0.18457031,-0.17773438,0.0154418945,-0.032714844,-0.091796875,-0.19726562,-0.13574219,0.21191406,-0.06542969,0.14550781,0.05517578,0.026489258,0.09423828,-0.07421875,0.18945312,0.38867188,0.018432617,-0.24121094,-0.06640625,0.111328125,-0.04736328,-0.3203125,0.16308594,0.19824219,-0.19140625,0.13183594,0.34570312,-0.375,-0.265625,0.079589844,-0.18261719,0.16992188,0.12988281,-0.060546875,-0.008056641,-0.16113281,-0.15820312,0.04248047,-0.15625,0.08886719,0.25390625,-0.016113281,0.041992188,0.103515625,-0.017944336,0.25585938,0.19433594,-0.21191406,-0.17089844,0.08935547,-0.04663086,0.10107422,0.22851562,-0.25,0.039794922,-0.2109375,-0.13085938,0.47265625,shirt
24,-0.03491211,-0.15625,-0.039794922,0.14550781,-0.24316406,0.017944336,-0.0009613037,-0.071777344,-0.057617188,0.31445312,0.14941406,-0.20214844,0.390625,0.18261719,-0.08544922,0.25976562,0.040039062,0.15722656,0.09326172,0.1328125,0.111328125,-0.14257812,-0.033447266,0.0020599365,-0.16113281,-0.08984375,-0.111328125,0.01977539,0.03515625,-0.09667969,-0.15820312,0.075683594,0.19628906,0.17578125,-0.54296875,-0.041748047,-0.1875,0.14160156,-0.13867188,0.08642578,-0.23535156,0.106933594,0.17480469,-0.20019531,-0.06298828,-0.095703125,-0.10205078,0.15429688,-0.1171875,0.0390625,0.023925781,0.15234375,-0.027954102,0.006072998,0.21777344,-0.23925781,-0.071777344,0.10644531,0.059814453,-0.15429688,0.11621094,-0.057128906,-0.09082031,-0.10058594,-0.16601562,0.43164062,-0.20800781,0.107910156,0.13085938,0.05419922,0.31445312,-0.0043640137,-0.42578125,0.021606445,-0.29296875,0.14257812,0.07421875,0.032226562,0.18164062,0.07470703,0.28125,-0.17871094,0.06933594,0.11035156,-0.13769531,-0.11328125,0.025024414,0.14355469,0.14648438,0.12207031,-0.17480469,0.18164062,-0.13671875,-0.296875,0.055664062,-0.328125,-0.01928711,-0.024902344,0.115722656,-0.21875,-0.25,-0.14941406,0.21191406,0.35546875,-0.22753906,0.16015625,0.43164062,-0.18066406,0.12011719,0.029541016,-0.016845703,0.08984375,0.08154297,0.22265625,0.084472656,0.045410156,0.047851562,-0.10058594,-0.09082031,0.19335938,-0.39453125,0.107910156,-0.09033203,0.012451172,-0.0859375,-0.2265625,-0.028930664,-0.09667969,0.19628906,0.0546875,-0.3125,-0.14941406,-0.25390625,0.21289062,-0.008117676,0.33789062,0.15136719,-0.119140625,0.072753906,0.05834961,-0.22851562,0.049804688,0.18847656,-0.021362305,0.11425781,0.06689453,0.31445312,-0.24023438,0.07470703,0.11279297,0.17773438,-0.125,-0.122558594,0.13183594,0.10888672,0.35351562,-0.515625,-0.091796875,-0.20507812,0.033203125,0.27734375,-0.05810547,0.31445312,-0.10449219,-0.06298828,-0.0014266968,0.125,0.057861328,-0.24707031,0.22070312,-0.11279297,0.15429688,-0.09423828,0.026489258,-0.10449219,-0.02709961,0.46484375,-0.41210938,-0.095214844,0.18359375,-0.075683594,0.06689453,-0.14257812,0.09326172,0.100097656,-0.18554688,0.28320312,0.056884766,0.040527344,0.22753906,0.07080078,0.19140625,-0.060302734,0.09082031,-0.11376953,0.15917969,0.015563965,-0.103027344,-0.23144531,-0.12890625,-0.40234375,-0.13964844,0.091308594,-0.025268555,0.061523438,-0.11621094,-0.22851562,0.16308594,0.08203125,0.31054688,-0.12207031,0.24609375,-0.27539062,0.0066223145,-0.01373291,0.063964844,-0.23828125,0.04711914,-0.040283203,-0.18847656,-0.1796875,-0.13769531,-0.34570312,0.234375,0.12402344,0.23828125,-0.03955078,-0.041503906,-0.13574219,0.029663086,0.13476562,0.109375,-0.09375,-0.15234375,0.11816406,0.15820312,-0.25,0.00015735626,-0.059814453,-0.33398438,-0.024291992,0.044921875,-0.22949219,-0.061523438,0.15234375,0.047851562,-0.21191406,0.09814453,0.026733398,-0.48828125,-0.015380859,-0.041259766,-0.017211914,0.3671875,-0.06201172,-0.06640625,0.421875,0.28320312,-0.00579834,-0.24121094,0.08642578,0.18847656,0.026123047,-0.2421875,0.033935547,0.19628906,-0.021972656,0.05859375,0.29492188,0.33007812,-0.36523438,0.16601562,-0.1328125,0.29882812,0.15039062,0.076171875,0.16796875,-0.12597656,0.19433594,0.05444336,0.055419922,0.07470703,0.32617188,0.07861328,0.107421875,0.060058594,-0.42773438,0.34375,0.07910156,-0.071777344,-0.27734375,0.08105469,-0.12890625,0.033935547,0.13769531,-0.07861328,0.265625,0.18066406,-0.07861328,0.1640625,shoes
25,0.056640625,-0.033447266,-0.123046875,-0.063964844,-0.09472656,-0.11767578,0.13476562,-0.06689453,-0.07861328,0.33789062,0.09716797,0.107421875,-0.072753906,-0.19921875,-0.5078125,-0.012756348,-0.021850586,0.19042969,0.26757812,-0.23828125,-0.12109375,0.12207031,0.046142578,-0.12060547,-0.050048828,-0.16113281,0.13867188,0.18457031,0.13085938,-0.025512695,-0.27929688,-0.03112793,0.114746094,-0.23828125,-0.16503906,-0.10839844,-0.049560547,-0.09277344,0.25976562,0.028320312,0.088378906,-0.15136719,0.37304688,-0.036376953,0.21679688,-0.21289062,-0.18359375,-0.25976562,0.11035156,0.078125,-0.08105469,0.27734375,0.11767578,0.024780273,-0.012878418,-0.16601562,0.15917969,0.13671875,-0.1484375,-0.041015625,0.010681152,-0.061767578,0.087890625,0.18261719,-0.087890625,0.12988281,-0.022949219,-0.0067443848,-0.1328125,0.08300781,-0.24121094,-0.43945312,0.34960938,-0.27734375,-0.28125,0.10839844,0.11328125,-0.041748047,-0.038330078,0.29296875,0.43945312,0.15234375,-0.104003906,-0.51953125,-0.064453125,0.20703125,-0.071777344,-0.27929688,0.21289062,0.234375,-0.12695312,-0.010437012,-0.23242188,-0.21972656,-0.075683594,0.17382812,0.44140625,-0.03540039,-0.08300781,-0.15332031,-0.018920898,0.041748047,0.053710938,-0.19628906,0.004852295,0.25,0.15917969,0.17871094,-0.18164062,-0.39257812,0.04321289,0.048828125,-0.10498047,0.20898438,0.46679688,0.3046875,-0.045898438,-0.014404297,-0.30078125,0.16699219,0.12060547,0.046142578,0.10644531,-0.17675781,0.061035156,-0.0546875,-0.30078125,-0.29492188,0.13671875,-0.0014038086,-0.18847656,0.13378906,0.07373047,-0.17285156,0.16308594,-0.010864258,0.08496094,-0.2109375,0.32421875,0.14257812,-0.037597656,0.024658203,-0.12695312,0.24511719,0.3125,0.16894531,0.030395508,-0.38476562,-0.14648438,-0.072753906,0.05444336,0.3125,-0.06689453,-0.25585938,-0.020507812,-0.014953613,0.38476562,-0.375,0.00078201294,0.033935547,-0.08496094,-0.012817383,0.33789062,0.061523438,-0.084472656,-0.18164062,-0.026123047,-0.010131836,0.0065307617,-0.08984375,-0.30859375,0.09423828,-0.21582031,0.1953125,0.031982422,-0.34179688,0.06738281,0.012451172,0.076171875,-0.22851562,-0.375,-0.27539062,-0.13378906,-0.24023438,0.16894531,-0.088378906,0.12011719,0.042236328,-0.103027344,0.083496094,0.28320312,-0.07714844,0.12597656,0.072265625,-0.34179688,0.515625,-0.03125,0.17285156,0.078125,-0.1484375,0.09326172,0.0390625,-0.25,-0.34570312,0.09716797,0.052001953,-0.13183594,-0.26757812,-0.26367188,-0.037109375,-0.31640625,0.13769531,-0.07519531,0.0016555786,-0.16699219,0.18261719,0.07421875,0.16210938,-0.234375,0.059814453,0.22070312,0.19726562,0.0026855469,-0.010498047,-0.026000977,0.04321289,0.107421875,0.115722656,-0.1171875,-0.25390625,0.099609375,-0.19824219,0.07519531,0.21386719,0.12158203,0.12597656,-0.16308594,-0.026367188,0.06640625,-0.13574219,0.00024318695,-0.35742188,-0.15722656,-0.15722656,-0.2890625,-0.1484375,0.03930664,-0.20507812,-0.040527344,0.18359375,-0.05444336,-0.24707031,0.19628906,0.37890625,-0.046875,-0.22070312,0.09863281,0.075683594,0.064941406,-0.2109375,-0.16796875,-0.15917969,-0.07910156,-0.1953125,-0.079589844,0.14453125,-0.07763672,-0.08154297,-0.014221191,0.022094727,-0.35546875,-0.22460938,0.0546875,-0.100097656,-0.01940918,-0.13085938,-0.22753906,0.002670288,-0.109375,0.10253906,-0.14355469,0.3671875,0.0058898926,0.140625,0.07080078,0.078125,0.19628906,0.13867188,-0.015014648,0.025390625,0.15527344,-0.068847656,-0.103027344,0.008728027,-0.19140625,-0.052978516,0.08886719,-0.13574219,0.1328125,-0.39648438,sky
26,-0.19628906,-0.11669922,-0.119140625,0.10107422,-0.028686523,0.0029754639,0.032226562,-0.09082031,-0.0005531311,0.15234375,-0.0859375,-0.5703125,0.13867188,0.19140625,-0.19628906,0.21191406,-0.114746094,0.18261719,0.29296875,0.15332031,0.13183594,0.006225586,0.08203125,0.008972168,-0.06591797,-0.09375,-0.022216797,-0.018676758,0.057617188,-0.14550781,0.095703125,0.25390625,0.2734375,-0.050048828,-0.31054688,0.057128906,-0.024536133,0.12890625,-0.15722656,0.08251953,-0.099609375,0.052001953,0.03125,-0.08154297,-0.030029297,-0.14453125,-0.103027344,-0.33789062,-0.01550293,0.18945312,-0.2109375,0.22851562,0.006225586,0.0043640137,0.21972656,-0.1328125,-0.041992188,0.044921875,0.071777344,-0.035888672,0.17382812,0.18652344,0.10205078,-0.025024414,-0.0027313232,0.33203125,-0.22949219,0.11767578,0.20605469,0.18164062,0.39648438,-0.17675781,-0.28320312,0.03955078,-0.140625,0.009094238,0.04736328,-0.08935547,0.17480469,-0.12792969,-0.041992188,-0.26757812,-0.13769531,0.27539062,-0.095214844,-0.16113281,0.056152344,0.1171875,0.056884766,0.14453125,-0.19726562,0.16699219,-0.09814453,-0.1015625,0.19824219,-0.20605469,-0.033935547,-0.18847656,-0.075683594,-0.12695312,-0.20117188,-0.2109375,0.20703125,0.375,-0.051757812,0.0029449463,0.625,0.03930664,-0.06591797,-0.044677734,-0.022827148,-0.06689453,0.08154297,0.06982422,-0.014038086,0.053710938,-0.036621094,0.060791016,-0.044433594,0.1796875,-0.23828125,0.18847656,-0.28515625,-0.05029297,-0.03466797,-0.008911133,-0.23730469,-0.024169922,0.02355957,0.024047852,-0.1640625,-0.125,-0.067871094,-0.017822266,-0.111328125,0.27929688,0.025268555,-0.083496094,0.017578125,0.01977539,-0.04272461,-0.12451172,0.2578125,-0.008300781,0.05053711,0.08642578,0.19921875,-0.16894531,0.115722656,0.111328125,0.15625,-0.20703125,-0.10253906,0.15527344,0.08203125,-0.15332031,-0.37304688,-0.08154297,-0.16992188,0.19140625,0.26171875,-0.11425781,0.38867188,0.014770508,0.22460938,-0.043945312,-0.13769531,-0.10986328,-0.1953125,0.052490234,-0.03466797,0.15039062,-0.25,0.17578125,-0.053222656,-0.061523438,0.3203125,-0.23828125,0.12988281,0.19726562,-0.03930664,-0.07910156,0.015625,0.23339844,0.049072266,-0.20410156,-0.014160156,0.028808594,0.07519531,0.19042969,-0.13769531,0.053710938,0.1796875,0.17871094,0.22460938,0.26757812,-0.084472656,-0.13671875,-0.43359375,0.039794922,-0.16601562,0.17089844,0.15917969,0.08496094,0.019897461,0.13476562,-0.21289062,0.05883789,-0.07910156,0.18847656,-0.28125,0.045410156,-0.38671875,0.13574219,0.19140625,-0.119140625,0.22363281,0.0011062622,-0.26367188,0.15332031,-0.25195312,0.026977539,-0.029296875,0.05859375,-0.14746094,0.27929688,0.061035156,-0.22070312,-0.072265625,-0.20214844,-0.125,0.2421875,0.119140625,-0.1484375,-0.13085938,0.2109375,-0.12402344,-0.12695312,0.123535156,-0.32421875,-0.0071105957,0.17675781,-0.2265625,-0.13378906,-0.12988281,-0.024658203,-0.21386719,-0.064453125,-0.08300781,-0.13671875,-0.19824219,0.11816406,0.15527344,0.34570312,0.07519531,-0.05419922,0.34375,0.046875,0.11425781,-0.23632812,0.055419922,-0.009338379,-0.1640625,-0.23632812,0.06640625,0.15429688,-0.014343262,-0.041015625,0.17773438,0.019897461,-0.32617188,0.1875,0.047851562,0.31445312,0.3046875,-0.035888672,0.088378906,-0.13378906,0.1015625,0.059570312,0.19628906,0.09814453,0.52734375,0.29101562,0.053222656,0.119140625,-0.125,0.21972656,0.056640625,-0.17089844,-0.15234375,0.09326172,-0.27148438,0.010192871,0.123535156,-0.10498047,0.05908203,0.06347656,0.012878418,0.44921875,socks
27,-0.29492188,-0.22851562,-0.02722168,0.2734375,0.048828125,-0.079589844,0.15136719,-0.103027344,-0.25976562,0.056884766,0.15136719,-0.2734375,-0.05078125,0.10644531,-0.265625,0.12207031,-0.13769531,0.13476562,0.012329102,-0.043701172,-0.19628906,0.5390625,-0.08544922,0.23535156,0.030639648,-0.10058594,-0.043701172,0.10839844,0.20117188,0.17578125,-0.1171875,-0.14453125,0.18066406,-0.100097656,-0.050048828,0.14648438,0.27148438,-0.26953125,0.16992188,0.20996094,0.17675781,-0.16113281,-0.12597656,-0.14257812,0.047851562,-0.32226562,-0.030761719,0.11035156,0.052001953,0.014465332,-0.17578125,0.022827148,0.296875,0.14550781,-0.18652344,0.032714844,-0.13085938,0.076171875,-0.08544922,-0.14746094,-0.18847656,0.115234375,0.12695312,-0.020996094,-0.02709961,-0.23046875,-0.1328125,-0.16015625,0.38476562,0.0625,0.09082031,0.07128906,-0.16210938,-0.08984375,-0.1640625,0.12402344,-0.05102539,-0.3828125,-0.16015625,-0.18066406,-0.140625,-0.10888672,-0.042236328,-0.15136719,0.0014801025,0.12060547,-0.057373047,0.53125,-0.12158203,0.036865234,-0.0071105957,-0.28710938,0.009216309,-0.05810547,-0.10644531,0.038330078,0.16210938,0.053222656,0.140625,0.0017929077,-0.24121094,-0.19921875,0.039794922,0.31054688,0.10888672,0.06738281,-0.004425049,0.0054016113,-0.39257812,-0.27539062,-0.08691406,-0.31054688,0.1171875,-0.064453125,-0.03466797,0.05859375,0.2734375,-0.11328125,-0.015625,-0.17382812,0.041015625,0.25585938,0.083496094,-0.11035156,0.15820312,0.02746582,-0.111816406,-0.003692627,0.27929688,0.16601562,-0.25976562,-0.018798828,0.06689453,0.1015625,-0.13574219,0.2734375,0.018188477,0.203125,0.12988281,-0.22167969,-0.06298828,-0.115722656,-0.26757812,-0.16796875,0.03540039,0.043701172,0.38085938,0.119140625,-0.578125,-0.16113281,0.041748047,-0.15234375,-0.13085938,0.13574219,-0.15527344,-0.13183594,-0.09033203,-0.15429688,-0.12109375,-0.091308594,-0.06542969,-0.22753906,0.15722656,0.11279297,0.26367188,-0.055664062,0.057861328,-0.1640625,-0.30078125,-0.15722656,-0.020141602,0.24707031,-0.09765625,-0.14257812,-0.41992188,-0.24902344,0.037597656,0.10644531,-0.20507812,0.35351562,-0.29492188,-0.16308594,-0.22949219,0.107421875,0.0019836426,-0.10986328,0.043701172,0.16796875,-0.13574219,0.13574219,-0.24121094,0.22363281,-0.06225586,-0.12792969,0.21875,0.38867188,0.095214844,0.08496094,-0.13867188,-0.009643555,0.18066406,-0.2109375,-0.021118164,-0.20996094,-0.048339844,-0.083984375,0.107421875,0.064453125,0.10498047,0.091796875,-0.33007812,-0.013183594,-0.13574219,0.29882812,0.107421875,0.057128906,-0.15429688,-0.26171875,0.49804688,0.38476562,0.22460938,-0.03100586,-0.14257812,-0.032714844,0.14257812,-0.125,-0.079589844,0.14648438,-0.08154297,0.12890625,0.10205078,-0.040527344,-0.030395508,0.24121094,-0.23925781,-0.49609375,-0.0018234253,-0.29882812,0.100097656,-0.052246094,0.017822266,-0.033935547,-0.04345703,-0.1328125,-0.03540039,-0.071777344,-0.017578125,-0.0546875,0.07910156,0.22363281,-0.21972656,-0.26953125,0.42382812,-0.09033203,0.14550781,-0.15625,-0.022949219,-0.23632812,-0.31054688,-0.07324219,-0.095703125,0.095214844,-0.28710938,0.31640625,0.123535156,-0.15332031,-0.1875,0.18847656,-0.21386719,-0.12597656,-0.111328125,0.32226562,0.009094238,0.063964844,0.30078125,0.0025939941,0.061279297,-0.27539062,-0.06738281,0.20019531,-0.008117676,0.10644531,0.20800781,0.17382812,0.02331543,-0.38476562,0.07910156,-0.13476562,-0.15820312,0.39648438,-0.12451172,-0.061035156,-0.017578125,-0.18554688,0.12890625,0.09716797,-0.045898438,0.24707031,0.17480469,0.28125,strawberry
28,-0.12011719,0.03515625,-0.16113281,0.18945312,-0.12207031,-0.20800781,-0.005493164,-0.2578125,0.26367188,0.14746094,0.21679688,-0.099609375,-0.23144531,-0.068847656,-0.27539062,0.16699219,0.15332031,-0.12890625,0.4609375,-0.23730469,-0.1328125,-0.020629883,-0.30664062,0.026611328,0.15234375,-0.09765625,0.12060547,-0.12207031,0.05029297,0.0045776367,-0.31640625,0.15527344,0.15527344,-0.018188477,-0.103027344,-0.12792969,-0.12011719,-0.265625,-0.11328125,-0.10595703,0.15234375,-0.13964844,0.55078125,0.06591797,0.017822266,-0.21777344,-0.104003906,-0.30273438,0.17773438,-0.041503906,-0.07861328,-0.07080078,0.32226562,0.123535156,0.15625,0.01940918,-0.055664062,-0.11816406,-0.27929688,-0.1640625,-0.17285156,-0.03173828,-0.014160156,-0.22949219,-0.025756836,0.068847656,-0.17089844,0.022949219,-0.13183594,-0.115234375,-0.06347656,0.055419922,-0.16210938,0.051513672,-0.091308594,-0.013183594,-0.22070312,-0.08203125,0.013916016,0.3828125,0.2734375,-0.20019531,0.22070312,-0.036865234,-0.29882812,0.59375,0.09082031,-0.27929688,0.27734375,0.30664062,-0.14550781,0.15332031,0.17285156,0.23046875,0.0625,-0.015319824,0.15820312,0.011047363,0.27539062,-0.11230469,-0.0054626465,-0.014404297,0.1640625,0.21484375,-0.1640625,-0.021850586,0.20410156,0.017089844,-0.047607422,-0.12597656,-0.12402344,0.010009766,0.1953125,-0.045654297,0.30859375,0.055908203,0.011657715,-0.15820312,-0.2421875,0.05517578,0.028320312,-0.109375,0.32617188,-0.012145996,0.22851562,-0.23632812,0.030639648,-0.010375977,0.15039062,0.14746094,-0.26171875,-0.15625,0.044433594,-0.19042969,-0.14160156,0.091308594,0.12451172,-0.05102539,0.035888672,0.14453125,0.063964844,-0.037841797,-0.20703125,0.09863281,0.40625,0.22363281,-0.0051879883,0.053466797,0.125,-0.18847656,0.23632812,0.15234375,-0.018920898,-0.04296875,-0.1328125,-0.31640625,0.34179688,-0.26953125,-0.29296875,-0.09472656,-0.23535156,-0.096191406,0.11328125,-0.068359375,-0.067871094,0.04248047,0.027832031,0.119140625,-0.17578125,0.13476562,-0.296875,0.05859375,-0.075683594,-0.052246094,-0.119628906,-0.13183594,0.25585938,0.115722656,-0.075683594,-0.21582031,-0.6171875,-0.29296875,-0.05053711,0.016601562,-0.19238281,-0.140625,0.045166016,0.09277344,0.20019531,-0.27539062,-0.068359375,0.21386719,0.12109375,-0.060791016,-0.06542969,0.54296875,-0.21386719,0.28515625,0.23828125,0.20019531,0.034423828,-0.23046875,-0.061279297,-0.23925781,0.36914062,0.09082031,-0.037109375,0.22167969,-0.00340271,0.07080078,-0.37890625,0.011474609,-0.0014419556,-0.11767578,-0.106933594,-0.016967773,-0.076171875,0.20605469,-0.10058594,-0.14160156,0.31445312,0.055664062,-0.26953125,-0.20019531,0.028564453,-0.203125,0.07861328,0.36914062,0.18359375,0.18066406,0.15429688,-0.3359375,-0.110839844,0.032714844,0.19335938,0.029907227,0.06298828,0.29492188,0.08251953,0.053955078,0.099609375,-0.26757812,0.072753906,-0.110839844,-0.123046875,-0.31445312,-0.039794922,-0.057128906,-0.06298828,-0.08886719,0.083984375,0.17675781,-0.041992188,0.052246094,-0.28515625,-0.08642578,0.2421875,-0.25195312,-0.17480469,-0.26953125,-0.049560547,-0.34570312,-0.056396484,-0.10449219,0.0390625,-0.17578125,-0.13085938,0.025146484,-0.1328125,0.099609375,0.31445312,-0.092285156,-0.15722656,0.11425781,-0.03955078,-0.11328125,-0.31445312,-0.09423828,-0.27148438,-0.025878906,-0.100097656,0.024169922,-0.024780273,0.15722656,0.12109375,-0.016723633,0.17089844,0.07324219,0.057861328,0.10107422,0.032226562,0.033203125,-0.100097656,0.03125,-0.10205078,0.055908203,-0.20703125,-0.08642578,0.1796875,-0.08251953,sunset
29,0.01171875,-0.029541016,-0.010131836,0.16503906,-0.05126953,0.0859375,0.23046875,0.13378906,-0.27539062,0.17675781,0.15527344,0.09814453,0.11279297,0.20605469,-0.25976562,0.17089844,-0.40429688,0.12158203,-0.10058594,-0.22949219,-0.18164062,0.35351562,0.00289917,0.09033203,-0.17089844,-0.21875,-0.14648438,0.079589844,-0.038330078,0.049560547,-0.34375,0.06640625,-0.03540039,-0.115722656,-0.15722656,0.29101562,0.25390625,-0.17089844,0.41210938,-0.0010681152,0.19628906,-0.21191406,0.2578125,0.07324219,0.07128906,-0.13671875,-0.056152344,-0.20214844,0.046875,-0.095703125,-0.18457031,0.12695312,0.04736328,-0.057373047,-0.118652344,0.015136719,0.04711914,0.09765625,-0.009521484,-0.16113281,-0.18261719,0.17773438,-0.15039062,0.13769531,0.024902344,-0.14941406,-0.31640625,-0.30078125,0.099121094,0.045654297,0.07861328,-0.10888672,-0.013244629,-0.023925781,-0.28515625,-0.083984375,-0.20898438,-0.29492188,-0.1171875,-0.17089844,-0.08886719,-0.043701172,0.19726562,-0.25,-0.28320312,-0.03491211,-0.025878906,0.26367188,-0.046875,-0.03857422,-0.21875,-0.068847656,0.18359375,-0.29296875,0.0066833496,0.24609375,0.20800781,0.265625,0.18164062,0.079589844,-0.114746094,-0.19140625,-0.068847656,0.002960205,-0.007385254,0.23730469,0.25390625,-0.040039062,-0.453125,-0.3671875,-0.30078125,-0.28320312,0.12597656,0.22070312,-0.049072266,-0.092285156,0.25585938,-0.043945312,0.008605957,-0.20117188,-0.072265625,-0.011474609,-0.010131836,-0.34960938,0.17773438,0.171875,0.03955078,0.09423828,0.33203125,0.140625,-0.37304688,0.10107422,-0.21484375,0.15820312,-0.171875,0.40039062,0.1640625,0.048095703,0.22363281,0.0146484375,-0.09033203,-0.011291504,-0.003189087,0.059326172,-0.071777344,0.15234375,0.13574219,0.046142578,-0.3359375,-0.123046875,0.15917969,0.14257812,-0.29492188,0.111328125,-0.19042969,-0.30078125,-0.23339844,-0.26171875,-0.24316406,-0.06640625,-0.28515625,-0.103515625,0.33007812,0.03564453,0.20214844,-0.19921875,0.059570312,-0.028442383,-0.24316406,0.031982422,-0.09423828,0.11816406,0.24414062,0.265625,-0.359375,-0.37890625,0.30859375,0.18847656,-0.234375,0.109375,-0.20898438,-0.2265625,-0.00970459,0.36914062,-0.13183594,-0.111328125,0.002670288,0.18847656,0.025146484,0.19335938,-0.017822266,0.359375,-0.12792969,-0.20996094,0.22167969,0.26953125,-0.015991211,-0.09033203,0.040283203,-0.23925781,-0.026611328,-0.17480469,-0.265625,-0.12597656,-0.13476562,-0.057861328,0.21679688,0.09765625,-0.25585938,0.07128906,-0.39453125,0.22851562,-0.23828125,0.28320312,0.18457031,-0.03466797,-0.17382812,-0.07470703,0.27148438,0.39257812,0.111328125,-0.080566406,0.12695312,-0.18457031,0.1328125,-0.012756348,0.09667969,0.36328125,0.11279297,0.03173828,0.0703125,-0.07373047,0.15234375,0.037597656,-0.13183594,-0.40234375,0.03149414,-0.12451172,0.103027344,0.010925293,0.15625,-0.0546875,-0.27148438,0.041015625,-0.08251953,-0.0234375,-0.09472656,0.004333496,0.22363281,0.18164062,-0.140625,-0.27148438,0.05810547,0.06298828,0.33789062,0.100097656,-0.029785156,-0.16894531,-0.04663086,-0.37890625,0.15136719,0.09033203,-0.3828125,0.17773438,0.047851562,-0.025878906,-0.17382812,0.35546875,-0.10058594,0.10644531,-0.14941406,0.20703125,-0.0025634766,-0.15039062,0.23046875,0.05126953,-0.1328125,-0.203125,-0.078125,0.10986328,0.23339844,0.099609375,0.11816406,-0.020141602,-0.30664062,-0.32617188,-0.041503906,0.25585938,-0.036865234,0.23925781,-0.140625,0.018920898,0.04272461,-0.15039062,0.16601562,0.025390625,0.000579834,0.005004883,-0.079589844,0.04638672,watermelon
